dim	110	2	2	81
dimid	age	sex	race	year
type	2	1	1	4
dimnames	age	0	1	2	3	4	5	6	7	8	9	10	11	12	13	14	15	16	17	18	19	20	21	22	23	24	25	26	27	28	29	30	31	32	33	34	35	36	37	38	39	40	41	42	43	44	45	46	47	48	49	50	51	52	53	54	55	56	57	58	59	60	61	62	63	64	65	66	67	68	69	70	71	72	73	74	75	76	77	78	79	80	81	82	83	84	85	86	87	88	89	90	91	92	93	94	95	96	97	98	99	100	101	102	103	104	105	106	107	108	109
dimnames	sex	male	female
dimnames	race	white	black
dimnames	year	1940	1941	1942	1943	1944	1945	1946	1947	1948	1949	1950	1951	1952	1953	1954	1955	1956	1957	1958	1959	1960	1961	1962	1963	1964	1965	1966	1967	1968	1969	1970	1971	1972	1973	1974	1975	1976	1977	1978	1979	1980	1981	1982	1983	1984	1985	1986	1987	1988	1989	1990	1991	1992	1993	1994	1995	1996	1997	1998	1999	2000	2001	2002	2003	2004	2005	2006	2007	2008	2009	2010	2011	2012	2013	2014	2015	2016	2017	2018	2019	2020
cutpoints	age	0	365.25	730.5	1095.75	1461	1826.25	2191.5	2556.75	2922	3287.25	3652.5	4017.75	4383	4748.25	5113.5	5478.75	5844	6209.25	6574.5	6939.75	7305	7670.25	8035.5	8400.75	8766	9131.25	9496.5	9861.75	10227	10592.25	10957.5	11322.75	11688	12053.25	12418.5	12783.75	13149	13514.25	13879.5	14244.75	14610	14975.25	15340.5	15705.75	16071	16436.25	16801.5	17166.75	17532	17897.25	18262.5	18627.75	18993	19358.25	19723.5	20088.75	20454	20819.25	21184.5	21549.75	21915	22280.25	22645.5	23010.75	23376	23741.25	24106.5	24471.75	24837	25202.25	25567.5	25932.75	26298	26663.25	27028.5	27393.75	27759	28124.25	28489.5	28854.75	29220	29585.25	29950.5	30315.75	30681	31046.25	31411.5	31776.75	32142	32507.25	32872.5	33237.75	33603	33968.25	34333.5	34698.75	35064	35429.25	35794.5	36159.75	36525	36890.25	37255.5	37620.75	37986	38351.25	38716.5	39081.75	39447	39812.25
cutpoints	sex
cutpoints	race
cutpoints	year	-10958	-10592	-10227	-9862	-9497	-9131	-8766	-8401	-8036	-7670	-7305	-6940	-6575	-6209	-5844	-5479	-5114	-4748	-4383	-4018	-3653	-3287	-2922	-2557	-2192	-1826	-1461	-1096	-731	-365	0	365	730	1096	1461	1826	2191	2557	2922	3287	3652	4018	4383	4748	5113	5479	5844	6209	6574	6940	7305	7670	8035	8401	8766	9131	9496	9862	10227	10592	10957	11323	11688	12053	12418	12784	13149	13514	13879	14245	14610	14975	15340	15706	16071	16436	16801	17167	17532	17897	18262
rate	0.00013502067777128467
rate	1.3365905794954989e-05
rate	7.264934881761659e-06
rate	5.206864584794883e-06
rate	4.192119494129127e-06
rate	3.780843468670048e-06
rate	3.3970415773661675e-06
rate	3.1229303060113767e-06
rate	2.903661046738317e-06
rate	2.794033002072142e-06
rate	2.7392206258276093e-06
rate	2.7666266767802415e-06
rate	2.8214396017081943e-06
rate	3.1229303060113767e-06
rate	3.47928031059644e-06
rate	3.917928612682575e-06
rate	4.329225232938173e-06
rate	4.7131578325542395e-06
rate	5.097144279120164e-06
rate	5.45375135056326e-06
rate	5.810404876389227e-06
rate	6.1122249218775395e-06
rate	6.359193346051602e-06
rate	6.523851339614078e-06
rate	6.606184050075717e-06
rate	6.661073899255262e-06
rate	6.7159648489166626e-06
rate	6.880644301236032e-06
rate	7.100232313755854e-06
rate	7.3472898814559316e-06
rate	7.64927940970541e-06
rate	7.97876052573849e-06
rate	8.39066768746064e-06
rate	8.85757073247769e-06
rate	9.379497791078068e-06
rate	9.956480321925076e-06
rate	1.0616037854762764e-05
rate	1.1358230051563545e-05
rate	1.2155623616871685e-05
rate	1.306328508936628e-05
rate	1.4081324095160607e-05
rate	1.5209863692530547e-05
rate	1.647658405356063e-05
rate	1.7854119069857532e-05
rate	1.9397781583107785e-05
rate	2.10526720996034e-05
rate	2.2901816103019978e-05
rate	2.486272070141715e-05
rate	2.6990924231935302e-05
rate	2.9286816011869706e-05
rate	3.180621311482716e-05
rate	3.4522005243448205e-05
rate	3.749028646681028e-05
rate	4.0711875884266954e-05
rate	4.4215488951938226e-05
rate	4.797434214926431e-05
rate	5.198948186682379e-05
rate	5.626202954198553e-05
rate	6.0765189622912165e-05
rate	6.555617406377002e-05
rate	7.066457741223048e-05
rate	7.614846446402063e-05
rate	8.203828752764708e-05
rate	8.839320088424315e-05
rate	9.527311579108978e-05
rate	0.0001027956634468721
rate	0.00011105164067384756
rate	0.00012013345642329038
rate	0.00013016411470900225
rate	0.00014124045085036358
rate	0.00015354879517293996
rate	0.00016719293565626504
rate	0.00018233897267964965
rate	0.0001990999091065598
rate	0.00021750505252716995
rate	0.00023761692924251078
rate	0.0002594122834929796
rate	0.00028293041854781466
rate	0.0003082145629593538
rate	0.0003354049951890397
rate	0.00036468177676498507
rate	0.0003961728268518744
rate	0.00043007981449982115
rate	0.0004665538571672675
rate	0.0005054954807151148
rate	0.0005468036587833584
rate	0.0005903066493090476
rate	0.0006359277057260176
rate	0.0006834461520889975
rate	0.0007327698253669367
rate	0.0007837638245967141
rate	0.0008363201610341081
rate	0.0008902841256108459
rate	0.0009454878419575269
rate	0.00100174863516764
rate	0.0010589479887858633
rate	0.001116791484625063
rate	0.001175126393646193
rate	0.0012336570451085894
rate	0.0012921932054817122
rate	0.001350393745010375
rate	0.001407934676433458
rate	0.0014645598698014837
rate	0.0015198041374716973
rate	0.0015734122311648012
rate	0.0016248675084106776
rate	0.0016737741817153887
rate	0.0017196681297213495
rate	0.0017621723988788078
rate	0.0018155303694845997
rate	0.00010575356533604301
rate	1.1853136649498398e-05
rate	6.029907064202708e-06
rate	4.411491972007061e-06
rate	3.5066937706294076e-06
rate	3.0132934812676357e-06
rate	2.629599165296265e-06
rate	2.328162778477594e-06
rate	2.1089571588381983e-06
rate	1.9719625584757766e-06
rate	1.9171666376274494e-06
rate	1.9171666376274494e-06
rate	1.9719625584757766e-06
rate	2.1089571588381983e-06
rate	2.3555647150047493e-06
rate	2.629599165296265e-06
rate	2.931068743807425e-06
rate	3.2051608058587684e-06
rate	3.4518671250452926e-06
rate	3.726011332899515e-06
rate	3.972764592237357e-06
rate	4.219540092619234e-06
rate	4.43891476769352e-06
rate	4.658307021923533e-06
rate	4.822862750611402e-06
rate	4.987428370348279e-06
rate	5.1520038823226826e-06
rate	5.344021150569218e-06
rate	5.563485948605074e-06
rate	5.782968340243549e-06
rate	6.029907064202708e-06
rate	6.3043095487352714e-06
rate	6.578739538152813e-06
rate	6.908091839666611e-06
rate	7.2374837656879145e-06
rate	7.621824439742639e-06
rate	8.006219075282139e-06
rate	8.47305655685442e-06
rate	8.939973653577055e-06
rate	9.489389851265208e-06
rate	1.0093875039001308e-05
rate	1.0780952067469777e-05
rate	1.1523188977562443e-05
rate	1.2375635131430109e-05
rate	1.3310881360458799e-05
rate	1.435653476537604e-05
rate	1.548518783342204e-05
rate	1.6696943085200463e-05
rate	1.7991910699627568e-05
rate	1.9397781583107785e-05
rate	2.094231493939922e-05
rate	2.2598139593006482e-05
rate	2.4420704105827906e-05
rate	2.6437985033026332e-05
rate	2.8622745801119434e-05
rate	3.1058457770450384e-05
rate	3.371807179369984e-05
rate	3.6657733385396444e-05
rate	3.9878342722286694e-05
rate	4.343652071069882e-05
rate	4.733358011647398e-05
rate	5.159886254997732e-05
rate	5.6289976633432454e-05
rate	6.138110386684255e-05
rate	6.70428026044381e-05
rate	7.333484259910896e-05
rate	8.037432624503293e-05
rate	8.830837160692134e-05
rate	9.722982752134274e-05
rate	0.00010723371550913081
rate	0.00011841759889062565
rate	0.00013091071775593304
rate	0.0001447597251391325
rate	0.0001601011081696806
rate	0.0001769596871892297
rate	0.00019542191967244943
rate	0.0002154901184716477
rate	0.00023722876584715173
rate	0.0002607068681412877
rate	0.00028605920027835637
rate	0.0003134898660509506
rate	0.00034315261139301217
rate	0.0003752746650484723
rate	0.0004099396670602787
rate	0.0004472082086137536
rate	0.0004869528445559627
rate	0.0005291091932698457
rate	0.0005736122822265932
rate	0.0006203956640317596
rate	0.0006693904920609036
rate	0.0007205957881034397
rate	0.0007739391212331447
rate	0.0008294171704798484
rate	0.0008869131574110577
rate	0.0009464161105349382
rate	0.0010078344190741011
rate	0.0010711885018305143
rate	0.0011362921642104457
rate	0.0012031516662870244
rate	0.0012715977364985375
rate	0.001341620152912262
rate	0.001413021788391283
rate	0.0014857230589623801
rate	0.001559584795063495
rate	0.0016343504128368584
rate	0.00170993672578873
rate	0.0017860916825276937
rate	0.0018625330241134484
rate	0.0019391124390691124
rate	0.002015436529404628
rate	0.00023507993368973584
rate	2.5774605367877586e-05
rate	1.1853136649498398e-05
rate	7.374742098530202e-06
rate	5.920153770522731e-06
rate	5.097144279120164e-06
rate	4.466337838054586e-06
rate	4.027601670115587e-06
rate	3.7534272635162317e-06
rate	3.671180295254167e-06
rate	3.780843468670048e-06
rate	4.082439846360957e-06
rate	4.576032866351015e-06
rate	5.31658928772456e-06
rate	6.331751309866408e-06
rate	7.512007312972678e-06
rate	8.77517029143966e-06
rate	1.0121354809828231e-05
rate	1.1578177494965245e-05
rate	1.325585803180357e-05
rate	1.4934567236040558e-05
rate	1.653167214875731e-05
rate	1.7854119069857532e-05
rate	1.881880614147101e-05
rate	1.9535650926793313e-05
rate	2.014235853133199e-05
rate	2.0721613962908332e-05
rate	2.1438957194219205e-05
rate	2.2266894538505108e-05
rate	2.309508233018912e-05
rate	2.3978758860779018e-05
rate	2.49179777938479e-05
rate	2.594043521572567e-05
rate	2.7046224294292203e-05
rate	2.8207783698554507e-05
rate	2.948053350124806e-05
rate	3.086462860632072e-05
rate	3.2332533770013976e-05
rate	3.388438348543574e-05
rate	3.5631266468678975e-05
rate	3.7545799008243765e-05
rate	3.971166653766376e-05
rate	4.215726811799227e-05
rate	4.4966846856044155e-05
rate	4.80579308626671e-05
rate	5.137567653135868e-05
rate	5.492090452504371e-05
rate	5.861058025704338e-05
rate	6.244528220673098e-05
rate	6.63414621457742e-05
rate	7.032746594383316e-05
rate	7.434741340279747e-05
rate	7.840144568469654e-05
rate	8.24332742970161e-05
rate	8.6442792167299e-05
rate	9.040159468099723e-05
rate	9.430945307150712e-05
rate	9.81093853777305e-05
rate	0.00010180093395678563
rate	0.0001054690127886916
rate	0.0001091989971222859
rate	0.00011304819826935172
rate	0.00011715998646381303
rate	0.00012156415961168248
rate	0.0001262907916325431
rate	0.00013137026700109922
rate	0.0001368333191135973
rate	0.0001426533863309919
rate	0.00014891945196590138
rate	0.0001558084412681349
rate	0.00016355753251435343
rate	0.00017243641119854498
rate	0.0001826901630409567
rate	0.00019448114818780736
rate	0.00020779960440303158
rate	0.00022243009970121465
rate	0.00023830381470737677
rate	0.0002552616998220006
rate	0.0002731419252281317
rate	0.00029171830755854314
rate	0.000310758934419769
rate	0.00032993290893371335
rate	0.0003490243964848221
rate	0.0003678741315504981
rate	0.00038672841282150785
rate	0.0004060309705288343
rate	0.00042617426924151616
rate	0.0004476273159315421
rate	0.0004708100980856252
rate	0.0004961264191868334
rate	0.0005239324785248243
rate	0.0005547047230572531
rate	0.0005888464893537331
rate	0.000626825089094757
rate	0.0006692156891374839
rate	0.0007165379191702
rate	0.000769438821993463
rate	0.000828564782765211
rate	0.0008947219471056801
rate	0.0009687895014118123
rate	0.0010518630330804233
rate	0.001145013160940719
rate	0.0012497727420284117
rate	0.0013678001145516854
rate	0.0015012178732199074
rate	0.001652614129966322
rate	0.0018252184950694557
rate	0.0020234509856398345
rate	0.0022528293693751993
rate	0.0025213592341647726
rate	0.00018646830722704344
rate	2.1880492620266848e-05
rate	1.0203795777232564e-05
rate	6.798303336909954e-06
rate	5.72809609277965e-06
rate	4.79543610898392e-06
rate	4.0001829938834815e-06
rate	3.3696292152271964e-06
rate	2.9584767152481485e-06
rate	2.7666266767802415e-06
rate	2.848846475694499e-06
rate	3.1777503648235373e-06
rate	3.835676702609446e-06
rate	4.987428370348279e-06
rate	6.606184050075717e-06
rate	8.4181303684496e-06
rate	1.0176315178938475e-05
rate	1.1633167116810186e-05
rate	1.2760697829417293e-05
rate	1.3751107803708791e-05
rate	1.460424802382443e-05
rate	1.534752230207811e-05
rate	1.6008379991587295e-05
rate	1.6559216612019895e-05
rate	1.6917319854115264e-05
rate	1.7220366878262197e-05
rate	1.7578556613066927e-05
rate	1.8047029293346606e-05
rate	1.8680972890145206e-05
rate	1.937020854746993e-05
rate	2.014235853133199e-05
rate	2.0997492963467412e-05
rate	2.1963288440554095e-05
rate	2.301225227656936e-05
rate	2.419972256592578e-05
rate	2.5415341817705447e-05
rate	2.6714440673458717e-05
rate	2.806947697289898e-05
rate	2.945285873500399e-05
rate	3.092000696727488e-05
rate	3.25264668876536e-05
rate	3.4327930727188e-05
rate	3.638027194232829e-05
rate	3.873959097725434e-05
rate	4.13510898762991e-05
rate	4.4215488951938226e-05
rate	4.725001351479973e-05
rate	5.0399451562916084e-05
rate	5.3692116766914334e-05
rate	5.704465595657319e-05
rate	6.054125515564168e-05
rate	6.412640641887084e-05
rate	6.782851726785727e-05
rate	7.164805635018414e-05
rate	7.552921951631241e-05
rate	7.938770825897788e-05
rate	8.316697237157132e-05
rate	8.681015426261881e-05
rate	9.023181425902377e-05
rate	9.351610308417296e-05
rate	9.674760928045289e-05
rate	9.99829341558391e-05
rate	0.0001033073793764282
rate	0.00010677819945169762
rate	0.00011045295719993579
rate	0.00011433246885210581
rate	0.00011841759889062565
rate	0.00012273789436767677
rate	0.00012732314211020778
rate	0.00013231833099872935
rate	0.00013789844589674638
rate	0.00014415362600656874
rate	0.00015129101250656998
rate	0.0001593755229251582
rate	0.00016832817014009112
rate	0.00017798210716568413
rate	0.00018813938204659974
rate	0.00019862885062211822
rate	0.00020936553413527817
rate	0.00022047088730110798
rate	0.00023206843914993927
rate	0.0002444037447178159
rate	0.0002576369885182778
rate	0.00027199263518970263
rate	0.0002875793164627931
rate	0.00030460132939146717
rate	0.00032320827317217353
rate	0.0003435560877350361
rate	0.00036587065039709373
rate	0.00039032545136741877
rate	0.0004171360782922637
rate	0.0004464990961986225
rate	0.0004786576072160414
rate	0.0005138395264576061
rate	0.0005523588075566133
rate	0.000594453672797973
rate	0.0006404557937841999
rate	0.000690765389964237
rate	0.0007457171445232588
rate	0.000805797045225831
rate	0.0008714373555589828
rate	0.0009432071853512442
rate	0.0010217957907702447
rate	0.0011079135604041069
rate	0.001202386998423185
rate	0.0013061865586209114
rate	0.001420601222942268
rate	0.0015469345731674675
rate	0.001687025706841388
rate	0.001842872790755477
rate	0.0001300527101484021
rate	1.2607612049483845e-05
rate	6.919267388422078e-06
rate	4.976544230989226e-06
rate	4.019425065089699e-06
rate	3.6246148992854975e-06
rate	3.2627532692405507e-06
rate	2.9968744567556636e-06
rate	2.7858338971331838e-06
rate	2.678950050128435e-06
rate	2.6296189115083556e-06
rate	2.6597634011568595e-06
rate	2.722793122798069e-06
rate	3.0187930444475485e-06
rate	3.3778697999102814e-06
rate	3.8110203989837675e-06
rate	4.225042087199148e-06
rate	4.603477084867818e-06
rate	4.9819644977253806e-06
rate	5.327588164919847e-06
rate	5.673255865519656e-06
rate	5.9668331318821384e-06
rate	6.200074985656641e-06
rate	6.351009816551062e-06
rate	6.422366619278343e-06
rate	6.463539738317417e-06
rate	6.504714095041609e-06
rate	6.655668073981256e-06
rate	6.864267447376337e-06
rate	7.094847168371478e-06
rate	7.383094305769698e-06
rate	7.70157093164413e-06
rate	8.102462728695172e-06
rate	8.561085272684469e-06
rate	9.06923481823559e-06
rate	9.643407294718875e-06
rate	1.0291908279139509e-05
rate	1.102852074646196e-05
rate	1.1823071619508865e-05
rate	1.2730622891936083e-05
rate	1.3748538253195537e-05
rate	1.4874190988227332e-05
rate	1.6138005116248517e-05
rate	1.7512617498999976e-05
rate	1.9047826021316386e-05
rate	2.069974963461998e-05
rate	2.2534869246164788e-05
rate	2.449551111182884e-05
rate	2.6620668028849668e-05
rate	2.8902431990858682e-05
rate	3.1410411877676116e-05
rate	3.411750586312857e-05
rate	3.707703426502288e-05
rate	4.0300912180564234e-05
rate	4.3801221166399556e-05
rate	4.75595056470872e-05
rate	5.157125091795686e-05
rate	5.5837565125715186e-05
rate	6.033443717793609e-05
rate	6.511066922441108e-05
rate	7.019580328060566e-05
rate	7.565908025564465e-05
rate	8.153095436997485e-05
rate	8.785082268900312e-05
rate	9.466996803674023e-05
rate	0.00010211428787984471
rate	0.00011028574407286039
rate	0.00011929656376391964
rate	0.00012923829756685486
rate	0.0001401873746867402
rate	0.00015231796074068233
rate	0.00016577061199252285
rate	0.00018071380164501406
rate	0.00019725413693210515
rate	0.00021538790731661598
rate	0.00023520290294083598
rate	0.00025665703958370733
rate	0.00027982114633469987
rate	0.00030468914929370405
rate	0.00033135326024647096
rate	0.00036010036234596847
rate	0.00039109123794028
rate	0.00042457418021720996
rate	0.0004608002316106675
rate	0.0004996087338504585
rate	0.0005408545584583444
rate	0.000584246698063598
rate	0.0006296792840054917
rate	0.0006768973863357971
rate	0.0007258312102103674
rate	0.0007766005336309995
rate	0.0008288498662843231
rate	0.0008828183435246114
rate	0.0009382409243667335
rate	0.0009951844522331278
rate	0.0010528769583576568
rate	0.0011116164567497974
rate	0.0011710067364861824
rate	0.0012308445405650507
rate	0.0012910281608355416
rate	0.0013511884772918156
rate	0.001410978068718138
rate	0.0014700890663018474
rate	0.0015280990152020705
rate	0.0015848445692520359
rate	0.0016398881946279003
rate	0.001692920487018143
rate	0.001743565187935324
rate	0.0017915645170333077
rate	0.001849691916274882
rate	0.00010170298176707818
rate	1.1185766394163274e-05
rate	5.7337274922665105e-06
rate	4.208639467385236e-06
rate	3.3450013024123717e-06
rate	2.8790239895939767e-06
rate	2.514523123512498e-06
rate	2.224055736665383e-06
rate	2.0185533877604116e-06
rate	1.884302242762269e-06
rate	1.8349859139987747e-06
rate	1.8322469813332292e-06
rate	1.884302242762269e-06
rate	2.0158143454898816e-06
rate	2.2514566314241406e-06
rate	2.514523123512498e-06
rate	2.799542736911954e-06
rate	3.05718368034159e-06
rate	3.290177893801458e-06
rate	3.5423871084554687e-06
rate	3.7781640906179034e-06
rate	4.00574185239462e-06
rate	4.2141390118739705e-06
rate	4.417072181169231e-06
rate	4.573392753398021e-06
rate	4.729722474396916e-06
rate	4.888801703465343e-06
rate	5.075319447407123e-06
rate	5.283800021422591e-06
rate	5.5032600023258534e-06
rate	5.739209388383575e-06
rate	6.010841515384464e-06
rate	6.279759164105012e-06
rate	6.603592028840613e-06
rate	6.9247213237576146e-06
rate	7.300791192969082e-06
rate	7.679655532749994e-06
rate	8.140951289401246e-06
rate	8.605068316754558e-06
rate	9.148929402237e-06
rate	9.745105940108749e-06
rate	1.042660523729159e-05
rate	1.1157762987942646e-05
rate	1.199636284223983e-05
rate	1.2920490263673923e-05
rate	1.3941260866561694e-05
rate	1.5053248103295654e-05
rate	1.6237311126741744e-05
rate	1.7510052140882358e-05
rate	1.8882648142551365e-05
rate	2.0388342213855417e-05
rate	2.200801994222588e-05
rate	2.3799872868517568e-05
rate	2.577532757411176e-05
rate	2.791540465853499e-05
rate	3.0300777565166945e-05
rate	3.2904379604926013e-05
rate	3.5796141693472935e-05
rate	3.896589597452841e-05
rate	4.246467581899892e-05
rate	4.629374439982977e-05
rate	5.0487933851020485e-05
rate	5.509922292573109e-05
rate	6.007943794492667e-05
rate	6.559049206795705e-05
rate	7.170861944299799e-05
rate	7.857862084188599e-05
rate	8.638109341708856e-05
rate	9.518081402903128e-05
rate	0.00010504161959124283
rate	0.0001160748040383562
rate	0.00012838646562698855
rate	0.0001420397599466956
rate	0.00015712750767212755
rate	0.0001736790810709636
rate	0.00019180567241809383
rate	0.0002115261129593027
rate	0.00023293342901342735
rate	0.00025609042403518126
rate	0.0002810836169971397
rate	0.0003081483347109091
rate	0.00033740983904898615
rate	0.00036912995715862937
rate	0.00040336960328806696
rate	0.0004401593351895983
rate	0.0004794519446507419
rate	0.0005211512964539285
rate	0.0005653161878740436
rate	0.0006118422482942299
rate	0.0006607121572312856
rate	0.0007118735253543545
rate	0.0007653857704977353
rate	0.0008210184093249305
rate	0.0008790772927717251
rate	0.0009394155261953516
rate	0.001001828017162407
rate	0.0010662929749362083
rate	0.0011325121233817105
rate	0.0012005847471821772
rate	0.0012704804488931731
rate	0.0013420674338578543
rate	0.0014150291678866748
rate	0.0014891359365466542
rate	0.0015641721432417739
rate	0.001640003540795958
rate	0.0017166652421607594
rate	0.0017940820035354686
rate	0.001872143592888213
rate	0.0019508105532045818
rate	0.0020296616446696305
rate	0.00022587189257364436
rate	2.4475965269118127e-05
rate	1.1380591189918833e-05
rate	7.119554163738322e-06
rate	5.72267303998769e-06
rate	4.927134008944765e-06
rate	4.310070158922959e-06
rate	3.887801419633655e-06
rate	3.6163812297434893e-06
rate	3.5313982385458314e-06
rate	3.6328352334231675e-06
rate	3.917973078739668e-06
rate	4.3896110646367585e-06
rate	5.099964378773041e-06
rate	6.073918905231391e-06
rate	7.210182699984926e-06
rate	8.423825900953776e-06
rate	9.712210035265679e-06
rate	1.1102934750455028e-05
rate	1.2703436825776386e-05
rate	1.4302148197331461e-05
rate	1.5821949260863047e-05
rate	1.70808426438546e-05
rate	1.7998529312800184e-05
rate	1.8676673455550907e-05
rate	1.9250199865375627e-05
rate	1.9801771464373743e-05
rate	2.0488624452881572e-05
rate	2.1280518866045893e-05
rate	2.2078148225174584e-05
rate	2.293123014665524e-05
rate	2.3839816416072987e-05
rate	2.4837095605435047e-05
rate	2.5917655831291343e-05
rate	2.7056699637219104e-05
rate	2.830686922701352e-05
rate	2.9665559884187252e-05
rate	3.111075819261653e-05
rate	3.2634322164127494e-05
rate	3.433899617357565e-05
rate	3.62084292201697e-05
rate	3.832625178752495e-05
rate	4.072359555339613e-05
rate	4.347910708485536e-05
rate	4.6515866974400024e-05
rate	4.977904670488928e-05
rate	5.3272229350821965e-05
rate	5.6915207599300814e-05
rate	6.07141383145623e-05
rate	6.459113745888461e-05
rate	6.857180812280986e-05
rate	7.26059559110339e-05
rate	7.669941150291114e-05
rate	8.080726358386617e-05
rate	8.492959532774581e-05
rate	8.902977317848616e-05
rate	9.308515766221725e-05
rate	9.703033592608327e-05
rate	0.00010086481870013762
rate	0.00010467062690183284
rate	0.0001085330815443903
rate	0.00011250661386624703
rate	0.00011672312946023478
rate	0.00012120090712034281
rate	0.0001259641372177845
rate	0.00013105735168930364
rate	0.00013651690429945
rate	0.00014233629856303707
rate	0.00014858431337850115
rate	0.00015540589061049064
rate	0.00016303778191585443
rate	0.0001717462293859789
rate	0.00018176977798171245
rate	0.00019326107790224473
rate	0.00020619453041958487
rate	0.00022037399129920125
rate	0.0002357411950120031
rate	0.00025215380028889437
rate	0.00026941927172985847
rate	0.00028733731443517845
rate	0.00030576276206260313
rate	0.00032446867570097885
rate	0.0003433242460603986
rate	0.00036204609319405223
rate	0.00038081732386480155
rate	0.00040025257170100243
rate	0.00042093362735560677
rate	0.0004435216708047654
rate	0.0004685240632609072
rate	0.0004961953450661166
rate	0.0005267248679511141
rate	0.0005604029267634767
rate	0.0005974433329962261
rate	0.0006384088892989402
rate	0.0006839784813221515
rate	0.0007344702282221364
rate	0.0007903037107284603
rate	0.0008518894367280137
rate	0.000920088193580248
rate	0.0009958611841455022
rate	0.0010800042854990641
rate	0.001173267443839189
rate	0.0012767806513060828
rate	0.0013918515134011935
rate	0.0015205144747908093
rate	0.0016653055589070337
rate	0.0018293719215821192
rate	0.0020169697582619606
rate	0.00223315579048006
rate	0.0024849920789537607
rate	0.0001792461597111982
rate	2.0756795644945845e-05
rate	9.772687812963854e-06
rate	6.57333387294276e-06
rate	5.503214514561329e-06
rate	4.6089993724662706e-06
rate	3.846682214868619e-06
rate	3.240822062741786e-06
rate	2.840647207059776e-06
rate	2.6488054232201263e-06
rate	2.714585046600414e-06
rate	3.016077316501994e-06
rate	3.627387577844264e-06
rate	4.705061225152938e-06
rate	6.219487707650907e-06
rate	7.918762753001657e-06
rate	9.56966959568312e-06
rate	1.0943908770125236e-05
rate	1.2010800685133645e-05
rate	1.2951550231242142e-05
rate	1.3766021813003338e-05
rate	1.4481621995522593e-05
rate	1.5123055199314933e-05
rate	1.5659986483393142e-05
rate	1.60207180938618e-05
rate	1.6329158320164222e-05
rate	1.669272475594212e-05
rate	1.7158299054250565e-05
rate	1.7778299222364962e-05
rate	1.844807117837017e-05
rate	1.9197972050140496e-05
rate	2.0030817453470087e-05
rate	2.0971522045420547e-05
rate	2.2000850383647325e-05
rate	2.3163116123611508e-05
rate	2.4361758762572978e-05
rate	2.5641080713062313e-05
rate	2.698181085187423e-05
rate	2.8350861913777873e-05
rate	2.980363190239068e-05
rate	3.139012356971405e-05
rate	3.3165994006233774e-05
rate	3.518983997587761e-05
rate	3.7512194813620716e-05
rate	4.008378877204254e-05
rate	4.2897016761714656e-05
rate	4.5874646021866645e-05
rate	4.8964241938933556e-05
rate	5.2188533717432624e-05
rate	5.547251984692688e-05
rate	5.890033138679796e-05
rate	6.242762531166461e-05
rate	6.608561069736315e-05
rate	6.988317691590301e-05
rate	7.376743718838101e-05
rate	7.764865310304692e-05
rate	8.146478703520233e-05
rate	8.515064930414217e-05
rate	8.862649539249614e-05
rate	9.197646493792016e-05
rate	9.528231942443459e-05
rate	9.860066468809584e-05
rate	0.0001020083117541805
rate	0.00010555966431403129
rate	0.00010929806824753498
rate	0.00011323280305126419
rate	0.00011736755217440127
rate	0.00012173468771416152
rate	0.00012634683522066336
rate	0.00013132879195154034
rate	0.00013686673036343537
rate	0.00014305631263969548
rate	0.0001501159240765823
rate	0.00015810451884421193
rate	0.00016694291351296753
rate	0.0001764640939223045
rate	0.00018648162393559666
rate	0.00019683018429610772
rate	0.00020739252265242298
rate	0.00021829551536246003
rate	0.00022969472815137469
rate	0.00024186805881063438
rate	0.00025500564275307547
rate	0.00026908411227601764
rate	0.0002841612839569951
rate	0.000300775590102301
rate	0.0003194234688698481
rate	0.00034061394301914327
rate	0.00036473395025217865
rate	0.0003917404462812141
rate	0.0004216464098506896
rate	0.0004544414230257932
rate	0.0004901419806316173
rate	0.0005291465074028843
rate	0.0005719464075870638
rate	0.0006185585825319472
rate	0.000669062951122701
rate	0.0007235584441479723
rate	0.0007825406651280559
rate	0.0008466820793625607
rate	0.0009160927383444911
rate	0.000990983391271701
rate	0.0010716013951737324
rate	0.0011582937479559905
rate	0.0012519583868198594
rate	0.0013537883358485279
rate	0.0014653084316588387
rate	0.0015881049870368302
rate	0.0017239324941996299
rate	0.0018743542798853945
rate	0.00012508474252551956
rate	1.1849318304012701e-05
rate	6.573599895082498e-06
rate	4.7462238771835695e-06
rate	3.846730636050272e-06
rate	3.468386329900947e-06
rate	3.128464961114934e-06
rate	2.8708186074999506e-06
rate	2.6680067475280506e-06
rate	2.5638670981847286e-06
rate	2.5200171971891023e-06
rate	2.552900125533477e-06
rate	2.6241466438879445e-06
rate	2.91465578288372e-06
rate	3.2764592892241227e-06
rate	3.70411218528496e-06
rate	4.120858941460122e-06
rate	4.493796337181395e-06
rate	4.866784716330596e-06
rate	5.201424979276433e-06
rate	5.536106854650085e-06
rate	5.821441341886738e-06
rate	6.040956625261678e-06
rate	6.1781682934880465e-06
rate	6.23854918848097e-06
rate	6.266005577379573e-06
rate	6.293463341166557e-06
rate	6.430691846726479e-06
rate	6.628302580996822e-06
rate	6.842404455287025e-06
rate	7.116909201833985e-06
rate	7.424381337549768e-06
rate	7.814257769929706e-06
rate	8.264599812891246e-06
rate	8.758971845393113e-06
rate	9.330334267512674e-06
rate	9.967778703516251e-06
rate	1.0698811441360376e-05
rate	1.1490519622146045e-05
rate	1.2397960694505886e-05
rate	1.3415752411230467e-05
rate	1.4538518283924116e-05
rate	1.57994261789364e-05
rate	1.7171115928142423e-05
rate	1.8697870459524983e-05
rate	2.0346827169636563e-05
rate	2.21679223893096e-05
rate	2.412830152224053e-05
rate	2.6250411825764033e-05
rate	2.8518047969847655e-05
rate	3.101461064052507e-05
rate	3.371300648280894e-05
rate	3.666378206323548e-05
rate	3.988994847686152e-05
rate	4.3386953380860885e-05
rate	4.7144669144910096e-05
rate	5.115301996908992e-05
rate	5.5413100709444845e-05
rate	5.990368473296e-05
rate	6.466516438505214e-05
rate	6.972702914898084e-05
rate	7.516969604726865e-05
rate	8.102362121230264e-05
rate	8.73084444937631e-05
rate	9.406682028239067e-05
rate	0.0001014329123128173
rate	0.00010951984747187323
rate	0.00011845967110454888
rate	0.0001283124804247075
rate	0.00013913429852311683
rate	0.00015108712630842468
rate	0.00016434828832878064
rate	0.00017908863061037847
rate	0.00019540836475765049
rate	0.00021327076210606198
rate	0.00023278887663916121
rate	0.00025390179567443504
rate	0.00027671187412158513
rate	0.00030116373562805436
rate	0.0003273015253039022
rate	0.0003555189479269519
rate	0.00038600964902868565
rate	0.00041906854593459883
rate	0.00045504660605406747
rate	0.0004937219869858024
rate	0.0005349054581333304
rate	0.0005781867468181484
rate	0.0006234308622849659
rate	0.0006703486205825967
rate	0.0007188925950537981
rate	0.0007694372426652851
rate	0.0008213795715345381
rate	0.0008753525614383769
rate	0.00093099400677594
rate	0.0009886202692986155
rate	0.0010468059279294506
rate	0.0011064414288745317
rate	0.0011668870793261718
rate	0.001228032036021512
rate	0.0012898631161893709
rate	0.001351983209573256
rate	0.0014140214610028178
rate	0.0014756182628022111
rate	0.001536393892932444
rate	0.0015962769073392703
rate	0.001654908880845123
rate	0.0017120667923208972
rate	0.0017674622461492987
rate	0.0018209566351878076
rate	0.0018838534630651643
rate	9.765239819811334e-05
rate	1.0518396138828151e-05
rate	5.4375479203303126e-06
rate	4.00578696276341e-06
rate	3.1833088341953357e-06
rate	2.7447544979203178e-06
rate	2.399447081728731e-06
rate	2.119948694853172e-06
rate	1.928149616682625e-06
rate	1.7966419270487616e-06
rate	1.7528051903701e-06
rate	1.7473273250390092e-06
rate	1.7966419270487616e-06
rate	1.9226715321415645e-06
rate	2.1473485478435324e-06
rate	2.399447081728731e-06
rate	2.6680167300164824e-06
rate	2.909206554824412e-06
rate	3.128488662557623e-06
rate	3.3587628840114218e-06
rate	3.5835635889984498e-06
rate	3.7919436121700057e-06
rate	3.989363256054422e-06
rate	4.175837340414928e-06
rate	4.32392275618464e-06
rate	4.472016578445552e-06
rate	4.625599524608004e-06
rate	4.806617744245028e-06
rate	5.004114094240107e-06
rate	5.2235516644081575e-06
rate	5.448511712564442e-06
rate	5.717373482033657e-06
rate	5.980778790057211e-06
rate	6.299092218014616e-06
rate	6.611958881827315e-06
rate	6.979757946195523e-06
rate	7.353091990217849e-06
rate	7.808846021948072e-06
rate	8.270162979932061e-06
rate	8.808468953208791e-06
rate	9.396336841216191e-06
rate	1.0072258407113405e-05
rate	1.0792336998322849e-05
rate	1.161709055304955e-05
rate	1.2530099166889048e-05
rate	1.3525986967747345e-05
rate	1.4621308373169271e-05
rate	1.5777679168283026e-05
rate	1.7028193582137144e-05
rate	1.8367514701994945e-05
rate	1.9834369488311614e-05
rate	2.1417900291445277e-05
rate	2.317904163120723e-05
rate	2.5112670115197184e-05
rate	2.7208063515950543e-05
rate	2.9543097359883507e-05
rate	3.209068741615219e-05
rate	3.4934550001549426e-05
rate	3.805344922677013e-05
rate	4.149283092729902e-05
rate	4.5253908683185556e-05
rate	4.937700515206365e-05
rate	5.390846921802973e-05
rate	5.87777720230108e-05
rate	6.4138181531476e-05
rate	7.008239628688704e-05
rate	7.678291543873907e-05
rate	8.445381522725576e-05
rate	9.313180053671983e-05
rate	0.00010284952367335485
rate	0.00011373200918608675
rate	0.00012586221349804403
rate	0.0001393197947542587
rate	0.00015415390717457447
rate	0.0001703984749526975
rate	0.00018818942516373826
rate	0.00020756210744695772
rate	0.000228638092179703
rate	0.00025147397992907484
rate	0.00027610803371592307
rate	0.0003028068033708677
rate	0.0003316670667049602
rate	0.00036298524926878646
rate	0.0003967995395158552
rate	0.00043311046176544305
rate	0.0004719510447455211
rate	0.0005131933996380113
rate	0.0005570200935214941
rate	0.0006032888325567002
rate	0.0006520338224016677
rate	0.0007031512626052693
rate	0.000756832419762326
rate	0.0008126196481700126
rate	0.0008712414281323924
rate	0.0009324149418557649
rate	0.0009958216152507133
rate	0.0010613974480419024
rate	0.0011287320825529752
rate	0.0011980178280773302
rate	0.0012693631612878088
rate	0.0013425147148034468
rate	0.0014170365473820665
rate	0.0014925488141309283
rate	0.0015687594914200527
rate	0.0016456566687550575
rate	0.0017233937585327888
rate	0.0018020723245432437
rate	0.0018817541616629777
rate	0.0019625086673400512
rate	0.002043886759934633
rate	0.00021666385145755287
rate	2.317732517035867e-05
rate	1.0908045730339267e-05
rate	6.864366228946442e-06
rate	5.525192309452649e-06
rate	4.757123738769365e-06
rate	4.153802479791332e-06
rate	3.7480011691517225e-06
rate	3.4793351959707465e-06
rate	3.3916161818374958e-06
rate	3.4848269981762866e-06
rate	3.7535063111183786e-06
rate	4.203189262922502e-06
rate	4.883339469821522e-06
rate	5.816086500596373e-06
rate	6.908358086997173e-06
rate	8.072481510467893e-06
rate	9.303065260703128e-06
rate	1.062769200594481e-05
rate	1.21510156197492e-05
rate	1.3669729158622362e-05
rate	1.5112226372968783e-05
rate	1.6307566217851673e-05
rate	1.717825248412936e-05
rate	1.7817695984308504e-05
rate	1.8358041199419262e-05
rate	1.8881928965839153e-05
rate	1.953829171154394e-05
rate	2.0294143193586677e-05
rate	2.1061214120160046e-05
rate	2.188370143253146e-05
rate	2.2761655038298072e-05
rate	2.373375599514442e-05
rate	2.4789087368290482e-05
rate	2.5905615575883697e-05
rate	2.713320495277898e-05
rate	2.8466491162053786e-05
rate	2.988898261521909e-05
rate	3.138426084281925e-05
rate	3.304672587847233e-05
rate	3.487105943209564e-05
rate	3.694083703738614e-05
rate	3.92899229888e-05
rate	4.199136731366657e-05
rate	4.497380308613295e-05
rate	4.8182416878419874e-05
rate	5.162355417660022e-05
rate	5.521983494155825e-05
rate	5.898299442239362e-05
rate	6.284081277199504e-05
rate	6.681615030178657e-05
rate	7.086449841927034e-05
rate	7.499737732112575e-05
rate	7.918125287071623e-05
rate	8.341639848819261e-05
rate	8.765795167597512e-05
rate	9.186086225292739e-05
rate	9.595128647443604e-05
rate	9.992870344348962e-05
rate	0.00010387224101497409
rate	0.00010786716596649471
rate	0.00011196502946314235
rate	0.00011628627245665652
rate	0.00012083765462900314
rate	0.0001256374828030259
rate	0.00013074443637750807
rate	0.00013620048948530272
rate	0.00014201921079508225
rate	0.00014824917479110096
rate	0.0001550033399528464
rate	0.0001625180313173554
rate	0.00017105604757341282
rate	0.00018084939292246818
rate	0.00019204100761668208
rate	0.00020458945643613818
rate	0.00021831788289718786
rate	0.00023317857531662942
rate	0.00024904590075578814
rate	0.0002656966182315852
rate	0.00028295632131181375
rate	0.00030076658970543726
rate	0.0003190044424682443
rate	0.00033762409563597507
rate	0.0003562180548376063
rate	0.00037490623490809525
rate	0.0003944741728731705
rate	0.00041569298546969744
rate	0.00043941602567798874
rate	0.00046623802843618917
rate	0.0004962642709453997
rate	0.0005295172573774039
rate	0.0005661011304697004
rate	0.0006060401766387191
rate	0.0006499926895031234
rate	0.0006987412735068192
rate	0.0007524025372740728
rate	0.0008111685994634576
rate	0.0008752140906908163
rate	0.0009454544400548158
rate	0.0010229328668791922
rate	0.001108145537917705
rate	0.0012015217267376589
rate	0.0013037885605837536
rate	0.0014159029122507013
rate	0.0015398110763617109
rate	0.0016779969878477456
rate	0.0018335253480947827
rate	0.0020104885308840866
rate	0.0022134822115849207
rate	0.0024486249237427485
rate	0.00017202401219535294
rate	1.9633098669624845e-05
rate	9.341579848695146e-06
rate	6.3483644089755665e-06
rate	5.278332936343008e-06
rate	4.422562635948621e-06
rate	3.693181435853756e-06
rate	3.112014910256376e-06
rate	2.722817698871404e-06
rate	2.530984169660011e-06
rate	2.5803236175063293e-06
rate	2.8544042681804514e-06
rate	3.4190984530790813e-06
rate	4.422694079957598e-06
rate	5.832791365226095e-06
rate	7.419395137553712e-06
rate	8.963024012427763e-06
rate	1.0254650423440287e-05
rate	1.1260903540849999e-05
rate	1.2151992658775492e-05
rate	1.2927795602182246e-05
rate	1.3615721688967075e-05
rate	1.423773040704257e-05
rate	1.4760756354766386e-05
rate	1.5124116333608338e-05
rate	1.543794976206625e-05
rate	1.580689289881731e-05
rate	1.6269568815154523e-05
rate	1.6875625554584722e-05
rate	1.7525933809270407e-05
rate	1.8253585568949e-05
rate	1.906414194347276e-05
rate	1.9979755650287e-05
rate	2.098944849072529e-05
rate	2.2126509681297236e-05
rate	2.330817570744051e-05
rate	2.456772075266591e-05
rate	2.5894144730849477e-05
rate	2.7248865092551757e-05
rate	2.868725683750647e-05
rate	3.02537802517745e-05
rate	3.200405728527955e-05
rate	3.399940800942693e-05
rate	3.62847986499871e-05
rate	3.8816487667785984e-05
rate	4.1578544571491085e-05
rate	4.449927852893357e-05
rate	4.752903231495103e-05
rate	5.0684950667950914e-05
rate	5.390038373728057e-05
rate	5.7259407617954244e-05
rate	6.072884420445838e-05
rate	6.434270412686904e-05
rate	6.811829748162187e-05
rate	7.200565486044963e-05
rate	7.590959794711597e-05
rate	7.976260169883335e-05
rate	8.349114434566554e-05
rate	8.70211765259685e-05
rate	9.043682679166736e-05
rate	9.381702956841628e-05
rate	9.721839522035258e-05
rate	0.0001007092441319328
rate	0.00010434112917636497
rate	0.00010814317929513418
rate	0.00011213313725042258
rate	0.00011631750545817689
rate	0.00012073148106064627
rate	0.00012537052833111895
rate	0.0001303392529043513
rate	0.00013583501483012435
rate	0.00014195899927282226
rate	0.0001489408356465946
rate	0.00015683351476326567
rate	0.00016555765688584394
rate	0.00017494608067892487
rate	0.00018482386582459356
rate	0.0001950315179700972
rate	0.00020541951116956778
rate	0.0002161201434238121
rate	0.0002273210171528101
rate	0.00023933237290345283
rate	0.00025237429698787313
rate	0.0002661755893623327
rate	0.000280743251451197
rate	0.00029694985081313475
rate	0.0003156386645675226
rate	0.00033767179830325044
rate	0.0003635972501072636
rate	0.00039315544119500936
rate	0.00042615674140911543
rate	0.0004623837498529638
rate	0.0005016263540471931
rate	0.0005444534883481627
rate	0.0005915340076175143
rate	0.0006426634922659215
rate	0.0006976701084612021
rate	0.0007563514983317077
rate	0.0008193641857328529
rate	0.0008875671134992902
rate	0.0009607481211299994
rate	0.0010387595971921577
rate	0.00112140699957722
rate	0.001208673935507874
rate	0.001301529775216534
rate	0.0014013901130761443
rate	0.0015100156403754091
rate	0.0016292754009061931
rate	0.0017608392815578716
rate	0.001905835769015312
rate	0.00012011677490263698
rate	1.1091024558541557e-05
rate	6.227932401742917e-06
rate	4.5159035233779135e-06
rate	3.6740362070108446e-06
rate	3.3121577605163965e-06
rate	2.994176652989317e-06
rate	2.7447627582442375e-06
rate	2.550179597922918e-06
rate	2.4487841462410216e-06
rate	2.4104154828698485e-06
rate	2.446036849910095e-06
rate	2.5255001649778195e-06
rate	2.810518521319892e-06
rate	3.175048778537964e-06
rate	3.597203971586152e-06
rate	4.0166757957210965e-06
rate	4.384115589494974e-06
rate	4.751604934935812e-06
rate	5.07526179363302e-06
rate	5.3989578437805146e-06
rate	5.676049551891337e-06
rate	5.881838264866716e-06
rate	6.00532677042503e-06
rate	6.054731757683597e-06
rate	6.068471416441729e-06
rate	6.082212587291504e-06
rate	6.205715619471703e-06
rate	6.392337714617306e-06
rate	6.589961742202573e-06
rate	6.850724097898271e-06
rate	7.1471917434554074e-06
rate	7.526052811164239e-06
rate	7.968114353098024e-06
rate	8.448708872550634e-06
rate	9.017261240306474e-06
rate	9.643649127892996e-06
rate	1.0369102136258791e-05
rate	1.1157967624783225e-05
rate	1.2065298497075687e-05
rate	1.3082966569265396e-05
rate	1.4202845579620902e-05
rate	1.5460847241624284e-05
rate	1.682961435728487e-05
rate	1.8347914897733584e-05
rate	1.9993904704653142e-05
rate	2.180097553245441e-05
rate	2.3761091932652214e-05
rate	2.58801556226784e-05
rate	2.813366394883663e-05
rate	3.061880940337403e-05
rate	3.330850710248931e-05
rate	3.625052986144808e-05
rate	3.94789847731588e-05
rate	4.2972685595322214e-05
rate	4.6729832642732987e-05
rate	5.073478902022299e-05
rate	5.498863629317451e-05
rate	5.947293228798392e-05
rate	6.42196595456932e-05
rate	6.925825501735602e-05
rate	7.468031183889266e-05
rate	8.051628805463041e-05
rate	8.676606629852308e-05
rate	9.346367252804112e-05
rate	0.00010075153674578992
rate	0.00010875395087088607
rate	0.00011762277844517814
rate	0.00012738666328256012
rate	0.00013808122235949344
rate	0.00014985629187616703
rate	0.00016292596466503846
rate	0.00017746345957574285
rate	0.00019356259258319583
rate	0.00021115361689550801
rate	0.00023037485033748645
rate	0.0002511465517651628
rate	0.00027360260190847035
rate	0.0002976383219624046
rate	0.0003232497903613335
rate	0.0003509375335079353
rate	0.0003809280601170913
rate	0.00041356291165198765
rate	0.00044929298049746746
rate	0.0004878352401211461
rate	0.0005289563578083164
rate	0.0005721267955726987
rate	0.00061718244056444
rate	0.0006637998548293963
rate	0.0007119539798972289
rate	0.0007622739516995705
rate	0.000813909276784753
rate	0.0008678867793521425
rate	0.0009237470891851466
rate	0.0009820560863641032
rate	0.001040734897501244
rate	0.001101266400999266
rate	0.0011627674221661613
rate	0.001225219531477973
rate	0.0012886980715432
rate	0.0013527779418546966
rate	0.0014170648532874975
rate	0.001481147459302575
rate	0.0015446887706628172
rate	0.001607709245426505
rate	0.0016699295670623458
rate	0.0017312130976236515
rate	0.0017913593043632733
rate	0.0018503487533423073
rate	0.0019180150098554464
rate	9.360181462914851e-05
rate	9.85102588349303e-06
rate	5.141368348394115e-06
rate	3.802934458141585e-06
rate	3.0216163659783e-06
rate	2.6104850062466584e-06
rate	2.284371039944964e-06
rate	2.0158416530409613e-06
rate	1.8377458456048382e-06
rate	1.7089816113352541e-06
rate	1.670624466741425e-06
rate	1.6624076687447891e-06
rate	1.7089816113352541e-06
rate	1.8295287187932478e-06
rate	2.0432404642629237e-06
rate	2.284371039944964e-06
rate	2.5364907231210115e-06
rate	2.761229429307234e-06
rate	2.9667994313137883e-06
rate	3.1751386595673753e-06
rate	3.388963087378996e-06
rate	3.5781453719453917e-06
rate	3.764587500234873e-06
rate	3.934602499660626e-06
rate	4.074452758971259e-06
rate	4.2143106824941895e-06
rate	4.362397345750665e-06
rate	4.537916041082932e-06
rate	4.724428167057625e-06
rate	4.9438433264904615e-06
rate	5.157814036745309e-06
rate	5.423905448682849e-06
rate	5.68179841600941e-06
rate	5.994592407188618e-06
rate	6.299196439897016e-06
rate	6.658724699421966e-06
rate	7.0265284476857045e-06
rate	7.476740754494899e-06
rate	7.935257643109563e-06
rate	8.468008504180583e-06
rate	9.047567742323631e-06
rate	9.717911576935219e-06
rate	1.0426911008703052e-05
rate	1.1237818263859271e-05
rate	1.2139708070104172e-05
rate	1.3110713068932997e-05
rate	1.4189368643042886e-05
rate	1.5318047209824308e-05
rate	1.654633502339193e-05
rate	1.7852381261438525e-05
rate	1.9280396762767814e-05
rate	2.0827780640664675e-05
rate	2.2558210393896895e-05
rate	2.4450012656282612e-05
rate	2.6500722373366098e-05
rate	2.8785417154600068e-05
rate	3.127699522737836e-05
rate	3.407295830962592e-05
rate	3.714100247901185e-05
rate	4.052098603559912e-05
rate	4.421407296654135e-05
rate	4.826607645310681e-05
rate	5.2717715510328365e-05
rate	5.747610610109493e-05
rate	6.268587099499495e-05
rate	6.845617313077607e-05
rate	7.498721003559213e-05
rate	8.252653703742297e-05
rate	9.108278704440837e-05
rate	0.00010065742775546687
rate	0.0001113892143338173
rate	0.00012333796136909954
rate	0.00013659982956182182
rate	0.00015118030667702142
rate	0.00016711786883443142
rate	0.00018457317790938267
rate	0.00020359810193461275
rate	0.00022434275534597862
rate	0.0002468575358229684
rate	0.0002711324504347064
rate	0.00029746527203082626
rate	0.0003259242943609342
rate	0.0003568405413789435
rate	0.00039022947574364345
rate	0.0004260615883412878
rate	0.00046445014484030033
rate	0.0005052355028220941
rate	0.0005487239991689446
rate	0.0005947354168191706
rate	0.0006433554875720497
rate	0.0006944289998561841
rate	0.0007482790690269167
rate	0.0008042208870150948
rate	0.0008634055634930598
rate	0.0009254143575161782
rate	0.0009898152133390192
rate	0.0010565019211475966
rate	0.00112495204172424
rate	0.001195450908972483
rate	0.0012682458736824444
rate	0.0013429619957490392
rate	0.0014190439268774583
rate	0.0014959616917152026
rate	0.0015733468395983314
rate	0.0016513097967141572
rate	0.001730122274904818
rate	0.0018100626455510185
rate	0.0018913647304377424
rate	0.0019742067814755206
rate	0.0020581118751996355
rate	0.0002074558103414614
rate	2.187868507159921e-05
rate	1.0435500270759703e-05
rate	6.609178294154562e-06
rate	5.327711578917608e-06
rate	4.587113468593966e-06
rate	3.997534800659706e-06
rate	3.6082009186697902e-06
rate	3.342289162198004e-06
rate	3.25183412512916e-06
rate	3.336818762929406e-06
rate	3.589039543497089e-06
rate	4.016767461208245e-06
rate	4.666714560870003e-06
rate	5.558254095961355e-06
rate	6.606533474009421e-06
rate	7.72113711998201e-06
rate	8.893920486140575e-06
rate	1.0152449261434592e-05
rate	1.1598594413722016e-05
rate	1.3037310119913265e-05
rate	1.440250348507452e-05
rate	1.5534289791848742e-05
rate	1.6357975655458536e-05
rate	1.6958718513066098e-05
rate	1.7465882533462898e-05
rate	1.7962086467304564e-05
rate	1.8587958970206307e-05
rate	1.930776752112746e-05
rate	2.004428001514551e-05
rate	2.0836172718407683e-05
rate	2.168349366052316e-05
rate	2.2630416384853797e-05
rate	2.366051890528962e-05
rate	2.4754531514548293e-05
rate	2.595954067854444e-05
rate	2.7267422439920323e-05
rate	2.866720703782165e-05
rate	3.0134199521511014e-05
rate	3.1754455583369005e-05
rate	3.353368964402157e-05
rate	3.555542228724733e-05
rate	3.7856250424203867e-05
rate	4.050362754247777e-05
rate	4.343173919786587e-05
rate	4.658578705195047e-05
rate	4.997487900237848e-05
rate	5.3524462283815684e-05
rate	5.725185053022493e-05
rate	6.109048808510545e-05
rate	6.506049248076326e-05
rate	6.912304092750677e-05
rate	7.329534313934034e-05
rate	7.75552421575663e-05
rate	8.190320164863941e-05
rate	8.628613017346406e-05
rate	9.063656684363752e-05
rate	9.48722370227888e-05
rate	9.899258818684162e-05
rate	0.00010307385512811534
rate	0.00010720125038859912
rate	0.00011142344506003766
rate	0.00011584941545307828
rate	0.00012047440213766347
rate	0.00012531082838826728
rate	0.00013043152106571252
rate	0.00013588407467115542
rate	0.00014170212302712742
rate	0.00014791403620370076
rate	0.00015460078929520219
rate	0.0001619982807188564
rate	0.00017036586576084673
rate	0.00017992900786322394
rate	0.00019082093733111943
rate	0.0002029843824526915
rate	0.00021626177449517446
rate	0.00023061595562125575
rate	0.0002459380012226819
rate	0.0002619739647333119
rate	0.00027857532818844905
rate	0.0002957704173482714
rate	0.0003135402092355098
rate	0.0003319239452115515
rate	0.0003503900164811604
rate	0.00036899514595138894
rate	0.0003886957740453386
rate	0.00041045234358378805
rate	0.0004353103805512121
rate	0.0004639519936114712
rate	0.0004963331968246829
rate	0.0005323096468036937
rate	0.000571799334175924
rate	0.0006146370202812123
rate	0.0006615764897073065
rate	0.0007135040656914869
rate	0.0007703348463260092
rate	0.0008320334881984549
rate	0.000898538744653619
rate	0.0009708206865293835
rate	0.0010500045496128821
rate	0.001136286790336346
rate	0.0012297760096361286
rate	0.0013307964698614245
rate	0.0014399543111002094
rate	0.0015591076779326127
rate	0.0016906884167884576
rate	0.0018376787746074463
rate	0.0020040073035062127
rate	0.0021938086326897814
rate	0.0024122577685317366
rate	0.0001648018646795077
rate	1.8509401694303842e-05
rate	8.910471884426436e-06
rate	6.123394945008372e-06
rate	5.053451358124687e-06
rate	4.236125899430971e-06
rate	3.5396806568388933e-06
rate	2.9832077577709657e-06
rate	2.604988190683031e-06
rate	2.4131629160998963e-06
rate	2.446062188412244e-06
rate	2.6927312198589087e-06
rate	3.210809328313899e-06
rate	4.140326934762257e-06
rate	5.446095022801285e-06
rate	6.920027522105769e-06
rate	8.356378429172407e-06
rate	9.565392076755337e-06
rate	1.0511006396566353e-05
rate	1.1352435086308843e-05
rate	1.2089569391361154e-05
rate	1.2749821382411557e-05
rate	1.3352405614770206e-05
rate	1.3861526226139632e-05
rate	1.4227514573354876e-05
rate	1.4546741203968274e-05
rate	1.49210610416925e-05
rate	1.5380838576058485e-05
rate	1.597295188680448e-05
rate	1.6603796440170647e-05
rate	1.730919908775751e-05
rate	1.8097466433475434e-05
rate	1.8987989255153447e-05
rate	1.9978046597803254e-05
rate	2.1089903238982964e-05
rate	2.225459265230804e-05
rate	2.3494360792269506e-05
rate	2.4806478609824728e-05
rate	2.614686827132564e-05
rate	2.7570881772622267e-05
rate	2.9117436933834948e-05
rate	3.084212056432532e-05
rate	3.280897604297625e-05
rate	3.505740248635348e-05
rate	3.7549186563529425e-05
rate	4.0260072381267515e-05
rate	4.3123911036000485e-05
rate	4.6093822690968505e-05
rate	4.9181367618469204e-05
rate	5.2328247627634257e-05
rate	5.5618483849110526e-05
rate	5.903006309725216e-05
rate	6.259979755637491e-05
rate	6.635341804734073e-05
rate	7.024387253251823e-05
rate	7.417054279118502e-05
rate	7.806041636246436e-05
rate	8.18316393871889e-05
rate	8.541585765944088e-05
rate	8.889718864541457e-05
rate	9.235173971239798e-05
rate	9.583612575260932e-05
rate	9.941017650968511e-05
rate	0.00010312259403869864
rate	0.00010698829034273339
rate	0.00011103347144958097
rate	0.00011526745874195251
rate	0.00011972827440713101
rate	0.00012439422144157452
rate	0.0001293497138571623
rate	0.00013480329929681332
rate	0.000140861685905949
rate	0.00014776574721660693
rate	0.0001555625106823194
rate	0.00016417240025872032
rate	0.00017342806743554523
rate	0.00018316610771359048
rate	0.0001932328516440867
rate	0.00020344649968671258
rate	0.00021394477148516412
rate	0.0002249473061542455
rate	0.0002367966869962713
rate	0.0002497429512226708
rate	0.0002632670664486477
rate	0.000277325218945399
rate	0.0002931241115239685
rate	0.00031185386026519714
rate	0.00033472965358735755
rate	0.0003624605499623485
rate	0.0003945704361088047
rate	0.0004306670729675413
rate	0.00047032607668013443
rate	0.000513110727462769
rate	0.0005597604692934409
rate	0.0006111216076479647
rate	0.0006667684019998957
rate	0.0007262772657997032
rate	0.000789144552515443
rate	0.0008561877063376499
rate	0.0009284521476360197
rate	0.0010054035039155076
rate	0.0010865358031126144
rate	0.0011712126039807077
rate	0.0012590541230597576
rate	0.0013511011636132084
rate	0.0014489918903037608
rate	0.0015547228490919796
rate	0.0016704458147755558
rate	0.0017977460689161135
rate	0.0019373172581452296
rate	0.00011514880727975441
rate	1.0332730813070413e-05
rate	5.882264908403336e-06
rate	4.285583169572257e-06
rate	3.5013417779714173e-06
rate	3.1559291911318456e-06
rate	2.8598883448637004e-06
rate	2.618706908988524e-06
rate	2.432352448317785e-06
rate	2.3337011942973146e-06
rate	2.300813768550595e-06
rate	2.3391735742867127e-06
rate	2.4268536860676944e-06
rate	2.7063812597560632e-06
rate	3.0736382678518052e-06
rate	3.4902957578873445e-06
rate	3.912492649982071e-06
rate	4.274434841808551e-06
rate	4.636425153541027e-06
rate	4.949098607989607e-06
rate	5.261808832910944e-06
rate	5.530657761895936e-06
rate	5.722719904471754e-06
rate	5.832485247362014e-06
rate	5.870914326886223e-06
rate	5.870937255503885e-06
rate	5.870961833416451e-06
rate	5.980739392216927e-06
rate	6.156372848237789e-06
rate	6.33751902911812e-06
rate	6.584538993962558e-06
rate	6.870002149361047e-06
rate	7.237847852398772e-06
rate	7.671628893304801e-06
rate	8.138445899708156e-06
rate	8.704188213100273e-06
rate	9.319519552269739e-06
rate	1.0039392831157208e-05
rate	1.0825415627420405e-05
rate	1.173263629964549e-05
rate	1.2750180727300326e-05
rate	1.3867172875317686e-05
rate	1.512226830431217e-05
rate	1.6488112786427315e-05
rate	1.7997959335942182e-05
rate	1.9640982239669725e-05
rate	2.143402867559922e-05
rate	2.3393882343063902e-05
rate	2.5509899419592765e-05
rate	2.7749279927825604e-05
rate	3.022300816622298e-05
rate	3.290400772216968e-05
rate	3.583727765966068e-05
rate	3.906802106945608e-05
rate	4.2558417809783544e-05
rate	4.6314996140555884e-05
rate	5.031655807135605e-05
rate	5.456417187690417e-05
rate	5.9042179843007844e-05
rate	6.377415470633425e-05
rate	6.87894808857312e-05
rate	7.419092763051668e-05
rate	8.00089548969582e-05
rate	8.622368810328306e-05
rate	9.286052477369157e-05
rate	0.00010007016117876253
rate	0.0001079880542698989
rate	0.0001167858857858074
rate	0.00012646084614041273
rate	0.00013702814619587008
rate	0.0001486254574439094
rate	0.00016150364100129625
rate	0.00017583828854110726
rate	0.00019171682040874116
rate	0.00020903647168495404
rate	0.00022796082403581165
rate	0.0002483913078558905
rate	0.0002704933296953556
rate	0.00029411290829675494
rate	0.00031919805541876477
rate	0.0003463561190889187
rate	0.0003758464712054969
rate	0.00040805727736937646
rate	0.00044353935494086745
rate	0.0004819484932564899
rate	0.0005230072574833025
rate	0.0005660668443272491
rate	0.0006109340188439142
rate	0.0006572510890761958
rate	0.0007050153647406596
rate	0.0007551106607338561
rate	0.000806438982034968
rate	0.000860420997265908
rate	0.0009165001715943532
rate	0.0009754919034295908
rate	0.0010346638670730378
rate	0.0010960913731240004
rate	0.0011586477650061507
rate	0.0012224070269344343
rate	0.0012875330268970293
rate	0.001353572674136137
rate	0.0014201082455721774
rate	0.0014866766558029388
rate	0.0015529836483931905
rate	0.0016191415835137394
rate	0.0016849502532795685
rate	0.0017503594029264057
rate	0.0018152563625772479
rate	0.0018797408714968072
rate	0.0019521765566457288
rate	8.955123106018368e-05
rate	9.183655628157906e-06
rate	4.845188776457916e-06
rate	3.600081953519759e-06
rate	2.859923897761264e-06
rate	2.4762155145729994e-06
rate	2.1692949981611967e-06
rate	1.9117346112287503e-06
rate	1.7473420745270516e-06
rate	1.6213212956217466e-06
rate	1.5884437431127503e-06
rate	1.5774880124505689e-06
rate	1.6213212956217466e-06
rate	1.736385905444931e-06
rate	1.9391323806823155e-06
rate	2.1692949981611967e-06
rate	2.4049647162255405e-06
rate	2.6132523037900555e-06
rate	2.8051102000699533e-06
rate	2.9915144351233284e-06
rate	3.1943625857595425e-06
rate	3.3643471317207777e-06
rate	3.5398117444153238e-06
rate	3.693367658906323e-06
rate	3.824982761757879e-06
rate	3.956604786542826e-06
rate	4.099195166893326e-06
rate	4.269214337920838e-06
rate	4.444742239875141e-06
rate	4.664134988572766e-06
rate	4.867116360926176e-06
rate	5.130437415332041e-06
rate	5.3828180419616095e-06
rate	5.690092596362621e-06
rate	5.986433997966716e-06
rate	6.337691452648408e-06
rate	6.69996490515356e-06
rate	7.144635487041725e-06
rate	7.600352306287066e-06
rate	8.127548055152373e-06
rate	8.698798643431072e-06
rate	9.363564746757031e-06
rate	1.0061485019083255e-05
rate	1.0858545974668992e-05
rate	1.1749316973319297e-05
rate	1.269543917011865e-05
rate	1.3757428912916503e-05
rate	1.4858415251365592e-05
rate	1.606447646464672e-05
rate	1.7337247820882105e-05
rate	1.872642403722401e-05
rate	2.0237660989884073e-05
rate	2.1937379156586556e-05
rate	2.3787355197368037e-05
rate	2.5793381230781652e-05
rate	2.802773694931663e-05
rate	3.0463303038604535e-05
rate	3.321136661770241e-05
rate	3.622855573125357e-05
rate	3.9549141143899225e-05
rate	4.317423724989714e-05
rate	4.715514775414997e-05
rate	5.1526961802627004e-05
rate	5.617444017917905e-05
rate	6.123356045851391e-05
rate	6.682994997466511e-05
rate	7.319150463244519e-05
rate	8.059925884759019e-05
rate	8.903377355209692e-05
rate	9.846533183757889e-05
rate	0.00010904641948154784
rate	0.00012081370924015505
rate	0.00013387986436938493
rate	0.00014820670617946835
rate	0.00016383726271616532
rate	0.0001809569306550271
rate	0.00019963409642226776
rate	0.00022004741851225425
rate	0.00024224109171686202
rate	0.0002661568671534898
rate	0.0002921237406907848
rate	0.00032018152201690816
rate	0.0003506958334891006
rate	0.0003836594119714317
rate	0.0004190127149171325
rate	0.00045694924493507955
rate	0.000497277606006177
rate	0.0005404279048163951
rate	0.0005861820010816409
rate	0.0006346771527424317
rate	0.0006857067371070989
rate	0.0007397257182915073
rate	0.0007958221258601768
rate	0.0008555696988537271
rate	0.0009184137731765915
rate	0.0009838088114273251
rate	0.0010516063942532907
rate	0.0011211720008955047
rate	0.001192883989867636
rate	0.00126712858607708
rate	0.0013434092766946315
rate	0.00142105130637285
rate	0.0014993745692994766
rate	0.0015779341877766103
rate	0.001656962924673257
rate	0.0017368507912768475
rate	0.0018180529665587934
rate	0.001900975299212507
rate	0.00198590489561099
rate	0.002072336990464638
rate	0.00019824776922536993
rate	2.0580044972839752e-05
rate	9.962954811180137e-06
rate	6.353990359362682e-06
rate	5.130230848382567e-06
rate	4.417103198418566e-06
rate	3.841267121528079e-06
rate	3.468400668187858e-06
rate	3.2052431284252614e-06
rate	3.112052068420824e-06
rate	3.188810527682525e-06
rate	3.4245727758758e-06
rate	3.830345659493988e-06
rate	4.450089651918483e-06
rate	5.300421691326337e-06
rate	6.304708861021668e-06
rate	7.369792729496125e-06
rate	8.484775711578022e-06
rate	9.677206516924374e-06
rate	1.1046173207694832e-05
rate	1.2404891081204169e-05
rate	1.3692780597180255e-05
rate	1.4761013365845812e-05
rate	1.553769882678771e-05
rate	1.609974104182369e-05
rate	1.657372386750653e-05
rate	1.7042243968769974e-05
rate	1.7637626228868675e-05
rate	1.8321391848668242e-05
rate	1.9027345910130976e-05
rate	1.9788644004283902e-05
rate	2.0605332282748246e-05
rate	2.152707677456317e-05
rate	2.253195044228876e-05
rate	2.360344745321289e-05
rate	2.47858764043099e-05
rate	2.6068353717786857e-05
rate	2.7445431460424204e-05
rate	2.888413820020277e-05
rate	3.0462185288265685e-05
rate	3.219631985594751e-05
rate	3.4170007537108524e-05
rate	3.642257785960773e-05
rate	3.9015887771288976e-05
rate	4.18896753095988e-05
rate	4.498915722548106e-05
rate	4.8326203828156736e-05
rate	5.182908962607312e-05
rate	5.5520706638056246e-05
rate	5.9340163398215874e-05
rate	6.330483465973997e-05
rate	6.738158343574321e-05
rate	7.159330895755495e-05
rate	7.592923144441635e-05
rate	8.039000480908623e-05
rate	8.4914308670953e-05
rate	8.941227143434766e-05
rate	9.379318757114156e-05
rate	9.805647293019361e-05
rate	0.00010227546924125657
rate	0.00010653533481070353
rate	0.00011088186065693297
rate	0.00011541255844950003
rate	0.0001201111496463238
rate	0.00012498417397350866
rate	0.00013011860575391695
rate	0.00013556765985700813
rate	0.0001413850352591726
rate	0.00014757889761630053
rate	0.00015419823863755793
rate	0.00016147853012035736
rate	0.00016967568394828065
rate	0.00017900862280397967
rate	0.0001896008670455568
rate	0.0002013793084692448
rate	0.00021420566609316107
rate	0.00022805333592588206
rate	0.00024283010168957566
rate	0.00025825131123503864
rate	0.00027419433506508436
rate	0.0002907742449911055
rate	0.00030807597600277523
rate	0.00032622379478712804
rate	0.00034456197812471453
rate	0.00036308405699468264
rate	0.00038291737521750673
rate	0.00040521170169787867
rate	0.0004312047354244354
rate	0.0004616659587867532
rate	0.0004964021227039661
rate	0.0005351020362299835
rate	0.0005774975378821477
rate	0.0006232338639237053
rate	0.0006731602899114897
rate	0.0007282668578761545
rate	0.0007882671553779456
rate	0.0008528983769334523
rate	0.0009218633986164218
rate	0.0009961869330039515
rate	0.001077076232346572
rate	0.001164428042754987
rate	0.0012580302925345986
rate	0.0013578043791390956
rate	0.0014640057099497175
rate	0.0015784042795035143
rate	0.0017033798457291693
rate	0.0018418322011201098
rate	0.0019975260761283388
rate	0.002174135053794642
rate	0.0023758906133207244
rate	0.00015757971716366242
rate	1.738570471898284e-05
rate	8.479363920157726e-06
rate	5.898425481041179e-06
rate	4.8285697799063655e-06
rate	4.049689162913322e-06
rate	3.38617987782403e-06
rate	2.8544006052855553e-06
rate	2.4871586824946587e-06
rate	2.2953416625397806e-06
rate	2.311800759318159e-06
rate	2.5310581715373655e-06
rate	3.0025202035487166e-06
rate	3.8579597895669165e-06
rate	5.059398680376474e-06
rate	6.4206599066578255e-06
rate	7.749732845917051e-06
rate	8.876133730070387e-06
rate	9.761109252282705e-06
rate	1.0552877513842192e-05
rate	1.1251343180540061e-05
rate	1.188392107585604e-05
rate	1.2467080822497843e-05
rate	1.2962296097512878e-05
rate	1.3330912813101413e-05
rate	1.36555326458703e-05
rate	1.403522918456769e-05
rate	1.4492108336962442e-05
rate	1.5070278219024236e-05
rate	1.5681659071070883e-05
rate	1.6364812606566015e-05
rate	1.7130790923478106e-05
rate	1.79962228600199e-05
rate	1.8966644704881218e-05
rate	2.005329679666869e-05
rate	2.1201009597175572e-05
rate	2.24210008318731e-05
rate	2.3718812488799976e-05
rate	2.5044871450099524e-05
rate	2.645450670773806e-05
rate	2.7981093615895396e-05
rate	2.96801838433711e-05
rate	3.161854407652557e-05
rate	3.383000632271986e-05
rate	3.6281885459272866e-05
rate	3.8941600191043944e-05
rate	4.17485435430674e-05
rate	4.4658613066985976e-05
rate	4.767778456898749e-05
rate	5.0756111517987946e-05
rate	5.397756008026681e-05
rate	5.733128199004593e-05
rate	6.085689098588079e-05
rate	6.45885386130596e-05
rate	6.848209020458684e-05
rate	7.243148763525406e-05
rate	7.635823102609538e-05
rate	8.017213442871227e-05
rate	8.381053879291325e-05
rate	8.735755049916177e-05
rate	9.088644985637968e-05
rate	9.445385628486605e-05
rate	9.81111088874374e-05
rate	0.00010190405890103232
rate	0.00010583340139033258
rate	0.00010993380564873935
rate	0.00011421741202572813
rate	0.00011872506775361576
rate	0.0001234179145520301
rate	0.00012836017480997327
rate	0.0001337715837635023
rate	0.00013976437253907575
rate	0.00014659065878661924
rate	0.0001542915066013731
rate	0.00016278714363159673
rate	0.00017191005419216562
rate	0.00018150834960258737
rate	0.00019143418531807622
rate	0.0002014734882038574
rate	0.00021176939954651618
rate	0.00022257359515568092
rate	0.00023426100108908974
rate	0.00024711160545746845
rate	0.00026035854353496273
rate	0.000273907186439601
rate	0.00028929837223480234
rate	0.0003080690559628717
rate	0.0003317875088714647
rate	0.0003613238498174334
rate	0.00039598543102259995
rate	0.00043517740452596716
rate	0.0004782684035073051
rate	0.0005245951008783448
rate	0.0005750674502387191
rate	0.0006307092076784151
rate	0.0006908733117338699
rate	0.0007548844231382043
rate	0.0008219376066991783
rate	0.000893011226942447
rate	0.0009693371817727493
rate	0.001050058886701016
rate	0.0011343120090330711
rate	0.0012210182083841952
rate	0.0013094343106116412
rate	0.0014006725520098828
rate	0.0014965936675313775
rate	0.0015994300578085503
rate	0.0017116162286449185
rate	0.0018346528562743552
rate	0.001968798747275147
rate	0.00011018083965687186
rate	9.574437067599269e-06
rate	5.5365974150637554e-06
rate	4.0552628157666e-06
rate	3.32864734893199e-06
rate	2.999700621747295e-06
rate	2.7256000367380837e-06
rate	2.492651059732811e-06
rate	2.3145252987126517e-06
rate	2.2186182423536076e-06
rate	2.1912120542313414e-06
rate	2.2323102986633306e-06
rate	2.3282072071575697e-06
rate	2.602243998192235e-06
rate	2.9722277571656465e-06
rate	3.383387544188537e-06
rate	3.8083095042430453e-06
rate	4.1647540941221295e-06
rate	4.5212453721462435e-06
rate	4.822935422346193e-06
rate	5.124659822041374e-06
rate	5.385265971900536e-06
rate	5.563601544076792e-06
rate	5.659643724298999e-06
rate	5.687096896088849e-06
rate	5.67340309456604e-06
rate	5.659711079541398e-06
rate	5.7557631649621505e-06
rate	5.920407981858272e-06
rate	6.085076316033667e-06
rate	6.318353890026845e-06
rate	6.592812555266686e-06
rate	6.949642893633305e-06
rate	7.37514343351158e-06
rate	7.828182926865679e-06
rate	8.391115185894072e-06
rate	8.995389976646483e-06
rate	9.709683526055622e-06
rate	1.0492863630057585e-05
rate	1.1399974102215292e-05
rate	1.2417394885335256e-05
rate	1.3531500171014472e-05
rate	1.4783689367000054e-05
rate	1.614661121556976e-05
rate	1.7648003774150783e-05
rate	1.9288059774686305e-05
rate	2.1067081818744027e-05
rate	2.302667275347559e-05
rate	2.5139643216507127e-05
rate	2.736489590681458e-05
rate	2.9827206929071938e-05
rate	3.249950834185005e-05
rate	3.542402545787328e-05
rate	3.865705736575336e-05
rate	4.214415002424488e-05
rate	4.5900159638378774e-05
rate	4.989832712248912e-05
rate	5.413970746063383e-05
rate	5.861142739803176e-05
rate	6.332864986697531e-05
rate	6.832070675410638e-05
rate	7.370154342214069e-05
rate	7.950162173928597e-05
rate	8.568130990804303e-05
rate	9.225737701934201e-05
rate	9.938878561173512e-05
rate	0.00010722215766891175
rate	0.00011594899312643666
rate	0.00012553502899826537
rate	0.0001359750700322467
rate	0.00014739462301165178
rate	0.00016008131733755406
rate	0.00017421311750647167
rate	0.0001898710482342865
rate	0.00020691932647440005
rate	0.00022554679773413686
rate	0.0002456360639466182
rate	0.0002673840574822408
rate	0.0002905874946311052
rate	0.000315146320476196
rate	0.00034177470466990217
rate	0.00037076488229390253
rate	0.0004025516430867653
rate	0.0004377857293842675
rate	0.0004760617463918337
rate	0.0005170581571582885
rate	0.0005600068930817995
rate	0.0006046855971233883
rate	0.0006507023233229953
rate	0.0006980767495840903
rate	0.0007479473697681416
rate	0.000798968687285183
rate	0.0008529552151796734
rate	0.0009092532540035598
rate	0.0009689277204950784
rate	0.0010285928366448314
rate	0.001090916345248735
rate	0.0011545281078461402
rate	0.0012195945223908956
rate	0.0012863679822508586
rate	0.0013543674064175775
rate	0.0014231516378568573
rate	0.0014922058523033025
rate	0.0015612785261235637
rate	0.001630573921600974
rate	0.0016999709394967914
rate	0.00176950570822916
rate	0.0018391534207912222
rate	0.001909132989651307
rate	0.0019863381034360113
rate	8.550064749121884e-05
rate	8.516285372822782e-06
rate	4.549009204521718e-06
rate	3.3972294488979336e-06
rate	2.6982314295442282e-06
rate	2.3419460228993405e-06
rate	2.0542189563774297e-06
rate	1.8076275694165393e-06
rate	1.656938303449265e-06
rate	1.5336609799082392e-06
rate	1.5062630194840756e-06
rate	1.4925683561563486e-06
rate	1.5336609799082392e-06
rate	1.643243092096614e-06
rate	1.8350242971017068e-06
rate	2.0542189563774297e-06
rate	2.2734387093300695e-06
rate	2.4652751782728775e-06
rate	2.6434209688261187e-06
rate	2.807890210679282e-06
rate	2.999762084140089e-06
rate	3.1505488914961637e-06
rate	3.3150359885957743e-06
rate	3.452132818152021e-06
rate	3.575512764544498e-06
rate	3.698898890591463e-06
rate	3.835992988035987e-06
rate	4.000512634758743e-06
rate	4.165056312692658e-06
rate	4.38442665065507e-06
rate	4.576418685107043e-06
rate	4.836969381981234e-06
rate	5.083837667913809e-06
rate	5.3855927855366235e-06
rate	5.673671556036417e-06
rate	6.016658205874851e-06
rate	6.373401362621415e-06
rate	6.8125302195885516e-06
rate	7.265446969464569e-06
rate	7.787087606124166e-06
rate	8.350029544538512e-06
rate	9.009217916578846e-06
rate	9.696059029463458e-06
rate	1.0479273685478712e-05
rate	1.1358925876534423e-05
rate	1.2280165271304303e-05
rate	1.3325489182790118e-05
rate	1.4398783292906873e-05
rate	1.558261790590151e-05
rate	1.6822114380325685e-05
rate	1.8172451311680208e-05
rate	1.964754133910347e-05
rate	2.1316547919276218e-05
rate	2.3124697738453465e-05
rate	2.508604008819721e-05
rate	2.727005674403319e-05
rate	2.964961084983071e-05
rate	3.23497749257789e-05
rate	3.5316108983495296e-05
rate	3.8577296252199333e-05
rate	4.213440153325293e-05
rate	4.6044219055193135e-05
rate	5.0336208094925644e-05
rate	5.4872774257263174e-05
rate	5.978124992203286e-05
rate	6.520372681855415e-05
rate	7.139579922929825e-05
rate	7.867198065775741e-05
rate	8.698476005978545e-05
rate	9.627323591969089e-05
rate	0.0001067036246292784
rate	0.00011828945711121056
rate	0.00013115989917694804
rate	0.0001452331056819153
rate	0.00016055665659789922
rate	0.0001773406834006715
rate	0.00019567009090992277
rate	0.00021575208167852987
rate	0.00023762464761075563
rate	0.0002611812838722731
rate	0.0002867822093507433
rate	0.00031443874967288215
rate	0.0003445511255992577
rate	0.00037708934819921994
rate	0.0004119638414929773
rate	0.0004494483450298587
rate	0.0004893197091902597
rate	0.0005321318104638456
rate	0.0005776285853441112
rate	0.0006259988179128138
rate	0.0006769844743580137
rate	0.000731172367556098
rate	0.0007874233647052589
rate	0.0008477338342143944
rate	0.0009114131888370049
rate	0.0009778024095156313
rate	0.0010467108673589847
rate	0.0011173919600667697
rate	0.0011903170707627888
rate	0.0012660112984717157
rate	0.001343856557640224
rate	0.0014230586858682416
rate	0.0015027874468837507
rate	0.0015825215359548891
rate	0.0016626160526323564
rate	0.001743579307648877
rate	0.0018260432875665685
rate	0.0019105858679872717
rate	0.0019976030097464594
rate	0.0020865621057296405
rate	0.00018903972810927844
rate	1.9281404874080294e-05
rate	9.490409351600572e-06
rate	6.098802424570801e-06
rate	4.9327501178475266e-06
rate	4.247092928243166e-06
rate	3.684999442396452e-06
rate	3.3286004177059256e-06
rate	3.068197094652519e-06
rate	2.9722700117124886e-06
rate	3.0408022924356447e-06
rate	3.2601060082545106e-06
rate	3.6439238577797315e-06
rate	4.233464742966965e-06
rate	5.04258928669132e-06
rate	6.002884248033915e-06
rate	7.018448339010241e-06
rate	8.07563093701547e-06
rate	9.201963772414157e-06
rate	1.0493752001667648e-05
rate	1.177247204249507e-05
rate	1.298305770928599e-05
rate	1.3987736939842883e-05
rate	1.4717421998116886e-05
rate	1.5240763570581289e-05
rate	1.568156520155017e-05
rate	1.612240147023539e-05
rate	1.6687293487531042e-05
rate	1.7335016176209026e-05
rate	1.801041180511644e-05
rate	1.8741115290160125e-05
rate	1.9527170904973334e-05
rate	2.0423737164272547e-05
rate	2.14033819792879e-05
rate	2.2452363391877483e-05
rate	2.361221213007536e-05
rate	2.4869284995653394e-05
rate	2.622365588302676e-05
rate	2.7634076878894527e-05
rate	2.916991499316236e-05
rate	3.085895006787344e-05
rate	3.2784592786969715e-05
rate	3.49889052950116e-05
rate	3.752814800010018e-05
rate	4.034761142133173e-05
rate	4.3392527399011664e-05
rate	4.6677528653935e-05
rate	5.013371696833056e-05
rate	5.3789562745887564e-05
rate	5.7589838711326295e-05
rate	6.154917683871666e-05
rate	6.564012594397964e-05
rate	6.989127477576955e-05
rate	7.430322073126642e-05
rate	7.887680796953304e-05
rate	8.354248716844193e-05
rate	8.818797602505779e-05
rate	9.271413811949434e-05
rate	9.712035767354561e-05
rate	0.00010147708335439781
rate	0.00010586941923280793
rate	0.00011034027625382828
rate	0.00011497570144592179
rate	0.00011974789715498414
rate	0.00012465751955875005
rate	0.00012980569044212137
rate	0.0001352512450428608
rate	0.00014106794749121776
rate	0.0001472437590289003
rate	0.00015379568797991368
rate	0.00016095877952185836
rate	0.00016898550213571454
rate	0.0001780882377447354
rate	0.00018838079675999417
rate	0.00019977423448579808
rate	0.00021214955769114768
rate	0.0002254907162305084
rate	0.0002397222021564694
rate	0.0002545286577367654
rate	0.00026981334194171966
rate	0.00028577807263393965
rate	0.0003026117427700407
rate	0.00032052364436270455
rate	0.00033873393976826865
rate	0.0003571729680379763
rate	0.0003771389763896748
rate	0.00039997105981196934
rate	0.0004270990902976587
rate	0.00045937992396203524
rate	0.0004964710485832493
rate	0.0005378944256562733
rate	0.0005831957415883713
rate	0.0006318307075661983
rate	0.0006847440901156729
rate	0.0007430296500608221
rate	0.000806199464429882
rate	0.0008737632656684495
rate	0.0009451880525792244
rate	0.0010215531794785192
rate	0.0011041479150802622
rate	0.0011925692951736278
rate	0.0012862845754330686
rate	0.0013848122884167666
rate	0.0014880571087992254
rate	0.0015977008810744162
rate	0.001716071274669881
rate	0.0018459856276327733
rate	0.001991044848750465
rate	0.002154461474899503
rate	0.0023395234581097125
rate	0.00015035756964781717
rate	1.626200774366184e-05
rate	8.048255955889016e-06
rate	5.673456017073985e-06
rate	4.603688201688045e-06
rate	3.863252426395673e-06
rate	3.2326790988091674e-06
rate	2.7255934528001448e-06
rate	2.3693291743062863e-06
rate	2.177520408979666e-06
rate	2.177539330224074e-06
rate	2.3693851232158228e-06
rate	2.7942310787835344e-06
rate	3.575592644371576e-06
rate	4.672702337951663e-06
rate	5.921292291209882e-06
rate	7.143087262661697e-06
rate	8.186875383385438e-06
rate	9.011212107999058e-06
rate	9.753319941375544e-06
rate	1.0413116969718969e-05
rate	1.1018020769300524e-05
rate	1.158175603022548e-05
rate	1.2063065968886123e-05
rate	1.243431105284795e-05
rate	1.2764324087772327e-05
rate	1.3149397327442881e-05
rate	1.3603378097866403e-05
rate	1.4167604551243994e-05
rate	1.4759521701971122e-05
rate	1.542042612537452e-05
rate	1.616411541348078e-05
rate	1.700445646488635e-05
rate	1.7955242811959182e-05
rate	1.901669035435442e-05
rate	2.0147426542043106e-05
rate	2.13476408714767e-05
rate	2.2631146367775224e-05
rate	2.3942874628873408e-05
rate	2.5338131642853855e-05
rate	2.6844750297955848e-05
rate	2.8518247122416874e-05
rate	3.0428112110074886e-05
rate	3.260261015908624e-05
rate	3.501458435501631e-05
rate	3.7623128000820374e-05
rate	4.0373176050134324e-05
rate	4.322340344300345e-05
rate	4.617420151950578e-05
rate	4.9183975408341635e-05
rate	5.233663631142309e-05
rate	5.56325008828397e-05
rate	5.911398441538668e-05
rate	6.282365917877847e-05
rate	6.672030787665544e-05
rate	7.06924324793231e-05
rate	7.465604568972639e-05
rate	7.851262947023563e-05
rate	8.220521992638562e-05
rate	8.581791235290897e-05
rate	8.942116000036139e-05
rate	9.30715868171228e-05
rate	9.68120412651897e-05
rate	0.00010068552376336599
rate	0.00010467851243793177
rate	0.00010883413984789773
rate	0.00011316736530950375
rate	0.0001177218611001005
rate	0.00012244160766248567
rate	0.00012737063576278426
rate	0.0001327398682301913
rate	0.0001386670591722025
rate	0.00014541557035663158
rate	0.00015302050252042682
rate	0.00016140188700447314
rate	0.00017039204094878598
rate	0.0001798505914915843
rate	0.0001896355189920657
rate	0.0001995004767210022
rate	0.00020959402760786823
rate	0.00022019988415711633
rate	0.0002317253151819082
rate	0.0002444802596922661
rate	0.0002574500206212778
rate	0.00027048915393380294
rate	0.00028547263294563616
rate	0.0003042842516605463
rate	0.0003288453641555719
rate	0.0003601871496725183
rate	0.00039740042593639527
rate	0.00043968773608439306
rate	0.0004862107303344758
rate	0.0005360794742939206
rate	0.0005903744311839974
rate	0.0006502968077088656
rate	0.0007149782214678441
rate	0.0007834915804767054
rate	0.0008547306608829137
rate	0.000929834747547244
rate	0.001010222215909479
rate	0.0010947142694865241
rate	0.0011820882149535278
rate	0.001270823812787683
rate	0.0013598144981635247
rate	0.0014502439404065572
rate	0.001544195444758994
rate	0.001644137266525121
rate	0.0017527866425142815
rate	0.0018715596436325972
rate	0.002000280236405065
rate	0.0001052128720339893
rate	8.816143322128125e-06
rate	5.190929921724174e-06
rate	3.824942461960944e-06
rate	3.1559529198925626e-06
rate	2.8434720523627446e-06
rate	2.591311728612467e-06
rate	2.3665952104770978e-06
rate	2.1966981491075186e-06
rate	2.103535290409901e-06
rate	2.0816103399120876e-06
rate	2.125447023039948e-06
rate	2.2295607282474446e-06
rate	2.4981067366284067e-06
rate	2.870817246479488e-06
rate	3.2764793304897295e-06
rate	3.70412635850402e-06
rate	4.055073346435708e-06
rate	4.40606559075146e-06
rate	4.69677223670278e-06
rate	4.9875108111718025e-06
rate	5.239874181905136e-06
rate	5.40448318368183e-06
rate	5.486802201235984e-06
rate	5.503279465291476e-06
rate	5.4758689336281954e-06
rate	5.448460325666346e-06
rate	5.530786937707375e-06
rate	5.6844431154787565e-06
rate	5.8326336029492135e-06
rate	6.052168786091132e-06
rate	6.315622961172325e-06
rate	6.661437934867839e-06
rate	7.078657973718358e-06
rate	7.5179199540232e-06
rate	8.078042158687871e-06
rate	8.671260401023227e-06
rate	9.379974220954037e-06
rate	1.0160311632694765e-05
rate	1.1067311904785095e-05
rate	1.2084609043370187e-05
rate	1.3195827466711258e-05
rate	1.4445110429687938e-05
rate	1.5805109644712206e-05
rate	1.7298048212359384e-05
rate	1.8935137309702885e-05
rate	2.0700134961888838e-05
rate	2.265946316388728e-05
rate	2.4769387013421493e-05
rate	2.6980511885803557e-05
rate	2.9431405691920894e-05
rate	3.209500896153042e-05
rate	3.5010773256085876e-05
rate	3.824609366205065e-05
rate	4.172988223870621e-05
rate	4.5485323136201664e-05
rate	4.948009617362219e-05
rate	5.371524304436349e-05
rate	5.818067495305568e-05
rate	6.288314502761638e-05
rate	6.785193262248156e-05
rate	7.321215921376469e-05
rate	7.899428858161375e-05
rate	8.5138931712803e-05
rate	9.165422926499246e-05
rate	9.870741004470773e-05
rate	0.00010645626106792459
rate	0.0001151121004670659
rate	0.000124609211856118
rate	0.0001349219938686233
rate	0.00014616378857939413
rate	0.00015865899367381188
rate	0.00017258794647183608
rate	0.00018802527605983184
rate	0.00020480218126384608
rate	0.0002231327714324621
rate	0.00024288082003734592
rate	0.00026427478526912604
rate	0.00028706208096545546
rate	0.00031109458553362727
rate	0.00033719329025088556
rate	0.0003656832933823082
rate	0.00039704600880415415
rate	0.0004320321038276675
rate	0.0004701749995271775
rate	0.0005111090568332746
rate	0.0005539469418363499
rate	0.0005984371754028624
rate	0.0006441535575697949
rate	0.000691138134427521
rate	0.000740784078802427
rate	0.000791498392535398
rate	0.000845489433093439
rate	0.0009020063364127664
rate	0.0009623635375605661
rate	0.001022521806216625
rate	0.0010857413173734692
rate	0.0011504084506861294
rate	0.0012167820178473569
rate	0.001285202937604688
rate	0.0013551621386990182
rate	0.0014261950301415372
rate	0.0014977350488036662
rate	0.0015695734038539372
rate	0.0016420062596882088
rate	0.0017149916257140142
rate	0.0017886520135319143
rate	0.0018630504790051968
rate	0.001938525107805807
rate	0.002020499650226293
rate	8.1450063922254e-05
rate	7.84891511748766e-06
rate	4.25282963258552e-06
rate	3.1943769442761083e-06
rate	2.5365389613271923e-06
rate	2.2076765312256815e-06
rate	1.9391429145936628e-06
rate	1.7035205276043285e-06
rate	1.5665345323714782e-06
rate	1.4460006641947317e-06
rate	1.4240822958554009e-06
rate	1.4076486998621286e-06
rate	1.4460006641947317e-06
rate	1.5501002787482974e-06
rate	1.7309162135210983e-06
rate	1.9391429145936628e-06
rate	2.1419127024345985e-06
rate	2.317298052755699e-06
rate	2.481731737582284e-06
rate	2.624265986235235e-06
rate	2.805161582520635e-06
rate	2.9367506512715497e-06
rate	3.0902602327762257e-06
rate	3.210897977397718e-06
rate	3.326042767331117e-06
rate	3.4411929946400994e-06
rate	3.5727908091786476e-06
rate	3.731810931596648e-06
rate	3.8853703855101744e-06
rate	4.104718312737374e-06
rate	4.28572100928791e-06
rate	4.543501348630426e-06
rate	4.784857293866008e-06
rate	5.0810929747106256e-06
rate	5.360909114106117e-06
rate	5.695624959101292e-06
rate	6.04683782008927e-06
rate	6.480424952135378e-06
rate	6.930541632642072e-06
rate	7.446627157095957e-06
rate	8.001260445645953e-06
rate	8.654871086400659e-06
rate	9.330633039843661e-06
rate	1.0100001396288433e-05
rate	1.0968534779749547e-05
rate	1.1864891372489954e-05
rate	1.2893549452663733e-05
rate	1.3939151334448155e-05
rate	1.5100759347156295e-05
rate	1.6306980939769265e-05
rate	1.7618478586136405e-05
rate	1.9057421688322872e-05
rate	2.069571668196588e-05
rate	2.2462040279538893e-05
rate	2.4378698945612765e-05
rate	2.651237653874975e-05
rate	2.8835918661056884e-05
rate	3.1488183233855397e-05
rate	3.4403662235737014e-05
rate	3.7605451360499435e-05
rate	4.109456581660872e-05
rate	4.49332903562363e-05
rate	4.914545438722428e-05
rate	5.35711083353473e-05
rate	5.832893938555181e-05
rate	6.357750366244319e-05
rate	6.960009382615133e-05
rate	7.674470246792462e-05
rate	8.493574656747399e-05
rate	9.408114000180291e-05
rate	0.00010436082977700896
rate	0.00011576520498226605
rate	0.00012843993398451114
rate	0.00014225950518436225
rate	0.00015727605047963312
rate	0.00017372443614631591
rate	0.00019170608539757777
rate	0.00021145674484480552
rate	0.0002330082035046492
rate	0.0002562057005910565
rate	0.0002814406780107019
rate	0.0003086959773288562
rate	0.00033840641770941477
rate	0.00037051928442700824
rate	0.000404914968068822
rate	0.00044194744512463793
rate	0.0004813618123743425
rate	0.0005238357161112961
rate	0.0005690751696065815
rate	0.0006173204830831958
rate	0.0006682622116089286
rate	0.0007226190168206886
rate	0.000779024603550341
rate	0.0008398979695750617
rate	0.0009044126044974182
rate	0.0009717960076039373
rate	0.0010418153404646788
rate	0.0011136119192380345
rate	0.0011877501516579416
rate	0.0012648940108663514
rate	0.0013443038385858163
rate	0.0014250660653636333
rate	0.0015062003244680248
rate	0.001587108884133168
rate	0.001668269180591456
rate	0.0017503078240209064
rate	0.0018340336085743434
rate	0.0019201964367620366
rate	0.002009301123881929
rate	0.0021007872209946425
rate	0.00017983168699318695
rate	1.7982764775320836e-05
rate	9.017863892021006e-06
rate	5.843614489778922e-06
rate	4.735269387312486e-06
rate	4.077082658067767e-06
rate	3.5287317632648248e-06
rate	3.1888001672239938e-06
rate	2.9311510608797766e-06
rate	2.832487955004153e-06
rate	2.8927940571887643e-06
rate	3.095639240633221e-06
rate	3.457502056065475e-06
rate	4.016839834015445e-06
rate	4.784756882056303e-06
rate	5.701059635046163e-06
rate	6.667103948524358e-06
rate	7.666486162452917e-06
rate	8.72672102790394e-06
rate	9.941330795640463e-06
rate	1.1140053003785973e-05
rate	1.2273334821391726e-05
rate	1.3214460513839951e-05
rate	1.3897145169446062e-05
rate	1.4381786099338882e-05
rate	1.4789406535593802e-05
rate	1.5202558971700799e-05
rate	1.5736960746193413e-05
rate	1.634864050374981e-05
rate	1.6993477700101902e-05
rate	1.7693586576036348e-05
rate	1.8449009527198423e-05
rate	1.9320397553981923e-05
rate	2.027481351628704e-05
rate	2.130127933054208e-05
rate	2.243854785584082e-05
rate	2.367021627351993e-05
rate	2.500188030562932e-05
rate	2.6384015557586286e-05
rate	2.787764469805904e-05
rate	2.952158027979938e-05
rate	3.1399178036830906e-05
rate	3.3555232730415465e-05
rate	3.604040822891139e-05
rate	3.8805547533064656e-05
rate	4.1795897572542254e-05
rate	4.502885347971326e-05
rate	4.8438344310587995e-05
rate	5.205841885371888e-05
rate	5.583951402443671e-05
rate	5.979351901769336e-05
rate	6.389866845221607e-05
rate	6.818924059398414e-05
rate	7.267721001811649e-05
rate	7.736361112997984e-05
rate	8.217066566593089e-05
rate	8.696368061576792e-05
rate	9.16350886678471e-05
rate	9.61842424168976e-05
rate	0.00010067869746753906
rate	0.00010520350365491233
rate	0.0001097986918507236
rate	0.00011453884444234353
rate	0.00011938464466364446
rate	0.0001243308651439914
rate	0.0001294927751303258
rate	0.00013493483022871352
rate	0.00014075085972326294
rate	0.0001469086204415001
rate	0.00015339313732226945
rate	0.00016043902892335935
rate	0.00016829532032314846
rate	0.00017716785268549114
rate	0.00018716072647443152
rate	0.0001981691605023514
rate	0.00021009344928913428
rate	0.00022292809653513473
rate	0.00023661430262336317
rate	0.0002508060042384921
rate	0.0002654323488183549
rate	0.00028078190027677383
rate	0.0002971475095373062
rate	0.000314823493938281
rate	0.0003329059014118227
rate	0.00035126187908127
rate	0.0003713605775618429
rate	0.00039473041792605995
rate	0.000422993445170882
rate	0.0004570938891373172
rate	0.0004965399744625324
rate	0.000540686815082563
rate	0.0005888939452945949
rate	0.0006404275512086914
rate	0.0006963278903198561
rate	0.0007577924422454898
rate	0.0008241317734818184
rate	0.0008946281544034468
rate	0.0009685127065420271
rate	0.001046919425953087
rate	0.0011312195978139521
rate	0.0012207105475922687
rate	0.0013145388583315385
rate	0.0014118201976944375
rate	0.0015121085076487335
rate	0.001616997482645318
rate	0.001728762703610593
rate	0.0018501390541454368
rate	0.001984563621372591
rate	0.0021347878960043636
rate	0.0023031563028987007
rate	0.00014313542213197192
rate	1.5138310768340838e-05
rate	7.617147991620308e-06
rate	5.448486553106791e-06
rate	4.378806623469724e-06
rate	3.676815689878023e-06
rate	3.0791783197943046e-06
rate	2.5967863003147347e-06
rate	2.251499666117914e-06
rate	2.0596991554195506e-06
rate	2.0432779011299892e-06
rate	2.20771207489428e-06
rate	2.5859419540183523e-06
rate	3.2932254991762357e-06
rate	4.286005995526852e-06
rate	5.421924675761939e-06
rate	6.536441679406341e-06
rate	7.497617036700489e-06
rate	8.261314963715412e-06
rate	8.953762368908895e-06
rate	9.574890758897876e-06
rate	1.0152120462745004e-05
rate	1.0696431237953118e-05
rate	1.116383584025937e-05
rate	1.1537709292594488e-05
rate	1.1873115529674352e-05
rate	1.2263565470318073e-05
rate	1.2714647858770361e-05
rate	1.3264930883463752e-05
rate	1.3837384332871362e-05
rate	1.4476039644183025e-05
rate	1.5197439903483452e-05
rate	1.6012690069752803e-05
rate	1.6943840919037146e-05
rate	1.7980083912040145e-05
rate	1.9093843486910636e-05
rate	2.0274280911080295e-05
rate	2.1543480246750472e-05
rate	2.284087780764729e-05
rate	2.422175657796965e-05
rate	2.5708406980016296e-05
rate	2.7356310401462648e-05
rate	2.9237680143624206e-05
rate	3.137521399545262e-05
rate	3.374728325075975e-05
rate	3.6304655810596804e-05
rate	3.899780855720125e-05
rate	4.178819381902092e-05
rate	4.467061847002407e-05
rate	4.7611839298695324e-05
rate	5.069571254257938e-05
rate	5.393371977563347e-05
rate	5.737107784489256e-05
rate	6.105877974449733e-05
rate	6.495852554872404e-05
rate	6.895337732339215e-05
rate	7.29538603533574e-05
rate	7.685312451175898e-05
rate	8.059990105985799e-05
rate	8.427827420665617e-05
rate	8.795587014434307e-05
rate	9.168931734937953e-05
rate	9.5512973642942e-05
rate	9.946698862569966e-05
rate	0.00010352362348553098
rate	0.00010773447404705612
rate	0.00011211731859327937
rate	0.00011671865444658525
rate	0.00012146530077294125
rate	0.00012638109671559526
rate	0.00013170815269688028
rate	0.00013756974580532926
rate	0.0001442404819266439
rate	0.00015174949843948057
rate	0.00016001663037734954
rate	0.00016887402770540634
rate	0.0001781928333805812
rate	0.0001878368526660552
rate	0.000197527465238147
rate	0.0002074186556692203
rate	0.00021782617315855174
rate	0.00022918962927472662
rate	0.00024184891392706374
rate	0.0002545414977075928
rate	0.00026707112142800493
rate	0.00028164689365646993
rate	0.0003004994473582208
rate	0.00032590321943967905
rate	0.0003590504495276032
rate	0.0003988154208501906
rate	0.00044419806764281895
rate	0.0004941530571616464
rate	0.0005475638477094965
rate	0.0006056814121292756
rate	0.000669884407739316
rate	0.0007390831312018184
rate	0.0008120987378152065
rate	0.000887523715066649
rate	0.0009666582681520411
rate	0.0010511072500462085
rate	0.0011393696522720325
rate	0.0012298644208739845
rate	0.0013206294171911707
rate	0.0014101946857154083
rate	0.0014998153288032319
rate	0.0015917972219866103
rate	0.0016888444752416914
rate	0.0017939570563836442
rate	0.001908466430990839
rate	0.0020317617255349823
rate	0.00010024490441110673
rate	8.057849576656981e-06
rate	4.845262428384594e-06
rate	3.594622108155287e-06
rate	2.9832584908531353e-06
rate	2.687243482978194e-06
rate	2.45702342048685e-06
rate	2.2405393612213847e-06
rate	2.0788709995023855e-06
rate	1.988452338466194e-06
rate	1.9720086255928343e-06
rate	2.018583747416566e-06
rate	2.1309142493373196e-06
rate	2.3939694750645784e-06
rate	2.7694067357933295e-06
rate	3.169571116790922e-06
rate	3.5999432127649945e-06
rate	3.945392598749285e-06
rate	4.290885809356675e-06
rate	4.570609051059367e-06
rate	4.850361800302232e-06
rate	5.094482391909735e-06
rate	5.245364823286868e-06
rate	5.313960678172968e-06
rate	5.319462034494102e-06
rate	5.278334772690352e-06
rate	5.237209571791293e-06
rate	5.305810710452599e-06
rate	5.448478249099241e-06
rate	5.580190889864761e-06
rate	5.785983682155419e-06
rate	6.038433367077965e-06
rate	6.373232976102372e-06
rate	6.782172513925136e-06
rate	7.207656981180721e-06
rate	7.764969131481671e-06
rate	8.34713082539997e-06
rate	9.050264915852453e-06
rate	9.827759635331945e-06
rate	1.0734649707354898e-05
rate	1.1751823201405117e-05
rate	1.2860154762408042e-05
rate	1.4106531492375823e-05
rate	1.5463608073854653e-05
rate	1.694809265056798e-05
rate	1.8582214844719468e-05
rate	2.033318810503365e-05
rate	2.2292253574298968e-05
rate	2.439913081033586e-05
rate	2.659612786479253e-05
rate	2.903560445476985e-05
rate	3.169050958121079e-05
rate	3.459752105429848e-05
rate	3.783512995834793e-05
rate	4.131561445316754e-05
rate	4.507048663402456e-05
rate	4.906186522475525e-05
rate	5.3290778628093146e-05
rate	5.77499225080796e-05
rate	6.243764018825744e-05
rate	6.738315849085674e-05
rate	7.272277500538871e-05
rate	7.848695542394153e-05
rate	8.459655351756298e-05
rate	9.105108151064291e-05
rate	9.802603447768034e-05
rate	0.00010569036446693742
rate	0.00011427520780769516
rate	0.0001236833947139706
rate	0.00013386891770499995
rate	0.00014493295414713648
rate	0.00015723667001006967
rate	0.0001709627754372005
rate	0.00018617950388537718
rate	0.0002026850360532921
rate	0.00022071874513078732
rate	0.00024012557612807366
rate	0.0002611655130560113
rate	0.0002835366672998058
rate	0.0003070428505910585
rate	0.00033261187583186896
rate	0.00036060170447071386
rate	0.00039154037452154296
rate	0.0004262784782710675
rate	0.0004642882526625213
rate	0.0005051599565082605
rate	0.0005478869905909004
rate	0.0005921887536823366
rate	0.0006376047918165944
rate	0.0006841995192709517
rate	0.0007336207878367126
rate	0.000784028097785613
rate	0.0008380236510072045
rate	0.0008947594188219729
rate	0.0009557993546260538
rate	0.0010164507757884187
rate	0.0010805662894982034
rate	0.0011462887935261188
rate	0.0012139695133038181
rate	0.0012840378929585173
rate	0.0013559568709804587
rate	0.001429238422426217
rate	0.00150326424530403
rate	0.0015778682815843104
rate	0.0016534385977754432
rate	0.0017300123119312369
rate	0.0018077983188346685
rate	0.0018869475372191714
rate	0.001967917225960307
rate	0.0020546611970165755
rate	7.739948035328918e-05
rate	7.181544862152536e-06
rate	3.956650060649322e-06
rate	2.991524439654283e-06
rate	2.3748464931101563e-06
rate	2.0734070395520225e-06
rate	1.824066872809896e-06
rate	1.5994134857921177e-06
rate	1.4761307612936916e-06
rate	1.3583403484812242e-06
rate	1.3419015722267262e-06
rate	1.3227290435679085e-06
rate	1.3583403484812242e-06
rate	1.4569574653999808e-06
rate	1.6268081299404899e-06
rate	1.824066872809896e-06
rate	2.010386695539127e-06
rate	2.169320927238521e-06
rate	2.3200425063384494e-06
rate	2.4406417617911887e-06
rate	2.610561080901182e-06
rate	2.7229524110469357e-06
rate	2.8654844769566762e-06
rate	2.969663136643416e-06
rate	3.0765727701177363e-06
rate	3.1834870986887366e-06
rate	3.309588630321309e-06
rate	3.4631092284345533e-06
rate	3.6056844583276914e-06
rate	3.825009974819678e-06
rate	3.9950233334687765e-06
rate	4.250033315279619e-06
rate	4.485876919818207e-06
rate	4.7765931638846285e-06
rate	5.048146672175817e-06
rate	5.374591712327735e-06
rate	5.720274277557126e-06
rate	6.148319684682204e-06
rate	6.595636295819576e-06
rate	7.106166708067749e-06
rate	7.652491346753395e-06
rate	8.300524256222474e-06
rate	8.965207050223864e-06
rate	9.720729107098154e-06
rate	1.0578143682964672e-05
rate	1.1449617473675606e-05
rate	1.246160972253735e-05
rate	1.3479519375989439e-05
rate	1.4618900788411083e-05
rate	1.5791847499212846e-05
rate	1.7064505860592602e-05
rate	1.846730203754227e-05
rate	2.007488544465554e-05
rate	2.1799382820624317e-05
rate	2.367135780302832e-05
rate	2.5754696333466312e-05
rate	2.8022226472283056e-05
rate	3.062659154193189e-05
rate	3.3491215487978733e-05
rate	3.663360646879954e-05
rate	4.0054730099964514e-05
rate	4.382236165727946e-05
rate	4.795470067952292e-05
rate	5.226944241343142e-05
rate	5.687662884907076e-05
rate	6.195128050633222e-05
rate	6.780438842300439e-05
rate	7.481742427809184e-05
rate	8.288673307516254e-05
rate	9.188904408391493e-05
rate	0.0001020180349247395
rate	0.00011324095285332155
rate	0.00012571996879207425
rate	0.00013928590468680917
rate	0.00015399544436136702
rate	0.00017010818889196035
rate	0.00018774207988523278
rate	0.00020716140801108114
rate	0.0002283917593985428
rate	0.0002512301173098398
rate	0.00027609914667066045
rate	0.0003029532049848302
rate	0.00033226170981957186
rate	0.0003639492206547965
rate	0.00039786609464466675
rate	0.00043444654521941715
rate	0.00047340391555842536
rate	0.0005155396217587466
rate	0.0005605217538690518
rate	0.0006086421482535779
rate	0.0006595399488598433
rate	0.0007140656660852792
rate	0.0007706258423954231
rate	0.000832062104935729
rate	0.0008974120201578316
rate	0.0009657896056922432
rate	0.0010369198135703728
rate	0.0011098318784092992
rate	0.0011851832325530946
rate	0.001263776723260987
rate	0.0013447511195314086
rate	0.001427073444859025
rate	0.0015096132020522989
rate	0.0015916962323114469
rate	0.0016739223085505558
rate	0.0017570363403929359
rate	0.0018420239295821182
rate	0.0019298070055368012
rate	0.002020999238017398
rate	0.002115012336259645
rate	0.00017062364587709547
rate	1.6684124676561377e-05
rate	8.545318432441441e-06
rate	5.588426554987042e-06
rate	4.537788656777445e-06
rate	3.907072387892367e-06
rate	3.3724640841331977e-06
rate	3.0489999167420615e-06
rate	2.7941050271070342e-06
rate	2.6927058982958174e-06
rate	2.7447858219418834e-06
rate	2.931172473011932e-06
rate	3.2710802543512185e-06
rate	3.8002149250639263e-06
rate	4.526924477421285e-06
rate	5.399235022058411e-06
rate	6.3157595580384746e-06
rate	7.257341387890366e-06
rate	8.251478283393723e-06
rate	9.388909589613279e-06
rate	1.0507633965076876e-05
rate	1.1563611933497463e-05
rate	1.2441184087837022e-05
rate	1.3076868340775238e-05
rate	1.3522808628096478e-05
rate	1.3897247869637438e-05
rate	1.428271647316621e-05
rate	1.478662800485578e-05
rate	1.5362264831290594e-05
rate	1.5976543595087367e-05
rate	1.6646057861912567e-05
rate	1.7370848149423508e-05
rate	1.82170579436913e-05
rate	1.9146245053286178e-05
rate	2.0150195269206676e-05
rate	2.126488358160628e-05
rate	2.2471147551386462e-05
rate	2.3780104728231878e-05
rate	2.5133954236278046e-05
rate	2.6585374402955718e-05
rate	2.8184210491725314e-05
rate	3.00137632866921e-05
rate	3.212156016581933e-05
rate	3.4552668457722596e-05
rate	3.7263483644797583e-05
rate	4.019926774607286e-05
rate	4.3380178305491514e-05
rate	4.674297165284543e-05
rate	5.03272749615502e-05
rate	5.408918933754713e-05
rate	5.803786119667006e-05
rate	6.215721096045251e-05
rate	6.648720641219875e-05
rate	7.105119930496654e-05
rate	7.585041429042665e-05
rate	8.079884416341982e-05
rate	8.573938520647806e-05
rate	9.055603921619986e-05
rate	9.52481271602496e-05
rate	9.988031158068031e-05
rate	0.00010453758807701675
rate	0.0001092571074476189
rate	0.00011410198743876529
rate	0.00011902139217230479
rate	0.0001240042107292328
rate	0.00012917985981853022
rate	0.00013461841541456622
rate	0.0001404337719553081
rate	0.0001465734818540999
rate	0.00015299058666462523
rate	0.00015991927832486032
rate	0.00016760513851058238
rate	0.00017624746762624687
rate	0.00018594065618886887
rate	0.0001965640865189047
rate	0.00020803734088712089
rate	0.00022036547683976104
rate	0.00023350640309025694
rate	0.0002470833507402188
rate	0.0002610513556949902
rate	0.00027578572791960796
rate	0.00029168327630457166
rate	0.00030912334351385746
rate	0.00032707786305537684
rate	0.00034535079012456367
rate	0.00036558217873401103
rate	0.00038948977604015057
rate	0.00041888780004410535
rate	0.00045480785431259923
rate	0.0004966089003418156
rate	0.0005434792045088528
rate	0.0005945921490008186
rate	0.0006490243948511844
rate	0.0007079116905240393
rate	0.0007725552344301574
rate	0.0008420640825337548
rate	0.0009154930431384442
rate	0.0009918373605048297
rate	0.0010722856724276549
rate	0.001158291280547642
rate	0.0012488518000109096
rate	0.0013427931412300083
rate	0.0014388281069721083
rate	0.0015361599064982415
rate	0.0016362940842162197
rate	0.001741454132551305
rate	0.0018542924806581004
rate	0.001978082393994717
rate	0.0021151143171092243
rate	0.0022667891476876884
rate	0.00013591327461612667
rate	1.4014613793019837e-05
rate	7.186040027351598e-06
rate	5.2235170891395975e-06
rate	4.153925045251403e-06
rate	3.4903789533603734e-06
rate	2.925677540779442e-06
rate	2.4679791478293246e-06
rate	2.1336701579295416e-06
rate	1.9418779018594354e-06
rate	1.9090164720359043e-06
rate	2.046039026572737e-06
rate	2.3776528292531697e-06
rate	3.010858353980895e-06
rate	3.8993096531020415e-06
rate	4.922557060313996e-06
rate	5.929796096150985e-06
rate	6.80835869001554e-06
rate	7.511417819431765e-06
rate	8.154204796442246e-06
rate	8.736664548076784e-06
rate	9.286220156189488e-06
rate	9.811106445680756e-06
rate	1.0264605711632615e-05
rate	1.0641107532341025e-05
rate	1.0981906971576378e-05
rate	1.1377733613193264e-05
rate	1.182591761967432e-05
rate	1.236225721568351e-05
rate	1.2915246963771598e-05
rate	1.353165316299153e-05
rate	1.4230764393486128e-05
rate	1.5020923674619255e-05
rate	1.593243902611511e-05
rate	1.6943477469725877e-05
rate	1.804026043177817e-05
rate	1.920092095068389e-05
rate	2.0455814125725724e-05
rate	2.1738880986421175e-05
rate	2.3105381513085443e-05
rate	2.4572063662076744e-05
rate	2.6194373680508425e-05
rate	2.8047248177173525e-05
rate	3.0147817831818998e-05
rate	3.247998214650319e-05
rate	3.498618362037323e-05
rate	3.7622441064268164e-05
rate	4.03529841950384e-05
rate	4.316703542054236e-05
rate	4.603970318904901e-05
rate	4.905478877373566e-05
rate	5.223493866842725e-05
rate	5.5628171274398435e-05
rate	5.92939003102162e-05
rate	6.319674322079266e-05
rate	6.72143221674612e-05
rate	7.125167501698842e-05
rate	7.519361955328234e-05
rate	7.899458219333037e-05
rate	8.273863606040338e-05
rate	8.649058028832478e-05
rate	9.030704788163627e-05
rate	9.421390602069432e-05
rate	9.824845348803334e-05
rate	0.00010236873453313018
rate	0.00010663480824621451
rate	0.000111067271877055
rate	0.00011571544779307
rate	0.00012048899388339684
rate	0.00012539155766840622
rate	0.00013067643716356927
rate	0.000136472432438456
rate	0.0001430653934966562
rate	0.00015047849435853428
rate	0.00015863137375022595
rate	0.00016735601446202672
rate	0.0001765350752695781
rate	0.0001860381863400447
rate	0.0001955544537552918
rate	0.00020524328373057235
rate	0.00021545246215998716
rate	0.00022665394336754508
rate	0.0002392175681618614
rate	0.0002516329747939078
rate	0.0002636530889222069
rate	0.00027782115436730375
rate	0.0002967146430558953
rate	0.0003229610747237862
rate	0.00035791374938268813
rate	0.00040023041576398586
rate	0.0004487083992012448
rate	0.000502095383988817
rate	0.0005590482211250724
rate	0.0006209883930745539
rate	0.0006894720077697664
rate	0.0007631880409357926
rate	0.0008407058951537076
rate	0.0009203167692503843
rate	0.0010034817887568381
rate	0.001091992284182938
rate	0.0011840250350575406
rate	0.0012776406267944412
rate	0.0013704350215946583
rate	0.0014605748732672919
rate	0.0015493867171999063
rate	0.0016393989992142268
rate	0.0017335516839582618
rate	0.0018351274702530069
rate	0.0019453732183490808
rate	0.0020632432146648998
rate	9.527693678822416e-05
rate	7.299555831185837e-06
rate	4.499594935045012e-06
rate	3.36430175434963e-06
rate	2.810564061813708e-06
rate	2.5310149135936432e-06
rate	2.3227351123612334e-06
rate	2.1144835119656716e-06
rate	1.9610438498972523e-06
rate	1.873369386522487e-06
rate	1.8624069112735806e-06
rate	1.9117204717931838e-06
rate	2.0322677704271945e-06
rate	2.28983221350075e-06
rate	2.6679962251071707e-06
rate	3.062662903092114e-06
rate	3.495760067025969e-06
rate	3.835711851062864e-06
rate	4.175706027961891e-06
rate	4.444445865415953e-06
rate	4.713212789432661e-06
rate	4.949090601914334e-06
rate	5.086246462891906e-06
rate	5.1411191551099516e-06
rate	5.135644603696728e-06
rate	5.080800611752507e-06
rate	5.02595881791624e-06
rate	5.080834483197822e-06
rate	5.212513382719724e-06
rate	5.327748176780307e-06
rate	5.519798578219705e-06
rate	5.761243772983604e-06
rate	6.0850280173369045e-06
rate	6.485687054131915e-06
rate	6.897394008338243e-06
rate	7.45189610427547e-06
rate	8.023001249776715e-06
rate	8.720555610750868e-06
rate	9.495207637969123e-06
rate	1.0401987509924699e-05
rate	1.1419037359440045e-05
rate	1.2524482058104828e-05
rate	1.3767952555063707e-05
rate	1.5122106502997097e-05
rate	1.6598137088776582e-05
rate	1.8229292379736048e-05
rate	1.996624124817846e-05
rate	2.1925043984710653e-05
rate	2.4028874607250224e-05
rate	2.6211743843781506e-05
rate	2.8639803217618805e-05
rate	3.1286010200891155e-05
rate	3.418426885251108e-05
rate	3.742416625464521e-05
rate	4.090134666762887e-05
rate	4.465565013184745e-05
rate	4.864363427588832e-05
rate	5.286631421182281e-05
rate	5.7319170063103524e-05
rate	6.19921353488985e-05
rate	6.691438435923192e-05
rate	7.223339079701272e-05
rate	7.797962226626931e-05
rate	8.405417532232296e-05
rate	9.044793375629337e-05
rate	9.734465891065295e-05
rate	0.00010492446786595026
rate	0.00011343831514832442
rate	0.00012275757757182324
rate	0.00013281584154137656
rate	0.00014370211971487885
rate	0.00015581434634632748
rate	0.00016933760440256487
rate	0.00018433373171092252
rate	0.00020056789084273814
rate	0.00021830471882911253
rate	0.00023737033221880136
rate	0.0002580562408428965
rate	0.00028001125363415604
rate	0.0003029911156484898
rate	0.00032803046141285236
rate	0.00035552011555911947
rate	0.0003860347402389318
rate	0.0004205248527144675
rate	0.00045840150579786506
rate	0.0004992108561832466
rate	0.0005418270393454507
rate	0.0005859403319618108
rate	0.000631056026063394
rate	0.0006772609041143825
rate	0.000726457496870998
rate	0.0007765578030358279
rate	0.00083055786892097
rate	0.0008875125012311795
rate	0.0009492351716915415
rate	0.0010103797453602122
rate	0.001075391261622938
rate	0.0011421691363661082
rate	0.0012111570087602792
rate	0.0012828728483123464
rate	0.0013567516032618992
rate	0.0014322818147108967
rate	0.0015087934418043939
rate	0.0015861631593146837
rate	0.0016648709358626779
rate	0.0017450329981484596
rate	0.0018269446241374228
rate	0.001910844595433146
rate	0.0019973093441148066
rate	0.002088822743806858
rate	7.334889678432433e-05
rate	6.514174606817413e-06
rate	3.660470488713124e-06
rate	2.788671935032457e-06
rate	2.2131540248931204e-06
rate	1.9391375478783636e-06
rate	1.7089908310261288e-06
rate	1.4953064439799067e-06
rate	1.3857269902159049e-06
rate	1.2706800327677167e-06
rate	1.2597208485980512e-06
rate	1.2378093872736883e-06
rate	1.2706800327677167e-06
rate	1.3638146520516637e-06
rate	1.5227000463598812e-06
rate	1.7089908310261288e-06
rate	1.8788606886436561e-06
rate	2.0213438017213426e-06
rate	2.158353275094614e-06
rate	2.2570175373471418e-06
rate	2.415960579281728e-06
rate	2.5091541708223216e-06
rate	2.640708721137127e-06
rate	2.728428295889114e-06
rate	2.8271027729043554e-06
rate	2.9257812027373733e-06
rate	3.0463864514639698e-06
rate	3.194407525272458e-06
rate	3.325998531145208e-06
rate	3.5453016369019823e-06
rate	3.704325657649643e-06
rate	3.956565281928811e-06
rate	4.1868965457704054e-06
rate	4.472093353058631e-06
rate	4.735384230245517e-06
rate	5.053558465554177e-06
rate	5.393710735024981e-06
rate	5.81621441722903e-06
rate	6.260730958997077e-06
rate	6.76570625903954e-06
rate	7.303722247860835e-06
rate	7.946177426044287e-06
rate	8.599781060604067e-06
rate	9.341456817907873e-06
rate	1.0187752586179796e-05
rate	1.1034343574861259e-05
rate	1.2029669992410965e-05
rate	1.301988741753072e-05
rate	1.413704222966587e-05
rate	1.5276714058656426e-05
rate	1.65105331350488e-05
rate	1.7877182386761667e-05
rate	1.9454054207345203e-05
rate	2.1136725361709745e-05
rate	2.2964016660443874e-05
rate	2.4997016128182873e-05
rate	2.720853428350923e-05
rate	2.976499985000838e-05
rate	3.257876874022045e-05
rate	3.566176157709964e-05
rate	3.9014894383320296e-05
rate	4.271143295832262e-05
rate	4.6763946971821555e-05
rate	5.096777649151555e-05
rate	5.542431831258971e-05
rate	6.032505735022126e-05
rate	6.600868301985745e-05
rate	7.289014608825905e-05
rate	8.083771958285108e-05
rate	8.969694816602695e-05
rate	9.967524007247005e-05
rate	0.00011071670072437706
rate	0.00012300000359963736
rate	0.00013631230418925612
rate	0.00015071483824310094
rate	0.00016649194163760475
rate	0.0001837780743728878
rate	0.00020286607117735677
rate	0.00022377531529243637
rate	0.0002462545340286232
rate	0.000270757615330619
rate	0.00029721043264080416
rate	0.0003261170019297289
rate	0.00035737915688258473
rate	0.0003908172212205115
rate	0.00042694564531419637
rate	0.00046544601874250814
rate	0.000507243527406197
rate	0.0005519683381315223
rate	0.0005999638134239598
rate	0.0006508176861107582
rate	0.00070551231534987
rate	0.0007622270812405053
rate	0.0008242262402963963
rate	0.0008904114358182448
rate	0.0009597832037805493
rate	0.001032024286676067
rate	0.001106051837580564
rate	0.0011826163134482474
rate	0.0012626594356556226
rate	0.0013451984004770009
rate	0.0014290808243544169
rate	0.0015130260796365732
rate	0.0015962835804897255
rate	0.0016795754365096555
rate	0.001763764856764965
rate	0.001850014250589893
rate	0.0019394175743115659
rate	0.0020326973521528676
rate	0.0021292374515246475
rate	0.000161415604761004
rate	1.538548457780192e-05
rate	8.072772972861875e-06
rate	5.333238620195161e-06
rate	4.340307926242404e-06
rate	3.7370621177169667e-06
rate	3.2161964050015706e-06
rate	2.909199666260129e-06
rate	2.657058993334291e-06
rate	2.552923841587482e-06
rate	2.5967775866950025e-06
rate	2.7667057053906427e-06
rate	3.084658452636962e-06
rate	3.5835900161124073e-06
rate	4.269092072786267e-06
rate	5.0974104090706574e-06
rate	5.964415167552591e-06
rate	6.848196613327813e-06
rate	7.776235538883504e-06
rate	8.836488383586093e-06
rate	9.87521492636778e-06
rate	1.0853889045603198e-05
rate	1.1667907661834092e-05
rate	1.2256591512104413e-05
rate	1.2663831156854073e-05
rate	1.3005089203681071e-05
rate	1.336287397463162e-05
rate	1.3836295263518148e-05
rate	1.4375889158831377e-05
rate	1.495960949007283e-05
rate	1.5598529147788787e-05
rate	1.6292686771648596e-05
rate	1.7113718333400673e-05
rate	1.8017676590285314e-05
rate	1.8999111207871273e-05
rate	2.009121930737174e-05
rate	2.1272078829252996e-05
rate	2.2558329150834433e-05
rate	2.3883892914969802e-05
rate	2.5293104107852395e-05
rate	2.684684070365125e-05
rate	2.8628348536553288e-05
rate	3.068788760122319e-05
rate	3.3064928686533796e-05
rate	3.5721419756530504e-05
rate	3.860263791960345e-05
rate	4.173150313126977e-05
rate	4.5047598995102865e-05
rate	4.859613106938151e-05
rate	5.233886465065755e-05
rate	5.6282203375646755e-05
rate	6.041575346868894e-05
rate	6.478517223041335e-05
rate	6.942518859181661e-05
rate	7.433721745087346e-05
rate	7.942702266090876e-05
rate	8.451508979718819e-05
rate	8.947698976455262e-05
rate	9.431201190360159e-05
rate	9.908192569382155e-05
rate	0.00010387167249912115
rate	0.00010871552304451421
rate	0.00011366513043518704
rate	0.00011865813968096512
rate	0.00012367755631447418
rate	0.00012886694450673467
rate	0.00013430200060041893
rate	0.00014011668418735328
rate	0.00014623834326669968
rate	0.00015258803600698098
rate	0.00015939952772636132
rate	0.0001669149566980163
rate	0.00017532708256700263
rate	0.00018472058590330624
rate	0.000194959012535458
rate	0.0002059812324851075
rate	0.00021780285714438738
rate	0.00023039850355715072
rate	0.00024336069724194558
rate	0.0002566703625716255
rate	0.0002707895555624421
rate	0.00028621904307183716
rate	0.00030342319308943397
rate	0.0003212498246989309
rate	0.00033943970116785736
rate	0.00035980377990617915
rate	0.0003842491341542412
rate	0.0004147821549173287
rate	0.00045252181948788125
rate	0.0004966778262210988
rate	0.0005462715939351427
rate	0.0006002903527070422
rate	0.0006576212384936775
rate	0.0007194954907282225
rate	0.0007873180266148251
rate	0.0008599963915856912
rate	0.0009363579318734414
rate	0.0010151620144676324
rate	0.0010976519189022226
rate	0.001185362963281332
rate	0.0012769930524295506
rate	0.0013710474241284782
rate	0.0014658360162497794
rate	0.0015602113053477496
rate	0.0016555906857871215
rate	0.0017541455614920167
rate	0.0018584459071707639
rate	0.001971601166616843
rate	0.002095440738214085
rate	0.0022304219924766766
rate	0.00012869112710028142
rate	1.2890916817698834e-05
rate	6.754932063082888e-06
rate	4.998547625172403e-06
rate	3.929043467033082e-06
rate	3.3039422168427237e-06
rate	2.7721767617645787e-06
rate	2.339171995343914e-06
rate	2.015840649741169e-06
rate	1.8240566482993202e-06
rate	1.7747550429418192e-06
rate	1.8843659782511937e-06
rate	2.169363704487987e-06
rate	2.7284912087855545e-06
rate	3.5126133106772306e-06
rate	4.423189444866051e-06
rate	5.323150512895629e-06
rate	6.11910034333059e-06
rate	6.761520675148117e-06
rate	7.3546472239755945e-06
rate	7.898438337255691e-06
rate	8.420319849633969e-06
rate	8.925781653408391e-06
rate	9.36537558300586e-06
rate	9.744505772087562e-06
rate	1.0090698413478404e-05
rate	1.0491901756068452e-05
rate	1.0937187380578278e-05
rate	1.1459583547903267e-05
rate	1.1993109594671837e-05
rate	1.2587266681800036e-05
rate	1.3264088883488801e-05
rate	1.4029157279485706e-05
rate	1.4921037133193073e-05
rate	1.59068710274116e-05
rate	1.6986677376645697e-05
rate	1.8127560990287486e-05
rate	1.936814800470097e-05
rate	2.063688416519506e-05
rate	2.1989006448201235e-05
rate	2.3435720344137192e-05
rate	2.50324369595542e-05
rate	2.6856816210722845e-05
rate	2.892042166818538e-05
rate	3.1212681042246624e-05
rate	3.366771143014966e-05
rate	3.624707357133508e-05
rate	3.891777457105586e-05
rate	4.166345237106065e-05
rate	4.44675670794027e-05
rate	4.741386500489194e-05
rate	5.053615756122102e-05
rate	5.388526470390432e-05
rate	5.7529020875935066e-05
rate	6.143496089286126e-05
rate	6.547526701153024e-05
rate	6.954948968061943e-05
rate	7.353411459480571e-05
rate	7.738926332680272e-05
rate	8.119899791415058e-05
rate	8.502529043230648e-05
rate	8.8924778413893e-05
rate	9.29148383984466e-05
rate	9.7029918350367e-05
rate	0.00010121384558072937
rate	0.00010553514244537289
rate	0.00011001722516083061
rate	0.00011471224113955474
rate	0.00011951268699385241
rate	0.00012440201862121722
rate	0.00012964472163025823
rate	0.00013537511907158275
rate	0.00014189030506666853
rate	0.000149207490277588
rate	0.00015724611712310233
rate	0.00016583800121864708
rate	0.00017487731715857502
rate	0.00018423952001403422
rate	0.0001935814422724366
rate	0.00020306791179192438
rate	0.00021307875116142257
rate	0.00022411825746036353
rate	0.00023658622239665903
rate	0.0002487244518802229
rate	0.0002602350564164089
rate	0.0002739954150781375
rate	0.0002929298387535699
rate	0.0003200189300078933
rate	0.00035677704923777305
rate	0.0004016454106777812
rate	0.0004532187307596707
rate	0.0005100377108159877
rate	0.0005705325945406483
rate	0.0006362953740198321
rate	0.0007090596078002168
rate	0.0007872929506697668
rate	0.0008693130524922089
rate	0.0009531098234341197
rate	0.0010403053093616353
rate	0.0011328773183196675
rate	0.001228680417843049
rate	0.001325416832714898
rate	0.001420240625998146
rate	0.0015109550608191755
rate	0.0015989581055965807
rate	0.0016870007764418432
rate	0.0017782588926748325
rate	0.0018762978841223698
rate	0.001982280005707323
rate	0.002094724703794817
rate	9.030896916534161e-05
rate	6.541262085714693e-06
rate	4.153927441705432e-06
rate	3.1339814005439733e-06
rate	2.6378696327742806e-06
rate	2.3747863442090928e-06
rate	2.1884468042356167e-06
rate	1.9884276627099585e-06
rate	1.8432167002921194e-06
rate	1.7582864345787802e-06
rate	1.752805196954327e-06
rate	1.8048571961698018e-06
rate	1.93362129151707e-06
rate	2.185694951936922e-06
rate	2.566585714421012e-06
rate	2.9557546893933066e-06
rate	3.3915769212869437e-06
rate	3.726031103376441e-06
rate	4.060526246567106e-06
rate	4.31828267977254e-06
rate	4.57606377856309e-06
rate	4.803698811918933e-06
rate	4.9271281024969435e-06
rate	4.9682776320469355e-06
rate	4.9518271728993555e-06
rate	4.883266450814663e-06
rate	4.814708064041186e-06
rate	4.855858255943046e-06
rate	4.976548516340207e-06
rate	5.075305463695855e-06
rate	5.253613474283992e-06
rate	5.484054178889243e-06
rate	5.796823058571438e-06
rate	6.189201594338692e-06
rate	6.587131035495766e-06
rate	7.138823077069269e-06
rate	7.698871674153457e-06
rate	8.390846305649285e-06
rate	9.162655640606303e-06
rate	1.0069325312494502e-05
rate	1.1086251517474976e-05
rate	1.2188809353801612e-05
rate	1.3429373617751591e-05
rate	1.4780604932139543e-05
rate	1.624818152698518e-05
rate	1.787636991475263e-05
rate	1.959929439132327e-05
rate	2.1557834395122342e-05
rate	2.365861840416459e-05
rate	2.582735982277048e-05
rate	2.824400198046776e-05
rate	3.088151082057152e-05
rate	3.377101665072368e-05
rate	3.7013202550942496e-05
rate	4.04870788820902e-05
rate	4.424081362967035e-05
rate	4.822540332702138e-05
rate	5.244184979555247e-05
rate	5.688841761812744e-05
rate	6.154663050953955e-05
rate	6.64456102276071e-05
rate	7.174400658863672e-05
rate	7.74722891085971e-05
rate	8.351179712708294e-05
rate	8.98447860019438e-05
rate	9.666328334362555e-05
rate	0.0001041585712649631
rate	0.00011260142248895367
rate	0.00012183176042967586
rate	0.0001317627653777532
rate	0.00014247128528262123
rate	0.00015439202268258527
rate	0.00016771243336792928
rate	0.00018248795953646786
rate	0.00019845074563218414
rate	0.00021589069252743773
rate	0.0002346150883095291
rate	0.0002549469686297818
rate	0.00027648583996850635
rate	0.00029893938070592107
rate	0.0003234490469938358
rate	0.0003504385266475251
rate	0.00038052910595632065
rate	0.00041477122715786747
rate	0.00045251475893320886
rate	0.0004932617558582326
rate	0.0005357670881000011
rate	0.0005796919102412849
rate	0.0006245072603101936
rate	0.0006703222889578132
rate	0.0007192942059052836
rate	0.0007690875082860429
rate	0.0008230920868347355
rate	0.0008802655836403861
rate	0.0009426709887570291
rate	0.001004308714932006
rate	0.0010702162337476724
rate	0.0011380494792060977
rate	0.0012083445042167405
rate	0.0012817078036661757
rate	0.0013575463355433397
rate	0.0014353252069955766
rate	0.0015143226383047576
rate	0.0015944580370450571
rate	0.0016763032739499123
rate	0.0017600536843656823
rate	0.001846090929440177
rate	0.0019347416536471206
rate	0.0020267014622693067
rate	0.00212298429059714
rate	6.92983132153595e-05
rate	5.846804351482289e-06
rate	3.364290916776926e-06
rate	2.5858194304106317e-06
rate	2.0514615566760844e-06
rate	1.8048680562047042e-06
rate	1.5939147892423618e-06
rate	1.3911994021676957e-06
rate	1.2953232191381182e-06
rate	1.1830197170542093e-06
rate	1.1775401249693765e-06
rate	1.152889730979468e-06
rate	1.1830197170542093e-06
rate	1.270671838703347e-06
rate	1.4185919627792728e-06
rate	1.5939147892423618e-06
rate	1.747334681748185e-06
rate	1.8733666762041645e-06
rate	1.9966640438507794e-06
rate	2.0733933129030953e-06
rate	2.2213600776622747e-06
rate	2.2953559305977076e-06
rate	2.415932965317578e-06
rate	2.4871934551348114e-06
rate	2.5776327756909744e-06
rate	2.66807530678601e-06
rate	2.7831842726066306e-06
rate	2.925705822110363e-06
rate	3.0463126039627246e-06
rate	3.2655932989842863e-06
rate	3.41362798183051e-06
rate	3.6630972485780037e-06
rate	3.8879161717226055e-06
rate	4.1675935422326336e-06
rate	4.422621788315217e-06
rate	4.732525218780619e-06
rate	5.067147192492836e-06
rate	5.484109149775856e-06
rate	5.92582562217458e-06
rate	6.4252458100113315e-06
rate	6.954953148968276e-06
rate	7.5918305958661005e-06
rate	8.23435507098427e-06
rate	8.962184528717595e-06
rate	9.79736148939492e-06
rate	1.0619069676046912e-05
rate	1.159773026228458e-05
rate	1.2560255459072002e-05
rate	1.3655183670920658e-05
rate	1.4761580618100008e-05
rate	1.5956560409505e-05
rate	1.7287062735981065e-05
rate	1.883322297003487e-05
rate	2.047406790279517e-05
rate	2.225667551785943e-05
rate	2.4239335922899434e-05
rate	2.6394842094735402e-05
rate	2.890340815808487e-05
rate	3.166632199246217e-05
rate	3.468991668539974e-05
rate	3.797505866667609e-05
rate	4.1600504259365785e-05
rate	4.5573193264120194e-05
rate	4.9666110569599675e-05
rate	5.3972007776108666e-05
rate	5.86988341941103e-05
rate	6.421297761671053e-05
rate	7.096286789842627e-05
rate	7.878870609053963e-05
rate	8.750485224813897e-05
rate	9.73324452202006e-05
rate	0.00010819244859543257
rate	0.00012028003840720046
rate	0.00013333870369170304
rate	0.00014743423212483484
rate	0.00016287569438324918
rate	0.00017981406886054282
rate	0.00019857073434363242
rate	0.00021915887118632998
rate	0.00024127895074740652
rate	0.0002654160839905775
rate	0.0002914676602967782
rate	0.000319972294039886
rate	0.000350809093110373
rate	0.0003837683477963562
rate	0.0004194447454089756
rate	0.00045748812192659093
rate	0.0004989474330536475
rate	0.0005434149223939926
rate	0.0005912854785943419
rate	0.000642095423361673
rate	0.0006969589646144606
rate	0.0007538283200855874
rate	0.0008163903756570637
rate	0.0008834108514786581
rate	0.0009537768018688552
rate	0.0010271287597817611
rate	0.0011022717967518287
rate	0.0011800493943434005
rate	0.0012615421480502583
rate	0.0013456456814225934
rate	0.0014310882038498086
rate	0.0015164389572208472
rate	0.0016008709286680044
rate	0.001685228564468755
rate	0.0017704933731369945
rate	0.0018580045715976682
rate	0.0019490281430863305
rate	0.002044395466288337
rate	0.00214346256678965
rate	0.0001522075636449125
rate	1.4086844479042459e-05
rate	7.600227513282311e-06
rate	5.078050685403282e-06
rate	4.142827195707363e-06
rate	3.567051847541567e-06
rate	3.0599287258699435e-06
rate	2.7693994157781973e-06
rate	2.5200129595615487e-06
rate	2.4131417848791463e-06
rate	2.4487693514481224e-06
rate	2.6022389377693536e-06
rate	2.898236650922705e-06
rate	3.366965107160888e-06
rate	4.0112596681512494e-06
rate	4.795585796082905e-06
rate	5.613070777066707e-06
rate	6.43905183876526e-06
rate	7.3009927943732865e-06
rate	8.28406717755891e-06
rate	9.24279588765868e-06
rate	1.0144166157708933e-05
rate	1.0894631235831161e-05
rate	1.1436314683433588e-05
rate	1.1804853685611667e-05
rate	1.2112930537724707e-05
rate	1.2443031476097032e-05
rate	1.2885962522180516e-05
rate	1.3389513486372161e-05
rate	1.3942675385058294e-05
rate	1.4551000433665011e-05
rate	1.5214525393873683e-05
rate	1.6010378723110047e-05
rate	1.6889108127284453e-05
rate	1.7848027146535866e-05
rate	1.89175550331372e-05
rate	2.007301010711953e-05
rate	2.133655357343699e-05
rate	2.263383159366156e-05
rate	2.400083381274907e-05
rate	2.5509470915577186e-05
rate	2.7242933786414482e-05
rate	2.9254215036627063e-05
rate	3.1577188915345e-05
rate	3.417935586826343e-05
rate	3.7006008093134044e-05
rate	4.008282795704803e-05
rate	4.33522263373603e-05
rate	4.686498717721283e-05
rate	5.0588539963767964e-05
rate	5.4526545554623456e-05
rate	5.8674295976925376e-05
rate	6.308313804862794e-05
rate	6.779917787866666e-05
rate	7.282402061132027e-05
rate	7.805520115839772e-05
rate	8.329079438789833e-05
rate	8.83979403129054e-05
rate	9.337589664695359e-05
rate	9.828353980696278e-05
rate	0.00010320575692122557
rate	0.00010817393864140953
rate	0.00011322827343160878
rate	0.00011829488718962545
rate	0.00012335090189971557
rate	0.0001285540291949391
rate	0.00013398558578627163
rate	0.00013979959641939845
rate	0.00014590320467929946
rate	0.00015218548534933672
rate	0.0001588797771278623
rate	0.0001662247748854502
rate	0.00017440669750775836
rate	0.0001835005156177436
rate	0.00019335393855201129
rate	0.0002039251240830941
rate	0.0002152402374490137
rate	0.00022729060402404446
rate	0.0002396380437436723
rate	0.0002522893694482608
rate	0.0002657933832052762
rate	0.0002807548098391026
rate	0.0002977230426650105
rate	0.000315421786342485
rate	0.00033352861221115106
rate	0.0003540253810783472
rate	0.00037900849226833185
rate	0.000410676509790552
rate	0.0004502357846631632
rate	0.0004967467521003819
rate	0.0005490639833614325
rate	0.000605988556413266
rate	0.0006662180821361706
rate	0.0007310792909324056
rate	0.0008020808187994928
rate	0.0008779287006376276
rate	0.0009572228206084388
rate	0.001038486668430435
rate	0.0011230181653767905
rate	0.001212434646015022
rate	0.0013051343048481915
rate	0.0013993017070269482
rate	0.0014928439255274505
rate	0.0015842627041972575
rate	0.0016748872873580231
rate	0.0017668369904327284
rate	0.0018625993336834274
rate	0.001965119939238969
rate	0.0020757671593189457
rate	0.0021940548372656643
rate	0.00012146897958443616
rate	1.1767219842377832e-05
rate	6.323824098814179e-06
rate	4.773578161205209e-06
rate	3.7041618888147613e-06
rate	3.117505480325074e-06
rate	2.618675982749716e-06
rate	2.2103648428585037e-06
rate	1.8980111415527965e-06
rate	1.7062353947392052e-06
rate	1.640493613847734e-06
rate	1.722692929929651e-06
rate	1.9610745797228054e-06
rate	2.4461240635902137e-06
rate	3.12591696825242e-06
rate	3.923821829418108e-06
rate	4.716504929640274e-06
rate	5.429841996645641e-06
rate	6.011623530864471e-06
rate	6.555089651508946e-06
rate	7.060212126434599e-06
rate	7.5544195430784525e-06
rate	8.040456861136029e-06
rate	8.466145454379107e-06
rate	8.847904011834099e-06
rate	9.199489855380429e-06
rate	9.606069898943644e-06
rate	1.0048457141482239e-05
rate	1.0556909880123025e-05
rate	1.1070972225572075e-05
rate	1.1642880200608542e-05
rate	1.2297413373491474e-05
rate	1.3037390884352156e-05
rate	1.3909635240271037e-05
rate	1.487026458509733e-05
rate	1.593309432151323e-05
rate	1.705420102989108e-05
rate	1.828048188367622e-05
rate	1.9534887343968942e-05
rate	2.0872631383317034e-05
rate	2.229937702619764e-05
rate	2.3870500238599974e-05
rate	2.5666384244272164e-05
rate	2.769302550455176e-05
rate	2.9945379937990065e-05
rate	3.234923923992609e-05
rate	3.4871706078402e-05
rate	3.748256494707334e-05
rate	4.015986932157894e-05
rate	4.289543096975639e-05
rate	4.5772941236048223e-05
rate	4.883737645401479e-05
rate	5.2142358133410206e-05
rate	5.576414144165393e-05
rate	5.967317856492987e-05
rate	6.373621185559928e-05
rate	6.784730434425043e-05
rate	7.187460963632907e-05
rate	7.57839444602751e-05
rate	7.965935976789778e-05
rate	8.356000057628817e-05
rate	8.754250894614975e-05
rate	9.161577077619891e-05
rate	9.581138321270069e-05
rate	0.00010005895662832856
rate	0.00010443547664453127
rate	0.00010896717844460623
rate	0.00011370903448603949
rate	0.00011853638010430798
rate	0.00012341247957402818
rate	0.00012861300609694722
rate	0.00013427780570470952
rate	0.00014071521663668084
rate	0.00014793648619664175
rate	0.00015586086049597874
rate	0.00016431998797526747
rate	0.00017321955904757192
rate	0.0001824408536880237
rate	0.0001916084307895814
rate	0.00020089253985327644
rate	0.00021070504016285798
rate	0.000221582571553182
rate	0.0002339548766314567
rate	0.0002458159289665379
rate	0.00025681702391061085
rate	0.00027016967578897134
rate	0.00028914503445124447
rate	0.0003170767852920005
rate	0.000355640349092858
rate	0.00040306040559157644
rate	0.0004577290623180965
rate	0.0005179800376431584
rate	0.000582016967956224
rate	0.0006516023549651104
rate	0.0007286472078306673
rate	0.000811397860403741
rate	0.00089792020983071
rate	0.000985902877617855
rate	0.0010771288299664323
rate	0.0011737623524563973
rate	0.0012733358006285574
rate	0.0013731930386353547
rate	0.0014700462304016336
rate	0.001561335248371059
rate	0.0016485294939932553
rate	0.0017346025536694597
rate	0.0018229661013914032
rate	0.0019174682979917325
rate	0.0020191867930655647
rate	0.002126206192924735
rate	8.534100154245904e-05
rate	5.782968340243549e-06
rate	3.8082599483658513e-06
rate	2.903661046738317e-06
rate	2.4651752037348532e-06
rate	2.2185577748245423e-06
rate	2.05415849611e-06
rate	1.8623718134542452e-06
rate	1.7253895506869863e-06
rate	1.6432034826350735e-06
rate	1.6432034826350735e-06
rate	1.6979939205464195e-06
rate	1.8349748126069448e-06
rate	2.0815576903730936e-06
rate	2.4651752037348532e-06
rate	2.848846475694499e-06
rate	3.287393775547918e-06
rate	3.6163503556900195e-06
rate	3.9453464651723225e-06
rate	4.192119494129127e-06
rate	4.43891476769352e-06
rate	4.658307021923533e-06
rate	4.768009742101982e-06
rate	4.79543610898392e-06
rate	4.768009742101982e-06
rate	4.6857322898768184e-06
rate	4.603457310166134e-06
rate	4.63088202868827e-06
rate	4.7405836499606915e-06
rate	4.822862750611402e-06
rate	4.987428370348279e-06
rate	5.206864584794883e-06
rate	5.508618099805971e-06
rate	5.89271613454547e-06
rate	6.276868062653287e-06
rate	6.825750049863069e-06
rate	7.374742098530202e-06
rate	8.0611370005477e-06
rate	8.830103643243483e-06
rate	9.736663115064305e-06
rate	1.0753465675509906e-05
rate	1.1853136649498398e-05
rate	1.3090794680439477e-05
rate	1.4439103361281988e-05
rate	1.589822596519378e-05
rate	1.752344744976921e-05
rate	1.923234753446808e-05
rate	2.119062480553403e-05
rate	2.3288362201078955e-05
rate	2.5442975801759455e-05
rate	2.7848200743316716e-05
rate	3.0477011440251893e-05
rate	3.335776444893628e-05
rate	3.6602238847239776e-05
rate	4.007281109655153e-05
rate	4.382597712749324e-05
rate	4.7807172378154446e-05
rate	5.201738537928213e-05
rate	5.645766517315136e-05
rate	6.110112567018061e-05
rate	6.597683609598228e-05
rate	7.125462238026074e-05
rate	7.696495595092487e-05
rate	8.296941893184291e-05
rate	8.924163824759426e-05
rate	9.598190777659816e-05
rate	0.00010339267466397593
rate	0.00011176452982958293
rate	0.00012090594328752849
rate	0.00013070968921412982
rate	0.00014124045085036358
rate	0.00015296969901884309
rate	0.0001660872623332937
rate	0.0001806421873620132
rate	0.00019633360042163017
rate	0.00021347666622576297
rate	0.0002318598444002568
rate	0.000251837696416667
rate	0.0002729604263028566
rate	0.0002948876457633523
rate	0.0003188676325748192
rate	0.00034535693773593074
rate	0.00037502347167370947
rate	0.00040901760160126746
rate	0.00044662801206855267
rate	0.00048731265553321864
rate	0.0005297071368545515
rate	0.0005734434885207591
rate	0.0006179584945569932
rate	0.0006633836738012439
rate	0.000712130914939569
rate	0.0007616172135362579
rate	0.000815626304748501
rate	0.0008730186660495927
rate	0.0009361068058225168
rate	0.0009982376845037995
rate	0.0010650412058724067
rate	0.0011339298220460871
rate	0.0012055319996732018
rate	0.001280542759020005
rate	0.0013583410678247802
rate	0.0014383685992802565
rate	0.0015198518348051213
rate	0.0016027529147754304
rate	0.001687735612037147
rate	0.001775074370582905
rate	0.0018652372347429313
rate	0.001958638711861095
rate	0.0020560935804238064
rate	0.0021571458373874225
rate	6.524772964639468e-05
rate	5.179434096147167e-06
rate	3.068111344840728e-06
rate	2.3829669257888063e-06
rate	1.8897690884590486e-06
rate	1.6705985645310452e-06
rate	1.4788387474585948e-06
rate	1.2870923603554849e-06
rate	1.2049194480603315e-06
rate	1.0953594013407018e-06
rate	1.0953594013407018e-06
rate	1.067970074685248e-06
rate	1.0953594013407018e-06
rate	1.1775290253550301e-06
rate	1.3144838791986643e-06
rate	1.4788387474585948e-06
rate	1.615808674852714e-06
rate	1.7253895506869863e-06
rate	1.8349748126069448e-06
rate	1.8897690884590486e-06
rate	2.026759576042821e-06
rate	2.0815576903730936e-06
rate	2.191157209498029e-06
rate	2.245958614380509e-06
rate	2.328162778477594e-06
rate	2.410369410834647e-06
rate	2.5199820937492914e-06
rate	2.657004118948268e-06
rate	2.7666266767802415e-06
rate	2.9858849610665904e-06
rate	3.1229303060113767e-06
rate	3.3696292152271964e-06
rate	3.5889357976748043e-06
rate	3.863093731406636e-06
rate	4.109859346384918e-06
rate	4.411491972007061e-06
rate	4.7405836499606915e-06
rate	5.1520038823226826e-06
rate	5.5909202853520836e-06
rate	6.084785360983123e-06
rate	6.606184050075717e-06
rate	7.2374837656879145e-06
rate	7.868929081364473e-06
rate	8.582912239527316e-06
rate	9.406970392610045e-06
rate	1.0203795777232564e-05
rate	1.1165790532158197e-05
rate	1.2100623500613284e-05
rate	1.3173325112175446e-05
rate	1.4246447177543588e-05
rate	1.5402587683961197e-05
rate	1.6696943085200463e-05
rate	1.821239173272453e-05
rate	1.9811410443880598e-05
rate	2.1549334375274983e-05
rate	2.3481655717615996e-05
rate	2.5581149905961577e-05
rate	2.804181646616136e-05
rate	3.075387524470389e-05
rate	3.371807179369984e-05
rate	3.693522295003188e-05
rate	4.048957556040895e-05
rate	4.4382439556418834e-05
rate	4.83644446476838e-05
rate	5.2519697239627616e-05
rate	5.707261103799934e-05
rate	6.241727221356359e-05
rate	6.903558970859347e-05
rate	7.673969259822817e-05
rate	8.531275633025099e-05
rate	9.498965036793115e-05
rate	0.00010566819646648806
rate	0.00011756007321476356
rate	0.00013036510319415
rate	0.00014415362600656874
rate	0.0001592594471288936
rate	0.00017585006334819783
rate	0.00019427539750990804
rate	0.00021454242708022356
rate	0.00023630336746618987
rate	0.00026007455265053607
rate	0.0002857248879527522
rate	0.0003138275861500431
rate	0.0003442390293381612
rate	0.00037671947437220094
rate	0.0004119438455037548
rate	0.00044953022511067377
rate	0.000490651338701098
rate	0.0005348615066564629
rate	0.0005826071437647239
rate	0.0006333731606125878
rate	0.0006884056138790512
rate	0.0007454295589306695
rate	0.000808554511017731
rate	0.0008764102671390715
rate	0.0009477703999571613
rate	0.0010222332328874552
rate	0.0010984917559230935
rate	0.0011774824752385532
rate	0.001260424860444894
rate	0.0013460929623681857
rate	0.0014330955833452004
rate	0.0015198518348051213
rate	0.0016054582768462832
rate	0.0016908816924278546
rate	0.001777221889509024
rate	0.001865994892605443
rate	0.001958638711861095
rate	0.0020560935804238064
rate	0.0021576876820546525
rate	0.00014299952252882104
rate	1.2788204380283e-05
rate	7.1276820537027455e-06
rate	4.822862750611402e-06
rate	3.9453464651723225e-06
rate	3.3970415773661675e-06
rate	2.903661046738317e-06
rate	2.629599165296265e-06
rate	2.3829669257888063e-06
rate	2.2733597281708107e-06
rate	2.3007611162012415e-06
rate	2.437772170148064e-06
rate	2.7118148492084485e-06
rate	3.150340198209369e-06
rate	3.7534272635162317e-06
rate	4.493761183095153e-06
rate	5.261726386580824e-06
rate	6.029907064202708e-06
rate	6.825750049863069e-06
rate	7.731645971531726e-06
rate	8.610376848949584e-06
rate	9.43444326981467e-06
rate	1.0121354809828231e-05
rate	1.0616037854762764e-05
rate	1.0945876214369262e-05
rate	1.1220771871768342e-05
rate	1.1523188977562443e-05
rate	1.1935629780842883e-05
rate	1.2403137813912945e-05
rate	1.2925741280043759e-05
rate	1.3503471719541232e-05
rate	1.413636401609877e-05
rate	1.4907039112819423e-05
rate	1.5760539664283593e-05
rate	1.6696943085200463e-05
rate	1.774389075890266e-05
rate	1.8873941384986068e-05
rate	2.0114777996039547e-05
rate	2.138377027235332e-05
rate	2.2708563517645748e-05
rate	2.4172101127503122e-05
rate	2.5857519036275673e-05
rate	2.7820542472030927e-05
rate	3.008944914415621e-05
rate	3.263729197999636e-05
rate	3.540937826666464e-05
rate	3.8434152782826285e-05
rate	4.1656853679617735e-05
rate	4.5133843285044146e-05
rate	4.8838215276878384e-05
rate	5.2770887733600156e-05
rate	5.693283848516181e-05
rate	6.138110386684255e-05
rate	6.617316716551673e-05
rate	7.131082377176707e-05
rate	7.668337965588666e-05
rate	8.206649897860846e-05
rate	8.731889086125816e-05
rate	9.243978139030558e-05
rate	9.748515392010403e-05
rate	0.00010253984134332997
rate	0.00010763235423830484
rate	0.00011279141642803054
rate	0.00011793163469828578
rate	0.00012302424748495696
rate	0.00012824111388314352
rate	0.00013366917097212434
rate	0.00013948250865144363
rate	0.00014556806609189926
rate	0.0001517829346916925
rate	0.00015836002652936328
rate	0.00016553459307288413
rate	0.0001734863124485141
rate	0.00018228044533218096
rate	0.0001917488645685646
rate	0.0002018690156810807
rate	0.00021267761775364003
rate	0.00022418270449093823
rate	0.00023591539024539905
rate	0.00024790837632489613
rate	0.00026079721084811035
rate	0.0002752905766063681
rate	0.00029202289224058693
rate	0.00030959374798603914
rate	0.00032761752325444476
rate	0.0003482469822505153
rate	0.00037376785038242247
rate	0.00040657086466377535
rate	0.00044794974983844525
rate	0.0004968156779796651
rate	0.0005518563727877222
rate	0.0006116867601194896
rate	0.0006748149257786636
rate	0.0007426630911365888
rate	0.0008168436109841604
rate	0.000895861009689564
rate	0.000978087709343436
rate	0.0010618113223932377
rate	0.0011483844118513583
rate	0.0012395063287487119
rate	0.0013332755572668324
rate	0.0014275559899254182
rate	0.0015198518348051213
rate	0.0016083141030467656
rate	0.001694183888928925
rate	0.0017795284193734403
rate	0.001866752760196091
rate	0.001958638711861095
rate	0.0020560935804238064
rate	0.0021576876820546525
rate	0.00011424683206859091
rate	1.064352286705683e-05
rate	5.89271613454547e-06
rate	4.548608697238016e-06
rate	3.47928031059644e-06
rate	2.931068743807425e-06
rate	2.4651752037348532e-06
rate	2.0815576903730936e-06
rate	1.7801816333644242e-06
rate	1.58841414117909e-06
rate	1.5062321847536492e-06
rate	1.561019881608108e-06
rate	1.752785454957623e-06
rate	2.1637569183948734e-06
rate	2.7392206258276093e-06
rate	3.4244542139701642e-06
rate	4.109859346384918e-06
rate	4.7405836499606915e-06
rate	5.261726386580824e-06
rate	5.755532079042296e-06
rate	6.2219859156135065e-06
rate	6.688519236522935e-06
rate	7.1551320688636655e-06
rate	7.566915325752353e-06
rate	7.951302251580635e-06
rate	8.308281297282455e-06
rate	8.720238041818835e-06
rate	9.159726902386197e-06
rate	9.654236212342783e-06
rate	1.0148834856472313e-05
rate	1.0698493719417048e-05
rate	1.1330737863494148e-05
rate	1.2045624489218608e-05
rate	1.2898233347349e-05
rate	1.3833658142783058e-05
rate	1.4879511266380763e-05
rate	1.598084106949468e-05
rate	1.7192815762651468e-05
rate	1.8432890522742826e-05
rate	1.9756256318432826e-05
rate	2.1163033708258092e-05
rate	2.2708563517645748e-05
rate	2.4475952277821483e-05
rate	2.646562934091814e-05
rate	2.8678078833733506e-05
rate	3.103076704970252e-05
rate	3.349633858546892e-05
rate	3.604735532309081e-05
rate	3.865628627209723e-05
rate	4.132329486011008e-05
rate	4.4132017467204505e-05
rate	4.713859534680856e-05
rate	5.0399451562916084e-05
rate	5.39992620073728e-05
rate	5.7911396236998475e-05
rate	6.199715669966833e-05
rate	6.614511900788146e-05
rate	7.021510467785244e-05
rate	7.417862559374747e-05
rate	7.811972162164498e-05
rate	8.209471072026987e-05
rate	8.616023947840648e-05
rate	9.031670315395121e-05
rate	9.459284807503436e-05
rate	9.890406767592777e-05
rate	0.00010333581084368966
rate	0.00010791713172838185
rate	0.00011270582783252424
rate	0.00011756007321476356
rate	0.00012242294052683918
rate	0.0001275812905636362
rate	0.00013318049233783627
rate	0.00013954012820669316
rate	0.00014666548211569546
rate	0.00015447560386885515
rate	0.00016280197473188783
rate	0.00017156180093656884
rate	0.0001806421873620132
rate	0.0001896354193067262
rate	0.0001987171679146285
rate	0.0002083313291642934
rate	0.00021904688564600044
rate	0.00023132353086625435
rate	0.00024290740605285293
rate	0.00025339899140481285
rate	0.0002663439364998051
rate	0.000285360230148919
rate	0.00031413464057610766
rate	0.0003545036489479429
rate	0.00040447540050537177
rate	0.0004622393938765224
rate	0.000525922364470329
rate	0.0005935013413717999
rate	0.0006669093359103886
rate	0.0007482348078611177
rate	0.0008355027701377152
rate	0.0009265273671692111
rate	0.0010186959318015903
rate	0.0011139523505712292
rate	0.0012146473865931268
rate	0.0013179911834140655
rate	0.0014209692445558114
rate	0.0015198518348051213
rate	0.0016117154359229426
rate	0.0016981008823899297
rate	0.0017822043308970761
rate	0.0018676733101079736
rate	0.001958638711861095
rate	0.0020560935804238064
rate	0.0021576876820546525
rate	8.399700219284705e-05
rate	5.623883455632107e-06
rate	3.7040966212072903e-06
rate	2.8351507195469394e-06
rate	2.407634592207273e-06
rate	2.16650138939673e-06
rate	2.004844634659811e-06
rate	1.8212791905333059e-06
rate	1.6870381628272518e-06
rate	1.6021141488507463e-06
rate	1.5938970220385772e-06
rate	1.6432084161587886e-06
rate	1.7801865673817988e-06
rate	2.0349827888210555e-06
rate	2.424073532972368e-06
rate	2.8187004231438416e-06
rate	3.262724625578865e-06
rate	3.5999020326255467e-06
rate	3.931637813491675e-06
rate	4.1811515293523095e-06
rate	4.430688011387642e-06
rate	4.655564522600007e-06
rate	4.768009742101982e-06
rate	4.787208281340952e-06
rate	4.743327248173917e-06
rate	4.644597272238749e-06
rate	4.551355563785616e-06
rate	4.565070285043179e-06
rate	4.663801744188358e-06
rate	4.748820460186357e-06
rate	4.916123744663063e-06
rate	5.132811910120853e-06
rate	5.426329518813056e-06
rate	5.799444529103904e-06
rate	6.178097026360965e-06
rate	6.710497539381546e-06
rate	7.2539783755474776e-06
rate	7.929364374137155e-06
rate	8.687312738006014e-06
rate	9.582840466892296e-06
rate	1.058859780161446e-05
rate	1.1677210488448689e-05
rate	1.2903792399572363e-05
rate	1.424100742592533e-05
rate	1.569176918295271e-05
rate	1.7303101707437018e-05
rate	1.9003599600773652e-05
rate	2.0956199687424444e-05
rate	2.30647931909314e-05
rate	2.5252366715907472e-05
rate	2.769059317369331e-05
rate	3.034138863204025e-05
rate	3.322199889937217e-05
rate	3.642471569061445e-05
rate	3.983676432552465e-05
rate	4.3511788150411e-05
rate	4.742296335353656e-05
rate	5.1593578015551274e-05
rate	5.6038751634795976e-05
rate	6.072902668056914e-05
rate	6.566850059378578e-05
rate	7.099341323710758e-05
rate	7.673414883062876e-05
rate	8.27634838181314e-05
rate	8.906067005058307e-05
rate	9.582316384818977e-05
rate	0.00010323918378828172
rate	0.00011156496762456967
rate	0.00012063423887017296
rate	0.00013035382595899252
rate	0.00014078822527416177
rate	0.00015237971953612042
rate	0.0001653232415319892
rate	0.00017969334313347576
rate	0.00019522400450650202
rate	0.00021219214051883747
rate	0.00023042140100004238
rate	0.00025029023288995517
rate	0.00027144312293348843
rate	0.000293600860673459
rate	0.0003180628966933501
rate	0.0003451954767265097
rate	0.0003753187695428802
rate	0.0004091543327688935
rate	0.00044601311531553586
rate	0.00048644388982193595
rate	0.0005287519906740132
rate	0.0005726614279013114
rate	0.0006179207549955792
rate	0.0006646389212764819
rate	0.0007146209251311738
rate	0.0007652755740446308
rate	0.0008201255360692608
rate	0.0008779934313390406
rate	0.0009406494966967706
rate	0.0010016612574939771
rate	0.0010678347482408557
rate	0.0011361718777000362
rate	0.0012072425621115265
rate	0.0012816770809955815
rate	0.0013589262424097597
rate	0.001438484371496283
rate	0.0015196706433289406
rate	0.0016024482668701976
rate	0.0016874162995566713
rate	0.001774828398633158
rate	0.0018651019908241609
rate	0.0019586107189078768
rate	0.0020560935804238064
rate	0.002157139817553016
rate	6.415360085262762e-05
rate	5.031350254213829e-06
rate	2.9831559878391096e-06
rate	2.317209188278624e-06
rate	1.8514153980885087e-06
rate	1.6322479441134892e-06
rate	1.443229772912805e-06
rate	1.2597023486564186e-06
rate	1.1747914901076914e-06
rate	1.067971307613748e-06
rate	1.062494017625199e-06
rate	1.0378436236352906e-06
rate	1.0652326489222914e-06
rate	1.147401368794962e-06
rate	1.281615865147717e-06
rate	1.443229772912805e-06
rate	1.582937043402991e-06
rate	1.6925166036221015e-06
rate	1.7993612060921097e-06
rate	1.8514153980885087e-06
rate	1.977446208052028e-06
rate	2.0322433354536933e-06
rate	2.1363618368117333e-06
rate	2.1911621449971e-06
rate	2.267885455698533e-06
rate	2.3473506330876244e-06
rate	2.454221065719787e-06
rate	2.5857601531498737e-06
rate	2.6926399667064994e-06
rate	2.9036721567994187e-06
rate	3.0434535532579983e-06
rate	3.2819241448644664e-06
rate	3.4957426298021506e-06
rate	3.7644097206695664e-06
rate	4.008425480568772e-06
rate	4.304564487561191e-06
rate	4.630901803786107e-06
rate	5.03407995331415e-06
rate	5.464750780110692e-06
rate	5.953107799095009e-06
rate	6.466252103547634e-06
rate	7.086544998397088e-06
rate	7.709722979493354e-06
rate	8.415430199541245e-06
rate	9.222964885924276e-06
rate	1.0014244329237553e-05
rate	1.0956943215648492e-05
rate	1.1883461371140224e-05
rate	1.2942333890864956e-05
rate	1.4007116124739068e-05
rate	1.5160404713023732e-05
rate	1.644638928103491e-05
rate	1.7928658044910187e-05
rate	1.9480682195753125e-05
rate	2.1157767626313362e-05
rate	2.3020884284353004e-05
rate	2.5056577921196107e-05
rate	2.745052357884871e-05
rate	3.0115033425102152e-05
rate	3.3045357037523386e-05
rate	3.62368053883307e-05
rate	3.975422404618756e-05
rate	4.359609551567922e-05
rate	4.7538059524965575e-05
rate	5.1661453572230914e-05
rate	5.6176715743142365e-05
rate	6.145263376556724e-05
rate	6.794274571422329e-05
rate	7.548957514615555e-05
rate	8.39013229114667e-05
rate	9.33674583622438e-05
rate	0.00010380500159454967
rate	0.0001154504650094176
rate	0.00012806335351136215
rate	0.0001417087025273992
rate	0.00015663430625088154
rate	0.00017301538499950206
rate	0.0001912850020968128
rate	0.00021151529210961775
rate	0.00023340868865023625
rate	0.00025753034463805926
rate	0.00028366913245413155
rate	0.0003120952476979872
rate	0.0003424442182125122
rate	0.00037451659044190596
rate	0.00041085128269198506
rate	0.00044983690394404137
rate	0.0004923894330272753
rate	0.0005381598997176197
rate	0.0005875388637141221
rate	0.0006400335839133467
rate	0.0006966395123516634
rate	0.0007551100964733827
rate	0.0008188657456097
rate	0.0008863745874640424
rate	0.0009562407014020027
rate	0.0010293075725543994
rate	0.001104277618189342
rate	0.0011819979901203429
rate	0.0012635709722779815
rate	0.0013479029474988248
rate	0.0014337386571547327
rate	0.0015196706433289406
rate	0.0016048830927339651
rate	0.0016902477719083083
rate	0.001776761165666665
rate	0.0018657838829004214
rate	0.0019586107189078768
rate	0.0020560935804238064
rate	0.002157627477753523
rate	0.00014187681386349665
rate	1.2433597834086676e-05
rate	6.9548024184156975e-06
rate	4.707694505075678e-06
rate	3.830215118862304e-06
rate	3.2956341122084314e-06
rate	2.8214507111017943e-06
rate	2.552876430112063e-06
rate	2.317209188278624e-06
rate	2.210344103617237e-06
rate	2.2350053528446245e-06
rate	2.36927349862902e-06
rate	2.6378296201351812e-06
rate	3.0681224562361914e-06
rate	3.657487837371823e-06
rate	4.373124442340429e-06
rate	5.119121418183686e-06
rate	5.8708078345517895e-06
rate	6.6528894727887785e-06
rate	7.5340345822827824e-06
rate	8.396235588199315e-06
rate	9.209257178757646e-06
rate	9.885129533125858e-06
rate	1.0371531684881234e-05
rate	1.0693101629777296e-05
rate	1.0965225374025217e-05
rate	1.1267614264315576e-05
rate	1.1671774966805108e-05
rate	1.2130995189606978e-05
rate	1.2648050637686615e-05
rate	1.3220225363114406e-05
rate	1.3844804801665726e-05
rate	1.4598899150676454e-05
rate	1.5433050449759848e-05
rate	1.6352834579860775e-05
rate	1.7377634092528454e-05
rate	1.8485509677772833e-05
rate	1.97096460631151e-05
rate	2.0983961184557137e-05
rate	2.232785810819314e-05
rate	2.381325950340418e-05
rate	2.5509497643027656e-05
rate	2.7444650040865987e-05
rate	2.964138278610338e-05
rate	3.208095025643071e-05
rate	3.47251818286767e-05
rate	3.7621828164092375e-05
rate	4.0749356198962536e-05
rate	4.418081190253673e-05
rate	4.787556363490072e-05
rate	5.181241747250321e-05
rate	5.5961770491417265e-05
rate	6.0366612930979576e-05
rate	6.507028842346637e-05
rate	7.007716404707573e-05
rate	7.53099927994745e-05
rate	8.058657603078971e-05
rate	8.576867059688775e-05
rate	9.086414121686369e-05
rate	9.592636199140728e-05
rate	0.00010101209319940468
rate	0.0001061555782815862
rate	0.00011141971346059339
rate	0.00011674797797201752
rate	0.00012210369156903054
rate	0.0001276363930891054
rate	0.0001333818381245172
rate	0.0001394421783577892
rate	0.0001456691422841032
rate	0.00015194214656903985
rate	0.00015856316348828126
rate	0.00016575863860410396
rate	0.00017359426093658837
rate	0.00018208737524131954
rate	0.0001911153197944954
rate	0.0002005899117672392
rate	0.00021069928887514652
rate	0.00022174215381194593
rate	0.00023355019003242324
rate	0.00024613968253423723
rate	0.0002600453757808233
rate	0.0002755995515351998
rate	0.00029304521400145807
rate	0.00031065651520636675
rate	0.00032802516218544115
rate	0.00034929367689018765
rate	0.00037550571442671087
rate	0.0004090851895163366
rate	0.0004516048595958791
rate	0.0005020218256684332
rate	0.0005588064753192618
rate	0.0006203709084678567
rate	0.0006853346053684674
rate	0.0007547474763471727
rate	0.0008299711252971592
rate	0.0009095222501611652
rate	0.000989576601364782
rate	0.0010712652280124718
rate	0.0011558097330718674
rate	0.0012447442937514176
rate	0.0013363672829076068
rate	0.0014287530230769287
rate	0.0015196706433289406
rate	0.0016074533363143993
rate	0.0016932197487592715
rate	0.0017788370425446398
rate	0.0018664659637320045
rate	0.0019586107189078768
rate	0.0020560935804238064
rate	0.002157627477753523
rate	0.00011350850915571082
rate	1.0371555005631391e-05
rate	5.741851466189863e-06
rate	4.408781847335151e-06
rate	3.383350488911725e-06
rate	2.848857585310502e-06
rate	2.3994154919525947e-06
rate	2.0267645109492732e-06
rate	1.7363510372369458e-06
rate	1.547325629596684e-06
rate	1.4651449064123545e-06
rate	1.511714900915822e-06
rate	1.6897818096619305e-06
rate	2.073351338110909e-06
rate	2.6104431216693335e-06
rate	3.2545477476418464e-06
rate	3.898809504763094e-06
rate	4.4966013965847465e-06
rate	4.99303275601493e-06
rate	5.4648635187075164e-06
rate	5.91756236053451e-06
rate	6.370336689933582e-06
rate	6.823186532238243e-06
rate	7.2212097278156095e-06
rate	7.594578971521512e-06
rate	7.946026396541892e-06
rate	8.346957074671779e-06
rate	8.783642782230803e-06
rate	9.275340468461972e-06
rate	9.775359195185825e-06
rate	1.0330432821990003e-05
rate	1.0962592018115274e-05
rate	1.1671890170024993e-05
rate	1.2502407377971807e-05
rate	1.3410220960753237e-05
rate	1.4417435919875385e-05
rate	1.5485591163896706e-05
rate	1.666434736580828e-05
rate	1.788217559847292e-05
rate	1.9191515078321456e-05
rate	2.0586989105828403e-05
rate	2.2115665395361485e-05
rate	2.3830304035817404e-05
rate	2.573127277902198e-05
rate	2.7824506803493354e-05
rate	3.004123463363551e-05
rate	3.2384435237301576e-05
rate	3.4848781606819884e-05
rate	3.7423398704151783e-05
rate	4.010304370991262e-05
rate	4.293267715933142e-05
rate	4.594903320368825e-05
rate	4.919736862926762e-05
rate	5.27483427256437e-05
rate	5.658354506859888e-05
rate	6.0578158267516946e-05
rate	6.464864747595135e-05
rate	6.867730481207646e-05
rate	7.265538823638866e-05
rate	7.66419247920354e-05
rate	8.07017717644686e-05
rate	8.48467675951341e-05
rate	8.90153214120766e-05
rate	9.319355215323051e-05
rate	9.733882515786972e-05
rate	0.00010154480365206937
rate	0.00010592232663340406
rate	0.00011061126677078228
rate	0.00011555825552864686
rate	0.00012067918060625311
rate	0.0001261879064646314
rate	0.0001321018741196529
rate	0.0001386111404684746
rate	0.00014561895359131675
rate	0.00015309155650397967
rate	0.00016093136818639186
rate	0.00016923975424852053
rate	0.0001780950602599137
rate	0.0001873126053506632
rate	0.00019701204949415022
rate	0.00020754366163629914
rate	0.0002191714817398829
rate	0.00023206039083566225
rate	0.00024387548623546534
rate	0.00025426231160168624
rate	0.0002691800128066738
rate	0.00029016981209535527
rate	0.00032076095202353055
rate	0.00036287296595546945
rate	0.00041464327687390203
rate	0.0004741711892735915
rate	0.0005395917589839802
rate	0.0006091402606175533
rate	0.0006844307239698965
rate	0.0007671607833080285
rate	0.0008551998345645012
rate	0.0009431722934079796
rate	0.0010324613764799893
rate	0.0011248208779197511
rate	0.001222371245811391
rate	0.0013226113464401166
rate	0.0014228249522442826
rate	0.0015196706433289406
rate	0.0016105145359029587
rate	0.001696745042874176
rate	0.001781245362915912
rate	0.001867294458652699
rate	0.0019586107189078768
rate	0.0020560935804238064
rate	0.002157627477753523
rate	8.265300284323506e-05
rate	5.464798571020665e-06
rate	3.5999332940487293e-06
rate	2.766640392355562e-06
rate	2.350093980679692e-06
rate	2.114445003968918e-06
rate	1.9555307732096215e-06
rate	1.7801865676123663e-06
rate	1.6486867749675173e-06
rate	1.5610248150664191e-06
rate	1.5445905614420809e-06
rate	1.5884229117711578e-06
rate	1.7253983221566527e-06
rate	1.9884078872690175e-06
rate	2.3829718622098826e-06
rate	2.7885543705931837e-06
rate	3.238055475609812e-06
rate	3.583453709561074e-06
rate	3.9179291618110286e-06
rate	4.170183564575492e-06
rate	4.422461255081763e-06
rate	4.65282202327648e-06
rate	4.768009742101982e-06
rate	4.778980453697984e-06
rate	4.718644754245852e-06
rate	4.603462254600679e-06
rate	4.4992538174050985e-06
rate	4.499258541398087e-06
rate	4.587019838416025e-06
rate	4.674778169761313e-06
rate	4.844819118977848e-06
rate	5.058759235446824e-06
rate	5.34404093782014e-06
rate	5.706172923662337e-06
rate	6.079325990068642e-06
rate	6.595245028900023e-06
rate	7.133214652564753e-06
rate	7.797591747726613e-06
rate	8.544521832768543e-06
rate	9.429017818720289e-06
rate	1.0423729927719015e-05
rate	1.150128432739898e-05
rate	1.271679011870525e-05
rate	1.4042911490568673e-05
rate	1.5485312400711635e-05
rate	1.7082755965104826e-05
rate	1.8774851667079224e-05
rate	2.072177456931486e-05
rate	2.2841224180783844e-05
rate	2.506175763005549e-05
rate	2.7532985604069906e-05
rate	3.0205765823828604e-05
rate	3.3086233349808065e-05
rate	3.624719253398911e-05
rate	3.960071755449777e-05
rate	4.319759917332876e-05
rate	4.703875432891867e-05
rate	5.1169770651820426e-05
rate	5.5619838096440586e-05
rate	6.0356927690957666e-05
rate	6.536016509158927e-05
rate	7.073220409395441e-05
rate	7.650334171033266e-05
rate	8.25575487044199e-05
rate	8.887970185357188e-05
rate	9.566441991978137e-05
rate	0.00010308569291258752
rate	0.00011136540541955641
rate	0.00012036253445281742
rate	0.00012999796270385521
rate	0.00014033599969795997
rate	0.00015178974005339773
rate	0.0001645592207306847
rate	0.00017874449890493833
rate	0.00019411440859137388
rate	0.00021090761481191197
rate	0.000228982957599828
rate	0.0002487427693632433
rate	0.00026992581956412025
rate	0.0002923140755835658
rate	0.00031725816081188096
rate	0.0003450340157170886
rate	0.00037561406741205096
rate	0.00040929106393651954
rate	0.00044539821856251906
rate	0.00048557512411065326
rate	0.0005277968444934749
rate	0.0005718793672818637
rate	0.0006178830154341652
rate	0.00066589416875172
rate	0.0007171109353227786
rate	0.0007689339345530037
rate	0.0008246247673900206
rate	0.0008829681966284886
rate	0.0009451921875710243
rate	0.0010050848304841548
rate	0.0010706282906093045
rate	0.0011384139333539855
rate	0.0012089531245498511
rate	0.001282811402971158
rate	0.0013595114169947394
rate	0.0014386001437123098
rate	0.0015194894518527598
rate	0.0016021436189649649
rate	0.0016870969870761959
rate	0.001774582426683411
rate	0.0018649667469053904
rate	0.0019585827259546587
rate	0.0020560935804238064
rate	0.0021571337977186094
rate	6.305947205886055e-05
rate	4.883266412280492e-06
rate	2.8982006308374907e-06
rate	2.251451450768442e-06
rate	1.8130617077179688e-06
rate	1.593897323695933e-06
rate	1.4076207983670155e-06
rate	1.2323123369573525e-06
rate	1.1446635321550514e-06
rate	1.0405832138867942e-06
rate	1.029628633909696e-06
rate	1.0077171725853332e-06
rate	1.035105896503881e-06
rate	1.117273712234894e-06
rate	1.2487478510967698e-06
rate	1.4076207983670155e-06
rate	1.5500654119532682e-06
rate	1.659643656557217e-06
rate	1.7637475995772747e-06
rate	1.8130617077179688e-06
rate	1.928132840061235e-06
rate	1.982928980534293e-06
rate	2.081566464125438e-06
rate	2.136365675613691e-06
rate	2.207608132919472e-06
rate	2.2843318553406025e-06
rate	2.388460037690282e-06
rate	2.5145161873514795e-06
rate	2.6186532566327576e-06
rate	2.821459352532247e-06
rate	2.9639768005046203e-06
rate	3.1942190745017364e-06
rate	3.402549461929497e-06
rate	3.6657257099324968e-06
rate	3.906991614752626e-06
rate	4.197637003115322e-06
rate	4.521219957611522e-06
rate	4.916156024305617e-06
rate	5.338581274869301e-06
rate	5.821430237206895e-06
rate	6.3263201570195504e-06
rate	6.9356062311062615e-06
rate	7.550516877622236e-06
rate	8.247948159555175e-06
rate	9.038959379238506e-06
rate	9.824692881242542e-06
rate	1.0748095899138786e-05
rate	1.1666299241667166e-05
rate	1.2711342669554465e-05
rate	1.376778507193455e-05
rate	1.4918221742086266e-05
rate	1.619583547686936e-05
rate	1.7644924357095843e-05
rate	1.9149953947625654e-05
rate	2.0766200877351744e-05
rate	2.256011285109001e-05
rate	2.4532005936430636e-05
rate	2.6859230691536062e-05
rate	2.9476191605500414e-05
rate	3.237264228134693e-05
rate	3.553838782662951e-05
rate	3.901887253196617e-05
rate	4.2809751474939604e-05
rate	4.671167440224735e-05
rate	5.0803209904834204e-05
rate	5.528082044828539e-05
rate	6.04879953175709e-05
rate	6.684990171985312e-05
rate	7.423945769408294e-05
rate	8.248988949268241e-05
rate	9.174526635655645e-05
rate	0.0001019418067226113
rate	0.00011334085680407164
rate	0.0001257616038285743
rate	0.00013926377904822967
rate	0.0001540091653728695
rate	0.00017018070665080628
rate	0.00018829460668371757
rate	0.00020848815713901195
rate	0.00023051400983428264
rate	0.00025498613662558244
rate	0.0002816133769555109
rate	0.00031036290924593127
rate	0.0003406494070868632
rate	0.00037231370651161097
rate	0.00040975871988021526
rate	0.00045014358277740903
rate	0.0004941275273534526
rate	0.0005414582927787765
rate	0.0005924705836635202
rate	0.0006466940072141058
rate	0.0007048734108242755
rate	0.0007647906340160959
rate	0.0008291769802016689
rate	0.0008963389077890133
rate	0.0009647110028468441
rate	0.0010363819122213434
rate	0.0011100634804555906
rate	0.0011865135050021325
rate	0.0012667170841110691
rate	0.0013497129326294638
rate	0.0014343817309642648
rate	0.0015194894518527598
rate	0.001604307908621647
rate	0.001689613851388762
rate	0.001776300441824306
rate	0.0018655728731954
rate	0.0019585827259546587
rate	0.0020560935804238064
rate	0.0021575672734523935
rate	0.00014075410519817226
rate	1.207899128789035e-05
rate	6.7819227831286495e-06
rate	4.592526259539955e-06
rate	3.7150837725522865e-06
rate	3.1942266470506954e-06
rate	2.7392403754652722e-06
rate	2.476153694927861e-06
rate	2.251451450768442e-06
rate	2.1473284790636632e-06
rate	2.169249589488008e-06
rate	2.3007748271099757e-06
rate	2.563844391061914e-06
rate	2.985904714263014e-06
rate	3.5615484112274136e-06
rate	4.252487701585706e-06
rate	4.976516449786548e-06
rate	5.7117086049008705e-06
rate	6.4800288957144885e-06
rate	7.336423193033839e-06
rate	8.182094327449045e-06
rate	8.984071087700622e-06
rate	9.648904256423485e-06
rate	1.0127025514999703e-05
rate	1.044032704518533e-05
rate	1.0709678876282091e-05
rate	1.1012039551068711e-05
rate	1.1407920152767333e-05
rate	1.1858852565301008e-05
rate	1.237035999532947e-05
rate	1.293697900668758e-05
rate	1.3553245587232685e-05
rate	1.4290759188533484e-05
rate	1.5105561235236103e-05
rate	1.6008726074521084e-05
rate	1.7011377426154248e-05
rate	1.80970779705596e-05
rate	1.9304514130190647e-05
rate	2.0584152096760955e-05
rate	2.1947152698740532e-05
rate	2.3454417879305235e-05
rate	2.516147624977964e-05
rate	2.7068757609701044e-05
rate	2.9193316428050547e-05
rate	3.152460853286506e-05
rate	3.4040985390688764e-05
rate	3.680950354535847e-05
rate	3.984185871830734e-05
rate	4.322778052002931e-05
rate	4.6912911992923056e-05
rate	5.085394721140627e-05
rate	5.499070249767272e-05
rate	5.9352121995116595e-05
rate	6.396740968141602e-05
rate	6.884350432238438e-05
rate	7.393660594306233e-05
rate	7.910665308297095e-05
rate	8.421845033251733e-05
rate	8.92885010434218e-05
rate	9.436757006271055e-05
rate	9.948434505547941e-05
rate	0.00010467880232486754
rate	0.00011004801049315624
rate	0.00011556432124574926
rate	0.0001211831356531041
rate	0.0001270316722950673
rate	0.00013309450527691007
rate	0.00013940184806413478
rate	0.00014577021847630712
rate	0.00015210135844638718
rate	0.00015876630044719926
rate	0.00016598268413532382
rate	0.00017370220942466264
rate	0.00018189430515045814
rate	0.00019048177502042625
rate	0.0001993108078533977
rate	0.00020872095999665302
rate	0.0002193016031329536
rate	0.0002311849898194474
rate	0.00024437098874357827
rate	0.00025929354071353635
rate	0.00027590852646403144
rate	0.0002940675357623292
rate	0.00031171928242669435
rate	0.0003284328011164376
rate	0.00035034037152986003
rate	0.0003772435784709993
rate	0.00041159951436889786
rate	0.0004552599693533129
rate	0.0005072279733572013
rate	0.0005657565778508013
rate	0.0006290550568162237
rate	0.000695854284958271
rate	0.0007668318615577565
rate	0.000843098639610158
rate	0.0009231834906327663
rate	0.0010010654933861282
rate	0.001080719133631706
rate	0.0011632350542923765
rate	0.0012499822587541236
rate	0.001339459008548381
rate	0.0014299500562284392
rate	0.0015194894518527598
rate	0.001606592569582033
rate	0.0016922556085896183
rate	0.0017781456657158393
rate	0.0018661791672679182
rate	0.0019585827259546587
rate	0.0020560935804238064
rate	0.0021575672734523935
rate	0.00011277018624283073
rate	1.0099587144205953e-05
rate	5.590986797834257e-06
rate	4.268954997432287e-06
rate	3.2874206672270105e-06
rate	2.7666464268135793e-06
rate	2.333655780170336e-06
rate	1.971971331525453e-06
rate	1.6925204411094676e-06
rate	1.506237118014278e-06
rate	1.4240576280710598e-06
rate	1.462409920223536e-06
rate	1.626778164366238e-06
rate	1.9829457578269443e-06
rate	2.4816656175110577e-06
rate	3.0846412813135286e-06
rate	3.68775966314127e-06
rate	4.2526191432088015e-06
rate	4.724339125449037e-06
rate	5.174194958372737e-06
rate	5.613138805455513e-06
rate	6.0521541433442296e-06
rate	6.491240995612822e-06
rate	6.875504129878866e-06
rate	7.237855691462389e-06
rate	7.583771495801328e-06
rate	7.973676107524724e-06
rate	8.407558662075411e-06
rate	8.896444724581162e-06
rate	9.401883533899338e-06
rate	9.962371924562957e-06
rate	1.05944461727364e-05
rate	1.1298155850831377e-05
rate	1.2106581408594611e-05
rate	1.2986783778723415e-05
rate	1.3955360573370005e-05
rate	1.4990341258298731e-05
rate	1.613587896896509e-05
rate	1.7331460674203012e-05
rate	1.8626773838210085e-05
rate	2.0010944503398713e-05
rate	2.152276727307722e-05
rate	2.3184655793813324e-05
rate	2.4996916217125822e-05
rate	2.6970934773253202e-05
rate	2.90517022175685e-05
rate	3.127253188913424e-05
rate	3.365020789054895e-05
rate	3.619051113620634e-05
rate	3.8882792559715155e-05
rate	4.173333685145833e-05
rate	4.475947106056793e-05
rate	4.799528569561916e-05
rate	5.149742344391461e-05
rate	5.525569390019929e-05
rate	5.915915983536556e-05
rate	6.315217594402124e-05
rate	6.713950494630048e-05
rate	7.113215087902985e-05
rate	7.516412796242583e-05
rate	7.930883280866732e-05
rate	8.353329571186171e-05
rate	8.771393967020199e-05
rate	9.179425623142666e-05
rate	9.577358263981167e-05
rate	9.975379646044908e-05
rate	0.00010392752153842627
rate	0.00010851670570904032
rate	0.00011355643784253017
rate	0.00011893542068566705
rate	0.00012479452236562662
rate	0.00013102325590146953
rate	0.00013768215273025604
rate	0.00014457242506693804
rate	0.00015170750913910422
rate	0.00015906076164089587
rate	0.00016691770756047222
rate	0.00017554793315781417
rate	0.0001849897913946002
rate	0.00019530693107367195
rate	0.00020675599410830485
rate	0.00021929607783376535
rate	0.00023279725080507015
rate	0.0002448435664180777
rate	0.00025512563179855963
rate	0.0002720160891135424
rate	0.00029497939404179156
rate	0.00032738726347095344
rate	0.00037124228296299595
rate	0.0004248111532424323
rate	0.0004861029846706606
rate	0.0005532611534976316
rate	0.0006247791798633068
rate	0.0007019521120294045
rate	0.0007860867587549393
rate	0.0008748968989912873
rate	0.0009598172196467481
rate	0.001046226821158388
rate	0.0011356894052682732
rate	0.0012300951050296554
rate	0.0013272315094661677
rate	0.0014246806599327536
rate	0.0015194894518527598
rate	0.0016093136358829746
rate	0.001695389203358422
rate	0.001780286394934748
rate	0.0018669156071974243
rate	0.0019585827259546587
rate	0.0020560935804238064
rate	0.0021575672734523935
rate	8.130900349362306e-05
rate	5.3057136864092225e-06
rate	3.4957699668901683e-06
rate	2.6981300651641844e-06
rate	2.292553369152112e-06
rate	2.0623886185411053e-06
rate	1.9062169117594323e-06
rate	1.739093944691427e-06
rate	1.6103353871077828e-06
rate	1.519935481282092e-06
rate	1.4952841008455846e-06
rate	1.5336374073835269e-06
rate	1.6706100769315068e-06
rate	1.94183298571698e-06
rate	2.3418701914473972e-06
rate	2.758408318042526e-06
rate	3.2133863256407587e-06
rate	3.5670053864966016e-06
rate	3.904220510130381e-06
rate	4.159215599798676e-06
rate	4.414234498775885e-06
rate	4.650079523952954e-06
rate	4.768009742101982e-06
rate	4.770752626055016e-06
rate	4.693962260317787e-06
rate	4.562327236962609e-06
rate	4.447152071024581e-06
rate	4.433446797752996e-06
rate	4.510237932643691e-06
rate	4.600735879336269e-06
rate	4.773514493292631e-06
rate	4.984706560772794e-06
rate	5.261752356827226e-06
rate	5.61290131822077e-06
rate	5.98055495377632e-06
rate	6.4799925184184995e-06
rate	7.012450929582029e-06
rate	7.66581912131607e-06
rate	8.401730927531072e-06
rate	9.27519517054828e-06
rate	1.0258862053823569e-05
rate	1.1325358166349272e-05
rate	1.2529787837838136e-05
rate	1.3844815555212016e-05
rate	1.5278855618470563e-05
rate	1.6862410222772634e-05
rate	1.85461037333848e-05
rate	2.0487349451205273e-05
rate	2.2617655170636287e-05
rate	2.4871148544203508e-05
rate	2.7375378034446498e-05
rate	3.007014301561696e-05
rate	3.295046780024396e-05
rate	3.606966937736378e-05
rate	3.9364670783470894e-05
rate	4.288341019624652e-05
rate	4.665454530430079e-05
rate	5.074596328808957e-05
rate	5.52009245580852e-05
rate	5.99848287013462e-05
rate	6.505182958939276e-05
rate	7.047099495080125e-05
rate	7.627253459003655e-05
rate	8.235161359070839e-05
rate	8.86987336565607e-05
rate	9.550567599137297e-05
rate	0.00010293220203689332
rate	0.00011116584321454315
rate	0.00012009083003546188
rate	0.00012964209944871794
rate	0.00013988377412175817
rate	0.00015119976057067504
rate	0.0001637951999293802
rate	0.00017779565467640086
rate	0.0001930048126762457
rate	0.00020962308910498647
rate	0.0002275445141996136
rate	0.0002471953058365314
rate	0.00026840851619475207
rate	0.00029102729049367254
rate	0.0003164534249304118
rate	0.0003448725547076675
rate	0.0003759093652812217
rate	0.00040942779510414563
rate	0.00044478332180950225
rate	0.0004847063583993705
rate	0.0005268416983129367
rate	0.0005710973066624161
rate	0.0006178452758727513
rate	0.0006671494162269582
rate	0.0007196009455143833
rate	0.0007725922950613766
rate	0.0008291239987107805
rate	0.0008879429619179365
rate	0.0009497348784452781
rate	0.0010085084034743323
rate	0.0010734218329777536
rate	0.0011406559890079345
rate	0.001210663686988176
rate	0.0012839457249467345
rate	0.0013600965915797191
rate	0.0014387159159283363
rate	0.0015193082603765788
rate	0.001601838971059732
rate	0.0016867776745957204
rate	0.001774336454733664
rate	0.00186483150298662
rate	0.0019585547330014403
rate	0.0020560935804238064
rate	0.002157127777884203
rate	6.19653432650935e-05
rate	4.735182570347154e-06
rate	2.8132452738358723e-06
rate	2.1856937132582604e-06
rate	1.7747080173474289e-06
rate	1.555546703278377e-06
rate	1.3720118238212257e-06
rate	1.2049223252582863e-06
rate	1.1145355742024112e-06
rate	1.0131951201598402e-06
rate	9.967632501941933e-07
rate	9.775907215353757e-07
rate	1.004979144085471e-06
rate	1.0871460556748257e-06
rate	1.2158798370458225e-06
rate	1.3720118238212257e-06
rate	1.5171937805035451e-06
rate	1.6267707094923322e-06
rate	1.7281339930624399e-06
rate	1.7747080173474289e-06
rate	1.878819472070442e-06
rate	1.9336146256148926e-06
rate	2.0267710914391426e-06
rate	2.081569206230282e-06
rate	2.1473308101404117e-06
rate	2.22131307759358e-06
rate	2.3226990096607775e-06
rate	2.4432722215530857e-06
rate	2.5446665465590154e-06
rate	2.7392465482650754e-06
rate	2.884500047751242e-06
rate	3.1065140041390064e-06
rate	3.309356294056843e-06
rate	3.567041699195427e-06
rate	3.80555774893648e-06
rate	4.090709518669452e-06
rate	4.411538111436938e-06
rate	4.798232095297085e-06
rate	5.212411769627911e-06
rate	5.6897526753187805e-06
rate	6.186388210491467e-06
rate	6.784667463815435e-06
rate	7.391310775751117e-06
rate	8.080466119569104e-06
rate	8.854953872552738e-06
rate	9.635141433247531e-06
rate	1.0539248582629082e-05
rate	1.1449137112194106e-05
rate	1.2480351448243975e-05
rate	1.3528454019130031e-05
rate	1.4676038771148799e-05
rate	1.5945281672703805e-05
rate	1.73611906692815e-05
rate	1.881922569949818e-05
rate	2.0374634128390123e-05
rate	2.2099341417827017e-05
rate	2.4007433951665166e-05
rate	2.6267937804223412e-05
rate	2.8837349785898676e-05
rate	3.169992752517048e-05
rate	3.483997026492833e-05
rate	3.828352101774478e-05
rate	4.202340743419999e-05
rate	4.588528927952913e-05
rate	4.99449662374375e-05
rate	5.438492515342842e-05
rate	5.952335686957456e-05
rate	6.575705772548294e-05
rate	7.298934024201032e-05
rate	8.107845607389811e-05
rate	9.012307435086911e-05
rate	0.00010007861185067291
rate	0.00011123124859872569
rate	0.0001234598541457865
rate	0.00013681885556906013
rate	0.00015138402449485746
rate	0.0001673460283021105
rate	0.00018530421127062232
rate	0.00020546102216840615
rate	0.00022761933101832902
rate	0.00025244192861310563
rate	0.0002795576214568903
rate	0.00030863057079387533
rate	0.00033885459596121417
rate	0.000370110822581316
rate	0.0004086661570684455
rate	0.00045045026161077663
rate	0.0004958656216796298
rate	0.0005447566858399333
rate	0.0005974023036129184
rate	0.0006533544305148647
rate	0.0007131073092968876
rate	0.0007744711715588091
rate	0.0008394882147936377
rate	0.0009063032281139843
rate	0.0009731813042916856
rate	0.0010434562518882875
rate	0.001115849342721839
rate	0.001191029019883922
rate	0.0012698631959441567
rate	0.001351522917760103
rate	0.001435024804773797
rate	0.0015193082603765788
rate	0.0016037327245093291
rate	0.0016889799308692157
rate	0.0017758397179819473
rate	0.0018653618634903782
rate	0.0019585547330014403
rate	0.0020560935804238064
rate	0.002157507069151264
rate	0.00013963139653284788
rate	1.1724384741694024e-05
rate	6.609043147841601e-06
rate	4.477358014004231e-06
rate	3.5999524262422686e-06
rate	3.092819181892959e-06
rate	2.65703003982875e-06
rate	2.399430959743659e-06
rate	2.1856937132582604e-06
rate	2.0843128545100895e-06
rate	2.103493826131391e-06
rate	2.232276155590932e-06
rate	2.4898591619886468e-06
rate	2.9036869722898365e-06
rate	3.4656089850830048e-06
rate	4.131850960830983e-06
rate	4.833911481389411e-06
rate	5.552609375249952e-06
rate	6.307168318640198e-06
rate	7.138811803784897e-06
rate	7.967953066698776e-06
rate	8.758884996643599e-06
rate	9.412678979721111e-06
rate	9.882519345118173e-06
rate	1.0187552460593363e-05
rate	1.0454132378538966e-05
rate	1.0756464837821844e-05
rate	1.114406533872956e-05
rate	1.158670994099504e-05
rate	1.2092669352972324e-05
rate	1.2653732650260756e-05
rate	1.3261686372799641e-05
rate	1.3982619226390515e-05
rate	1.4778072020712356e-05
rate	1.5664617569181396e-05
rate	1.6645120759780045e-05
rate	1.7708646263346366e-05
rate	1.88993821972662e-05
rate	2.0184343008964773e-05
rate	2.1566447289287924e-05
rate	2.309557625520629e-05
rate	2.4813454856531622e-05
rate	2.66928651785361e-05
rate	2.8745250069997712e-05
rate	3.0968266809299405e-05
rate	3.335678895270082e-05
rate	3.599717892662456e-05
rate	3.8934361237652133e-05
rate	4.2274749137521895e-05
rate	4.595026035094539e-05
rate	4.9895476950309335e-05
rate	5.401963450392817e-05
rate	5.833763105925362e-05
rate	6.286453093936567e-05
rate	6.760984459769305e-05
rate	7.256321908665018e-05
rate	7.76267301351522e-05
rate	8.266823006814692e-05
rate	8.77128608699799e-05
rate	9.280877813401382e-05
rate	9.795659691155413e-05
rate	0.0001032020263681489
rate	0.0001086763075257191
rate	0.000114380664519481
rate	0.00012026257973717768
rate	0.00012642695150102918
rate	0.00013280717242930294
rate	0.00013936151777048036
rate	0.00014587129466851105
rate	0.00015226057032373454
rate	0.00015896943740611723
rate	0.00016620672966654364
rate	0.00017381015791273691
rate	0.00018170123505959672
rate	0.00018984823024635706
rate	0.00019803170393955618
rate	0.00020674263111815952
rate	0.0002168610524539613
rate	0.0002288197896064716
rate	0.00024260229495291937
rate	0.0002585417056462493
rate	0.00027621750139286314
rate	0.00029508985752320035
rate	0.00031278204964702196
rate	0.000328840440047434
rate	0.00035138706616953235
rate	0.00037898144251528773
rate	0.0004141138392214591
rate	0.00045891507911074677
rate	0.0005124341210459695
rate	0.0005727066803823409
rate	0.0006377392051645908
rate	0.0007063739645480748
rate	0.0007789162467683404
rate	0.0008562261539231569
rate	0.0009368447311043675
rate	0.0010125543854074743
rate	0.00109017303925094
rate	0.0011706603755128856
rate	0.0012552202237568293
rate	0.0013425507341891555
rate	0.0014311470893799496
rate	0.0015193082603765788
rate	0.0016057318028496667
rate	0.0016912914684199649
rate	0.0017774542888870386
rate	0.0018658923708038317
rate	0.0019585547330014403
rate	0.0020560935804238064
rate	0.002157507069151264
rate	0.00011203186332995065
rate	9.827619282780514e-06
rate	5.44012212947865e-06
rate	4.1291281475294216e-06
rate	3.1914908455422955e-06
rate	2.684435268316657e-06
rate	2.2678960683880775e-06
rate	1.917178152101633e-06
rate	1.6486898449819892e-06
rate	1.465148606431872e-06
rate	1.3829703497297649e-06
rate	1.41310493953125e-06
rate	1.5637745190705453e-06
rate	1.8925401775429797e-06
rate	2.352888113352782e-06
rate	2.914734814985211e-06
rate	3.4767098215194455e-06
rate	4.0086368898328565e-06
rate	4.455645494883143e-06
rate	4.883526398037957e-06
rate	5.308715250376516e-06
rate	5.733971596754876e-06
rate	6.1592954589874e-06
rate	6.529798531942123e-06
rate	6.881132411403266e-06
rate	7.221516595060764e-06
rate	7.600395140377668e-06
rate	8.031474541920018e-06
rate	8.517548980700351e-06
rate	9.02840787261285e-06
rate	9.594311027135914e-06
rate	1.0226300327357527e-05
rate	1.0924421531637762e-05
rate	1.1710755439217417e-05
rate	1.2563346596693594e-05
rate	1.3493285226864626e-05
rate	1.4495091352700758e-05
rate	1.5607410572121902e-05
rate	1.6780745749933105e-05
rate	1.8062032598098714e-05
rate	1.9434899900969024e-05
rate	2.092986915079296e-05
rate	2.2539007551809244e-05
rate	2.426255965522966e-05
rate	2.611736274301305e-05
rate	2.806216980150149e-05
rate	3.0160628540966896e-05
rate	3.2451634174278024e-05
rate	3.4957623568260894e-05
rate	3.766254140951769e-05
rate	4.053399654358524e-05
rate	4.3569908917447616e-05
rate	4.679320276197069e-05
rate	5.024650416218551e-05
rate	5.3927842731799696e-05
rate	5.7740161403214164e-05
rate	6.165570441209114e-05
rate	6.56017050805245e-05
rate	6.960891352167104e-05
rate	7.368633113281626e-05
rate	7.791589385286603e-05
rate	8.221982382858932e-05
rate	8.64125579283274e-05
rate	9.039496030962281e-05
rate	9.420834012175363e-05
rate	9.79627892688288e-05
rate	0.00010193271644344846
rate	0.00010642214464729836
rate	0.00011155462015641348
rate	0.00011719166076508098
rate	0.00012340113826662182
rate	0.00012994463768328617
rate	0.00013675316499203746
rate	0.00014352589654255933
rate	0.00015032346177422875
rate	0.00015719015509539988
rate	0.00016459566087242392
rate	0.00017300080605571466
rate	0.0001826669774385372
rate	0.00019360181265319369
rate	0.0002059683265803106
rate	0.0002194206739276478
rate	0.00023353411077447808
rate	0.0002458116466006901
rate	0.000255988951995433
rate	0.0002748521654204111
rate	0.0002997889759882278
rate	0.0003340135749183763
rate	0.0003796115999705225
rate	0.0004349790296109626
rate	0.0004980347800677297
rate	0.0005669305480112828
rate	0.0006404180991090601
rate	0.0007194735000889123
rate	0.0008050127342018501
rate	0.0008945939634180734
rate	0.0009764621458855167
rate	0.0010599922658367867
rate	0.0011465579326167953
rate	0.0012378189642479197
rate	0.0013318516724922188
rate	0.0014265363676212249
rate	0.0015193082603765788
rate	0.0016081127358629906
rate	0.0016940333638426682
rate	0.0017793274269535836
rate	0.0018665367557421497
rate	0.0019585547330014403
rate	0.0020560935804238064
rate	0.002157507069151264
rate	7.996500414401107e-05
rate	5.14662880179778e-06
rate	3.3916066397316072e-06
rate	2.629619737972807e-06
rate	2.2350127576245316e-06
rate	2.010332233113293e-06
rate	1.856903050309243e-06
rate	1.6980013217704873e-06
rate	1.5719839992480481e-06
rate	1.4788461474977648e-06
rate	1.4459776402490882e-06
rate	1.4788519029958958e-06
rate	1.6158218317063608e-06
rate	1.8952580841649417e-06
rate	2.300768520684912e-06
rate	2.7282622654918682e-06
rate	3.1887171756717054e-06
rate	3.550557063432129e-06
rate	3.890511858449734e-06
rate	4.148247635021859e-06
rate	4.406007742470007e-06
rate	4.647337024629428e-06
rate	4.768009742101982e-06
rate	4.762524798412048e-06
rate	4.6692797663897216e-06
rate	4.52119221932454e-06
rate	4.395050324644063e-06
rate	4.367635054107905e-06
rate	4.4334560268713575e-06
rate	4.526693588911224e-06
rate	4.702209867607416e-06
rate	4.910653886098764e-06
rate	5.17946377583431e-06
rate	5.519629712779203e-06
rate	5.8817839174839965e-06
rate	6.364740007936976e-06
rate	6.891687206599305e-06
rate	7.534046494905527e-06
rate	8.258940022293603e-06
rate	9.121372522376271e-06
rate	1.0093994179928123e-05
rate	1.1149432005299563e-05
rate	1.2342785556971023e-05
rate	1.3646719619855358e-05
rate	1.5072398836229492e-05
rate	1.664206448044044e-05
rate	1.831735579969037e-05
rate	2.025292433309569e-05
rate	2.2394086160488733e-05
rate	2.4680539458351525e-05
rate	2.7217770464823093e-05
rate	2.9934520207405315e-05
rate	3.281470225067985e-05
rate	3.5892146220738454e-05
rate	3.9128624012444014e-05
rate	4.2569221219164276e-05
rate	4.62703362796829e-05
rate	5.032215592435872e-05
rate	5.478201101972982e-05
rate	5.9612729711734727e-05
rate	6.474349408719626e-05
rate	7.020978580764808e-05
rate	7.604172746974044e-05
rate	8.21456784769969e-05
rate	8.851776545954951e-05
rate	9.534693206296459e-05
rate	0.0001027787111611991
rate	0.00011096628100952989
rate	0.00011981912561810636
rate	0.00012928623619358064
rate	0.00013943154854555636
rate	0.00015060978108795238
rate	0.0001630311791280757
rate	0.00017684681044786342
rate	0.00019189521676111755
rate	0.00020833856339806098
rate	0.00022610607079939917
rate	0.0002456478423098196
rate	0.0002668912128253839
rate	0.00028974050540377924
rate	0.00031564868904894266
rate	0.0003447110936982464
rate	0.0003762046631503924
rate	0.00040956452627177167
rate	0.00044416842505648545
rate	0.0004838375926880878
rate	0.0005258865521323983
rate	0.0005703152460429684
rate	0.0006178075363113373
rate	0.0006684046637021962
rate	0.0007220909557059881
rate	0.0007762506555697496
rate	0.0008336232300315403
rate	0.0008929177272073845
rate	0.000954277569319532
rate	0.00101193197646451
rate	0.0010762153753462026
rate	0.0011428980446618836
rate	0.0012123742494265007
rate	0.001285080046922311
rate	0.0013606817661646986
rate	0.0014388316881443631
rate	0.001519127068900398
rate	0.0016015343231544992
rate	0.0016864583621152447
rate	0.0017740904827839169
rate	0.0018646962590678495
rate	0.001958526740048222
rate	0.0020560935804238064
rate	0.0021571217580497962
rate	6.0871214471326434e-05
rate	4.5870987284138155e-06
rate	2.728289916834254e-06
rate	2.1199359757480783e-06
rate	1.7363543269768887e-06
rate	1.517196082860821e-06
rate	1.336402849275436e-06
rate	1.17753231355922e-06
rate	1.084407616249771e-06
rate	9.858070264328864e-07
rate	9.638978664786906e-07
rate	9.474642704854183e-07
rate	9.748523916670606e-07
rate	1.0570183991147574e-06
rate	1.1830118229948752e-06
rate	1.336402849275436e-06
rate	1.4843221490538223e-06
rate	1.5938977624274476e-06
rate	1.6925203865476048e-06
rate	1.7363543269768887e-06
rate	1.829506104079649e-06
rate	1.8843002706954922e-06
rate	1.971975718752847e-06
rate	2.0267727368468733e-06
rate	2.087053487361351e-06
rate	2.1582942998465577e-06
rate	2.256937981631273e-06
rate	2.3720282557546915e-06
rate	2.4706798364852733e-06
rate	2.6570337439979033e-06
rate	2.8050232949978635e-06
rate	3.018808933776276e-06
rate	3.2161631261841895e-06
rate	3.468357688458358e-06
rate	3.7041238831203343e-06
rate	3.9837820342235825e-06
rate	4.301856265262353e-06
rate	4.680308166288552e-06
rate	5.0862422643865195e-06
rate	5.558075113430666e-06
rate	6.046456263963384e-06
rate	6.633728696524609e-06
rate	7.232104673879999e-06
rate	7.912984079583035e-06
rate	8.670948365866969e-06
rate	9.44558998525252e-06
rate	1.0330401266119378e-05
rate	1.1231974982721048e-05
rate	1.2249360226933485e-05
rate	1.3289122966325511e-05
rate	1.4433855800211334e-05
rate	1.569472786853825e-05
rate	1.7077456981467156e-05
rate	1.848849745137071e-05
rate	1.9983067379428505e-05
rate	2.1638569984564025e-05
rate	2.3482861966899695e-05
rate	2.567664491691076e-05
rate	2.8198507966296938e-05
rate	3.1027212768994026e-05
rate	3.4141552703227136e-05
rate	3.7548169503523393e-05
rate	4.123706339346038e-05
rate	4.5058904156810905e-05
rate	4.90867225700408e-05
rate	5.348902985857145e-05
rate	5.855871842157821e-05
rate	6.466421373111275e-05
rate	7.173922278993772e-05
rate	7.966702265511382e-05
rate	8.850088234518176e-05
rate	9.821541697873453e-05
rate	0.00010912164039337972
rate	0.00012115810446299864
rate	0.0001343739320898906
rate	0.0001487588836168454
rate	0.00016451134995341474
rate	0.00018231381585752707
rate	0.00020243388719780035
rate	0.0002247246522023754
rate	0.0002498977206006288
rate	0.00027750186595826965
rate	0.00030689823234181945
rate	0.00033705978483556515
rate	0.000367907938651021
rate	0.00040757359425667576
rate	0.00045075694044414424
rate	0.000497603716005807
rate	0.0005480550789010902
rate	0.0006023340235623165
rate	0.0006600148538156237
rate	0.0007213412077694998
rate	0.0007841517091015224
rate	0.0008497994493856067
rate	0.0009162675484389552
rate	0.000981651605736527
rate	0.0010505305915552317
rate	0.0011216352049880874
rate	0.0011955445347657115
rate	0.0012730093077772443
rate	0.0013533329028907418
rate	0.0014356678785833294
rate	0.001519127068900398
rate	0.001603157540397011
rate	0.0016883460103496693
rate	0.0017753789941395883
rate	0.0018651508537853567
rate	0.001958526740048222
rate	0.0020560935804238064
rate	0.0021574468648501346
rate	0.0001385086878675235
rate	1.13697781954977e-05
rate	6.4361635125545526e-06
rate	4.362189768468508e-06
rate	3.4848210799322504e-06
rate	2.991411716735223e-06
rate	2.5748197041922276e-06
rate	2.322708224559457e-06
rate	2.1199359757480783e-06
rate	2.021297229956516e-06
rate	2.0377380627747745e-06
rate	2.1637774840718877e-06
rate	2.4158739329153795e-06
rate	2.8214692303166586e-06
rate	3.369669558938596e-06
rate	4.0112142200762585e-06
rate	4.691306512992273e-06
rate	5.393510145599033e-06
rate	6.134307741565908e-06
rate	6.941200414535954e-06
rate	7.753811805948507e-06
rate	8.533698905586577e-06
rate	9.176453703018738e-06
rate	9.638013175236643e-06
rate	9.934777876001397e-06
rate	1.0198585880795841e-05
rate	1.050089012457498e-05
rate	1.0880210524691785e-05
rate	1.1314567316689073e-05
rate	1.181497871061518e-05
rate	1.237048629383393e-05
rate	1.29701271583666e-05
rate	1.3674479264247546e-05
rate	1.4450582806188611e-05
rate	1.5320509063841705e-05
rate	1.627886409340584e-05
rate	1.7320214556133135e-05
rate	1.8494250264341747e-05
rate	1.978453392116859e-05
rate	2.1185741879835316e-05
rate	2.2736734631107347e-05
rate	2.4465433463283605e-05
rate	2.631697274737116e-05
rate	2.829718371194488e-05
rate	3.0411925085733755e-05
rate	3.267259251471288e-05
rate	3.518485430789066e-05
rate	3.8026863756996935e-05
rate	4.132171775501448e-05
rate	4.498760870896773e-05
rate	4.893700668921239e-05
rate	5.3048566510183624e-05
rate	5.732314012339064e-05
rate	6.176165219731531e-05
rate	6.63761848730017e-05
rate	7.118983223023802e-05
rate	7.614680718733344e-05
rate	8.111800980377652e-05
rate	8.613722069653801e-05
rate	9.124998620531707e-05
rate	9.642884876762886e-05
rate	0.00010172525041143025
rate	0.00010730460455828195
rate	0.00011319700779321274
rate	0.00011934202382125126
rate	0.00012582223070699107
rate	0.0001325198395816958
rate	0.00013932118747682592
rate	0.00014597237086071499
rate	0.0001524197822010819
rate	0.0001591725743650352
rate	0.00016643077519776347
rate	0.0001739181064008112
rate	0.00018150816496873533
rate	0.0001892146854722879
rate	0.00019675260002571468
rate	0.000204764302239666
rate	0.000214420501774969
rate	0.00022645458939349577
rate	0.00024083360116226046
rate	0.00025778987057896235
rate	0.00027652647632169484
rate	0.0002961121792840715
rate	0.00031384481686734956
rate	0.00032924807897843043
rate	0.0003524337608092047
rate	0.0003807193065595762
rate	0.00041662816407402037
rate	0.0004625701888681806
rate	0.0005176402687347376
rate	0.0005796567829138804
rate	0.000646423353512958
rate	0.0007168936441378786
rate	0.0007910006319789243
rate	0.0008693536682361557
rate	0.0009505059715759687
rate	0.0010240432774288202
rate	0.001099626944870174
rate	0.0011780856967333947
rate	0.001260458188759535
rate	0.00134564245982993
rate	0.0014323441225314601
rate	0.001519127068900398
rate	0.0016048710361173005
rate	0.0016903273282503116
rate	0.001776762912058238
rate	0.0018656055743397455
rate	0.001958526740048222
rate	0.0020560935804238064
rate	0.0021574468648501346
rate	0.00011129354041707056
rate	9.555651421355076e-06
rate	5.2892574611230435e-06
rate	3.989301297626557e-06
rate	3.0955610238575804e-06
rate	2.6022241098197343e-06
rate	2.202136356605819e-06
rate	1.8623849726778126e-06
rate	1.604859248854511e-06
rate	1.424060094849466e-06
rate	1.3418830713884702e-06
rate	1.363799958838964e-06
rate	1.5007708737748528e-06
rate	1.8021345972590152e-06
rate	2.2241106091945057e-06
rate	2.744828348656893e-06
rate	3.2656599798976217e-06
rate	3.7646546364569115e-06
rate	4.186951864317249e-06
rate	4.592857837703177e-06
rate	5.004291695297519e-06
rate	5.4157890501655236e-06
rate	5.8273499223619775e-06
rate	6.184092934005379e-06
rate	6.524409131344142e-06
rate	6.8592616943202e-06
rate	7.227114173230613e-06
rate	7.655390421764624e-06
rate	8.13865323681954e-06
rate	8.654932211326363e-06
rate	9.226250129708869e-06
rate	9.858154481978653e-06
rate	1.0550687212444147e-05
rate	1.1314929469840223e-05
rate	1.2139909414663773e-05
rate	1.3031209880359246e-05
rate	1.3999841447102785e-05
rate	1.5078942175278712e-05
rate	1.6230030825663198e-05
rate	1.7497291357987343e-05
rate	1.8858855298539334e-05
rate	2.0336971028508696e-05
rate	2.1893359309805164e-05
rate	2.35282030933335e-05
rate	2.52637907127729e-05
rate	2.707263738543448e-05
rate	2.9048725192799553e-05
rate	3.125306045800709e-05
rate	3.3724736000315446e-05
rate	3.644229025932023e-05
rate	3.933465623571215e-05
rate	4.2380346774327295e-05
rate	4.559111982832222e-05
rate	4.899558488045641e-05
rate	5.25999915634001e-05
rate	5.632116297106278e-05
rate	6.0159232880161035e-05
rate	6.406390521474852e-05
rate	6.808567616431223e-05
rate	7.220853430320668e-05
rate	7.652295489706476e-05
rate	8.090635194531694e-05
rate	8.511117618645279e-05
rate	8.899566438781897e-05
rate	9.264309760369558e-05
rate	9.617178207720851e-05
rate	9.993791134847066e-05
rate	0.0001043275835855564
rate	0.00010955280247029678
rate	0.00011544790084449491
rate	0.00012200775416761701
rate	0.0001288660194651028
rate	0.0001358241772538189
rate	0.00014247936801818062
rate	0.0001489394144093533
rate	0.00015531954854990391
rate	0.0001622736141843756
rate	0.00017045367895361516
rate	0.0001803441634824742
rate	0.00019189669423271542
rate	0.0002051806590523163
rate	0.00021954527002153025
rate	0.00023427097074388598
rate	0.0002467797267833025
rate	0.0002568522721923064
rate	0.00027768824172727974
rate	0.00030459855793466407
rate	0.0003406398863657992
rate	0.000387980916978049
rate	0.00044514690597949287
rate	0.0005099665754647987
rate	0.0005805999425249341
rate	0.0006560570183548135
rate	0.0007369948881484203
rate	0.000823938709648761
rate	0.0009142910278448595
rate	0.0009931070721242853
rate	0.0010737577105151856
rate	0.0011574264599653172
rate	0.001245542823466184
rate	0.00133647183551827
rate	0.0014283920753096959
rate	0.001519127068900398
rate	0.0016069118358430065
rate	0.0016926775243269144
rate	0.0017783684589724195
rate	0.001866157904286875
rate	0.001958526740048222
rate	0.0020560935804238064
rate	0.0021574468648501346
rate	7.862100479439908e-05
rate	4.987543917186338e-06
rate	3.2874433125730462e-06
rate	2.5611094107814294e-06
rate	2.177472146096951e-06
rate	1.958275847685481e-06
rate	1.807589188859054e-06
rate	1.656908698849548e-06
rate	1.5336326113883136e-06
rate	1.4377568137134376e-06
rate	1.396671179652592e-06
rate	1.4240663986082649e-06
rate	1.5610335864812147e-06
rate	1.8486831826129037e-06
rate	2.2596668499224266e-06
rate	2.6981162129412107e-06
rate	3.1640480257026525e-06
rate	3.534108740367656e-06
rate	3.876803206769087e-06
rate	4.137279670245042e-06
rate	4.397780986164129e-06
rate	4.644594525305902e-06
rate	4.768009742101982e-06
rate	4.75429697076908e-06
rate	4.6445972724616565e-06
rate	4.48005720168647e-06
rate	4.342948578263545e-06
rate	4.301823310462813e-06
rate	4.356674121099024e-06
rate	4.452651298486179e-06
rate	4.6309052419222e-06
rate	4.836601211424734e-06
rate	5.097175194841395e-06
rate	5.426358107337637e-06
rate	5.783012881191674e-06
rate	6.249487497455453e-06
rate	6.770923483616579e-06
rate	7.402273868494983e-06
rate	8.116149117056134e-06
rate	8.967549874204262e-06
rate	9.929126306032676e-06
rate	1.0973505844249854e-05
rate	1.215578327610391e-05
rate	1.34486236844987e-05
rate	1.4865942053988419e-05
rate	1.6421718738108246e-05
rate	1.8088607865995942e-05
rate	2.0018499214986102e-05
rate	2.217051715034118e-05
rate	2.4489930372499543e-05
rate	2.7060162895199687e-05
rate	2.9798897399193674e-05
rate	3.2678936701115735e-05
rate	3.5714623064113125e-05
rate	3.8892577241417134e-05
rate	4.225503224208204e-05
rate	4.5886127255065014e-05
rate	4.9898348560627866e-05
rate	5.4363097481374434e-05
rate	5.9240630722123254e-05
rate	6.443515858499976e-05
rate	6.994857666449493e-05
rate	7.581092034944433e-05
rate	8.193974336328539e-05
rate	8.833679726253833e-05
rate	9.51881881345562e-05
rate	0.00010262522028550489
rate	0.00011076671880451663
rate	0.00011954742120075083
rate	0.00012893037293844334
rate	0.00013897932296935456
rate	0.00015001980160522972
rate	0.0001622671583267712
rate	0.00017589796621932598
rate	0.0001907856208459894
rate	0.0002070540376911355
rate	0.00022466762739918475
rate	0.00024410037878310774
rate	0.00026537390945601577
rate	0.00028845372031388594
rate	0.00031484395316747353
rate	0.00034454963268882536
rate	0.00037649996101956316
rate	0.0004097012574393977
rate	0.00044355352830346864
rate	0.00048296882697680514
rate	0.0005249314059518601
rate	0.0005695331854235207
rate	0.0006177697967499233
rate	0.0006696599111774343
rate	0.0007245809658975929
rate	0.0007799090160781224
rate	0.0008381224613523001
rate	0.0008978924924968323
rate	0.0009588202601937858
rate	0.0010153555494546876
rate	0.0010790089177146515
rate	0.0011451401003158327
rate	0.0012140848118648254
rate	0.0012862143688978874
rate	0.0013612669407496781
rate	0.0014389474603603897
rate	0.0015189458774242173
rate	0.0016012296752492665
rate	0.001686139049634769
rate	0.0017738445108341698
rate	0.0018645610151490793
rate	0.0019584987470950034
rate	0.0020560935804238064
rate	0.00215711573821539
rate	5.9777085677559374e-05
rate	4.439014886480478e-06
rate	2.6433345598326354e-06
rate	2.054178238237896e-06
rate	1.6980006366063488e-06
rate	1.4788454624432651e-06
rate	1.3007938747296464e-06
rate	1.1501423018601537e-06
rate	1.054279658297131e-06
rate	9.584189327059326e-07
rate	9.310324827631876e-07
rate	9.173378194354609e-07
rate	9.447256392486503e-07
rate	1.0268907425546892e-06
rate	1.150143808943928e-06
rate	1.3007938747296464e-06
rate	1.4514505176040994e-06
rate	1.5610248153625628e-06
rate	1.6569067800327698e-06
rate	1.6980006366063488e-06
rate	1.780192736088856e-06
rate	1.8349859157760919e-06
rate	1.917180346066551e-06
rate	1.971976267463464e-06
rate	2.02677616458229e-06
rate	2.0952755220995357e-06
rate	2.1911769536017682e-06
rate	2.3007842899562974e-06
rate	2.396693126411531e-06
rate	2.574820939730732e-06
rate	2.725546542244485e-06
rate	2.931103863413546e-06
rate	3.1229699583115363e-06
rate	3.3696736777212886e-06
rate	3.602690017304188e-06
rate	3.876854549777713e-06
rate	4.192174419087768e-06
rate	4.56238423728002e-06
rate	4.960072759145128e-06
rate	5.426397551542552e-06
rate	5.9065243174353e-06
rate	6.482789929233782e-06
rate	7.07289857200888e-06
rate	7.745502039596964e-06
rate	8.486942859181199e-06
rate	9.25603853725751e-06
rate	1.0121553949609673e-05
rate	1.1014812853247988e-05
rate	1.2018369005622995e-05
rate	1.3049791913520992e-05
rate	1.4191672829273868e-05
rate	1.5444174064372697e-05
rate	1.6793723293652815e-05
rate	1.8157769203243238e-05
rate	1.9591500630466884e-05
rate	2.117779855130103e-05
rate	2.2958289982134225e-05
rate	2.5085352029598114e-05
rate	2.7559666146695197e-05
rate	3.035449801281757e-05
rate	3.344313514152595e-05
rate	3.681281798930201e-05
rate	4.045071935272076e-05
rate	4.423251903409269e-05
rate	4.822847890264409e-05
rate	5.2593134563714476e-05
rate	5.759407997358187e-05
rate	6.357136973674258e-05
rate	7.04891053378651e-05
rate	7.825558923632953e-05
rate	8.687869033949442e-05
rate	9.635222210679615e-05
rate	0.00010701203218803376
rate	0.0001188563547802108
rate	0.00013192900861072105
rate	0.00014613374273883336
rate	0.00016167667160471897
rate	0.00017932342044443182
rate	0.00019940675222719455
rate	0.00022182997338642175
rate	0.000247353512588152
rate	0.00027544611045964896
rate	0.00030516589388976357
rate	0.00033526497370991613
rate	0.000365705054720726
rate	0.000406481031444906
rate	0.0004510636192775119
rate	0.0004993418103319844
rate	0.0005513534719622469
rate	0.0006072657435117147
rate	0.0006666752771163826
rate	0.000729575106242112
rate	0.0007938322466442356
rate	0.0008601106839775756
rate	0.000926231868763926
rate	0.0009901219071813685
rate	0.001057604931222176
rate	0.001127421067254336
rate	0.0012000600496475011
rate	0.001276155419610332
rate	0.001355142888021381
rate	0.0014363109523928617
rate	0.0015189458774242173
rate	0.001602582356284693
rate	0.001687712089830123
rate	0.0017749182702972294
rate	0.001864939844080335
rate	0.0019584987470950034
rate	0.0020560935804238064
rate	0.002157386660549005
rate	0.0001373859792021991
rate	1.1015171649301376e-05
rate	6.2632838772675045e-06
rate	4.247021522932784e-06
rate	3.369689733622232e-06
rate	2.890004251577487e-06
rate	2.492609368555705e-06
rate	2.245985489375255e-06
rate	2.054178238237896e-06
rate	1.958281605402942e-06
rate	1.9719822994181575e-06
rate	2.0952788125528435e-06
rate	2.3418887038421123e-06
rate	2.7392514883434816e-06
rate	3.2737301327941867e-06
rate	3.890577479321535e-06
rate	4.5487015445951345e-06
rate	5.234410915948115e-06
rate	5.961447164491617e-06
rate	6.743589025287011e-06
rate	7.539670545198238e-06
rate	8.308512814529553e-06
rate	8.940228426316364e-06
rate	9.393507005355112e-06
rate	9.682003291409432e-06
rate	9.943039383052717e-06
rate	1.0245315411328113e-05
rate	1.061635571065401e-05
rate	1.1042424692383105e-05
rate	1.1537288068258036e-05
rate	1.2087239937407104e-05
rate	1.2678567943933556e-05
rate	1.3366339302104578e-05
rate	1.4123093591664866e-05
rate	1.4976400558502017e-05
rate	1.5912607427031633e-05
rate	1.69317828489199e-05
rate	1.80891183314173e-05
rate	1.938472483337241e-05
rate	2.0805036470382705e-05
rate	2.23778930070084e-05
rate	2.4117412070035588e-05
rate	2.5941080316206222e-05
rate	2.784911735389205e-05
rate	2.9855583362168106e-05
rate	3.1988396076724945e-05
rate	3.437252968915675e-05
rate	3.711936627634174e-05
rate	4.0368686372507066e-05
rate	4.402495706699007e-05
rate	4.797853642811545e-05
rate	5.2077498516439076e-05
rate	5.6308649187527666e-05
rate	6.065877345526496e-05
rate	6.514252514831036e-05
rate	6.981644537382587e-05
rate	7.466688423951469e-05
rate	7.956778953940611e-05
rate	8.456158052309613e-05
rate	8.969119427662032e-05
rate	9.490110062370357e-05
rate	0.0001002484744547116
rate	0.0001059329015908448
rate	0.00011201335106694448
rate	0.00011842146790532482
rate	0.00012521750991295296
rate	0.00013223250673408864
rate	0.00013928085718317148
rate	0.00014607344705291892
rate	0.00015257899407842922
rate	0.0001593757113239532
rate	0.00016665482072898333
rate	0.00017402605488888546
rate	0.0001813150948778739
rate	0.0001885811406982187
rate	0.00019547349611187314
rate	0.0002027859733611725
rate	0.0002119799510959767
rate	0.00022408938918051997
rate	0.00023906490737160153
rate	0.0002570380355116753
rate	0.00027683545125052654
rate	0.00029713450104494263
rate	0.00031490758408767716
rate	0.0003296557179094268
rate	0.00035348045544887706
rate	0.0003824571706038646
rate	0.00041914248892658163
rate	0.00046622529862561443
rate	0.0005228464164235057
rate	0.00058660688544542
rate	0.0006551075018613251
rate	0.0007274133237276824
rate	0.0008030850171895081
rate	0.0008824811825491545
rate	0.0009641672120475699
rate	0.0010355321694501662
rate	0.0011090808504894082
rate	0.0011855110179539038
rate	0.001265696153762241
rate	0.0013487341854707042
rate	0.0014335411556829704
rate	0.0015189458774242173
rate	0.001604010269384934
rate	0.0016893631880806582
rate	0.0017760715352294375
rate	0.001865318777875659
rate	0.0019584987470950034
rate	0.0020560935804238064
rate	0.002157386660549005
rate	0.00011055521750419047
rate	9.283683559929636e-06
rate	5.138392792767436e-06
rate	3.8494744477236926e-06
rate	2.999631202172866e-06
rate	2.5200129513228115e-06
rate	2.136376644823561e-06
rate	1.8075917932539922e-06
rate	1.5610286527270327e-06
rate	1.38297158326706e-06
rate	1.3007957930471755e-06
rate	1.314494978146678e-06
rate	1.4377672284791603e-06
rate	1.7117290169750508e-06
rate	2.09533310503623e-06
rate	2.574921882328575e-06
rate	3.054610138275798e-06
rate	3.5206723830809665e-06
rate	3.918258233751355e-06
rate	4.3021892773683975e-06
rate	4.6998681402185215e-06
rate	5.097606503576171e-06
rate	5.495404385736555e-06
rate	5.838387336068636e-06
rate	6.167685851285019e-06
rate	6.497006793579637e-06
rate	6.853833206083557e-06
rate	7.27930630160923e-06
rate	7.75975749293873e-06
rate	8.281456550039875e-06
rate	8.858189232281824e-06
rate	9.490008636599779e-06
rate	1.017695289325053e-05
rate	1.0919103500463027e-05
rate	1.1716472232633952e-05
rate	1.2569134533853868e-05
rate	1.350459154150481e-05
rate	1.4550473778435522e-05
rate	1.567931590139329e-05
rate	1.6932550117875972e-05
rate	1.8282810696109645e-05
rate	1.9744072906224433e-05
rate	2.1247711067801084e-05
rate	2.2793846531437342e-05
rate	2.4410218682532747e-05
rate	2.6083104969367468e-05
rate	2.793682184463221e-05
rate	3.0054486741736164e-05
rate	3.2491848432370005e-05
rate	3.522203910912277e-05
rate	3.8135315927839065e-05
rate	4.119078463120698e-05
rate	4.4389036894673756e-05
rate	4.774466559872732e-05
rate	5.127214039500051e-05
rate	5.490216453891139e-05
rate	5.866276134823093e-05
rate	6.252610534897255e-05
rate	6.656243880695342e-05
rate	7.07307374735971e-05
rate	7.51300159412635e-05
rate	7.959288006204455e-05
rate	8.380979444457818e-05
rate	8.759636846601511e-05
rate	9.107785508563753e-05
rate	9.43807748855882e-05
rate	9.794310625349287e-05
rate	0.00010223302252381446
rate	0.00010755098478418008
rate	0.00011370414092390886
rate	0.00012061437006861221
rate	0.00012778740124691945
rate	0.00013489518951560034
rate	0.0001414328394938019
rate	0.00014755536704447783
rate	0.00015344894200440795
rate	0.0001599515674963273
rate	0.00016790655185151566
rate	0.0001780213495264112
rate	0.00019019157581223715
rate	0.00020439299152432206
rate	0.0002196698661154127
rate	0.00023500783071329388
rate	0.0002477478069659149
rate	0.0002577155923891798
rate	0.00028052431803414843
rate	0.00030940813988110036
rate	0.00034726619781322207
rate	0.00039635023398557556
rate	0.00045531478234802313
rate	0.0005218983708618678
rate	0.0005942693370385853
rate	0.0006716959376005669
rate	0.0007545162762079282
rate	0.0008428646850956716
rate	0.0009339880922716455
rate	0.0010097519983630538
rate	0.0010875231551935845
rate	0.001168294987313839
rate	0.0012532666826844483
rate	0.001341091998544321
rate	0.0014302477829981671
rate	0.0015189458774242173
rate	0.0016057109358230226
rate	0.0016913216848111604
rate	0.0017774094909912554
rate	0.0018657790528316003
rate	0.0019584987470950034
rate	0.0020560935804238064
rate	0.002157386660549005
rate	7.727700544478708e-05
rate	4.828459032574896e-06
rate	3.1832799854144856e-06
rate	2.4925990835900523e-06
rate	2.1199315345693705e-06
rate	1.9062194622576686e-06
rate	1.7582753274088648e-06
rate	1.6158160759286086e-06
rate	1.4952812235285791e-06
rate	1.3966674799291106e-06
rate	1.3473647190560956e-06
rate	1.369280894220634e-06
rate	1.5062453412560688e-06
rate	1.8021082810608658e-06
rate	2.2185651791599412e-06
rate	2.6679701603905532e-06
rate	3.1393788757335992e-06
rate	3.5176604173031833e-06
rate	3.86309455508844e-06
rate	4.126311705468225e-06
rate	4.38955422985825e-06
rate	4.641852025982375e-06
rate	4.768009742101982e-06
rate	4.746069143126112e-06
rate	4.619914778533591e-06
rate	4.4389221840484e-06
rate	4.290846831883028e-06
rate	4.236011566817722e-06
rate	4.279892215326691e-06
rate	4.378609008061135e-06
rate	4.559600616236985e-06
rate	4.762548536750705e-06
rate	5.014886613848479e-06
rate	5.33308650189607e-06
rate	5.684241844899352e-06
rate	6.1342349869739305e-06
rate	6.650159760633855e-06
rate	7.27050124208444e-06
rate	7.973358211818663e-06
rate	8.813727226032255e-06
rate	9.76425843213723e-06
rate	1.0797579683200144e-05
rate	1.1968780995236796e-05
rate	1.3250527749142041e-05
rate	1.4659485271747346e-05
rate	1.6201372995776053e-05
rate	1.7859859932301514e-05
rate	1.9784074096876515e-05
rate	2.1946948140193622e-05
rate	2.429932128664756e-05
rate	2.6902555325576282e-05
rate	2.966327459098203e-05
rate	3.254317115155163e-05
rate	3.553709990748779e-05
rate	3.8656530470390254e-05
rate	4.19408432649998e-05
rate	4.5501918230447126e-05
rate	4.947454119689701e-05
rate	5.3944183943019044e-05
rate	5.886853173251178e-05
rate	6.412682308280325e-05
rate	6.968736752134177e-05
rate	7.558011322914823e-05
rate	8.173380824957388e-05
rate	8.815582906552715e-05
rate	9.50294442061478e-05
rate	0.00010247172940981068
rate	0.00011056715659950336
rate	0.00011927571678339529
rate	0.00012857450968330604
rate	0.00013852709739315278
rate	0.00014942982212250703
rate	0.0001615031375254667
rate	0.00017494912199078855
rate	0.00018967602493086125
rate	0.00020576951198421
rate	0.00022322918399897036
rate	0.0002425529152563959
rate	0.0002638566060866476
rate	0.0002871669352239927
rate	0.0003140392172860044
rate	0.0003443881716794043
rate	0.0003767952588887339
rate	0.00040983798860702374
rate	0.0004429386315504518
rate	0.00048210006126552245
rate	0.0005239762597713219
rate	0.000568751124804073
rate	0.0006177320571885093
rate	0.0006709151586526724
rate	0.0007270709760891977
rate	0.0007835673765864953
rate	0.0008426216926730599
rate	0.0009028672577862803
rate	0.0009633629510680395
rate	0.0010187791224448653
rate	0.0010818024600831005
rate	0.001147382155969782
rate	0.00121579537430315
rate	0.001287348690873464
rate	0.0013618521153346578
rate	0.0014390632325764162
rate	0.0015187646859480366
rate	0.0016009250273440337
rate	0.0016858197371542936
rate	0.001773598538884423
rate	0.0018644257712303088
rate	0.0019584707541417854
rate	0.0020560935804238064
rate	0.0021571097183809835
rate	5.8682956883792314e-05
rate	4.29093104454714e-06
rate	2.5583792028310165e-06
rate	1.9884205007277145e-06
rate	1.6596469462358089e-06
rate	1.440494842025709e-06
rate	1.2651849001838566e-06
rate	1.1227522901610877e-06
rate	1.0241517003444908e-06
rate	9.310308389789788e-07
rate	8.981670990476849e-07
rate	8.872113683855034e-07
rate	9.145988868302401e-07
rate	9.96763085994621e-07
rate	1.1172757948929806e-06
rate	1.2651849001838566e-06
rate	1.4185788861543765e-06
rate	1.528151868297678e-06
rate	1.6212931735179348e-06
rate	1.6596469462358089e-06
rate	1.7308793680980628e-06
rate	1.7856715608566915e-06
rate	1.8623849733802557e-06
rate	1.9171797980800554e-06
rate	1.9664988418032296e-06
rate	2.0322567443525133e-06
rate	2.1254159255722636e-06
rate	2.229540324157903e-06
rate	2.3227064163377893e-06
rate	2.49260813546356e-06
rate	2.646069789491107e-06
rate	2.843398793050816e-06
rate	3.0297767904388826e-06
rate	3.270989666984219e-06
rate	3.5012561514880423e-06
rate	3.7699270653318433e-06
rate	4.082492572913183e-06
rate	4.444460308271488e-06
rate	4.833903253903737e-06
rate	5.294719989654439e-06
rate	5.766592370907216e-06
rate	6.331851161942956e-06
rate	6.913692470137762e-06
rate	7.578019999610893e-06
rate	8.30293735249543e-06
rate	9.066487089262498e-06
rate	9.912706633099967e-06
rate	1.0797650723774928e-05
rate	1.1787377784312504e-05
rate	1.2810460860716474e-05
rate	1.3949489858336403e-05
rate	1.5193620260207145e-05
rate	1.6509989605838472e-05
rate	1.7827040955115764e-05
rate	1.9199933881505263e-05
rate	2.0717027118038038e-05
rate	2.243371799736875e-05
rate	2.4494059142285463e-05
rate	2.6920824327093462e-05
rate	2.9681783256641118e-05
rate	3.274471757982477e-05
rate	3.607746647508062e-05
rate	3.966437531198115e-05
rate	4.3406133911374466e-05
rate	4.737023523524739e-05
rate	5.169723926885751e-05
rate	5.662944152558553e-05
rate	6.24785257423724e-05
rate	6.923898788579247e-05
rate	7.684415581754524e-05
rate	8.525649833380707e-05
rate	9.448902723485776e-05
rate	0.0001049024239826878
rate	0.00011655460509742296
rate	0.00012948408513155152
rate	0.0001435086018608213
rate	0.00015884199325602323
rate	0.0001763330250313366
rate	0.00019637961725658878
rate	0.00021893529457046813
rate	0.0002448093045756752
rate	0.0002733903549610283
rate	0.00030343355543770763
rate	0.00033347016258426706
rate	0.00036350217079043104
rate	0.0004053884686331362
rate	0.0004513702981108795
rate	0.0005010799046581616
rate	0.0005546518650234038
rate	0.0006121974634611128
rate	0.0006733357004171417
rate	0.0007378090047147241
rate	0.0008035127841869488
rate	0.0008704219185695446
rate	0.000936196189088897
rate	0.00099859220862621
rate	0.00106467927088912
rate	0.0011332069295205845
rate	0.0012045755645292908
rate	0.0012793015314434195
rate	0.0013569528731520201
rate	0.0014369540262023938
rate	0.0015187646859480366
rate	0.0016020071721723748
rate	0.0016870781693105767
rate	0.0017744575464548704
rate	0.0018647288343753134
rate	0.0019584707541417854
rate	0.0020560935804238064
rate	0.002157326456247875
rate	0.00013626327053687474
rate	1.066056510310505e-05
rate	6.0904042419804565e-06
rate	4.131853277397061e-06
rate	3.2545583873122143e-06
rate	2.788596786419751e-06
rate	2.410399032919183e-06
rate	2.1692627541910533e-06
rate	1.9884205007277145e-06
rate	1.8952659808493684e-06
rate	1.9062265360615407e-06
rate	2.0267801410337997e-06
rate	2.2679034747688455e-06
rate	2.6570337463703037e-06
rate	3.177790706649778e-06
rate	3.769940738566812e-06
rate	4.406096576197997e-06
rate	5.075311686297196e-06
rate	5.788586587417326e-06
rate	6.545977636038068e-06
rate	7.325529284447969e-06
rate	8.08332672347253e-06
rate	8.704003149613992e-06
rate	9.149000835473582e-06
rate	9.429228706817466e-06
rate	9.68749288530959e-06
rate	9.989740698081246e-06
rate	1.0352500896616235e-05
rate	1.0770282068077136e-05
rate	1.1259597425900892e-05
rate	1.1803993580980278e-05
rate	1.2387008729500513e-05
rate	1.3058199339961609e-05
rate	1.3795604377141121e-05
rate	1.4632292053162327e-05
rate	1.5546350760657427e-05
rate	1.6543351141706665e-05
rate	1.768398639849285e-05
rate	1.898491574557623e-05
rate	2.0424331060930097e-05
rate	2.2019051382909457e-05
rate	2.376939067678757e-05
rate	2.556518788504128e-05
rate	2.740105099583922e-05
rate	2.9299241638602457e-05
rate	3.1304199638737e-05
rate	3.3560205070422846e-05
rate	3.621186879568654e-05
rate	3.9415654989999644e-05
rate	4.3062305425012405e-05
rate	4.7020066167018506e-05
rate	5.110643052269452e-05
rate	5.529415825166469e-05
rate	5.95558947132146e-05
rate	6.390886542361901e-05
rate	6.84430585174137e-05
rate	7.318696129169594e-05
rate	7.801756927503569e-05
rate	8.298594034965423e-05
rate	8.813240234792359e-05
rate	9.337335247977829e-05
rate	9.877169849799293e-05
rate	0.00010456119862340766
rate	0.00011082969434067621
rate	0.0001175009119893984
rate	0.00012461278911891482
rate	0.0001319451738864815
rate	0.00013924052688951707
rate	0.00014617452324512285
rate	0.00015273820595577658
rate	0.00015957884828287117
rate	0.00016687886626020316
rate	0.00017413400337695973
rate	0.00018112202478701248
rate	0.0001879475959241495
rate	0.00019419439219803164
rate	0.00020080764448267898
rate	0.0002095394004169844
rate	0.00022172418896754416
rate	0.0002372962135809426
rate	0.0002562862004443883
rate	0.0002771444261793582
rate	0.00029815682280581377
rate	0.00031597035130800477
rate	0.0003300633568404232
rate	0.0003545271500885494
rate	0.000384195034648153
rate	0.0004216568137791429
rate	0.0004698804083830483
rate	0.0005280525641122737
rate	0.0005935569879769596
rate	0.0006637916502096921
rate	0.000737933003317486
rate	0.000815169402400092
rate	0.0008956086968621533
rate	0.000977828452519171
rate	0.0010470210614715123
rate	0.001118534756108642
rate	0.0011929363391744126
rate	0.0012709341187649467
rate	0.0013518259111114787
rate	0.001434738188834481
rate	0.0015187646859480366
rate	0.0016031495026525677
rate	0.0016883990479110047
rate	0.001775380158400637
rate	0.0018650319814115725
rate	0.0019584707541417854
rate	0.0020560935804238064
rate	0.002157326456247875
rate	0.00010981689459131039
rate	9.011715698504197e-06
rate	4.987528124411829e-06
rate	3.7096475978208276e-06
rate	2.903701380488151e-06
rate	2.437801792825889e-06
rate	2.0706169330413022e-06
rate	1.7527986138301718e-06
rate	1.5171980565995543e-06
rate	1.341883071684654e-06
rate	1.2597085147058808e-06
rate	1.265189997454392e-06
rate	1.3747635831834678e-06
rate	1.621323436691086e-06
rate	1.966555600877954e-06
rate	2.4050154160002574e-06
rate	2.8435602966539735e-06
rate	3.2766901297050215e-06
rate	3.649564603185462e-06
rate	4.011520717033618e-06
rate	4.3954445851395255e-06
rate	4.779423956986818e-06
rate	5.163458849111134e-06
rate	5.492681738131892e-06
rate	5.810962571225896e-06
rate	6.134751892839073e-06
rate	6.480552238936502e-06
rate	6.903222181453837e-06
rate	7.380861749057919e-06
rate	7.907980888753389e-06
rate	8.490128334854779e-06
rate	9.121862791220905e-06
rate	9.803218574056916e-06
rate	1.0523277531085833e-05
rate	1.1293035050604131e-05
rate	1.210705918734849e-05
rate	1.3009341635906837e-05
rate	1.4022005381592333e-05
rate	1.5128600977123386e-05
rate	1.63678088777646e-05
rate	1.7706766093679955e-05
rate	1.915117478394017e-05
rate	2.0602062825797008e-05
rate	2.2059489969541184e-05
rate	2.35566466522926e-05
rate	2.509357255330046e-05
rate	2.682491849646487e-05
rate	2.8855913025465234e-05
rate	3.125896086442456e-05
rate	3.40017879589253e-05
rate	3.6935975619965984e-05
rate	4.000122248808667e-05
rate	4.3186953961025296e-05
rate	4.649374631699822e-05
rate	4.994428922660092e-05
rate	5.348316610676e-05
rate	5.716628981630082e-05
rate	6.0988305483196566e-05
rate	6.503920144959462e-05
rate	6.925294064398753e-05
rate	7.373707698546221e-05
rate	7.827940817877217e-05
rate	8.250841270270357e-05
rate	8.619707254421127e-05
rate	8.951261256757949e-05
rate	9.258976769396792e-05
rate	9.594830115851507e-05
rate	0.0001001384614620725
rate	0.00010554916709806339
rate	0.0001119603810033228
rate	0.00011922098596960742
rate	0.00012670878302873607
rate	0.0001339662017773818
rate	0.0001403863109694232
rate	0.00014617131967960235
rate	0.00015157833545891196
rate	0.00015762952080827902
rate	0.00016535942474941613
rate	0.0001756985355703482
rate	0.00018848645739175888
rate	0.0002036053239963278
rate	0.00021979446220929516
rate	0.00023574469068270178
rate	0.0002487158871485273
rate	0.0002585789125860532
rate	0.0002833603943410171
rate	0.00031421772182753664
rate	0.00035389250926064496
rate	0.0004047195509931021
rate	0.0004654826587165534
rate	0.0005338301662589369
rate	0.0006079387315522367
rate	0.0006873348568463203
rate	0.000772037664267436
rate	0.0008617906605425825
rate	0.0009536851566984315
rate	0.0010263969246018224
rate	0.0011012885998719832
rate	0.0011791635146623611
rate	0.0012609905419027126
rate	0.0013457121615703719
rate	0.0014321034906866383
rate	0.0015187646859480366
rate	0.0016045100358030387
rate	0.0016899658452954067
rate	0.0017764505230100913
rate	0.0018654002013763257
rate	0.0019584707541417854
rate	0.0020560935804238064
rate	0.002157326456247875
rate	7.593300609517508e-05
rate	4.6693741479634534e-06
rate	3.0791166582559246e-06
rate	2.4240887563986748e-06
rate	2.0623909230417902e-06
rate	1.8541630768298562e-06
rate	1.7089614659586756e-06
rate	1.574723453007669e-06
rate	1.4569298356688446e-06
rate	1.3555781461447835e-06
rate	1.2980582584595993e-06
rate	1.314495389833003e-06
rate	1.4514570960309228e-06
rate	1.755533379508828e-06
rate	2.177463508397456e-06
rate	2.6378241078398953e-06
rate	3.114709725764546e-06
rate	3.5012120942387105e-06
rate	3.849385903407792e-06
rate	4.115343740691408e-06
rate	4.381327473552372e-06
rate	4.639109526658849e-06
rate	4.768009742101982e-06
rate	4.737841315483144e-06
rate	4.595232284605526e-06
rate	4.397787166410331e-06
rate	4.2387450855025105e-06
rate	4.170199823172631e-06
rate	4.203110309554357e-06
rate	4.304566717636091e-06
rate	4.488295990551769e-06
rate	4.688495862076676e-06
rate	4.932598032855565e-06
rate	5.2398148964545035e-06
rate	5.585470808607029e-06
rate	6.018982476492407e-06
rate	6.529396037651131e-06
rate	7.138728615673897e-06
rate	7.830567306581192e-06
rate	8.659904577860247e-06
rate	9.599390558241784e-06
rate	1.0621653522150435e-05
rate	1.1781778714369683e-05
rate	1.3052431813785383e-05
rate	1.4453028489506275e-05
rate	1.598102725344386e-05
rate	1.7631111998607086e-05
rate	1.954964897876693e-05
rate	2.1723379130046065e-05
rate	2.410871220079558e-05
rate	2.6744947755952877e-05
rate	2.9527651782770385e-05
rate	3.240740560198752e-05
rate	3.535957675086246e-05
rate	3.8420483699363374e-05
rate	4.162665428791756e-05
rate	4.511770920582924e-05
rate	4.905073383316616e-05
rate	5.352527040466366e-05
rate	5.849643274290031e-05
rate	6.381848758060674e-05
rate	6.94261583781886e-05
rate	7.534930610885212e-05
rate	8.152787313586238e-05
rate	8.797486086851597e-05
rate	9.48707002777394e-05
rate	0.00010231823853411648
rate	0.0001103675943944901
rate	0.00011900401236603977
rate	0.00012821864642816874
rate	0.00013807487181695098
rate	0.00014883984263978434
rate	0.0001607391167241622
rate	0.0001740002777622511
rate	0.0001885664290157331
rate	0.0002044849862772845
rate	0.00022179074059875596
rate	0.00024100545172968404
rate	0.0002623393027172794
rate	0.00028588015013409946
rate	0.0003132344814045353
rate	0.0003442267106699832
rate	0.0003770905567579046
rate	0.0004099747197746498
rate	0.000442323734797435
rate	0.00048123129555423976
rate	0.0005230211135907835
rate	0.0005679690641846254
rate	0.0006176943176270953
rate	0.0006721704061279105
rate	0.0007295609862808024
rate	0.0007872257370948682
rate	0.0008471209239938196
rate	0.0009078420230757282
rate	0.0009679056419422933
rate	0.001022202695435043
rate	0.0010845960024515496
rate	0.001149624211623731
rate	0.0012175059367414748
rate	0.0012884830128490404
rate	0.0013624372899196375
rate	0.001439179004792443
rate	0.0015185834944718558
rate	0.001600620379438801
rate	0.0016855004246738182
rate	0.0017733525669346758
rate	0.0018642905273115384
rate	0.001958442761188567
rate	0.0020560935804238064
rate	0.002157103698546577
rate	5.7588828090025253e-05
rate	4.142847202613803e-06
rate	2.473423845829398e-06
rate	1.9226627632175324e-06
rate	1.621293255865269e-06
rate	1.402144221608153e-06
rate	1.2295759256380668e-06
rate	1.0953622784620214e-06
rate	9.940237423918506e-07
rate	9.036427452520249e-07
rate	8.65301715332182e-07
rate	8.57084917335546e-07
rate	8.844721344118298e-07
rate	9.66635429434553e-07
rate	1.0844077808420333e-06
rate	1.2295759256380668e-06
rate	1.3857072547046537e-06
rate	1.4952789212327934e-06
rate	1.5856795670030997e-06
rate	1.621293255865269e-06
rate	1.68156600010727e-06
rate	1.7363572059372912e-06
rate	1.8075896006939602e-06
rate	1.8623833286966463e-06
rate	1.9062215190241687e-06
rate	1.969237966605491e-06
rate	2.059654897542759e-06
rate	2.1582963583595094e-06
rate	2.248719706264047e-06
rate	2.4103953311963888e-06
rate	2.5665930367377287e-06
rate	2.755693722688086e-06
rate	2.936583622566229e-06
rate	3.1723056562471493e-06
rate	3.3998222856718965e-06
rate	3.6629995808859737e-06
rate	3.972810726738598e-06
rate	4.3265363792629545e-06
rate	4.707733748662347e-06
rate	5.1630424277663245e-06
rate	5.626660424379133e-06
rate	6.180912394652129e-06
rate	6.754486368266643e-06
rate	7.410537959624823e-06
rate	8.118931845809662e-06
rate	8.876935641267488e-06
rate	9.703859316590263e-06
rate	1.058048859430187e-05
rate	1.1556386563002014e-05
rate	1.2571129807911955e-05
rate	1.3707306887398937e-05
rate	1.4943066456041593e-05
rate	1.6226255918024128e-05
rate	1.7496312706988294e-05
rate	1.8808367132543645e-05
rate	2.0256255684775046e-05
rate	2.190914601260328e-05
rate	2.3902766254972812e-05
rate	2.628198250749172e-05
rate	2.9009068500464666e-05
rate	3.204630001812358e-05
rate	3.5342114960859234e-05
rate	3.887803127124154e-05
rate	4.257974878865624e-05
rate	4.6511991567850684e-05
rate	5.080134397400054e-05
rate	5.5664803077589185e-05
rate	6.138568174800222e-05
rate	6.798887043371987e-05
rate	7.543272239876095e-05
rate	8.363430632811972e-05
rate	9.262583236291938e-05
rate	0.00010279281577734185
rate	0.00011425285541463513
rate	0.00012703916165238198
rate	0.00014088346098280928
rate	0.00015600731490732745
rate	0.00017334262961824135
rate	0.00019335248228598297
rate	0.00021604061575451451
rate	0.0002422650965631984
rate	0.0002713345994624077
rate	0.0003017012169856517
rate	0.00033167535145861804
rate	0.00036129928686013605
rate	0.0004042959058213665
rate	0.0004516769769442471
rate	0.0005028179989843388
rate	0.0005579502580845606
rate	0.000617129183410511
rate	0.0006799961237179006
rate	0.0007460429031873363
rate	0.000813193321729662
rate	0.0008807331531615135
rate	0.000946160509413868
rate	0.0010070625100710513
rate	0.001071753610556064
rate	0.001138992791786833
rate	0.0012090910794110804
rate	0.001282447643276507
rate	0.001358762858282659
rate	0.0014375971000119261
rate	0.0015185834944718558
rate	0.0016014319880600567
rate	0.0016864442487910304
rate	0.0017739968226125114
rate	0.001864517824670292
rate	0.001958442761188567
rate	0.0020560935804238064
rate	0.0021572662519467457
rate	0.00013514056187155035
rate	1.0305958556908724e-05
rate	5.9175246066934085e-06
rate	4.016685031861337e-06
rate	3.1394270410021965e-06
rate	2.687189321262015e-06
rate	2.328188697282661e-06
rate	2.092540019006851e-06
rate	1.9226627632175324e-06
rate	1.8322503562957946e-06
rate	1.840470772704924e-06
rate	1.9582814695147554e-06
rate	2.1939182456955782e-06
rate	2.5748160043971267e-06
rate	3.081851280505369e-06
rate	3.6493039978120885e-06
rate	4.263491607800859e-06
rate	4.916212456646277e-06
rate	5.615726010343036e-06
rate	6.3483662467891245e-06
rate	7.1113880236977e-06
rate	7.858140632415506e-06
rate	8.467777872911619e-06
rate	8.904494665592052e-06
rate	9.1764541222255e-06
rate	9.431946387566465e-06
rate	9.734165984834381e-06
rate	1.0088646082578461e-05
rate	1.0498139443771168e-05
rate	1.0981906783543747e-05
rate	1.1520747224553454e-05
rate	1.209544951506747e-05
rate	1.275005937781864e-05
rate	1.3468115162617376e-05
rate	1.4288183547822638e-05
rate	1.5180094094283223e-05
rate	1.6154919434493433e-05
rate	1.72788544655684e-05
rate	1.858510665778005e-05
rate	2.004362565147749e-05
rate	2.1660209758810513e-05
rate	2.3421369283539554e-05
rate	2.5189295453876336e-05
rate	2.6952984637786387e-05
rate	2.8742899915036804e-05
rate	3.062000320074906e-05
rate	3.2747880451688936e-05
rate	3.530437131503134e-05
rate	3.846262360749223e-05
rate	4.209965378303474e-05
rate	4.6061595905921564e-05
rate	5.0135362528949975e-05
rate	5.427966731580171e-05
rate	5.845301597116425e-05
rate	6.267520569892766e-05
rate	6.706967166100155e-05
rate	7.170703834387718e-05
rate	7.646734901066528e-05
rate	8.141030017621233e-05
rate	8.657361041922686e-05
rate	9.184560433585302e-05
rate	9.729492254127428e-05
rate	0.00010318949565597051
rate	0.00010964603761440795
rate	0.00011658035607347198
rate	0.0001240080683248767
rate	0.00013165784103887437
rate	0.00013920019659586266
rate	0.00014627559943732678
rate	0.00015289741783312393
rate	0.00015978198524178915
rate	0.000167102911791423
rate	0.000174241951865034
rate	0.00018092895469615109
rate	0.00018731405115008035
rate	0.00019291528828419013
rate	0.00019882931560418548
rate	0.0002070988497379921
rate	0.00021935898875456833
rate	0.0002355275197902837
rate	0.0002555343653771013
rate	0.0002774534011081899
rate	0.0002991791445666849
rate	0.00031703311852833237
rate	0.00033047099577141967
rate	0.0003555738447282217
rate	0.00038593289869244145
rate	0.00042417113863170414
rate	0.0004735355181404821
rate	0.0005332587118010418
rate	0.0006005070905084991
rate	0.0006724757985580593
rate	0.0007484526829072898
rate	0.0008272537876106759
rate	0.0009087362111751521
rate	0.0009914896929907723
rate	0.0010585099534928585
rate	0.0011279886617278762
rate	0.0012003616603949217
rate	0.0012761720837676524
rate	0.0013549176367522531
rate	0.0014359352219859914
rate	0.0015185834944718558
rate	0.0016022887359202014
rate	0.0016874349077413515
rate	0.0017746887815718365
rate	0.0018647451849474863
rate	0.001958442761188567
rate	0.0020560935804238064
rate	0.0021572662519467457
rate	0.0001090785716784303
rate	8.739747837078759e-06
rate	4.836663456056223e-06
rate	3.5698207479179627e-06
rate	2.807771558803436e-06
rate	2.355590634328966e-06
rate	2.0048572212590436e-06
rate	1.6980054344063517e-06
rate	1.473367460472076e-06
rate	1.3007945601022482e-06
rate	1.218621236364586e-06
rate	1.215885016762106e-06
rate	1.3117599378877754e-06
rate	1.5309178564071217e-06
rate	1.8377780967196783e-06
rate	2.2351089496719395e-06
rate	2.6325104550321493e-06
rate	3.0327078763290765e-06
rate	3.3808709726195684e-06
rate	3.7208521566988385e-06
rate	4.091021030060528e-06
rate	4.461241410397466e-06
rate	4.831513312485713e-06
rate	5.146976140195148e-06
rate	5.454239291166772e-06
rate	5.772496992098509e-06
rate	6.107271271789446e-06
rate	6.527138061298444e-06
rate	7.001966005177108e-06
rate	7.534505227466901e-06
rate	8.122067437427734e-06
rate	8.753716945842032e-06
rate	9.429484254863301e-06
rate	1.0127451561708639e-05
rate	1.086959786857431e-05
rate	1.164498384084311e-05
rate	1.2514091730308864e-05
rate	1.3493536984749145e-05
rate	1.457788605285348e-05
rate	1.5803067637653234e-05
rate	1.7130721491250265e-05
rate	1.8558276661655907e-05
rate	1.9956414583792928e-05
rate	2.1325133407645025e-05
rate	2.2703074622052447e-05
rate	2.410404013723345e-05
rate	2.571301514829753e-05
rate	2.7657339309194304e-05
rate	3.0026073296479112e-05
rate	3.278153680872784e-05
rate	3.5736635312092896e-05
rate	3.881166034496635e-05
rate	4.198487102737683e-05
rate	4.5242827035269124e-05
rate	4.861643805820133e-05
rate	5.2064167674608615e-05
rate	5.566981828437072e-05
rate	5.945050561742059e-05
rate	6.35159640922358e-05
rate	6.777514381437795e-05
rate	7.234413802966093e-05
rate	7.696593629549978e-05
rate	8.120703096082898e-05
rate	8.479777662240742e-05
rate	8.794737004952144e-05
rate	9.079876050234763e-05
rate	9.395349606353728e-05
rate	9.804390040033054e-05
rate	0.0001035473494119467
rate	0.00011021662108273673
rate	0.00011782760187060263
rate	0.0001256301648105527
rate	0.00013303721403916323
rate	0.00013933978244504448
rate	0.0001447872723147269
rate	0.00014970772891341596
rate	0.00015530747412023071
rate	0.00016281229764731662
rate	0.0001733757216142852
rate	0.0001867813389712806
rate	0.00020281765646833352
rate	0.0002199190583031776
rate	0.00023648155065210969
rate	0.0002496839673311397
rate	0.0002594422327829266
rate	0.00028619647064788574
rate	0.00031902730377397293
rate	0.0003605188207080678
rate	0.0004130888680006286
rate	0.00047565053508508365
rate	0.000545761961656006
rate	0.0006216081260658879
rate	0.0007029737760920736
rate	0.000789559052326944
rate	0.0008807166359894932
rate	0.0009733822211252176
rate	0.0010430418508405909
rate	0.001115054044550382
rate	0.0011900320420108832
rate	0.001268714401120977
rate	0.001350332324596423
rate	0.0014339591983751094
rate	0.0015185834944718558
rate	0.0016033091357830545
rate	0.001688610005779653
rate	0.0017754915550289273
rate	0.001865021349921051
rate	0.001958442761188567
rate	0.0020560935804238064
rate	0.0021572662519467457
rate	7.458900674556309e-05
rate	4.510289263352011e-06
rate	2.9749533310973636e-06
rate	2.3555784292072973e-06
rate	2.0048503115142095e-06
rate	1.802106691402044e-06
rate	1.6596476045084864e-06
rate	1.5336308300867297e-06
rate	1.4185784478091101e-06
rate	1.3144888123604563e-06
rate	1.248751797863103e-06
rate	1.2597098854453722e-06
rate	1.396668850805777e-06
rate	1.7089584779567899e-06
rate	2.1363618376349706e-06
rate	2.6076780552892378e-06
rate	3.0900405757954927e-06
rate	3.484763771174238e-06
rate	3.835677251727146e-06
rate	4.104375775914591e-06
rate	4.373100717246494e-06
rate	4.636367027335323e-06
rate	4.768009742101982e-06
rate	4.729613487840175e-06
rate	4.570549790677461e-06
rate	4.356652148772261e-06
rate	4.186643339121993e-06
rate	4.104388079527539e-06
rate	4.126328403782024e-06
rate	4.230524427211046e-06
rate	4.416991364866553e-06
rate	4.614443187402646e-06
rate	4.850309451862649e-06
rate	5.146543291012936e-06
rate	5.4866997723147066e-06
rate	5.903729966010884e-06
rate	6.4086323146684065e-06
rate	7.006955989263354e-06
rate	7.687776401343723e-06
rate	8.506081929688238e-06
rate	9.434522684346339e-06
rate	1.0445727361100726e-05
rate	1.1594776433502569e-05
rate	1.2854335878428726e-05
rate	1.4246571707265202e-05
rate	1.576068151111167e-05
rate	1.740236406491266e-05
rate	1.9315223860657344e-05
rate	2.149981011989851e-05
rate	2.3918103114943596e-05
rate	2.658734018632947e-05
rate	2.939202897455874e-05
rate	3.227164005242341e-05
rate	3.518205359423713e-05
rate	3.81844369283365e-05
rate	4.131246531083532e-05
rate	4.473350018121136e-05
rate	4.862692646943531e-05
rate	5.3106356866308276e-05
rate	5.812433375328884e-05
rate	6.351015207841024e-05
rate	6.916494923503544e-05
rate	7.511849898855601e-05
rate	8.132193802215087e-05
rate	8.779389267150478e-05
rate	9.471195634933102e-05
rate	0.00010216474765842227
rate	0.00011016803218947684
rate	0.00011873230794868423
rate	0.00012786278317303146
rate	0.00013762264624074918
rate	0.00014824986315706168
rate	0.0001599750959228577
rate	0.00017305143353371364
rate	0.00018745683310060493
rate	0.000203200460570359
rate	0.00022035229719854154
rate	0.0002394579882029722
rate	0.00026082199934791123
rate	0.00028459336504420616
rate	0.0003124297455230661
rate	0.00034406524966056214
rate	0.0003773858546270753
rate	0.0004101114509422759
rate	0.00044170883804441817
rate	0.000480362529842957
rate	0.0005220659674102453
rate	0.0005671870035651777
rate	0.0006176565780656814
rate	0.0006734256536031486
rate	0.0007320509964724071
rate	0.0007908840976032411
rate	0.0008516201553145795
rate	0.0009128167883651762
rate	0.0009724483328165471
rate	0.0010256262684252204
rate	0.0010873895448199986
rate	0.0011518662672776801
rate	0.0012192164991797997
rate	0.0012896173348246169
rate	0.001363022464504617
rate	0.0014392947770084695
rate	0.0015184023029956749
rate	0.001600315731533568
rate	0.0016851811121933425
rate	0.0017731065949849287
rate	0.001864155283392768
rate	0.0019584147682353485
rate	0.0020560935804238064
rate	0.0021570976787121704
rate	5.649469929625819e-05
rate	3.994763360680465e-06
rate	2.388468488827779e-06
rate	1.8569050257073503e-06
rate	1.582939565494729e-06
rate	1.363793601190597e-06
rate	1.193966951092277e-06
rate	1.0679722667629551e-06
rate	9.638957844392105e-07
rate	8.762546515250711e-07
rate	8.324363316166792e-07
rate	8.269584662855885e-07
rate	8.543453819934195e-07
rate	9.365077728744847e-07
rate	1.051539766791086e-06
rate	1.193966951092277e-06
rate	1.3528356232549306e-06
rate	1.4624059741679086e-06
rate	1.550065960488265e-06
rate	1.582939565494729e-06
rate	1.632252632116477e-06
rate	1.6870428510178906e-06
rate	1.7527942280076646e-06
rate	1.8075868593132374e-06
rate	1.8459441962451078e-06
rate	1.9062191888584685e-06
rate	1.9938938695132543e-06
rate	2.0870523925611153e-06
rate	2.174732996190305e-06
rate	2.3281825269292167e-06
rate	2.4871162839843503e-06
rate	2.667988652325356e-06
rate	2.843390454693575e-06
rate	3.07362164551008e-06
rate	3.2983884198557507e-06
rate	3.556072096440104e-06
rate	3.863128880564014e-06
rate	4.208612450254422e-06
rate	4.581564243420955e-06
rate	5.03136486587821e-06
rate	5.48672847785105e-06
rate	6.029973627361303e-06
rate	6.595280266395524e-06
rate	7.243055919638752e-06
rate	7.934926339123891e-06
rate	8.687384193272477e-06
rate	9.495012000080559e-06
rate	1.036332646482881e-05
rate	1.1325395341691524e-05
rate	1.2331798755107435e-05
rate	1.346512391646147e-05
rate	1.469251265187604e-05
rate	1.5942522230209784e-05
rate	1.716558445886082e-05
rate	1.8416800383582024e-05
rate	1.9795484251512054e-05
rate	2.138457402783781e-05
rate	2.331147336766016e-05
rate	2.5643140687889983e-05
rate	2.833635374428821e-05
rate	3.13478824564224e-05
rate	3.4606763446637845e-05
rate	3.809168723050193e-05
rate	4.175336366593802e-05
rate	4.5653747900453975e-05
rate	4.9905448679143566e-05
rate	5.4700164629592844e-05
rate	6.029283775363204e-05
rate	6.673875298164725e-05
rate	7.402128897997665e-05
rate	8.201211432243237e-05
rate	9.076263749098099e-05
rate	0.00010068320757199589
rate	0.00011195110573184728
rate	0.00012459423817321244
rate	0.0001382583201047972
rate	0.00015317263655863168
rate	0.0001703522342051461
rate	0.00019032534731537717
rate	0.0002131459369385609
rate	0.0002397208885507216
rate	0.00026927884396378706
rate	0.0002999688785335958
rate	0.000329880540332969
rate	0.00035909640292984107
rate	0.00040320334300959673
rate	0.0004519836557776147
rate	0.0005045560933105161
rate	0.0005612486511457175
rate	0.0006220609033599091
rate	0.0006866565470186595
rate	0.0007542768016599484
rate	0.0008228738592723753
rate	0.0008910443877534824
rate	0.0009561248297388389
rate	0.0010155328115158929
rate	0.0010788279502230082
rate	0.0011447786540530814
rate	0.0012136065942928698
rate	0.0012855937551095947
rate	0.0013605728434132982
rate	0.0014382401738214584
rate	0.0015184023029956749
rate	0.0016008568039477388
rate	0.001685810328271484
rate	0.0017735360987701527
rate	0.0018643068149652702
rate	0.0019584147682353485
rate	0.0020560935804238064
rate	0.0021572060476456162
rate	0.00013401785320622597
rate	9.9513520107124e-06
rate	5.74464497140636e-06
rate	3.901516786325613e-06
rate	3.0242956946921782e-06
rate	2.5857818561042784e-06
rate	2.2459783616461383e-06
rate	2.015817283822649e-06
rate	1.8569050257073503e-06
rate	1.769234731742221e-06
rate	1.774715009348307e-06
rate	1.8897827979957112e-06
rate	2.119933016622311e-06
rate	2.492598262423949e-06
rate	2.9859118543609602e-06
rate	3.528667257057365e-06
rate	4.1208866394037215e-06
rate	4.757113226995358e-06
rate	5.442865433268745e-06
rate	6.150754857540182e-06
rate	6.89724676294743e-06
rate	7.632954541358483e-06
rate	8.231552596209246e-06
rate	8.65998849571052e-06
rate	8.923679537633533e-06
rate	9.17639988982334e-06
rate	9.478591271587514e-06
rate	9.824791268540686e-06
rate	1.0225996819465199e-05
rate	1.0704216141186601e-05
rate	1.1237500868126628e-05
rate	1.1803890300634427e-05
rate	1.244191941567567e-05
rate	1.314062594809363e-05
rate	1.3944075042482948e-05
rate	1.4813837427909017e-05
rate	1.5766487727280198e-05
rate	1.687372253264395e-05
rate	1.8185297569983868e-05
rate	1.966292024202488e-05
rate	2.130136813471157e-05
rate	2.3073347890291537e-05
rate	2.4813403022711396e-05
rate	2.6504918279733553e-05
rate	2.8186558191471155e-05
rate	2.9935806762761123e-05
rate	3.193555583295503e-05
rate	3.4396873834376136e-05
rate	3.7509592224984814e-05
rate	4.1137002141057076e-05
rate	4.510312564482463e-05
rate	4.916429453520543e-05
rate	5.3265176379938736e-05
rate	5.7350137229113894e-05
rate	6.144154597423633e-05
rate	6.569628480458938e-05
rate	7.022711539605844e-05
rate	7.491712874629488e-05
rate	7.983466000277044e-05
rate	8.501481849053011e-05
rate	9.031785619192774e-05
rate	9.581814658455563e-05
rate	0.00010181779268853336
rate	0.00010846238088813969
rate	0.00011565980015754555
rate	0.0001234033475308386
rate	0.00013137050819126724
rate	0.00013915986630220822
rate	0.0001463766756295307
rate	0.0001530566297104713
rate	0.00015998512220070712
rate	0.00016732695732264282
rate	0.00017434990035310828
rate	0.00018073588460528966
rate	0.00018668050637601116
rate	0.00019163618437034863
rate	0.00019685098672569197
rate	0.00020465829905899976
rate	0.00021699378854159252
rate	0.00023375882599962477
rate	0.0002547825303098143
rate	0.0002777623760370216
rate	0.00030020146632755605
rate	0.00031809588574866
rate	0.00033087863470241606
rate	0.00035662053936789403
rate	0.00038767076273672985
rate	0.0004266854634842654
rate	0.00047719062789791596
rate	0.0005384648594898099
rate	0.0006074571930400388
rate	0.0006811599469064264
rate	0.0007589723624970936
rate	0.0008393381728212598
rate	0.0009218637254881509
rate	0.0010051509334623734
rate	0.0010699988455142044
rate	0.0011374425673471103
rate	0.0012077869816154308
rate	0.0012814100487703582
rate	0.0013580093623930276
rate	0.0014371322551375019
rate	0.0015184023029956749
rate	0.0016014279691878351
rate	0.001686470767571698
rate	0.0017739974047430358
rate	0.0018644583884833998
rate	0.0019584147682353485
rate	0.0020560935804238064
rate	0.0021572060476456162
rate	0.00010834024876555022
rate	8.46777997565332e-06
rate	4.685798787700616e-06
rate	3.4299938980150982e-06
rate	2.711841737118721e-06
rate	2.2733794758320433e-06
rate	1.939097509476785e-06
rate	1.6432122549825313e-06
rate	1.4295368643445977e-06
rate	1.259706048519842e-06
rate	1.1775339580232912e-06
rate	1.16658003606982e-06
rate	1.2487562925920829e-06
rate	1.440512276123157e-06
rate	1.7090005925614023e-06
rate	2.0652024833436217e-06
rate	2.4214606134103254e-06
rate	2.7887256229531315e-06
rate	3.1121773420536746e-06
rate	3.430183596364058e-06
rate	3.786597474981531e-06
rate	4.143058863808112e-06
rate	4.49956777586029e-06
rate	4.8012705422584045e-06
rate	5.097516011107648e-06
rate	5.410242091357946e-06
rate	5.73399030464239e-06
rate	6.15105394114305e-06
rate	6.623070261296297e-06
rate	7.161029566180413e-06
rate	7.754006540000689e-06
rate	8.385571100463158e-06
rate	9.055749935669686e-06
rate	9.731625592331443e-06
rate	1.0446160686544489e-05
rate	1.1182908494337731e-05
rate	1.2018841824710891e-05
rate	1.2965068587905956e-05
rate	1.4027171128583573e-05
rate	1.523832639754186e-05
rate	1.6554676888820576e-05
rate	1.7965378539371643e-05
rate	1.9310766341788848e-05
rate	2.0590776845748863e-05
rate	2.1849502591812295e-05
rate	2.3114507721166436e-05
rate	2.4601111800130186e-05
rate	2.645876559292337e-05
rate	2.8793185728533668e-05
rate	3.156128565853038e-05
rate	3.453729500421981e-05
rate	3.7622098201846035e-05
rate	4.078278809372836e-05
rate	4.3991907753540026e-05
rate	4.7288586889801736e-05
rate	5.064516924245722e-05
rate	5.4173346752440615e-05
rate	5.791270575164461e-05
rate	6.1992726734877e-05
rate	6.629734698476838e-05
rate	7.095119907385966e-05
rate	7.56524644122274e-05
rate	7.990564921895435e-05
rate	8.339848070060358e-05
rate	8.638212753146339e-05
rate	8.900775331072734e-05
rate	9.195869096855947e-05
rate	9.594933933858859e-05
rate	0.00010154553172583
rate	0.00010847286116215066
rate	0.00011643421777159782
rate	0.00012455154659236936
rate	0.00013210822630094465
rate	0.00013829325392066577
rate	0.00014340322494985143
rate	0.00014783712236792
rate	0.0001529854274321824
rate	0.0001602651705452171
rate	0.0001710529076582222
rate	0.00018507622055080234
rate	0.00020202998894033926
rate	0.00022004365439706007
rate	0.00023721841062151761
rate	0.0002506520475137521
rate	0.0002603055529798
rate	0.00028903254695475443
rate	0.0003238368857204092
rate	0.0003671451321554907
rate	0.00042145818500815516
rate	0.00048581841145361397
rate	0.000557693757053075
rate	0.0006352775205795392
rate	0.000718612695337827
rate	0.0008070804403864519
rate	0.0008996426114364041
rate	0.0009930792855520037
rate	0.0010596867770793594
rate	0.0011288194892287808
rate	0.001200900569359405
rate	0.0012764382603392412
rate	0.001354952487622474
rate	0.0014358149060635806
rate	0.0015184023029956749
rate	0.0016021082357630706
rate	0.0016872541662638991
rate	0.001774532587047763
rate	0.0018646424984657764
rate	0.0019584147682353485
rate	0.0020560935804238064
rate	0.0021572060476456162
rate	7.32450073959511e-05
rate	4.351204378740569e-06
rate	2.8707900039388026e-06
rate	2.2870681020159198e-06
rate	1.947309699986629e-06
rate	1.750050305974232e-06
rate	1.6103337430582972e-06
rate	1.49253820716579e-06
rate	1.3802270599493756e-06
rate	1.2733994785761291e-06
rate	1.1994453372666067e-06
rate	1.2049243810577413e-06
rate	1.3418806055806308e-06
rate	1.6623835764047518e-06
rate	2.0952601668724852e-06
rate	2.57753200273858e-06
rate	3.06537142582644e-06
rate	3.4683154481097653e-06
rate	3.821968600046498e-06
rate	4.093407811137774e-06
rate	4.364873960940616e-06
rate	4.633624528011796e-06
rate	4.768009742101982e-06
rate	4.721385660197207e-06
rate	4.545867296749396e-06
rate	4.315517131134191e-06
rate	4.134541592741475e-06
rate	4.038576335882448e-06
rate	4.049546498009691e-06
rate	4.156482136786001e-06
rate	4.345686739181337e-06
rate	4.540390512728616e-06
rate	4.768020870869734e-06
rate	5.0532716855713695e-06
rate	5.3879287360223834e-06
rate	5.788477455529361e-06
rate	6.287868591685682e-06
rate	6.875183362852811e-06
rate	7.544985496106253e-06
rate	8.35225928151623e-06
rate	9.269654810450893e-06
rate	1.0269801200051017e-05
rate	1.1407774152635456e-05
rate	1.2656239943072068e-05
rate	1.404011492502413e-05
rate	1.5540335768779476e-05
rate	1.7173616131218232e-05
rate	1.908079874254776e-05
rate	2.1276241109750957e-05
rate	2.3727494029091614e-05
rate	2.6429732616706064e-05
rate	2.9256406166347096e-05
rate	3.2135874502859304e-05
rate	3.5004530437611795e-05
rate	3.794839015730962e-05
rate	4.0998276333753076e-05
rate	4.434929115659347e-05
rate	4.820311910570446e-05
rate	5.2687443327952886e-05
rate	5.775223476367737e-05
rate	6.320181657621374e-05
rate	6.890374009188227e-05
rate	7.488769186825991e-05
rate	8.111600290843937e-05
rate	8.76129244744936e-05
rate	9.455321242092264e-05
rate	0.00010201125678272805
rate	0.00010996846998446358
rate	0.0001184606035313287
rate	0.00012750691991789416
rate	0.00013717042066454737
rate	0.00014765988367433902
rate	0.00015921107512155322
rate	0.0001721025893051762
rate	0.00018634723718547678
rate	0.0002019159348634335
rate	0.00021891385379832712
rate	0.00023791052467626034
rate	0.00025930469597854305
rate	0.00028330657995431286
rate	0.000311625009641597
rate	0.00034390378865114103
rate	0.0003776811524962461
rate	0.0004102481821099019
rate	0.00044109394129140136
rate	0.00047949376413167433
rate	0.0005211108212297069
rate	0.00056640494294573
rate	0.0006176188385042674
rate	0.0006746809010783866
rate	0.0007345410066640119
rate	0.000794542458111614
rate	0.0008561193866353393
rate	0.0009177915536546241
rate	0.0009769910236908008
rate	0.001029049841415398
rate	0.0010901830871884474
rate	0.0011541083229316294
rate	0.0012209270616181244
rate	0.0012907516568001934
rate	0.0013636076390895965
rate	0.0014394105492244963
rate	0.001518221111519494
rate	0.0016000110836283353
rate	0.0016848617997128668
rate	0.0017728606230351818
rate	0.0018640200394739975
rate	0.0019583867752821305
rate	0.0020560935804238064
rate	0.002157091658877764
rate	5.540057050249113e-05
rate	3.846679518747127e-06
rate	2.3035131318261607e-06
rate	1.7911472881971682e-06
rate	1.5445858751241891e-06
rate	1.325442980773041e-06
rate	1.1583579765464875e-06
rate	1.040582255063889e-06
rate	9.337678264865705e-07
rate	8.488665577981172e-07
rate	7.995709479011765e-07
rate	7.96832015235631e-07
rate	8.242186295750092e-07
rate	9.063801163144165e-07
rate	1.0186717527401388e-06
rate	1.1583579765464875e-06
rate	1.3199639918052077e-06
rate	1.4295330271030239e-06
rate	1.5144523539734299e-06
rate	1.5445858751241891e-06
rate	1.5829392641256838e-06
rate	1.6377284960984903e-06
rate	1.697998855321369e-06
rate	1.7527903899298285e-06
rate	1.785666873466047e-06
rate	1.8432004111114466e-06
rate	1.92813284148375e-06
rate	2.015808426762721e-06
rate	2.100746286116563e-06
rate	2.245969722662045e-06
rate	2.4076395312309723e-06
rate	2.580283581962626e-06
rate	2.7501972868209215e-06
rate	2.9749376347730108e-06
rate	3.1969545540396045e-06
rate	3.4491446119942344e-06
rate	3.753447034389429e-06
rate	4.090688521245889e-06
rate	4.455394738179564e-06
rate	4.899687303990096e-06
rate	5.3467965313229665e-06
rate	5.879034860070476e-06
rate	6.436074164524406e-06
rate	7.0755738796526815e-06
rate	7.750920832438123e-06
rate	8.497832745277466e-06
rate	9.286164683570853e-06
rate	1.0146164335355752e-05
rate	1.1094404120381033e-05
rate	1.2092467702302917e-05
rate	1.3222940945524005e-05
rate	1.4441958847710486e-05
rate	1.565878854239544e-05
rate	1.683485621073335e-05
rate	1.8025233634620406e-05
rate	1.933471281824906e-05
rate	2.086000204307234e-05
rate	2.2720180480347514e-05
rate	2.5004298868288245e-05
rate	2.7663638988111754e-05
rate	3.0649464894721214e-05
rate	3.3871411932416456e-05
rate	3.730534318976231e-05
rate	4.0926978543219796e-05
rate	4.479550423305727e-05
rate	4.9009553384286594e-05
rate	5.37355261815965e-05
rate	5.919999375926186e-05
rate	6.548863552957464e-05
rate	7.260985556119236e-05
rate	8.038992231674502e-05
rate	8.88994426190426e-05
rate	9.857359936664992e-05
rate	0.00010964935604905945
rate	0.0001221493146940429
rate	0.00013563317922678518
rate	0.0001503379582099359
rate	0.00016736183879205088
rate	0.00018729821234477137
rate	0.00021025125812260728
rate	0.00023717668053824478
rate	0.0002672230884651664
rate	0.00029823654008153994
rate	0.00032808572920732
rate	0.0003568935189995461
rate	0.00040211078019782693
rate	0.00045229033461098236
rate	0.0005062941876366934
rate	0.0005645470442068743
rate	0.0006269926233093072
rate	0.0006933169703194186
rate	0.0007625107001325605
rate	0.0008325543968150885
rate	0.0009013556223454513
rate	0.0009660891500638097
rate	0.0010240031129607342
rate	0.0010859022898899525
rate	0.00115056451631933
rate	0.0012181221091746594
rate	0.0012887398669426823
rate	0.001362382828543937
rate	0.0014388832476309905
rate	0.001518221111519494
rate	0.0016002816198354207
rate	0.0016851764077519377
rate	0.0017730753749277937
rate	0.0018640958052602487
rate	0.0019583867752821305
rate	0.0020560935804238064
rate	0.0021571458433444868
rate	0.00013289514454090158
rate	9.596745464516076e-06
rate	5.571765336119312e-06
rate	3.7863485407898904e-06
rate	2.90916434838216e-06
rate	2.4843743909465423e-06
rate	2.1637680260096157e-06
rate	1.939094548638447e-06
rate	1.7911472881971682e-06
rate	1.7062191071886472e-06
rate	1.7089592459916902e-06
rate	1.821284126476667e-06
rate	2.0459477875490438e-06
rate	2.4103805204507713e-06
rate	2.889972428216551e-06
rate	3.4080305163026415e-06
rate	3.978281671006584e-06
rate	4.598013997344439e-06
rate	5.270004856194455e-06
rate	5.953143468291239e-06
rate	6.683105502197161e-06
rate	7.407768450301459e-06
rate	7.995327319506872e-06
rate	8.41548232582899e-06
rate	8.670904953041566e-06
rate	8.920853392080214e-06
rate	9.22301655834065e-06
rate	9.560936454502911e-06
rate	9.95385419515923e-06
rate	1.0426525498829457e-05
rate	1.0954254511699802e-05
rate	1.1512331086201384e-05
rate	1.21337794535327e-05
rate	1.2813136733569885e-05
rate	1.3599966537143259e-05
rate	1.4447580761534813e-05
rate	1.5378056020066967e-05
rate	1.64685905997195e-05
rate	1.7785488482187686e-05
rate	1.9282214832572273e-05
rate	2.0942526510612626e-05
rate	2.272532649704352e-05
rate	2.4437510591546457e-05
rate	2.605685192168072e-05
rate	2.7630216467905502e-05
rate	2.925161032477318e-05
rate	3.112323121422112e-05
rate	3.348937635372094e-05
rate	3.655656084247739e-05
rate	4.017435049907941e-05
rate	4.4144655383727685e-05
rate	4.819322654146088e-05
rate	5.2250685444075756e-05
rate	5.624725848706354e-05
rate	6.0207886249544985e-05
rate	6.432289794817722e-05
rate	6.874719244823967e-05
rate	7.336690848192446e-05
rate	7.825901982932855e-05
rate	8.345602656183336e-05
rate	8.879010804800247e-05
rate	9.434137062783698e-05
rate	0.00010044608972109621
rate	0.00010727872416187143
rate	0.00011473924424161912
rate	0.00012279862673680048
rate	0.0001310831753436601
rate	0.00013911953600855378
rate	0.00014647775182173464
rate	0.00015321584158781862
rate	0.00016018825915962512
rate	0.00016755100285386268
rate	0.00017445784884118255
rate	0.00018054281451442827
rate	0.000186046961601942
rate	0.00019035708045650712
rate	0.00019487265784719847
rate	0.00020221774838000747
rate	0.0002146285883286167
rate	0.00023199013220896587
rate	0.0002540306952425273
rate	0.00027807135096585324
rate	0.0003012237880884272
rate	0.0003191586529689876
rate	0.0003312862736334125
rate	0.0003576672340075664
rate	0.0003894086267810183
rate	0.00042919978833682665
rate	0.00048084573765534976
rate	0.0005436710071785781
rate	0.0006144072955715783
rate	0.0006898440952547934
rate	0.0007694920420868972
rate	0.0008514225580318436
rate	0.0009349912398011497
rate	0.0010188121739339744
rate	0.0010814877375355503
rate	0.0011468964729663444
rate	0.00121521230283594
rate	0.0012866480137730641
rate	0.0013611010880338018
rate	0.0014383292882890124
rate	0.001518221111519494
rate	0.0016005672024554688
rate	0.0016855066274020448
rate	0.0017733060279142353
rate	0.0018641715920193135
rate	0.0019583867752821305
rate	0.0020560935804238064
rate	0.0021571458433444868
rate	0.00010760192585267013
rate	8.195812114227882e-06
rate	4.5349341193450086e-06
rate	3.2901670481122337e-06
rate	2.615911915434006e-06
rate	2.191168317335121e-06
rate	1.8733377976945265e-06
rate	1.5884190755587111e-06
rate	1.3857062682171195e-06
rate	1.218617536937436e-06
rate	1.1364466796819965e-06
rate	1.117275055377534e-06
rate	1.1857526472963902e-06
rate	1.3501066958391926e-06
rate	1.5802230884031265e-06
rate	1.8952960170153041e-06
rate	2.2104107717885015e-06
rate	2.5447433695771865e-06
rate	2.8434837114877807e-06
rate	3.1395150360292786e-06
rate	3.482173919902534e-06
rate	3.824876317218761e-06
rate	4.167622239234868e-06
rate	4.455564944321661e-06
rate	4.740792731048526e-06
rate	5.047987190617382e-06
rate	5.360709337495334e-06
rate	5.7749698209876565e-06
rate	6.2441745174154875e-06
rate	6.787553904893926e-06
rate	7.385945642573644e-06
rate	8.017425255084284e-06
rate	8.68201561647607e-06
rate	9.335799622954249e-06
rate	1.0022723504514668e-05
rate	1.0720833147832353e-05
rate	1.1523591919112916e-05
rate	1.2436600191062766e-05
rate	1.3476456204313666e-05
rate	1.467358515743049e-05
rate	1.5978632286390886e-05
rate	1.737248041708738e-05
rate	1.866511809978477e-05
rate	1.9856420283852704e-05
rate	2.0995930561572143e-05
rate	2.212497530509943e-05
rate	2.3489208451962842e-05
rate	2.5260191876652444e-05
rate	2.756029816058822e-05
rate	3.0341034508332914e-05
rate	3.333795469634672e-05
rate	3.6432536058725715e-05
rate	3.95807051600799e-05
rate	4.2740988471810935e-05
rate	4.596073572140214e-05
rate	4.9226170810305833e-05
rate	5.267687522051051e-05
rate	5.637490588586863e-05
rate	6.046948937751819e-05
rate	6.48195501551588e-05
rate	6.955826011805839e-05
rate	7.433899252895501e-05
rate	7.860426747707976e-05
rate	8.199918477879972e-05
rate	8.481688501340534e-05
rate	8.721674611910705e-05
rate	8.996388587358168e-05
rate	9.385477827684663e-05
rate	9.95437140397133e-05
rate	0.0001067291012415646
rate	0.00011504083367259302
rate	0.00012347292837418597
rate	0.0001311792385627261
rate	0.00013724672539628706
rate	0.00014201917758497598
rate	0.00014596651582242403
rate	0.0001506633807441341
rate	0.0001577180434431176
rate	0.0001687300937021592
rate	0.00018337110213032407
rate	0.00020124232141234498
rate	0.00022016825049094252
rate	0.00023795527059092552
rate	0.00025162012769636453
rate	0.00026116887317667337
rate	0.00029186862326162306
rate	0.00032864646766684545
rate	0.0003737714436029136
rate	0.00042982750201568166
rate	0.0004959862878221442
rate	0.0005696255524501442
rate	0.0006489469150931905
rate	0.0007342516145835804
rate	0.0008246018284459598
rate	0.0009185685868833149
rate	0.0010127763499787896
rate	0.001076331703318128
rate	0.0011425849339071798
rate	0.001211769096707927
rate	0.0012841621195575055
rate	0.0013595726506485252
rate	0.0014376706137520516
rate	0.001518221111519494
rate	0.0016009073357430865
rate	0.0016858983267481452
rate	0.0017735736190665988
rate	0.0018642636470105017
rate	0.0019583867752821305
rate	0.0020560935804238064
rate	0.0021571458433444868
rate	7.190100804633911e-05
rate	4.192119494129127e-06
rate	2.7666266767802415e-06
rate	2.2185577748245423e-06
rate	1.8897690884590486e-06
rate	1.6979939205464195e-06
rate	1.561019881608108e-06
rate	1.4514455842448507e-06
rate	1.3418756720896411e-06
rate	1.232310144791802e-06
rate	1.1501388766701104e-06
rate	1.1501388766701104e-06
rate	1.2870923603554849e-06
rate	1.615808674852714e-06
rate	2.05415849611e-06
rate	2.5473859501879223e-06
rate	3.0407022758573865e-06
rate	3.4518671250452926e-06
rate	3.8082599483658513e-06
rate	4.082439846360957e-06
rate	4.356647204634737e-06
rate	4.63088202868827e-06
rate	4.768009742101982e-06
rate	4.7131578325542395e-06
rate	4.521184802821331e-06
rate	4.2743821134961215e-06
rate	4.082439846360957e-06
rate	3.972764592237357e-06
rate	3.972764592237357e-06
rate	4.082439846360957e-06
rate	4.2743821134961215e-06
rate	4.466337838054586e-06
rate	4.6857322898768184e-06
rate	4.960000080129803e-06
rate	5.289157699730061e-06
rate	5.673224945047837e-06
rate	6.167104868702958e-06
rate	6.743410736442268e-06
rate	7.402194590868783e-06
rate	8.198436633344222e-06
rate	9.104786936555447e-06
rate	1.0093875039001308e-05
rate	1.1220771871768342e-05
rate	1.245814400771541e-05
rate	1.3833658142783058e-05
rate	1.5319990026447284e-05
rate	1.6944868197523804e-05
rate	1.8846373624438173e-05
rate	2.10526720996034e-05
rate	2.353688494323963e-05
rate	2.627212504708266e-05
rate	2.912078335813545e-05
rate	3.2000108953295196e-05
rate	3.4827007280986466e-05
rate	3.771234338628274e-05
rate	4.068408735667084e-05
rate	4.396508213197558e-05
rate	4.77793117419736e-05
rate	5.22685297895975e-05
rate	5.7380135774065896e-05
rate	6.289348107401723e-05
rate	6.864253094872911e-05
rate	7.46568847479638e-05
rate	8.091006779472786e-05
rate	8.743195627748241e-05
rate	9.439446849251424e-05
rate	0.00010185776590703385
rate	0.00010976890777945032
rate	0.00011818889911397316
rate	0.00012715105666275686
rate	0.00013671819508834557
rate	0.00014706990419161633
rate	0.00015844705432024872
rate	0.00017115374507663877
rate	0.00018523764127034863
rate	0.00020063140915650802
rate	0.00021747541039811272
rate	0.0002363630611495485
rate	0.00025778739260917487
rate	0.0002820197948644196
rate	0.00031082027376012786
rate	0.00034374232764172
rate	0.0003779764503654168
rate	0.00041038491327752795
rate	0.00044047904453838456
rate	0.00047862499842039164
rate	0.0005201556750491687
rate	0.0005656228823262823
rate	0.0006175810989428534
rate	0.0006759361485536247
rate	0.0007370310168556167
rate	0.0007982008186199869
rate	0.0008606186179560991
rate	0.0009227663189440721
rate	0.0009815337145650546
rate	0.0010324734144055757
rate	0.0010929766295568965
rate	0.0011563503785855785
rate	0.001222637624056449
rate	0.0012918859787757698
rate	0.0013641928136745762
rate	0.0014395263214405229
rate	0.0015180399200433133
rate	0.0015997064357231026
rate	0.0016845424872323914
rate	0.0017726146510854347
rate	0.001863884795555227
rate	0.001958358782328912
rate	0.0020560935804238064
rate	0.0021570856390433573
rate	5.430644170872407e-05
rate	3.6985956768137895e-06
rate	2.2185577748245423e-06
rate	1.7253895506869863e-06
rate	1.5062321847536492e-06
rate	1.2870923603554849e-06
rate	1.1227490020006977e-06
rate	1.0131922433648228e-06
rate	9.036398685339303e-07
rate	8.214784640711634e-07
rate	7.667055641856736e-07
rate	7.667055641856736e-07
rate	7.940918771565989e-07
rate	8.762524597543484e-07
rate	9.858037386891915e-07
rate	1.1227490020006977e-06
rate	1.2870923603554849e-06
rate	1.3966600800381393e-06
rate	1.4788387474585948e-06
rate	1.5062321847536492e-06
rate	1.5336258961348908e-06
rate	1.58841414117909e-06
rate	1.6432034826350735e-06
rate	1.6979939205464195e-06
rate	1.7253895506869863e-06
rate	1.7801816333644242e-06
rate	1.8623718134542452e-06
rate	1.944564460964327e-06
rate	2.026759576042821e-06
rate	2.1637569183948734e-06
rate	2.328162778477594e-06
rate	2.492578511599896e-06
rate	2.657004118948268e-06
rate	2.876253624035941e-06
rate	3.0955206882234586e-06
rate	3.342217127548365e-06
rate	3.643765188214844e-06
rate	3.972764592237357e-06
rate	4.329225232938173e-06
rate	4.768009742101982e-06
rate	5.206864584794883e-06
rate	5.72809609277965e-06
rate	6.276868062653287e-06
rate	6.908091839666611e-06
rate	7.566915325752353e-06
rate	8.308281297282455e-06
rate	9.077317367061148e-06
rate	9.929002205882693e-06
rate	1.0863412899070543e-05
rate	1.1853136649498398e-05
rate	1.298075797458654e-05
rate	1.4191405043544934e-05
rate	1.5375054854581097e-05
rate	1.6504127962605877e-05
rate	1.7633666885658785e-05
rate	1.8873941384986068e-05
rate	2.033543005830687e-05
rate	2.2128887593034863e-05
rate	2.4365457048686507e-05
rate	2.6990924231935302e-05
rate	2.9951047333020026e-05
rate	3.313606041819507e-05
rate	3.65189991490227e-05
rate	4.010059342050157e-05
rate	4.393726056566057e-05
rate	4.811365808942962e-05
rate	5.2770887733600156e-05
rate	5.810714976489168e-05
rate	6.423851807750202e-05
rate	7.119842214240807e-05
rate	7.876773031105768e-05
rate	8.703624774710423e-05
rate	9.646399116130397e-05
rate	0.00010734760636627161
rate	0.00011970439121487338
rate	0.00013300803834877313
rate	0.00014750327986124014
rate	0.00016437144337895564
rate	0.00018427107737416557
rate	0.00020735657930665366
rate	0.00023463247252576797
rate	0.0002651673329665458
rate	0.000296504201629484
rate	0.000326290918081671
rate	0.0003546906350692511
rate	0.0004010182173860572
rate	0.00045259701344434997
rate	0.0005080322819628706
rate	0.0005678454372680311
rate	0.0006319243432587054
rate	0.0006999773936201775
rate	0.0007707445986051727
rate	0.0008422349343578017
rate	0.0009116668569374202
rate	0.0009760534703887807
rate	0.0010324734144055757
rate	0.0010929766295568965
rate	0.0011563503785855785
rate	0.001222637624056449
rate	0.0012918859787757698
rate	0.0013641928136745762
rate	0.0014395263214405229
rate	0.0015180399200433133
rate	0.0015997064357231026
rate	0.0016845424872323914
rate	0.0017726146510854347
rate	0.001863884795555227
rate	0.001958358782328912
rate	0.0020560935804238064
rate	0.0021570856390433573
rate	0.0001317724358755772
rate	9.24213891831975e-06
rate	5.3988857008322635e-06
rate	3.671180295254167e-06
rate	2.794033002072142e-06
rate	2.3829669257888063e-06
rate	2.0815576903730936e-06
rate	1.8623718134542452e-06
rate	1.7253895506869863e-06
rate	1.6432034826350735e-06
rate	1.6432034826350735e-06
rate	1.752785454957623e-06
rate	1.9719625584757766e-06
rate	2.328162778477594e-06
rate	2.794033002072142e-06
rate	3.287393775547918e-06
rate	3.835676702609446e-06
rate	4.43891476769352e-06
rate	5.097144279120164e-06
rate	5.755532079042296e-06
rate	6.468964241446892e-06
rate	7.1825823592444365e-06
rate	7.759102042804499e-06
rate	8.17097615594746e-06
rate	8.4181303684496e-06
rate	8.665306894337089e-06
rate	8.967441845093783e-06
rate	9.297081640465136e-06
rate	9.681711570853263e-06
rate	1.0148834856472313e-05
rate	1.0671008155272976e-05
rate	1.1220771871768342e-05
rate	1.1825639491389731e-05
rate	1.248564751904614e-05
rate	1.325585803180357e-05
rate	1.4081324095160607e-05
rate	1.4989624312853732e-05
rate	1.606345866679505e-05
rate	1.7385679394391504e-05
rate	1.8901509423119666e-05
rate	2.0583684886513682e-05
rate	2.2377305103795502e-05
rate	2.4061618160381514e-05
rate	2.560878556362789e-05
rate	2.7073874744339852e-05
rate	2.8567413886785243e-05
rate	3.0310906595487216e-05
rate	3.258187887306574e-05
rate	3.560352945996998e-05
rate	3.921169885710175e-05
rate	4.318618512263074e-05
rate	4.7222158547716334e-05
rate	5.123619450821278e-05
rate	5.5144379745013185e-05
rate	5.897422652485364e-05
rate	6.294951109176507e-05
rate	6.726726950042093e-05
rate	7.181668821755405e-05
rate	7.668337965588666e-05
rate	8.189723463313663e-05
rate	8.726235990407718e-05
rate	9.286459467111833e-05
rate	9.907438675365907e-05
rate	0.00010609506743560317
rate	0.0001138186883256927
rate	0.00012219390594276236
rate	0.00013079584249605297
rate	0.00013907920571489937
rate	0.00014657882801393857
rate	0.00015337505346516597
rate	0.0001603913961185431
rate	0.0001677750483850825
rate	0.00017456579732925682
rate	0.00018034974442356685
rate	0.0001854134168278728
rate	0.0001890779765426656
rate	0.00019289432896870497
rate	0.00019977719770101517
rate	0.0002122633881156409
rate	0.00023022143841830694
rate	0.0002532788601752403
rate	0.00027838032589468494
rate	0.0003022461098492983
rate	0.0003202214201893152
rate	0.0003316939125644089
rate	0.00035871392864723873
rate	0.0003911464908253067
rate	0.0004317141131893879
rate	0.0004845008474127836
rate	0.0005488771548673462
rate	0.0006213573981031179
rate	0.0006985282436031606
rate	0.000780011721676701
rate	0.0008635069432424275
rate	0.0009481187541141485
rate	0.0010324734144055757
rate	0.0010929766295568965
rate	0.0011563503785855785
rate	0.001222637624056449
rate	0.0012918859787757698
rate	0.0013641928136745762
rate	0.0014395263214405229
rate	0.0015180399200433133
rate	0.0015997064357231026
rate	0.0016845424872323914
rate	0.0017726146510854347
rate	0.001863884795555227
rate	0.001958358782328912
rate	0.0020560935804238064
rate	0.0021570856390433573
rate	0.00010686360293979004
rate	7.923844252802442e-06
rate	4.384069450989402e-06
rate	3.150340198209369e-06
rate	2.5199820937492914e-06
rate	2.1089571588381983e-06
rate	1.807578085912268e-06
rate	1.5336258961348908e-06
rate	1.3418756720896411e-06
rate	1.1775290253550301e-06
rate	1.0953594013407018e-06
rate	1.067970074685248e-06
rate	1.1227490020006977e-06
rate	1.259701115555228e-06
rate	1.4514455842448507e-06
rate	1.7253895506869863e-06
rate	1.9993609301666773e-06
rate	2.3007611162012415e-06
rate	2.5747900809218873e-06
rate	2.848846475694499e-06
rate	3.1777503648235373e-06
rate	3.5066937706294076e-06
rate	3.835676702609446e-06
rate	4.109859346384918e-06
rate	4.384069450989402e-06
rate	4.6857322898768184e-06
rate	4.987428370348279e-06
rate	5.3988857008322635e-06
rate	5.865278773534676e-06
rate	6.414078243607439e-06
rate	7.0178847451466e-06
rate	7.64927940970541e-06
rate	8.308281297282455e-06
rate	8.939973653577055e-06
rate	9.599286322484847e-06
rate	1.0258757801326973e-05
rate	1.1028342013514943e-05
rate	1.1908131794219578e-05
rate	1.2925741280043759e-05
rate	1.410884391731912e-05
rate	1.5402587683961197e-05
rate	1.6779582294803117e-05
rate	1.801946985778069e-05
rate	1.9122063721956545e-05
rate	2.014235853133199e-05
rate	2.1135442889032418e-05
rate	2.2377305103795502e-05
rate	2.4061618160381514e-05
rate	2.6327410592642775e-05
rate	2.912078335813545e-05
rate	3.213861438847363e-05
rate	3.52429739156054e-05
rate	3.8378622226431435e-05
rate	4.1490069190081837e-05
rate	4.463288455300255e-05
rate	4.7807172378154446e-05
rate	5.11804036885804e-05
rate	5.483710602009265e-05
rate	5.894625202015938e-05
rate	6.334175332554923e-05
rate	6.81653211622571e-05
rate	7.302552064568263e-05
rate	7.730288573520515e-05
rate	8.059988885699588e-05
rate	8.32516424953473e-05
rate	8.542573892748676e-05
rate	8.796908077860388e-05
rate	9.176021721510467e-05
rate	9.75418963535966e-05
rate	0.00010498534132097853
rate	0.00011364744957358823
rate	0.00012239431015600261
rate	0.00013025025082450753
rate	0.00013620019687190835
rate	0.0001406351302201005
rate	0.00014409590927692804
rate	0.0001483413340560858
rate	0.00015517091634101809
rate	0.0001664072797460962
rate	0.0001816659837098458
rate	0.00020045465388435072
rate	0.00022029284658482497
rate	0.00023869213056033342
rate	0.00025258820787897693
rate	0.00026203219337354676
rate	0.00029470469956849175
rate	0.00033345604961328173
rate	0.0003803977550503365
rate	0.0004381968190232082
rate	0.0005061541641906745
rate	0.0005815573478472132
rate	0.0006626163096068418
rate	0.0007498905338293338
rate	0.0008421232165054677
rate	0.0009374945623302257
rate	0.0010324734144055757
rate	0.0010929766295568965
rate	0.0011563503785855785
rate	0.001222637624056449
rate	0.0012918859787757698
rate	0.0013641928136745762
rate	0.0014395263214405229
rate	0.0015180399200433133
rate	0.0015997064357231026
rate	0.0016845424872323914
rate	0.0017726146510854347
rate	0.001863884795555227
rate	0.001958358782328912
rate	0.0020560935804238064
rate	0.0021570856390433573
rate	7.02588699197643e-05
rate	4.090682581198567e-06
rate	2.7172999819192985e-06
rate	2.1938982531896657e-06
rate	1.8623730470984152e-06
rate	1.676078403237637e-06
rate	1.544583901451111e-06
rate	1.437749413740232e-06
rate	1.3281800496867101e-06
rate	1.2158761377811465e-06
rate	1.1282277441310069e-06
rate	1.1227502349785341e-06
rate	1.2651801317884613e-06
rate	1.6048510258428075e-06
rate	2.067858367448803e-06
rate	2.5857542295498724e-06
rate	3.1037500777970647e-06
rate	3.5341186238903753e-06
rate	3.89874973678469e-06
rate	4.1701958697378416e-06
rate	4.441668942650752e-06
rate	4.71865563580004e-06
rate	4.853044257592217e-06
rate	4.798190644159323e-06
rate	4.6034684375961196e-06
rate	4.351172479660837e-06
rate	4.14825422672093e-06
rate	4.027606613295755e-06
rate	4.019379609782974e-06
rate	4.126314342006994e-06
rate	4.3127746043388625e-06
rate	4.5019903293102676e-06
rate	4.71864475442422e-06
rate	4.990172710774905e-06
rate	5.316590524617562e-06
rate	5.700661618690189e-06
rate	6.1945464923315425e-06
rate	6.770858137312701e-06
rate	7.432394149341348e-06
rate	8.228644976437933e-06
rate	9.126763584401018e-06
rate	1.0104867112824435e-05
rate	1.1220771871768342e-05
rate	1.2452643388335164e-05
rate	1.3825403108875631e-05
rate	1.531173050987555e-05
rate	1.693109430300343e-05
rate	1.881053806150452e-05
rate	2.097818964744241e-05
rate	2.341540637537348e-05
rate	2.6098032698845618e-05
rate	2.8905032484283413e-05
rate	3.1775827713026225e-05
rate	3.463297303700705e-05
rate	3.757358735043458e-05
rate	4.0620181526455686e-05
rate	4.3967864316879164e-05
rate	4.7821105673419195e-05
rate	5.231039231146209e-05
rate	5.738852341185014e-05
rate	6.285706435717925e-05
rate	6.857235591676362e-05
rate	7.456405383671048e-05
rate	8.081702465373551e-05
rate	8.736695003871557e-05
rate	9.438596695041352e-05
rate	0.00010192028883963365
rate	0.00010990288349908923
rate	0.00011835761012551133
rate	0.00012732032101356593
rate	0.00013684773753572764
rate	0.00014716236596211776
rate	0.00015853990118073967
rate	0.00017132283639789103
rate	0.0001855454115439638
rate	0.00020111793387474642
rate	0.0002180896877439754
rate	0.0002369636474615474
rate	0.0002581395742653304
rate	0.00028190145904781407
rate	0.0003100056644753961
rate	0.0003421144182584064
rate	0.0003755730820483749
rate	0.00040751206408019277
rate	0.00043753961330780697
rate	0.0004753640701525416
rate	0.0005169237176824286
rate	0.0005622805916008448
rate	0.0006133361784538089
rate	0.0006699325941718608
rate	0.0007290599540597255
rate	0.0007888172230122211
rate	0.000850241588021525
rate	0.0009120670698693
rate	0.0009711458338742694
rate	0.0010230488002719342
rate	0.0010830221890974793
rate	0.0011454356814657866
rate	0.0012103662035371158
rate	0.001277806655104438
rate	0.001347740523075397
rate	0.001420136392724087
rate	0.0014951350243884698
rate	0.0015727026854026591
rate	0.0016528592259171632
rate	0.001735670879473636
rate	0.0018211110304106534
rate	0.0019091939985822952
rate	0.001999976656514116
rate	0.0020934767571555496
rate	5.310264591271583e-05
rate	3.605398776810435e-06
rate	2.1801994786027824e-06
rate	1.700734470364147e-06
rate	1.4843182023138328e-06
rate	1.2679190644540066e-06
rate	1.1090544756695472e-06
rate	9.994982650037753e-07
rate	8.926850693961972e-07
rate	8.132625701793985e-07
rate	7.584898346553424e-07
rate	7.557513129303773e-07
rate	7.85876065446373e-07
rate	8.735137462724591e-07
rate	9.912814670231273e-07
rate	1.1364442133561507e-06
rate	1.3090063427953013e-06
rate	1.42405392848743e-06
rate	1.5062334182084975e-06
rate	1.5308875117740466e-06
rate	1.555541852017164e-06
rate	1.6075908903976234e-06
rate	1.6569012977080085e-06
rate	1.7089523370830044e-06
rate	1.736348076878982e-06
rate	1.7884006513734062e-06
rate	1.8678512958715655e-06
rate	1.947304270715472e-06
rate	2.0294994680495387e-06
rate	2.1637569183948734e-06
rate	2.3254226122499587e-06
rate	2.4898381808133916e-06
rate	2.657004118948268e-06
rate	2.873512909201797e-06
rate	3.0955206882234586e-06
rate	3.342217127548365e-06
rate	3.643765188214844e-06
rate	3.9755064324019696e-06
rate	4.337451906845062e-06
rate	4.776237734590838e-06
rate	5.215093896288401e-06
rate	5.73358331752604e-06
rate	6.279612211261485e-06
rate	6.913581429904366e-06
rate	7.577897258675888e-06
rate	8.322012500045425e-06
rate	9.091052427425995e-06
rate	9.93999361777198e-06
rate	1.0866161648649797e-05
rate	1.1847637245492679e-05
rate	1.2961502615156185e-05
rate	1.4163885636285396e-05
rate	1.534752354793479e-05
rate	1.6490356285177925e-05
rate	1.764468927298317e-05
rate	1.890702486297409e-05
rate	2.0385083275204907e-05
rate	2.2167531290945388e-05
rate	2.4359932454453086e-05
rate	2.6913515870530156e-05
rate	2.978225343423536e-05
rate	3.287846114056226e-05
rate	3.6180705275939933e-05
rate	3.969804376130758e-05
rate	4.348414649749654e-05
rate	4.761534809051228e-05
rate	5.222437139015742e-05
rate	5.750096370601546e-05
rate	6.355547569786856e-05
rate	7.041555720600777e-05
rate	7.78591024427999e-05
rate	8.599251421379936e-05
rate	9.529238337218385e-05
rate	0.00010607213053714789
rate	0.00011834915095276422
rate	0.00013161189669376195
rate	0.00014604800748507562
rate	0.00016273953112830747
rate	0.00018228692854965035
rate	0.00020484603958875026
rate	0.00023141508015405544
rate	0.0002611610011132611
rate	0.0002917795321666431
rate	0.00032110915478540637
rate	0.00034936975792912314
rate	0.0003942558157514655
rate	0.00044447568762251123
rate	0.0004983438898674425
rate	0.0005560203689101321
rate	0.0006174566321166593
rate	0.0006828806091282365
rate	0.0007515179399403308
rate	0.0008212245679452576
rate	0.0008892492139816197
rate	0.0009527144324635615
rate	0.0010090791381110872
rate	0.0010689509102115799
rate	0.0011311610621269363
rate	0.001195739828638167
rate	0.001262765684844837
rate	0.0013323253578170647
rate	0.0014043779758756449
rate	0.0014790536834784693
rate	0.0015563289772996566
rate	0.0016362165240170047
rate	0.0017187790460343369
rate	0.0018039903849132323
rate	0.001891865149813487
rate	0.001982460628224147
rate	0.0020757805313814945
rate	0.00012865028523053072
rate	8.931891502266027e-06
rate	5.294661851212511e-06
rate	3.6081324933144888e-06
rate	2.780330113759755e-06
rate	2.37474634483005e-06
rate	2.0815576903730936e-06
rate	1.8623718134542452e-06
rate	1.7199104520713922e-06
rate	1.6267670091174256e-06
rate	1.6130707015805303e-06
rate	1.7116944766708248e-06
rate	1.9363471701134704e-06
rate	2.3172022781122886e-06
rate	2.8269227324660658e-06
rate	3.3751243150194766e-06
rate	3.978281671006584e-06
rate	4.633686856653865e-06
rate	5.341375969379558e-06
rate	6.054749274023995e-06
rate	6.842447395025459e-06
rate	7.652387531697298e-06
rate	8.306026516739306e-06
rate	8.748251453702305e-06
rate	8.978945859673236e-06
rate	9.179390313556691e-06
rate	9.443056818296735e-06
rate	9.739732634130954e-06
rate	1.0118920868729764e-05
rate	1.0599881216663599e-05
rate	1.1135906342390407e-05
rate	1.1688517281110885e-05
rate	1.2304506179240962e-05
rate	1.2983916706713564e-05
rate	1.377631764064031e-05
rate	1.4629514248511435e-05
rate	1.5562823277859193e-05
rate	1.6658961504629044e-05
rate	1.7992515607211356e-05
rate	1.950868208096132e-05
rate	2.1182937334246253e-05
rate	2.2960352963271404e-05
rate	2.4653329057897554e-05
rate	2.6234068059728006e-05
rate	2.775769757820136e-05
rate	2.931818218096288e-05
rate	3.1114901672997565e-05
rate	3.340043636432061e-05
rate	3.638404696547177e-05
rate	3.991805479626667e-05
rate	4.380713635732596e-05
rate	4.7777031466304714e-05
rate	5.1747162224608066e-05
rate	5.5633688726746384e-05
rate	5.9461418607923876e-05
rate	6.34317987139313e-05
rate	6.77334540736814e-05
rate	7.227238731332184e-05
rate	7.713424960477436e-05
rate	8.235179038655286e-05
rate	8.774612173550026e-05
rate	9.338907374177955e-05
rate	9.960005790335183e-05
rate	0.00010625733912955819
rate	0.00011411281531009058
rate	0.00012225403160800595
rate	0.00013061784745087857
rate	0.0001387884273500704
rate	0.0001462757113146592
rate	0.00015360679977891246
rate	0.00016119089650505972
rate	0.00016920510449339944
rate	0.0001766602309538339
rate	0.00018299727436140025
rate	0.0001884684838660842
rate	0.0001926627461066809
rate	0.000197127806438219
rate	0.00020434464478995444
rate	0.0002153966113309544
rate	0.00023375524237283452
rate	0.00025544370474018656
rate	0.000278938575805332
rate	0.0003014157543957852
rate	0.0003187940861054083
rate	0.0003305374308300191
rate	0.0003570460960336455
rate	0.000388628294826036
rate	0.00042777107400245983
rate	0.0004780993616952284
rate	0.0005390328157443208
rate	0.0006074104384927442
rate	0.0006801650906190289
rate	0.0007569216853042344
rate	0.0008355626468217044
rate	0.0009152228432022569
rate	0.0009947006544275
rate	0.0010509853599925516
rate	0.0011097178947059377
rate	0.0011709484863498092
rate	0.0012347249020256154
rate	0.0013011364014663387
rate	0.001370163379382463
rate	0.001441949638659468
rate	0.001516480300876971
rate	0.0015937765217259377
rate	0.0016739009519030124
rate	0.001756825782836362
rate	0.0018425666171700502
rate	0.0019311741922112679
rate	0.0020226558777978495
rate	0.00010385402759618632
rate	7.649403237136914e-06
rate	4.301814657306771e-06
rate	3.0818236987619172e-06
rate	2.454221065719787e-06
rate	2.0678608350090205e-06
rate	1.7692255468316736e-06
rate	1.5034943210005818e-06
rate	1.314485112349202e-06
rate	1.1556176736190837e-06
rate	1.0761874480600247e-06
rate	1.0515370540701163e-06
rate	1.1090544756695472e-06
rate	1.2542229488057384e-06
rate	1.454184900566225e-06
rate	1.736348076878982e-06
rate	2.0185405580998124e-06
rate	2.3254235995999098e-06
rate	2.599455033000518e-06
rate	2.868032055710788e-06
rate	3.191455859773571e-06
rate	3.517659429135469e-06
rate	3.838418405489165e-06
rate	4.109859346384918e-06
rate	4.3758428594798215e-06
rate	4.666535179198652e-06
rate	4.96274389830952e-06
rate	5.36048282428412e-06
rate	5.81315301123813e-06
rate	6.348223627150924e-06
rate	6.932806757502235e-06
rate	7.547714352445652e-06
rate	8.195711403478653e-06
rate	8.830123479088654e-06
rate	9.497648914189094e-06
rate	1.017357906045528e-05
rate	1.0948635477299491e-05
rate	1.1828399644463372e-05
rate	1.2834979691822527e-05
rate	1.3993284474499307e-05
rate	1.5253950012660032e-05
rate	1.658957519196088e-05
rate	1.7812853114442793e-05
rate	1.89236287860769e-05
rate	1.997416809021589e-05
rate	2.1014070802942643e-05
rate	2.228071095283951e-05
rate	2.3953920625899017e-05
rate	2.614778968984972e-05
rate	2.8822096629038233e-05
rate	3.171233887902767e-05
rate	3.469440617910541e-05
rate	3.771584168637917e-05
rate	4.0726728687929986e-05
rate	4.377433163001137e-05
rate	4.6864317362982144e-05
rate	5.0153003667237764e-05
rate	5.371651961749588e-05
rate	5.771535378756002e-05
rate	6.200569558978064e-05
rate	6.670404071442324e-05
rate	7.145818633636133e-05
rate	7.573590803426463e-05
rate	7.916843623825271e-05
rate	8.204351049142128e-05
rate	8.448393650240935e-05
rate	8.725471970612941e-05
rate	9.118609290041901e-05
rate	9.699770454006775e-05
rate	0.00010441411776254697
rate	0.00011306872200229212
rate	0.00012188516592816857
rate	0.00012988584481796027
rate	0.00013601897463591298
rate	0.00014062648387493093
rate	0.0001443297594097835
rate	0.0001488389148517372
rate	0.00015573360980310327
rate	0.0001666983763666241
rate	0.0001813764945497212
rate	0.0001992671193111875
rate	0.00021810584072815144
rate	0.00023570036870735893
rate	0.000249314166635153
rate	0.00025902091816404035
rate	0.0002902949598932549
rate	0.0003273338997417511
rate	0.00037206332332581746
rate	0.000426901380054395
rate	0.0004912291752105882
rate	0.0005626489436294686
rate	0.0006393979014251045
rate	0.0007215698525299605
rate	0.0008076252906000147
rate	0.0008960853147411384
rate	0.0009842945113090551
rate	0.0010404230868158533
rate	0.001099016703174047
rate	0.0011601187489312193
rate	0.0012237770667473833
rate	0.0012900845319625573
rate	0.0013590179910764931
rate	0.0014307212061025068
rate	0.0015051721235752262
rate	0.0015823986992481993
rate	0.0016624601027990296
rate	0.001745328343263075
rate	0.001831018670114533
rate	0.001919581903626982
rate	0.0020110214977934523
rate	6.861673179318952e-05
rate	3.989245668268009e-06
rate	2.6679732870583554e-06
rate	2.169238731554789e-06
rate	1.8349770057377817e-06
rate	1.6541628859288546e-06
rate	1.5281479212941143e-06
rate	1.4240532432356134e-06
rate	1.3144844272837791e-06
rate	1.199442130770491e-06
rate	1.1063166115919034e-06
rate	1.095361593286958e-06
rate	1.2432679032214374e-06
rate	1.593893376832901e-06
rate	2.0815582387876056e-06
rate	2.624122508911823e-06
rate	3.1667978797367424e-06
rate	3.6163701227354584e-06
rate	3.989239525203529e-06
rate	4.257951893114726e-06
rate	4.526690680666767e-06
rate	4.80642924291181e-06
rate	4.938078773082453e-06
rate	4.883223455764407e-06
rate	4.685752072370909e-06
rate	4.427962845825553e-06
rate	4.214068607080904e-06
rate	4.082448634354152e-06
rate	4.065994627328589e-06
rate	4.170188837653032e-06
rate	4.3511670951816036e-06
rate	4.53764282056595e-06
rate	4.751557218971621e-06
rate	5.020345341420007e-06
rate	5.344023349505064e-06
rate	5.728098292332542e-06
rate	6.221988115960127e-06
rate	6.798305538183134e-06
rate	7.462593707813914e-06
rate	8.258853319531644e-06
rate	9.148740232246587e-06
rate	1.011585918664756e-05
rate	1.1220771871768342e-05
rate	1.2447142768954917e-05
rate	1.3817148074968204e-05
rate	1.5303470993303816e-05
rate	1.6917320408483058e-05
rate	1.8774702498570864e-05
rate	2.0903707195281424e-05
rate	2.329392780750733e-05
rate	2.5923940350608574e-05
rate	2.8689281610431374e-05
rate	3.1551546472757254e-05
rate	3.4438938793027635e-05
rate	3.743483131458641e-05
rate	4.0556275696240525e-05
rate	4.3970646501782746e-05
rate	4.786289960486479e-05
rate	5.235225483332668e-05
rate	5.7396911049634385e-05
rate	6.282064764034127e-05
rate	6.850218088479814e-05
rate	7.447122292545717e-05
rate	8.072398151274316e-05
rate	8.730194379994873e-05
rate	9.437746540831281e-05
rate	0.00010198281177223345
rate	0.00011003685921872814
rate	0.00011852632113704951
rate	0.000127489585364375
rate	0.00013697727998310974
rate	0.00014725482773261916
rate	0.00015863274804123062
rate	0.00017149192771914328
rate	0.00018585318181757893
rate	0.00020160445859298485
rate	0.00021870396508983812
rate	0.00023756423377354632
rate	0.00025849175592148585
rate	0.0002817831232312085
rate	0.0003091910551906644
rate	0.00034048650887509276
rate	0.00037316971373133306
rate	0.0004046392148828576
rate	0.00043460018207722937
rate	0.0004721031418846916
rate	0.0005136917603156885
rate	0.0005589383008754072
rate	0.0006090912579647644
rate	0.0006639290397900968
rate	0.0007210888912638345
rate	0.0007794336274044554
rate	0.000839864558086951
rate	0.0009013678207945281
rate	0.0009607579531834841
rate	0.0010136241861382926
rate	0.0010730677486380622
rate	0.0011345209843459949
rate	0.0011980947830177826
rate	0.0012637273314331059
rate	0.0013312882324762177
rate	0.0014007464640076511
rate	0.0014722301287336266
rate	0.0015456989350822157
rate	0.0016211759646019349
rate	0.0016987271078618374
rate	0.0017783372652660796
rate	0.0018600292148356781
rate	0.0019438597326044257
rate	0.0020298678752677423
rate	5.189885011670759e-05
rate	3.5122018768070797e-06
rate	2.1418411823810226e-06
rate	1.676079390041308e-06
rate	1.4624042198740164e-06
rate	1.2487457685525283e-06
rate	1.0953599493383964e-06
rate	9.85804286642728e-07
rate	8.81730270258464e-07
rate	8.050466762876337e-07
rate	7.502741051250112e-07
rate	7.44797061675081e-07
rate	7.776602537361469e-07
rate	8.707750327905699e-07
rate	9.967591953570634e-07
rate	1.1501394247116037e-06
rate	1.3309203252351177e-06
rate	1.4514477769367205e-06
rate	1.5336280889584005e-06
rate	1.555542838794444e-06
rate	1.5774578078994373e-06
rate	1.6267676396161568e-06
rate	1.6705991127809435e-06
rate	1.7199107536195891e-06
rate	1.747306603070978e-06
rate	1.7966196693823883e-06
rate	1.873330778288886e-06
rate	1.9500440804666167e-06
rate	2.032239360056257e-06
rate	2.1637569183948734e-06
rate	2.3226824460223234e-06
rate	2.4870978500268873e-06
rate	2.657004118948268e-06
rate	2.8707721943676528e-06
rate	3.0955206882234586e-06
rate	3.342217127548365e-06
rate	3.643765188214844e-06
rate	3.978248272566582e-06
rate	4.3456785807519505e-06
rate	4.7844657270796935e-06
rate	5.223323207781919e-06
rate	5.739070542272429e-06
rate	6.282356359869684e-06
rate	6.91907102014212e-06
rate	7.588879191599424e-06
rate	8.335743702808393e-06
rate	9.104787487790842e-06
rate	9.950985029661267e-06
rate	1.0868910398229053e-05
rate	1.1842137841486961e-05
rate	1.2942247255725831e-05
rate	1.4136366229025858e-05
rate	1.5319992241288482e-05
rate	1.6476584607749975e-05
rate	1.765571166030756e-05
rate	1.8940108340962112e-05
rate	2.0434736492102945e-05
rate	2.2206174988855912e-05
rate	2.4354407860219666e-05
rate	2.6836107509125014e-05
rate	2.9613459535450697e-05
rate	3.262086186292945e-05
rate	3.5842411402857175e-05
rate	3.929549410211358e-05
rate	4.3031032429332516e-05
rate	4.711703809159494e-05
rate	5.167785504671468e-05
rate	5.689477764713925e-05
rate	6.287243331823511e-05
rate	6.963269226960747e-05
rate	7.695047457454213e-05
rate	8.494878068049448e-05
rate	9.412077558306373e-05
rate	0.00010479665470802415
rate	0.00011699391069065506
rate	0.00013021575503875075
rate	0.00014459273510891108
rate	0.00016110761887765929
rate	0.00018030277972513515
rate	0.00020233549987084688
rate	0.0002281976877823429
rate	0.00025715466925997643
rate	0.00028705486270380213
rate	0.0003159273914891417
rate	0.00034404888078899513
rate	0.0003874934141168738
rate	0.0004363543618006725
rate	0.0004886554977720143
rate	0.0005441953005522331
rate	0.0006029889209746132
rate	0.0006657838246362954
rate	0.0007322912812754888
rate	0.0008002142015327135
rate	0.0008668315710258191
rate	0.0009293753945383423
rate	0.0009856848618165985
rate	0.0010449251908662633
rate	0.001105971745668294
rate	0.0011688420332198848
rate	0.0012336453909139041
rate	0.0013004579019595534
rate	0.0013692296303107667
rate	0.001440067446913625
rate	0.0015129515188762109
rate	0.001587890560801618
rate	0.0016649434409832387
rate	0.0017440959742712374
rate	0.0018253715172980621
rate	0.0019088276760244871
rate	0.0019944754237196318
rate	0.00012552813458548425
rate	8.621644086212304e-06
rate	5.190438001592758e-06
rate	3.545084691374811e-06
rate	2.766627225447367e-06
rate	2.3665257638712933e-06
rate	2.0815576903730936e-06
rate	1.8623718134542452e-06
rate	1.7144313534557981e-06
rate	1.6103305355997777e-06
rate	1.582937920525987e-06
rate	1.6706034983840267e-06
rate	1.9007317817511641e-06
rate	2.3062417777469834e-06
rate	2.859812462859989e-06
rate	3.462854854491035e-06
rate	4.1208866394037215e-06
rate	4.828458945614212e-06
rate	5.585607659638952e-06
rate	6.3539664690056945e-06
rate	7.215930548604026e-06
rate	8.122192704150161e-06
rate	8.852950990674114e-06
rate	9.32552675145715e-06
rate	9.539761350896871e-06
rate	9.693473732776293e-06
rate	9.918671791499686e-06
rate	1.018238362779677e-05
rate	1.0556130166606266e-05
rate	1.1050927576854887e-05
rate	1.1600804529507838e-05
rate	1.215626269045343e-05
rate	1.2783372867092194e-05
rate	1.3482185894380986e-05
rate	1.4296777249477052e-05
rate	1.5177704401862264e-05
rate	1.613602224286465e-05
rate	1.7254464342463038e-05
rate	1.8599351820031207e-05
rate	2.011585473880297e-05
rate	2.178218978197882e-05
rate	2.3543400822747302e-05
rate	2.5245039955413594e-05
rate	2.6859350555828118e-05
rate	2.844152041206287e-05
rate	3.006895047514052e-05
rate	3.191889675050791e-05
rate	3.421899385557548e-05
rate	3.7164564470973556e-05
rate	4.0624410735431604e-05
rate	4.442808759202118e-05
rate	4.83319043848931e-05
rate	5.225812994100336e-05
rate	5.612299770847959e-05
rate	5.9948610690994115e-05
rate	6.391408633609752e-05
rate	6.819963864694188e-05
rate	7.272808640908963e-05
rate	7.758511955366205e-05
rate	8.28063461399691e-05
rate	8.822988356692333e-05
rate	9.391355281244077e-05
rate	0.0001001257290530446
rate	0.00010641961082351319
rate	0.00011440694229448847
rate	0.00012231415727324954
rate	0.00013043985240570417
rate	0.00013849764898524145
rate	0.00014597259461537985
rate	0.00015383854609265894
rate	0.00016199039689157634
rate	0.00017063516060171637
rate	0.00017875466457841098
rate	0.00018564480429923366
rate	0.00019152355090429557
rate	0.00019624751567069623
rate	0.00020136128390773304
rate	0.0002089120918788937
rate	0.0002185298345462679
rate	0.00023728904632736207
rate	0.00025760854930513284
rate	0.0002794968257159791
rate	0.000300585398942272
rate	0.00031736675202150146
rate	0.00032938094909562934
rate	0.0003553782634200523
rate	0.0003861100988267653
rate	0.0004238280348155318
rate	0.00047169787597767324
rate	0.0005291884766212954
rate	0.0005934634788823706
rate	0.0006618019376348973
rate	0.0007338316489317678
rate	0.0008076183504009812
rate	0.0008823269322903653
rate	0.0009569278944494246
rate	0.0010089940904282066
rate	0.0010630854108262969
rate	0.0011192593486431695
rate	0.0011775638252754608
rate	0.001238079989258101
rate	0.0013008004373244032
rate	0.0013658593572756226
rate	0.0014332541660308396
rate	0.0015030105562194838
rate	0.0015751872527205901
rate	0.0016497667701174971
rate	0.0017267744520111882
rate	0.0018062548039987293
rate	0.0018882261165523418
rate	0.0001008444522525826
rate	7.374962221471387e-06
rate	4.2195598636241405e-06
rate	3.0133071993144656e-06
rate	2.388460037690282e-06
rate	2.0267645111798424e-06
rate	1.7308730077510792e-06
rate	1.473362745866273e-06
rate	1.2870945526087624e-06
rate	1.1337063218831375e-06
rate	1.0570154947793475e-06
rate	1.0351040334549846e-06
rate	1.0953599493383964e-06
rate	1.2487447820562487e-06
rate	1.4569242168875996e-06
rate	1.747306603070978e-06
rate	2.0377201860329476e-06
rate	2.3500860829985776e-06
rate	2.624119985079149e-06
rate	2.8872176357270768e-06
rate	3.205161354723604e-06
rate	3.52862508764153e-06
rate	3.841160108368884e-06
rate	4.109859346384918e-06
rate	4.367616267970242e-06
rate	4.647338068520486e-06
rate	4.938059426270761e-06
rate	5.322079947735978e-06
rate	5.761027248941585e-06
rate	6.2823690106944105e-06
rate	6.847728769857871e-06
rate	7.446149295185894e-06
rate	8.083141509674852e-06
rate	8.720273304600252e-06
rate	9.396011505893341e-06
rate	1.0088400319583588e-05
rate	1.0868928941084038e-05
rate	1.1748667494707168e-05
rate	1.2744218103601298e-05
rate	1.3877725031679492e-05
rate	1.5105312341358869e-05
rate	1.6399568089118648e-05
rate	1.7606236371104897e-05
rate	1.8725193850197258e-05
rate	1.980597764909979e-05
rate	2.0892698716852865e-05
rate	2.2184116801883523e-05
rate	2.3846223091416524e-05
rate	2.5968168787056668e-05
rate	2.8523409899941017e-05
rate	3.1286063369581695e-05
rate	3.4145838442605416e-05
rate	3.7053061146326906e-05
rate	3.996338818577814e-05
rate	4.29157787070202e-05
rate	4.592146234780984e-05
rate	4.912560364589513e-05
rate	5.259593321489911e-05
rate	5.6484455554960654e-05
rate	6.0669637854012066e-05
rate	6.524276026658936e-05
rate	6.989085202704004e-05
rate	7.41689303333241e-05
rate	7.773698361950953e-05
rate	8.083537848749527e-05
rate	8.354213407733195e-05
rate	8.654035863365494e-05
rate	9.061196858573335e-05
rate	9.645351272653887e-05
rate	0.0001038428942041154
rate	0.000112489994430996
rate	0.00012137602170033452
rate	0.00012952143881141297
rate	0.0001358377523999176
rate	0.00014061783752976136
rate	0.00014456360954263897
rate	0.00014933649564738863
rate	0.00015629630326518846
rate	0.000166989472987152
rate	0.00018108700538959664
rate	0.00019807958473802426
rate	0.00021591883487147791
rate	0.00023270860685438446
rate	0.000246040125391329
rate	0.0002560096429545339
rate	0.0002858852202180181
rate	0.00032121174987022045
rate	0.0003637288916012985
rate	0.00041560594108558185
rate	0.0004763041862305018
rate	0.0005437405394117241
rate	0.0006161794932433672
rate	0.0006932491712305873
rate	0.0007731273646945616
rate	0.0008546760671520512
rate	0.0009361156082125345
rate	0.00098786954407481
rate	0.0010416830277625154
rate	0.0010975998738059897
rate	0.0011556681547189968
rate	0.0012159762502505383
rate	0.0012785096607124634
rate	0.0013434024921617003
rate	0.0014106378114273497
rate	0.001480254911264007
rate	0.0015523055545126245
rate	0.001626771890970923
rate	0.001703678557900154
rate	0.0017830702268301574
rate	0.0018649573565435473
rate	6.697459366661471e-05
rate	3.88780875533745e-06
rate	2.6186465921974123e-06
rate	2.1445792099199126e-06
rate	1.8075809643771482e-06
rate	1.632247368620072e-06
rate	1.5117119411371174e-06
rate	1.4103570727309947e-06
rate	1.3007888048808483e-06
rate	1.1830081237598359e-06
rate	1.0844054790527998e-06
rate	1.0679729515953818e-06
rate	1.2213556746544138e-06
rate	1.5829357278229946e-06
rate	2.0952581101264086e-06
rate	2.6624907882737733e-06
rate	3.2298456816764206e-06
rate	3.698621621580541e-06
rate	4.079729313622368e-06
rate	4.345707916491611e-06
rate	4.611712418682781e-06
rate	4.89420285002358e-06
rate	5.0231132885726885e-06
rate	4.9682562673694895e-06
rate	4.768035707145697e-06
rate	4.504753211990269e-06
rate	4.279882987440878e-06
rate	4.137290655412549e-06
rate	4.112609644874206e-06
rate	4.2140633332990694e-06
rate	4.389559586024345e-06
rate	4.573295311821631e-06
rate	4.784469683519024e-06
rate	5.0505179720651095e-06
rate	5.371456174392565e-06
rate	5.755534965974894e-06
rate	6.249429739588711e-06
rate	6.825752939053568e-06
rate	7.492793266286478e-06
rate	8.289061662625355e-06
rate	9.170716880092156e-06
rate	1.0126851260470685e-05
rate	1.1220771871768342e-05
rate	1.2441642149574671e-05
rate	1.3808893041060778e-05
rate	1.5295211476732083e-05
rate	1.6903546513962683e-05
rate	1.8738866935637206e-05
rate	2.082922474312044e-05
rate	2.3172449239641175e-05
rate	2.574984800237153e-05
rate	2.847353073657934e-05
rate	3.132726523248828e-05
rate	3.424490454904822e-05
rate	3.729607527873825e-05
rate	4.049236986602537e-05
rate	4.397342868668632e-05
rate	4.7904693536310386e-05
rate	5.2394117355191266e-05
rate	5.7405298687418626e-05
rate	6.27842309235033e-05
rate	6.843200585283263e-05
rate	7.437839201420387e-05
rate	8.06309383717508e-05
rate	8.723693756118188e-05
rate	9.436896386621211e-05
rate	0.00010204533470483326
rate	0.00011017083493836706
rate	0.00011869503214858768
rate	0.00012765884971518407
rate	0.0001371068224304918
rate	0.00014734728950312057
rate	0.00015872559490172158
rate	0.00017166101904039554
rate	0.00018616095209119407
rate	0.00020209098331122328
rate	0.0002193182424357008
rate	0.00023816482008554525
rate	0.00025884393757764137
rate	0.00028166478741460297
rate	0.00030837644590593264
rate	0.0003388585994917792
rate	0.00037076634541429116
rate	0.00040176636568552246
rate	0.00043166075084665183
rate	0.0004688422136168415
rate	0.0005104598029489484
rate	0.0005555960101499696
rate	0.0006048463374757199
rate	0.0006579254854083328
rate	0.0007131178284679434
rate	0.0007700500317966896
rate	0.0008294875281523768
rate	0.000890668571719756
rate	0.0009503700724926988
rate	0.001004199572004651
rate	0.001063113308178645
rate	0.001123606287226203
rate	0.0011858233624984496
rate	0.001249648007761774
rate	0.0013148359418770385
rate	0.001381356535291215
rate	0.001449325233078783
rate	0.0015186951847617723
rate	0.0015894927032867067
rate	0.0016617833362500387
rate	0.001735563500121506
rate	0.0018108644310890613
rate	0.0018877428086947355
rate	0.0019662589933799345
rate	5.069505432069935e-05
rate	3.419004976803725e-06
rate	2.103482886159263e-06
rate	1.651424309718469e-06
rate	1.4404902374342e-06
rate	1.22957247265105e-06
rate	1.0816654230072457e-06
rate	9.721103082816805e-07
rate	8.707754711207308e-07
rate	7.968307823958689e-07
rate	7.4205837559468e-07
rate	7.338428104197847e-07
rate	7.69444442025921e-07
rate	8.680363193086805e-07
rate	1.0022369236909992e-06
rate	1.1638346360670569e-06
rate	1.352834307674934e-06
rate	1.478841625386011e-06
rate	1.5610227597083034e-06
rate	1.5801981658148414e-06
rate	1.5993737637817105e-06
rate	1.6459443888346903e-06
rate	1.6842969278538788e-06
rate	1.730869170156174e-06
rate	1.7582651292629739e-06
rate	1.8048386873913704e-06
rate	1.8788102607062066e-06
rate	1.952783890217762e-06
rate	2.034979252062975e-06
rate	2.1637569183948734e-06
rate	2.319942279794688e-06
rate	2.4843575192403833e-06
rate	2.657004118948268e-06
rate	2.8680314795335086e-06
rate	3.0955206882234586e-06
rate	3.342217127548365e-06
rate	3.643765188214844e-06
rate	3.980990112731195e-06
rate	4.353905254658839e-06
rate	4.792693719568549e-06
rate	5.231552519275437e-06
rate	5.74455776701882e-06
rate	6.285100508477882e-06
rate	6.9245606103798754e-06
rate	7.599861124522959e-06
rate	8.349474905571363e-06
rate	9.118522548155689e-06
rate	9.961976441550554e-06
rate	1.0871659147808307e-05
rate	1.1836638437481243e-05
rate	1.2922991896295477e-05
rate	1.410884682176632e-05
rate	1.529246093464218e-05
rate	1.6462812930322023e-05
rate	1.7666734047631947e-05
rate	1.8973191818950134e-05
rate	2.0484389709000983e-05
rate	2.224481868676644e-05
rate	2.434888326598624e-05
rate	2.675869914771987e-05
rate	2.944466563666603e-05
rate	3.236326258529665e-05
rate	3.550411752977441e-05
rate	3.889294444291959e-05
rate	4.2577918361168486e-05
rate	4.66187280926776e-05
rate	5.113133870327195e-05
rate	5.628859158826304e-05
rate	6.218939093860165e-05
rate	6.884982733320716e-05
rate	7.604184670628435e-05
rate	8.390504714718961e-05
rate	9.294916779394361e-05
rate	0.00010352117887890043
rate	0.0001156386704285459
rate	0.00012881961338373957
rate	0.00014313746273274657
rate	0.0001594757066270111
rate	0.00017831863090061995
rate	0.00019982496015294348
rate	0.00022498029541063037
rate	0.00025314833740669175
rate	0.0002823301932409612
rate	0.000310745628192877
rate	0.0003387280036488672
rate	0.0003807310124822821
rate	0.00042823303597883377
rate	0.0004789671056765861
rate	0.0005323702321943342
rate	0.0005885212098325672
rate	0.0006486870401443544
rate	0.0007130646226106469
rate	0.0007792038351201693
rate	0.0008444139280700184
rate	0.0009060363566131232
rate	0.0009622905855221099
rate	0.0010208994715209467
rate	0.0010807824292096517
rate	0.0011419442378016026
rate	0.001204525096982971
rate	0.001268590446102042
rate	0.0013340812847458887
rate	0.0014010812103487807
rate	0.001469574060452765
rate	0.0015395645975862314
rate	0.0016111078359321409
rate	0.0016842015636292426
rate	0.0017588778847826374
rate	0.0018351947238248274
rate	0.001913170316057769
rate	0.00012240598394043777
rate	8.31139667015858e-06
rate	5.086214151973005e-06
rate	3.482036889435133e-06
rate	2.75292433713498e-06
rate	2.358305182912537e-06
rate	2.0815576903730936e-06
rate	1.8623718134542452e-06
rate	1.708952254840204e-06
rate	1.59389406208213e-06
rate	1.5528051394714438e-06
rate	1.6295125200972285e-06
rate	1.8651163933888578e-06
rate	2.2952812773816786e-06
rate	2.8927021932539126e-06
rate	3.5505853939625934e-06
rate	4.263491607800859e-06
rate	5.023231034574558e-06
rate	5.829839349898346e-06
rate	6.653183663987394e-06
rate	7.589413702182593e-06
rate	8.591997876603023e-06
rate	9.399875464608921e-06
rate	9.902802049211994e-06
rate	1.0100576842120506e-05
rate	1.0207557151995896e-05
rate	1.0394286764702639e-05
rate	1.0625034621462585e-05
rate	1.0993339464482767e-05
rate	1.1501973937046173e-05
rate	1.2065702716625268e-05
rate	1.2624008099795973e-05
rate	1.3262239554943425e-05
rate	1.398045508204841e-05
rate	1.4817236858313793e-05
rate	1.5725894555213093e-05
rate	1.670922120787011e-05
rate	1.7849967180297034e-05
rate	1.9206188032851058e-05
rate	2.0723027396644623e-05
rate	2.2381442229711392e-05
rate	2.4126448682223203e-05
rate	2.583675085292963e-05
rate	2.7484633051928234e-05
rate	2.9125343245924383e-05
rate	3.081971876931816e-05
rate	3.272289182801826e-05
rate	3.503755134683035e-05
rate	3.794508197647535e-05
rate	4.133076667459653e-05
rate	4.50490388267164e-05
rate	4.888677730348148e-05
rate	5.276909765739864e-05
rate	5.6612306690212796e-05
rate	6.043580277406435e-05
rate	6.439637395826374e-05
rate	6.866582322020235e-05
rate	7.31837855048574e-05
rate	7.803598950254976e-05
rate	8.326090189338535e-05
rate	8.871364539834642e-05
rate	9.443803188310199e-05
rate	0.00010065140020273737
rate	0.0001065818825174682
rate	0.00011470106927888635
rate	0.00012237428293849313
rate	0.0001302618573605298
rate	0.0001382068706204125
rate	0.00014566947791610046
rate	0.0001540702924064054
rate	0.00016278989727809293
rate	0.0001720652167100333
rate	0.00018084909820298805
rate	0.00018829233423706704
rate	0.00019457861794250697
rate	0.00019983228523471155
rate	0.00020559476137724708
rate	0.00021347953896783296
rate	0.00022166305776158142
rate	0.00024082285028188965
rate	0.0002597733938700791
rate	0.0002800550756266262
rate	0.00029975504348875884
rate	0.0003159394179375946
rate	0.00032822446736123956
rate	0.0003537104308064591
rate	0.0003835919028274946
rate	0.0004198849956286038
rate	0.00046529639026011803
rate	0.00051934413749827
rate	0.000579516519271997
rate	0.0006434387846507658
rate	0.0007107416125593011
rate	0.000779674053980258
rate	0.0008494310213784735
rate	0.000919155134471349
rate	0.0009670028208638616
rate	0.001016452926946656
rate	0.0010675702109365296
rate	0.0011204027485253064
rate	0.0011750235770498635
rate	0.0012314374952663433
rate	0.0012897690758917773
rate	0.001350028031184708
rate	0.0014122445907130301
rate	0.0014764735535381678
rate	0.001542707757398632
rate	0.0016109822868523263
rate	0.0016813354157861908
rate	0.001753796355306834
rate	9.783487690897889e-05
rate	7.100521205805859e-06
rate	4.137305069941509e-06
rate	2.944790699867014e-06
rate	2.3226990096607775e-06
rate	1.9856681873506647e-06
rate	1.6925204686704848e-06
rate	1.4432311707319642e-06
rate	1.2597039928683232e-06
rate	1.111794970147191e-06
rate	1.0378435414986702e-06
rate	1.0186710128398526e-06
rate	1.0816654230072457e-06
rate	1.243266615306759e-06
rate	1.459663533208974e-06
rate	1.7582651292629739e-06
rate	2.056899813966083e-06
rate	2.374748566397246e-06
rate	2.648784937157779e-06
rate	2.906403215743365e-06
rate	3.218866849673638e-06
rate	3.5395907461475913e-06
rate	3.843901811248603e-06
rate	4.109859346384918e-06
rate	4.359389676460661e-06
rate	4.628140957842318e-06
rate	4.913374954232003e-06
rate	5.283677071187835e-06
rate	5.708901486645039e-06
rate	6.216514394237896e-06
rate	6.762650782213507e-06
rate	7.344584237926135e-06
rate	7.97057161587105e-06
rate	8.61042313011185e-06
rate	9.294374097597587e-06
rate	1.0003221578711895e-05
rate	1.0789222404868586e-05
rate	1.1668935344950963e-05
rate	1.2653456515380066e-05
rate	1.376216558885968e-05
rate	1.4956674670057704e-05
rate	1.620956098627641e-05
rate	1.7399619627767e-05
rate	1.852675891431761e-05
rate	1.963778720798369e-05
rate	2.077132663076309e-05
rate	2.2087522650927532e-05
rate	2.3738525556934027e-05
rate	2.5788547884263614e-05
rate	2.8224723170843798e-05
rate	3.085978786013573e-05
rate	3.3597270706105424e-05
rate	3.6390280606274635e-05
rate	3.92000476836263e-05
rate	4.205722578402903e-05
rate	4.4978607332637545e-05
rate	4.8098203624552494e-05
rate	5.147534681230234e-05
rate	5.52535573223613e-05
rate	5.9333580118243485e-05
rate	6.378147981875548e-05
rate	6.832351771771874e-05
rate	7.260195263238359e-05
rate	7.630553100076637e-05
rate	7.962724648356927e-05
rate	8.260033165225454e-05
rate	8.582599756118046e-05
rate	9.003784427104769e-05
rate	9.590932091301001e-05
rate	0.00010327167064568382
rate	0.0001119112668596999
rate	0.00012086687747250048
rate	0.0001291570328048657
rate	0.0001356565301639222
rate	0.00014060919118459182
rate	0.00014479745967549442
rate	0.00014983407644304005
rate	0.00015685899672727367
rate	0.0001672805696076799
rate	0.00018079751622947205
rate	0.00019689205016486103
rate	0.00021373182901480439
rate	0.00022971684500140997
rate	0.00024276608414750504
rate	0.00025299836774502746
rate	0.00028147548054278124
rate	0.0003150895999986898
rate	0.0003553944598767795
rate	0.0004043105021167687
rate	0.00046137919725041553
rate	0.0005248321351939796
rate	0.0005929610850616299
rate	0.000664928489931214
rate	0.0007386294387891087
rate	0.0008132668195629641
rate	0.0008879367051160141
rate	0.0009353160013337671
rate	0.000984349352350984
rate	0.00103508099868076
rate	0.0010875592426906103
rate	0.0011418679685385193
rate	0.0011980013303484337
rate	0.0012560837782208938
rate	0.0013161034992794733
rate	0.001378111123279815
rate	0.0014421510062262196
rate	0.001508215438678771
rate	0.001576338445685775
rate	0.001646558550033333
rate	0.0017188932152936423
rate	6.533245554003992e-05
rate	3.786371842406891e-06
rate	2.569319897336469e-06
rate	2.119919688285036e-06
rate	1.7801849230165148e-06
rate	1.6103318513112896e-06
rate	1.4952759609801206e-06
rate	1.396660902226376e-06
rate	1.2870931824779173e-06
rate	1.1665741167491804e-06
rate	1.062494346513696e-06
rate	1.0405843099038055e-06
rate	1.19944344608739e-06
rate	1.5719780788130881e-06
rate	2.1089579814652117e-06
rate	2.7008590676357233e-06
rate	3.2928934836160988e-06
rate	3.7808731204256243e-06
rate	4.170219102041207e-06
rate	4.433463939868496e-06
rate	4.6967341566987955e-06
rate	4.98197645713535e-06
rate	5.108147804062924e-06
rate	5.053289078974573e-06
rate	4.850319341920486e-06
rate	4.5815435781549846e-06
rate	4.345697367800851e-06
rate	4.1921326764709465e-06
rate	4.159224662419822e-06
rate	4.257937828945107e-06
rate	4.427952076867086e-06
rate	4.608947803077313e-06
rate	4.817382148066425e-06
rate	5.080690602710212e-06
rate	5.398888999280066e-06
rate	5.782971639617247e-06
rate	6.276871363217296e-06
rate	6.853200339924001e-06
rate	7.522992824759043e-06
rate	8.319270005719066e-06
rate	9.192693527937726e-06
rate	1.013784333429381e-05
rate	1.1220771871768342e-05
rate	1.2436141530194424e-05
rate	1.3800638007153351e-05
rate	1.5286951960160347e-05
rate	1.6889772619442308e-05
rate	1.8703031372703552e-05
rate	2.075474229095945e-05
rate	2.3050970671775025e-05
rate	2.557575565413449e-05
rate	2.82577798627273e-05
rate	3.1102983992219304e-05
rate	3.40508703050688e-05
rate	3.715731924289009e-05
rate	4.042846403581021e-05
rate	4.3976210871589904e-05
rate	4.794648746775598e-05
rate	5.2435979877055854e-05
rate	5.741368632520287e-05
rate	6.274781420666532e-05
rate	6.836183082086715e-05
rate	7.428556110295055e-05
rate	8.053789523075845e-05
rate	8.717193132241504e-05
rate	9.436046232411139e-05
rate	0.00010210785763743305
rate	0.00011030481065800597
rate	0.00011886374316012586
rate	0.00012782811406599314
rate	0.0001372363648778739
rate	0.000147439751273622
rate	0.00015881844176221253
rate	0.00017183011036164779
rate	0.00018646872236480924
rate	0.0002025775080294617
rate	0.00021993251978156352
rate	0.00023876540639754417
rate	0.0002591961192337969
rate	0.0002815464515979974
rate	0.0003075618366212009
rate	0.00033723069010846554
rate	0.00036836297709724926
rate	0.0003988935164881873
rate	0.00042872131961607424
rate	0.0004655812853489915
rate	0.0005072278455822084
rate	0.000552253719424532
rate	0.0006006014169866754
rate	0.000651921931026569
rate	0.0007051467656720523
rate	0.0007606664361889239
rate	0.0008191104982178028
rate	0.000879969322644984
rate	0.0009399821918019136
rate	0.0009947749578710094
rate	0.0010531588677192279
rate	0.0011126915901064113
rate	0.0011735519419791163
rate	0.0012355686840904419
rate	0.001298383651277859
rate	0.0013619666065747792
rate	0.0014264203374239398
rate	0.001491691434441329
rate	0.0015578094419714784
rate	0.00162483956463824
rate	0.0016927897349769323
rate	0.0017616996473424442
rate	0.001831625884785045
rate	0.0019026501114921268
rate	4.949125852469111e-05
rate	3.3258080768003704e-06
rate	2.0651245899375033e-06
rate	1.6267692293956297e-06
rate	1.4185762549943835e-06
rate	1.2103991767495717e-06
rate	1.0679708966760952e-06
rate	9.58416329920633e-07
rate	8.598206719829978e-07
rate	7.88614888504104e-07
rate	7.338426460643488e-07
rate	7.228885591644884e-07
rate	7.61228630315695e-07
rate	8.652976058267913e-07
rate	1.007714652024935e-06
rate	1.1775298474225099e-06
rate	1.3747482901147505e-06
rate	1.5062354738353017e-06
rate	1.588417430458206e-06
rate	1.6048534928352388e-06
rate	1.6212897196639837e-06
rate	1.6651211380532237e-06
rate	1.6979947429268138e-06
rate	1.741827586692759e-06
rate	1.7692236554549696e-06
rate	1.8130577054003525e-06
rate	1.884289743123527e-06
rate	1.955523699968907e-06
rate	2.0377191440696926e-06
rate	2.1637569183948734e-06
rate	2.317202113567053e-06
rate	2.481617188453879e-06
rate	2.657004118948268e-06
rate	2.8652907646993645e-06
rate	3.0955206882234586e-06
rate	3.342217127548365e-06
rate	3.643765188214844e-06
rate	3.983731952895807e-06
rate	4.362131928565728e-06
rate	4.800921712057405e-06
rate	5.239781830768954e-06
rate	5.75004499176521e-06
rate	6.287844657086081e-06
rate	6.93005020061763e-06
rate	7.610843057446494e-06
rate	8.363206108334331e-06
rate	9.132257608520536e-06
rate	9.97296785343984e-06
rate	1.0874407897387561e-05
rate	1.1831139033475524e-05
rate	1.2903736536865123e-05
rate	1.4081327414506783e-05
rate	1.526492962799587e-05
rate	1.644904125289407e-05
rate	1.7677756434956336e-05
rate	1.9006275296938157e-05
rate	2.053404292589902e-05
rate	2.2283462384676964e-05
rate	2.434335867175282e-05
rate	2.6681290786314723e-05
rate	2.9275871737881367e-05
rate	3.210566330766384e-05
rate	3.5165823656691645e-05
rate	3.849039478372559e-05
rate	4.2124804293004456e-05
rate	4.612041809376026e-05
rate	5.058482235982921e-05
rate	5.568240552938682e-05
rate	6.150634855896819e-05
rate	6.806696239680686e-05
rate	7.513321883802657e-05
rate	8.286131361388473e-05
rate	9.177756000482349e-05
rate	0.0001022457030497767
rate	0.00011428343016643674
rate	0.00012742347172872836
rate	0.00014168219035658202
rate	0.00015784379437636293
rate	0.00017633448207610473
rate	0.00019731442043504008
rate	0.00022176290303891784
rate	0.00024914200555340707
rate	0.0002776055237781203
rate	0.0003055638648966124
rate	0.00033340712650873917
rate	0.00037396861084769043
rate	0.00042011171015699503
rate	0.0004692787135811579
rate	0.0005205451638364352
rate	0.0005740534986905211
rate	0.0006315902556524133
rate	0.000693837963945805
rate	0.0007581934687076252
rate	0.0008219962851142179
rate	0.000882697318687904
rate	0.0009388963092276214
rate	0.00099687375217563
rate	0.0010555931127510093
rate	0.0011150464423833205
rate	0.0011754048030520382
rate	0.0012367229902445305
rate	0.0012989329391810108
rate	0.0013620949737839366
rate	0.001426196602029319
rate	0.0014912386343708447
rate	0.0015572722308810428
rate	0.0016243071529872478
rate	0.0016923842522672124
rate	0.0017615617716251679
rate	0.0018318652083959062
rate	0.0001192838332953913
rate	8.001149254104856e-06
rate	4.981990302353253e-06
rate	3.4189890874954547e-06
rate	2.7392214488225925e-06
rate	2.3500846019537804e-06
rate	2.0815576903730936e-06
rate	1.8623718134542452e-06
rate	1.70347315622461e-06
rate	1.577457588564482e-06
rate	1.5226723584169005e-06
rate	1.5884215418104301e-06
rate	1.8295010050265515e-06
rate	2.2843207770163733e-06
rate	2.925591923647836e-06
rate	3.638315933434152e-06
rate	4.406096576197997e-06
rate	5.218003123534903e-06
rate	6.0740710401577395e-06
rate	6.952400858969093e-06
rate	7.962896855761161e-06
rate	9.061803049055886e-06
rate	9.946799938543729e-06
rate	1.0480077346966839e-05
rate	1.0661392333344142e-05
rate	1.0721640571215498e-05
rate	1.0869901737905591e-05
rate	1.1067685615128403e-05
rate	1.1430548762359268e-05
rate	1.195302029723746e-05
rate	1.25306009037427e-05
rate	1.3091753509138518e-05
rate	1.3741106242794658e-05
rate	1.4478724269715832e-05
rate	1.5337696467150535e-05
rate	1.627408470856392e-05
rate	1.7282420172875573e-05
rate	1.8445470018131028e-05
rate	1.981302424567091e-05
rate	2.1330200054486276e-05
rate	2.2980694677443963e-05
rate	2.4709496541699105e-05
rate	2.642846175044567e-05
rate	2.8109915548028346e-05
rate	2.9809166079785892e-05
rate	3.1570487063495795e-05
rate	3.35268869055286e-05
rate	3.5856108838085215e-05
rate	3.872559948197714e-05
rate	4.2037122613761454e-05
rate	4.566999006141162e-05
rate	4.944165022206986e-05
rate	5.3280065373793935e-05
rate	5.7101615671945996e-05
rate	6.092299485713459e-05
rate	6.487866158042996e-05
rate	6.913200779346283e-05
rate	7.363948460062519e-05
rate	7.848685945143745e-05
rate	8.371545764680158e-05
rate	8.91974072297695e-05
rate	9.49625109537632e-05
rate	0.00010117707135243013
rate	0.00010674415421142322
rate	0.00011499519626328424
rate	0.00012243440860373672
rate	0.0001300838623153554
rate	0.00013791609225558354
rate	0.0001453663612168211
rate	0.00015430203872015188
rate	0.00016358939766460956
rate	0.00017349527281835023
rate	0.00018294353182756511
rate	0.00019093986417490044
rate	0.00019763368498071834
rate	0.00020341705479872684
rate	0.00020982823884676112
rate	0.0002180469860567722
rate	0.00022479628097689492
rate	0.0002443566542364172
rate	0.0002619382384350254
rate	0.0002806133255372733
rate	0.0002989246880352457
rate	0.00031451208385368775
rate	0.0003270679856268498
rate	0.0003520425981928659
rate	0.0003810737068282239
rate	0.0004159419564416757
rate	0.0004588949045425628
rate	0.0005094997983752446
rate	0.0005655695596616234
rate	0.0006250756316666341
rate	0.0006876515761868345
rate	0.0007517297575595349
rate	0.0008165351104665819
rate	0.0008813823744932735
rate	0.0009250115512995167
rate	0.0009698204430670153
rate	0.0010158810732298898
rate	0.001063241671775152
rate	0.001111967164841626
rate	0.0011620745532082834
rate	0.0012136787945079318
rate	0.0012668018963385766
rate	0.0013214786252065762
rate	0.0013777598543557453
rate	0.001435648744679767
rate	0.0014951901216934643
rate	0.0015564160275736523
rate	0.0016193665940613263
rate	9.482530156537517e-05
rate	6.826080190140332e-06
rate	4.055050276258879e-06
rate	2.8762742004195624e-06
rate	2.256937981631273e-06
rate	1.944571863521487e-06
rate	1.6541679295898905e-06
rate	1.4130995955976552e-06
rate	1.232313433127884e-06
rate	1.0898836184112447e-06
rate	1.0186715882179932e-06
rate	1.0022379922247209e-06
rate	1.0679708966760952e-06
rate	1.2377884485572694e-06
rate	1.4624028495303483e-06
rate	1.7692236554549696e-06
rate	2.076079441899218e-06
rate	2.3994110497959137e-06
rate	2.67344988923641e-06
rate	2.925588795759654e-06
rate	3.232572344623671e-06
rate	3.5505564046536525e-06
rate	3.846643514128322e-06
rate	4.109859346384918e-06
rate	4.351163084951081e-06
rate	4.608943847164152e-06
rate	4.888690482193244e-06
rate	5.245274194639692e-06
rate	5.656775724348493e-06
rate	6.1506597777813815e-06
rate	6.677572794569143e-06
rate	7.2430191806663765e-06
rate	7.858001722067247e-06
rate	8.500572955623448e-06
rate	9.192736689301834e-06
rate	9.918042837840202e-06
rate	1.0709515868653134e-05
rate	1.1589203195194757e-05
rate	1.2562694927158835e-05
rate	1.3646606146039866e-05
rate	1.4808036998756541e-05
rate	1.6019553883434174e-05
rate	1.7193002884429105e-05
rate	1.8328323978437968e-05
rate	1.9469596766867587e-05
rate	2.0649954544673313e-05
rate	2.199092849997154e-05
rate	2.3630828022451534e-05
rate	2.560892698147056e-05
rate	2.792603644174658e-05
rate	3.0433512350689762e-05
rate	3.304870296960543e-05
rate	3.572750006622237e-05
rate	3.843670718147445e-05
rate	4.119867286103786e-05
rate	4.403575231746524e-05
rate	4.7070803603209856e-05
rate	5.0354760409705566e-05
rate	5.402265908976193e-05
rate	5.7997522382474903e-05
rate	6.232019937092161e-05
rate	6.675618340839745e-05
rate	7.103497493144307e-05
rate	7.48740783820232e-05
rate	7.841911447964326e-05
rate	8.165852922717715e-05
rate	8.511163648870598e-05
rate	8.946371995636203e-05
rate	9.536512909948115e-05
rate	0.00010270044708725226
rate	0.0001113325392884038
rate	0.00012035773324466643
rate	0.00012879262679831843
rate	0.00013547530792792684
rate	0.00014060054483942225
rate	0.0001450313098083499
rate	0.00015033165723869147
rate	0.00015742169018935885
rate	0.00016757166622820781
rate	0.00018050802706934748
rate	0.0001957045155916978
rate	0.00021154482315813086
rate	0.0002267250831484355
rate	0.00023949204290368107
rate	0.000249987092535521
rate	0.0002770657408675444
rate	0.0003089674501271592
rate	0.00034706002815226047
rate	0.0003930150631479555
rate	0.0004464542082703292
rate	0.0005059237309762351
rate	0.0005697426768798926
rate	0.0006366078086318407
rate	0.0007041315128836557
rate	0.0007718575719738769
rate	0.0008397578020194935
rate	0.000882762458592724
rate	0.0009270156769394524
rate	0.0009725621235555302
rate	0.0010194503306622236
rate	0.0010677596868265003
rate	0.001117492999984404
rate	0.001168765064280087
rate	0.0012215691871315967
rate	0.0012759673352956227
rate	0.0013319964579398145
rate	0.0013896589863866189
rate	0.0014489983334713958
rate	0.0015100468732365084
rate	0.0015728290740437373
rate	6.369031741346512e-05
rate	3.684934929476332e-06
rate	2.519993202475526e-06
rate	2.0952601666501594e-06
rate	1.7527888816558813e-06
rate	1.5884163340025073e-06
rate	1.4788399808231236e-06
rate	1.3829647317217574e-06
rate	1.2733975600749863e-06
rate	1.150140109738525e-06
rate	1.0405832139745925e-06
rate	1.0131956682122295e-06
rate	1.1775312175203664e-06
rate	1.5610204298031815e-06
rate	2.1226578528040147e-06
rate	2.7392273469976734e-06
rate	3.3559412855557765e-06
rate	3.863124619270707e-06
rate	4.260708890460045e-06
rate	4.52121996324538e-06
rate	4.78175589471481e-06
rate	5.0697500642471204e-06
rate	5.1931823195531595e-06
rate	5.138321890579657e-06
rate	4.932602976695275e-06
rate	4.6583339443197e-06
rate	4.411511748160824e-06
rate	4.246974697529344e-06
rate	4.205839679965439e-06
rate	4.3018123245911446e-06
rate	4.466344567709827e-06
rate	4.644600294332994e-06
rate	4.8502946126138265e-06
rate	5.110863233355313e-06
rate	5.426321824167567e-06
rate	5.810408313259599e-06
rate	6.30431298684588e-06
rate	6.880647740794434e-06
rate	7.553192383231608e-06
rate	8.349478348812777e-06
rate	9.214670175783297e-06
rate	1.0148835408116936e-05
rate	1.1220771871768342e-05
rate	1.2430640910814178e-05
rate	1.3792382973245924e-05
rate	1.5278692443588615e-05
rate	1.6875998724921933e-05
rate	1.8667195809769897e-05
rate	2.0680259838798463e-05
rate	2.2929492103908875e-05
rate	2.5401663305897448e-05
rate	2.8042028988875262e-05
rate	3.087870275195033e-05
rate	3.385683606108939e-05
rate	3.701856320704192e-05
rate	4.036455820559506e-05
rate	4.397899305649349e-05
rate	4.798828139920157e-05
rate	5.247784239892044e-05
rate	5.742207396298711e-05
rate	6.271139748982734e-05
rate	6.829165578890166e-05
rate	7.419273019169722e-05
rate	8.04448520897661e-05
rate	8.710692508364821e-05
rate	9.435196078201068e-05
rate	0.00010217038057003285
rate	0.00011043878637764487
rate	0.00011903245417166403
rate	0.0001279973784168022
rate	0.00013736590732525597
rate	0.00014753221304412344
rate	0.00015891128862270345
rate	0.00017199920168290005
rate	0.0001867764926384244
rate	0.0002030640327477001
rate	0.0002205467971274262
rate	0.00023936599270954308
rate	0.00025954830088995235
rate	0.00028142811578139187
rate	0.0003067472273364692
rate	0.00033560278072515196
rate	0.00036595960878020735
rate	0.0003960206672908521
rate	0.00042578188838549664
rate	0.00046232035708114146
rate	0.0005039958882154682
rate	0.0005489114286990945
rate	0.0005963564964976309
rate	0.0006459183766448051
rate	0.0006971757028761611
rate	0.0007512828405811581
rate	0.0008087334682832287
rate	0.0008692700735702119
rate	0.0009295943111111283
rate	0.0009853503437373679
rate	0.0010432044272598107
rate	0.0011017768929866194
rate	0.0011612805214597831
rate	0.00122148936041911
rate	0.0012819313606786799
rate	0.0013425766778583433
rate	0.0014035154417690963
rate	0.0014646876841208855
rate	0.0015261261806562502
rate	0.0015878957930264411
rate	0.0016500159698323584
rate	0.0017125348635958274
rate	0.0017755089608753548
rate	0.001839041229604319
rate	4.8287462728682865e-05
rate	3.2326111767970157e-06
rate	2.0267662937157435e-06
rate	1.6021141490727905e-06
rate	1.396662272554567e-06
rate	1.1912258808480934e-06
rate	1.0542763703449447e-06
rate	9.447223515595857e-07
rate	8.488658728452647e-07
rate	7.803989946123391e-07
rate	7.256269165340175e-07
rate	7.119343079091922e-07
rate	7.53012818605469e-07
rate	8.62558892344902e-07
rate	1.0131923803588711e-06
rate	1.1912250587779629e-06
rate	1.396662272554567e-06
rate	1.5336293222845924e-06
rate	1.6158121012081088e-06
rate	1.629508819855636e-06
rate	1.6432056755462568e-06
rate	1.6842978872717572e-06
rate	1.7116925579997488e-06
rate	1.7527860032293436e-06
rate	1.7801821816469654e-06
rate	1.8212767234093348e-06
rate	1.8897692255408472e-06
rate	1.9582635097200517e-06
rate	2.0404590360764103e-06
rate	2.1637569183948734e-06
rate	2.3144619473394177e-06
rate	2.4788768576673746e-06
rate	2.657004118948268e-06
rate	2.8625500498652203e-06
rate	3.0955206882234586e-06
rate	3.342217127548365e-06
rate	3.643765188214844e-06
rate	3.986473793060419e-06
rate	4.370358602472617e-06
rate	4.809149704546261e-06
rate	5.248011142262472e-06
rate	5.7555322165116e-06
rate	6.290588805694279e-06
rate	6.935539790855384e-06
rate	7.621824990370029e-06
rate	8.376937311097301e-06
rate	9.145992668885383e-06
rate	9.98395926532913e-06
rate	1.0877156646966816e-05
rate	1.1825639629469805e-05
rate	1.2884481177434771e-05
rate	1.4053808007247244e-05
rate	1.5237398321349564e-05
rate	1.6435269575466117e-05
rate	1.7688778822280722e-05
rate	1.9039358774926175e-05
rate	2.0583696142797063e-05
rate	2.232210608258749e-05
rate	2.43378340775194e-05
rate	2.660388242490958e-05
rate	2.91070778390967e-05
rate	3.184806403003103e-05
rate	3.482752978360888e-05
rate	3.80878451245316e-05
rate	4.167169022484043e-05
rate	4.562210809484292e-05
rate	5.003830601638647e-05
rate	5.50762194705106e-05
rate	6.082330617933473e-05
rate	6.728409746040655e-05
rate	7.42245909697688e-05
rate	8.181758008057986e-05
rate	9.060595221570337e-05
rate	0.00010097022722065298
rate	0.00011292818990432757
rate	0.00012602733007371718
rate	0.0001402269179804175
rate	0.00015621188212571477
rate	0.0001743503332515895
rate	0.0001948038807171367
rate	0.0002185455106672053
rate	0.0002451356737001224
rate	0.0002728808543152794
rate	0.0003003821016003478
rate	0.0003280862493686112
rate	0.00036720620921309874
rate	0.00041199038433515636
rate	0.0004595903214857297
rate	0.0005087200954785362
rate	0.000559585787548475
rate	0.0006144934711604723
rate	0.0006746113052809631
rate	0.0007371831022950811
rate	0.0007995786421584174
rate	0.0008593582807626848
rate	0.0009155020329331328
rate	0.0009728480328303135
rate	0.0010304037962923672
rate	0.0010881486469650383
rate	0.0011462845091211053
rate	0.001204855534387019
rate	0.0012637845936161328
rate	0.0013231087372190926
rate	0.0013828191436058733
rate	0.0014429126711554582
rate	0.0015034366258299449
rate	0.0015644127423452532
rate	0.0016258906197517875
rate	0.0016879288194255083
rate	0.0017505601007340435
rate	0.00011616168265034482
rate	7.690901838051132e-06
rate	4.877766452733501e-06
rate	3.3559412855557765e-06
rate	2.725518560510205e-06
rate	2.341864020995024e-06
rate	2.0815576903730936e-06
rate	1.8623718134542452e-06
rate	1.6979940576090159e-06
rate	1.5610211150468342e-06
rate	1.4925395773623573e-06
rate	1.547330563523632e-06
rate	1.7938856166642452e-06
rate	2.273360276651068e-06
rate	2.9584816540417594e-06
rate	3.72604647290571e-06
rate	4.5487015445951345e-06
rate	5.412775212495249e-06
rate	6.318302730417133e-06
rate	7.251618053950792e-06
rate	8.336380009339728e-06
rate	9.531608221508749e-06
rate	1.0493724412478536e-05
rate	1.1057352644721685e-05
rate	1.1222207824567778e-05
rate	1.12357239904351e-05
rate	1.1345516711108542e-05
rate	1.151033660879422e-05
rate	1.1867758060235769e-05
rate	1.2404066657428748e-05
rate	1.299549909086013e-05
rate	1.3559498918481061e-05
rate	1.421997293064589e-05
rate	1.4976993457383256e-05
rate	1.5858156075987275e-05
rate	1.682227486191475e-05
rate	1.785561913788103e-05
rate	1.904097285596502e-05
rate	2.0419860458490764e-05
rate	2.1937372712327927e-05
rate	2.357994712517653e-05
rate	2.5292544401175006e-05
rate	2.702017264796171e-05
rate	2.8735198044128462e-05
rate	3.04929889136474e-05
rate	3.232125535767343e-05
rate	3.433088198303895e-05
rate	3.667466632934009e-05
rate	3.950611698747893e-05
rate	4.274347855292638e-05
rate	4.6290941296106835e-05
rate	4.999652314065825e-05
rate	5.379103309018922e-05
rate	5.7590924653679195e-05
rate	6.141018694020482e-05
rate	6.536094920259617e-05
rate	6.95981923667233e-05
rate	7.409518369639298e-05
rate	7.893772940032515e-05
rate	8.417001340021781e-05
rate	8.968116906119257e-05
rate	9.548699002442442e-05
rate	0.00010170274250212289
rate	0.00010690642590537822
rate	0.00011528932324768212
rate	0.0001224945342689803
rate	0.000129905867270181
rate	0.00013762531389075459
rate	0.00014506324451754173
rate	0.00015453378503389837
rate	0.00016438889805112618
rate	0.00017492532892666716
rate	0.0001850379654521422
rate	0.00019358739411273385
rate	0.00020068875201892974
rate	0.00020700182436274214
rate	0.00021406171631627516
rate	0.00022261443314571148
rate	0.00022792950419220842
rate	0.0002478904581909448
rate	0.0002641030829999717
rate	0.0002811715754479203
rate	0.0002980943325817325
rate	0.00031308474976978086
rate	0.00032591150389246
rate	0.0003503747655792727
rate	0.0003785555108289532
rate	0.00041199891725474764
rate	0.00045249341882500765
rate	0.0004996554592522193
rate	0.0005516226000512497
rate	0.0006067124786825025
rate	0.0006645615398143679
rate	0.0007237854611388117
rate	0.0007836391995546903
rate	0.000843609614515198
rate	0.0008830202817351716
rate	0.0009231879591873745
rate	0.0009641919355232501
rate	0.0010060805950249975
rate	0.0010489107526333885
rate	0.0010927116111502234
rate	0.0011375885131240865
rate	0.0011835757614924451
rate	0.0012307126597001226
rate	0.001279046155173323
rate	0.0013285897319609019
rate	0.0013793979565346025
rate	0.001431496639361114
rate	0.0014849368328158185
rate	9.181572622177144e-05
rate	6.551639174474804e-06
rate	3.972795482576247e-06
rate	2.807757700972111e-06
rate	2.1911769536017682e-06
rate	1.9034755396923088e-06
rate	1.6158153905092961e-06
rate	1.3829680204633463e-06
rate	1.2049228733874447e-06
rate	1.0679722666752985e-06
rate	9.994996349373161e-07
rate	9.858049716095892e-07
rate	1.0542763703449447e-06
rate	1.2323102818077797e-06
rate	1.4651421658517227e-06
rate	1.7801821816469654e-06
rate	2.095259069832353e-06
rate	2.424073533194582e-06
rate	2.6981148413150408e-06
rate	2.944774375775943e-06
rate	3.2462778395737047e-06
rate	3.5615220631597138e-06
rate	3.849385217008041e-06
rate	4.109859346384918e-06
rate	4.3429364934415e-06
rate	4.5897467364859856e-06
rate	4.864006010154485e-06
rate	5.2068713180915494e-06
rate	5.604649962051947e-06
rate	6.084805161324867e-06
rate	6.592494806924779e-06
rate	7.141454123406617e-06
rate	7.745431828263446e-06
rate	8.390722781135047e-06
rate	9.091099281006081e-06
rate	9.832864096968508e-06
rate	1.0629809332437683e-05
rate	1.1509471045438553e-05
rate	1.2471933338937603e-05
rate	1.3531046703220053e-05
rate	1.4659399327455376e-05
rate	1.582954678059194e-05
rate	1.6986386141091212e-05
rate	1.8129889042558324e-05
rate	1.9301406325751485e-05
rate	2.052858245858354e-05
rate	2.1894334349015553e-05
rate	2.3523130487969037e-05
rate	2.5429306078677503e-05
rate	2.762734971264936e-05
rate	3.0007236841243794e-05
rate	3.250013523310544e-05
rate	3.5064719526170106e-05
rate	3.76733666793226e-05
rate	4.034011993804668e-05
rate	4.309289730229294e-05
rate	4.604340358186722e-05
rate	4.9234174007108794e-05
rate	5.279176085716257e-05
rate	5.6661464646706316e-05
rate	6.085891892308774e-05
rate	6.518884909907614e-05
rate	6.946799723050255e-05
rate	7.344262576328004e-05
rate	7.721098247571725e-05
rate	8.071672680209974e-05
rate	8.439727541623151e-05
rate	8.888959564167637e-05
rate	9.482093728595229e-05
rate	0.0001021292235288207
rate	0.00011075381171710767
rate	0.00011984858901683239
rate	0.00012842822079177113
rate	0.00013529408569193147
rate	0.00014059189849425268
rate	0.00014526515994120535
rate	0.0001508292380343429
rate	0.00015798438365144404
rate	0.0001678627628487357
rate	0.0001802185379092229
rate	0.00019451698101853457
rate	0.00020935781730145733
rate	0.00022373332129546102
rate	0.0002362180016598571
rate	0.00024697581732601457
rate	0.00027265600119230756
rate	0.00030284530025562857
rate	0.0003387255964277415
rate	0.0003817196241791423
rate	0.00043152921929024286
rate	0.00048701532675849053
rate	0.0005465242686981553
rate	0.0006082871273324674
rate	0.0006696335869782026
rate	0.0007304483243847897
rate	0.0007915788989229729
rate	0.0008302089158516808
rate	0.0008696820015279209
rate	0.0009100432484303006
rate	0.0009513414186338372
rate	0.0009936514051144816
rate	0.0010369846696203742
rate	0.0010814463503392806
rate	0.0011270348749837203
rate	0.0011738235473114306
rate	0.0012218419096534094
rate	0.001271102534094467
rate	0.001321658221257017
rate	0.001373535196439684
rate	0.0014267649327938323
rate	6.204817928689032e-05
rate	3.583498016545773e-06
rate	2.470666507614583e-06
rate	2.070600645015283e-06
rate	1.7253928402952478e-06
rate	1.5665008166937248e-06
rate	1.4624040006661267e-06
rate	1.369268561217139e-06
rate	1.2597019376720553e-06
rate	1.1337061027278695e-06
rate	1.018672081435489e-06
rate	9.858070265206532e-07
rate	1.1556189889533428e-06
rate	1.550062780793275e-06
rate	2.1363577241428173e-06
rate	2.777595626359624e-06
rate	3.4189890874954547e-06
rate	3.94537611811579e-06
rate	4.351198678878884e-06
rate	4.6089759866222645e-06
rate	4.866777632730825e-06
rate	5.1575236713588906e-06
rate	5.278216835043396e-06
rate	5.2233547021847405e-06
rate	5.014886611470063e-06
rate	4.735124310484416e-06
rate	4.477326128520798e-06
rate	4.301816718587742e-06
rate	4.252454697511055e-06
rate	4.345686820237182e-06
rate	4.5047370585525685e-06
rate	4.680252785588675e-06
rate	4.883207077161228e-06
rate	5.141035864000415e-06
rate	5.453754649055069e-06
rate	5.837844986901951e-06
rate	6.331754610474465e-06
rate	6.908095141664867e-06
rate	7.583391941704174e-06
rate	8.379686691906487e-06
rate	9.236646823628866e-06
rate	1.0159827481940062e-05
rate	1.1220771871768342e-05
rate	1.2425140291433932e-05
rate	1.3784127939338498e-05
rate	1.527043292701688e-05
rate	1.6862224830401562e-05
rate	1.8631360246836243e-05
rate	2.0605777386637475e-05
rate	2.2808013536042722e-05
rate	2.5227570957660404e-05
rate	2.7826278115023223e-05
rate	3.065442151168136e-05
rate	3.366280181710998e-05
rate	3.687980717119376e-05
rate	4.0300652375379904e-05
rate	4.398177524139707e-05
rate	4.803007533064716e-05
rate	5.251970492078502e-05
rate	5.743046160077136e-05
rate	6.267498077298936e-05
rate	6.822148075693617e-05
rate	7.409989928044392e-05
rate	8.035180894877375e-05
rate	8.704191884488136e-05
rate	9.434345923990996e-05
rate	0.00010223290350263265
rate	0.00011057276209728378
rate	0.0001192011651832022
rate	0.0001281666427676113
rate	0.00013749544977263804
rate	0.00014762467481462484
rate	0.0001590041354831944
rate	0.00017216829300415232
rate	0.00018708426291203954
rate	0.00020355055746593852
rate	0.00022116107447328888
rate	0.000239966579021542
rate	0.00025990048254610786
rate	0.00028130977996478627
rate	0.00030593261805173747
rate	0.0003339748713418384
rate	0.0003635562404631655
rate	0.0003931478180935169
rate	0.00042284245715491905
rate	0.0004590594288132914
rate	0.0005007639308487282
rate	0.0005455691379736569
rate	0.0005921115760085863
rate	0.0006399148222630411
rate	0.00068920464008027
rate	0.0007418992449733922
rate	0.0007983564383486545
rate	0.0008585708244954399
rate	0.000919206430420343
rate	0.0009759257296037264
rate	0.0010332499868003938
rate	0.0010908621958668275
rate	0.0011490091009404499
rate	0.0012074100367477781
rate	0.0012654790700795007
rate	0.0013231867491419074
rate	0.0013806105461142528
rate	0.0014376839338004423
rate	0.001494442919341022
rate	0.0015509520214146426
rate	0.0016072422046877848
rate	0.0016633700798492105
rate	0.0017193920369656646
rate	0.0017754323477165116
rate	4.7083666932674624e-05
rate	3.1394142767936606e-06
rate	1.9884079974939837e-06
rate	1.5774590687499514e-06
rate	1.3747482901147505e-06
rate	1.172052584946615e-06
rate	1.040581844013794e-06
rate	9.310283731985381e-07
rate	8.379110737075315e-07
rate	7.721831007205743e-07
rate	7.174111870036863e-07
rate	7.009800566538959e-07
rate	7.44797006895243e-07
rate	8.598201788630128e-07
rate	1.018670108692807e-06
rate	1.2049202701334159e-06
rate	1.4185762549943835e-06
rate	1.5610231707338828e-06
rate	1.6432067719580117e-06
rate	1.6541641468760334e-06
rate	1.66512163142853e-06
rate	1.7034746364902904e-06
rate	1.7253903730726838e-06
rate	1.7637444197659285e-06
rate	1.7911407078389614e-06
rate	1.8294957414183169e-06
rate	1.8952487079581677e-06
rate	1.9610033194711966e-06
rate	2.0431989280831284e-06
rate	2.1637569183948734e-06
rate	2.3117217811117825e-06
rate	2.4761365268808703e-06
rate	2.657004118948268e-06
rate	2.8598093350310757e-06
rate	3.0955206882234586e-06
rate	3.342217127548365e-06
rate	3.643765188214844e-06
rate	3.989215633225031e-06
rate	4.378585276379506e-06
rate	4.817377697035117e-06
rate	5.25624045375599e-06
rate	5.761019441257989e-06
rate	6.2933329543024774e-06
rate	6.941029381093139e-06
rate	7.632806923293564e-06
rate	8.39066851386027e-06
rate	9.159727729250228e-06
rate	9.994950677218416e-06
rate	1.0879905396546071e-05
rate	1.1820140225464087e-05
rate	1.2865225818004417e-05
rate	1.4026288599987706e-05
rate	1.5209867014703258e-05
rate	1.6421497898038168e-05
rate	1.769980120960511e-05
rate	1.9072442252914198e-05
rate	2.06333493596951e-05
rate	2.2360749780498013e-05
rate	2.433230948328598e-05
rate	2.6526474063504435e-05
rate	2.8938283940312034e-05
rate	3.159046475239822e-05
rate	3.448923591052612e-05
rate	3.768529546533761e-05
rate	4.12185761566764e-05
rate	4.512379809592558e-05
rate	4.949178967294373e-05
rate	5.4470033411634386e-05
rate	6.014026379970128e-05
rate	6.650123252400625e-05
rate	7.331596310151102e-05
rate	8.0773846547275e-05
rate	8.943434442658327e-05
rate	9.969475139152926e-05
rate	0.00011157294964221843
rate	0.000124631188418706
rate	0.000138771645604253
rate	0.00015457996987506658
rate	0.0001723661844270743
rate	0.0001922933409992333
rate	0.00021532811829549274
rate	0.00024112934184683773
rate	0.00026815618485243845
rate	0.0002952003383040831
rate	0.00032276537222848326
rate	0.00036044380757850706
rate	0.0004038690585133176
rate	0.00044990192939030154
rate	0.0004968950271206371
rate	0.0005451180764064291
rate	0.0005973966866685313
rate	0.0006553846466161212
rate	0.000716172735882537
rate	0.0007771609992026167
rate	0.0008360192428374655
rate	0.0008921077566386442
rate	0.000948822313484997
rate	0.0010052144798337248
rate	0.0010612508515467562
rate	0.0011171642151901725
rate	0.0011729880785295076
rate	0.0012286362480512546
rate	0.0012841225006542483
rate	0.0013394416851824273
rate	0.0013945867079400715
rate	0.001449601020778847
rate	0.0015045183317032584
rate	0.0015593969872363625
rate	0.0016142958672258486
rate	0.0016692549930721807
rate	0.00011303953200529836
rate	7.380654421997409e-06
rate	4.773542603113748e-06
rate	3.2928934836160988e-06
rate	2.7118156721978175e-06
rate	2.3336434400362674e-06
rate	2.0815576903730936e-06
rate	1.8623718134542452e-06
rate	1.6925149589934216e-06
rate	1.5445846415291862e-06
rate	1.4624067963078142e-06
rate	1.5062395852368338e-06
rate	1.758270228301939e-06
rate	2.262399776285763e-06
rate	2.991371384435683e-06
rate	3.8137770123772683e-06
rate	4.691306512992273e-06
rate	5.607547301455595e-06
rate	6.562534420676527e-06
rate	7.5508352489324915e-06
rate	8.709863162918295e-06
rate	1.0001413393961611e-05
rate	1.1040648886413344e-05
rate	1.1634627942476527e-05
rate	1.1783023315791413e-05
rate	1.1749807409654701e-05
rate	1.1821131684311493e-05
rate	1.1952987602460036e-05
rate	1.230496735811227e-05
rate	1.2855113017620034e-05
rate	1.346039727797756e-05
rate	1.4027244327823605e-05
rate	1.4698839618497121e-05
rate	1.547526264505068e-05
rate	1.6378615684824017e-05
rate	1.7370465015265577e-05
rate	1.842881810288649e-05
rate	1.9636475693799014e-05
rate	2.102669667131061e-05
rate	2.2544545370169577e-05
rate	2.4179199572909102e-05
rate	2.5875592260650905e-05
rate	2.7611883545477752e-05
rate	2.9360480540228577e-05
rate	3.117681174750891e-05
rate	3.307202365185108e-05
rate	3.5134877060549295e-05
rate	3.749322382059496e-05
rate	4.028663449298072e-05
rate	4.344983449209131e-05
rate	4.691189253080206e-05
rate	5.055139605924663e-05
rate	5.4302000806584504e-05
rate	5.80802336354124e-05
rate	6.189737902327507e-05
rate	6.58432368247624e-05
rate	7.00643769399838e-05
rate	7.455088279216077e-05
rate	7.938859934921286e-05
rate	8.462456915363405e-05
rate	9.016493089261565e-05
rate	9.601146909508564e-05
rate	0.00010222841365181567
rate	0.00010706869759933324
rate	0.00011558345023208
rate	0.00012255465993422392
rate	0.0001297278722250066
rate	0.0001373345355259256
rate	0.00014476012781826237
rate	0.00015476553134764485
rate	0.0001651883984376428
rate	0.0001763553850349841
rate	0.00018713239907671927
rate	0.00019623492405056726
rate	0.00020374381905714114
rate	0.00021058659392675746
rate	0.00021829519378578922
rate	0.00022718188023465076
rate	0.00023106272740752192
rate	0.00025142426214547236
rate	0.000266267927564918
rate	0.0002817298253585674
rate	0.00029726397712821935
rate	0.000311657415685874
rate	0.0003247550221580703
rate	0.00034870693296567944
rate	0.0003760373148296824
rate	0.0004080558780678196
rate	0.00044609193310745244
rate	0.0004898111201291939
rate	0.000537675640440876
rate	0.0005883493256983709
rate	0.0006414715034419014
rate	0.0006958411647180886
rate	0.0007507432886427987
rate	0.0008058368545371224
rate	0.0008410290121708267
rate	0.0008765554753077337
rate	0.0009125027978166102
rate	0.0009489195182748429
rate	0.0009858543404251507
rate	0.0010233486690921635
rate	0.0010614982317402413
rate	0.0011003496266463136
rate	0.0011399466941936689
rate	0.0011803324559909007
rate	0.001221530719242037
rate	0.0012636057913757407
rate	0.0013065772511485752
rate	0.0013505070715703108
rate	8.880615087816774e-05
rate	6.2771981588092766e-06
rate	3.890540688893617e-06
rate	2.7392412015246596e-06
rate	2.1254159255722636e-06
rate	1.862379215863131e-06
rate	1.5774628514287018e-06
rate	1.3528364453290375e-06
rate	1.1775323136470052e-06
rate	1.046060914939352e-06
rate	9.803276816566389e-07
rate	9.693719509944574e-07
rate	1.040581844013794e-06
rate	1.2268321150582902e-06
rate	1.4678814821730972e-06
rate	1.7911407078389614e-06
rate	2.1144386977654884e-06
rate	2.44873601659325e-06
rate	2.7227797933936716e-06
rate	2.9639599557922316e-06
rate	3.2599833345237383e-06
rate	3.5724877216657746e-06
rate	3.85212691988776e-06
rate	4.109859346384918e-06
rate	4.33470990193192e-06
rate	4.570549625807819e-06
rate	4.839321538115726e-06
rate	5.168468441543406e-06
rate	5.552524199755401e-06
rate	6.018950544868353e-06
rate	6.507416819280414e-06
rate	7.039889066146859e-06
rate	7.632861934459644e-06
rate	8.280872606646646e-06
rate	8.989461872710328e-06
rate	9.747685356096816e-06
rate	1.055010279622223e-05
rate	1.1429738895682348e-05
rate	1.2381171750716373e-05
rate	1.3415487260400239e-05
rate	1.4510761656154212e-05
rate	1.5639539677749704e-05
rate	1.6779769397753316e-05
rate	1.793145410667868e-05
rate	1.9133215884635385e-05
rate	2.0407210372493764e-05
rate	2.179774019805956e-05
rate	2.341543295348654e-05
rate	2.524968517588445e-05
rate	2.7328662983552145e-05
rate	2.9580961331797825e-05
rate	3.1951567496605446e-05
rate	3.440193898611784e-05
rate	3.691002617717075e-05
rate	3.9481567015055504e-05
rate	4.215004228712064e-05
rate	4.501600356052459e-05
rate	4.811358760451203e-05
rate	5.1560862624563205e-05
rate	5.532540691093774e-05
rate	5.939763847525387e-05
rate	6.362151478975484e-05
rate	6.790101952956202e-05
rate	7.201117314453686e-05
rate	7.600285047179124e-05
rate	7.977492437702233e-05
rate	8.368291434375704e-05
rate	8.83154713269907e-05
rate	9.427674547242342e-05
rate	0.00010155799997038913
rate	0.00011017508414581157
rate	0.00011933944478899835
rate	0.00012806381478522387
rate	0.0001351128634559361
rate	0.0001405832521490831
rate	0.0001454990100740608
rate	0.00015132681882999428
rate	0.00015854707711352922
rate	0.0001681538594692636
rate	0.0001799290487490983
rate	0.00019332944644537132
rate	0.0002071708114447838
rate	0.00022074155944248652
rate	0.00023294396041603313
rate	0.00024396454211650812
rate	0.0002682462615170707
rate	0.0002967231503840979
rate	0.0003303911647032225
rate	0.0003704241852103291
rate	0.0004166042303101565
rate	0.000468106922540746
rate	0.000523305860516418
rate	0.0005799664460330941
rate	0.0006351356610727496
rate	0.0006890390767957026
rate	0.0007433999958264524
rate	0.0007776553731106377
rate	0.0008123483261163894
rate	0.0008475243733050709
rate	0.0008832325066054507
rate	0.0009195431234024626
rate	0.0009564763392563446
rate	0.000994127636398474
rate	0.001032500562835844
rate	0.0010716797593272385
rate	0.0011116873613670046
rate	0.0011525460818023149
rate	0.001194318109042638
rate	0.0012370235196428594
rate	0.0012807007915439273
rate	6.040604116031553e-05
rate	3.482061103615214e-06
rate	2.42133981275364e-06
rate	2.0459411233804063e-06
rate	1.6979967989346144e-06
rate	1.5445852993849423e-06
rate	1.44596802050913e-06
rate	1.3555723907125203e-06
rate	1.2460063152691243e-06
rate	1.1172720957172141e-06
rate	9.967609488963855e-07
rate	9.58418384829077e-07
rate	1.133706760386319e-06
rate	1.5391051317833686e-06
rate	2.1500575954816204e-06
rate	2.8159639057215743e-06
rate	3.482036889435133e-06
rate	4.027627616960873e-06
rate	4.441688467297723e-06
rate	4.696732009999149e-06
rate	4.951799370746839e-06
rate	5.245297278470661e-06
rate	5.3632513505336315e-06
rate	5.308387513789824e-06
rate	5.097170246244852e-06
rate	4.811914676649131e-06
rate	4.543140508880771e-06
rate	4.356658739646139e-06
rate	4.299069715056671e-06
rate	4.389561315883219e-06
rate	4.5431295493953095e-06
rate	4.715905276844357e-06
rate	4.916119541708629e-06
rate	5.171208494645517e-06
rate	5.4811874739425705e-06
rate	5.865281660544304e-06
rate	6.35919623410305e-06
rate	6.9355425425353e-06
rate	7.613591500176739e-06
rate	8.409895035000198e-06
rate	9.258623471474435e-06
rate	1.0170819555763187e-05
rate	1.1220771871768342e-05
rate	1.2419639672053685e-05
rate	1.3775872905431071e-05
rate	1.5262173410445146e-05
rate	1.6848450935881187e-05
rate	1.8595524683902588e-05
rate	2.0531294934476486e-05
rate	2.2686534968176572e-05
rate	2.505347860942336e-05
rate	2.7610527241171185e-05
rate	3.043014027141239e-05
rate	3.346876757313056e-05
rate	3.67410511353456e-05
rate	4.023674654516474e-05
rate	4.398455742630065e-05
rate	4.8071869262092754e-05
rate	5.256156744264961e-05
rate	5.74388492385556e-05
rate	6.263856405615137e-05
rate	6.815130572497068e-05
rate	7.400706836919061e-05
rate	8.02587658077814e-05
rate	8.697691260611453e-05
rate	9.433495769780925e-05
rate	0.00010229542643523244
rate	0.00011070673781692269
rate	0.00011936987619474038
rate	0.00012833590711842037
rate	0.00013762499222002013
rate	0.00014771713658512625
rate	0.00015909698234368536
rate	0.00017233738432540456
rate	0.00018739203318565467
rate	0.00020403708218417693
rate	0.0002217753518191516
rate	0.0002405671653335409
rate	0.0002602526642022634
rate	0.0002811914441481807
rate	0.00030511800876700573
rate	0.00033234696195852474
rate	0.0003611528721461236
rate	0.00039027496889618173
rate	0.00041990302592434146
rate	0.0004557985005454414
rate	0.0004975319734819881
rate	0.0005422268472482193
rate	0.0005878666555195418
rate	0.0006339112678812771
rate	0.000681233577284379
rate	0.0007325156493656265
rate	0.0007879794084140805
rate	0.0008478715754206679
rate	0.0009088185497295577
rate	0.0009665011154700848
rate	0.0010232955463409766
rate	0.0010799474987470358
rate	0.0011367376804211167
rate	0.001193330713076446
rate	0.0012490267794803213
rate	0.0013037968204254716
rate	0.0013577056504594095
rate	0.0014106801834799989
rate	0.0014627596580257937
rate	0.0015140082498028438
rate	0.0015644684395432111
rate	0.0016142052961025935
rate	0.0016632751130559742
rate	0.001711823465828704
rate	4.587987113666638e-05
rate	3.046217376790306e-06
rate	1.9500497012722243e-06
rate	1.5528039884271124e-06
rate	1.352834307674934e-06
rate	1.1528792890451366e-06
rate	1.0268873176826432e-06
rate	9.173343948374907e-07
rate	8.269562745697983e-07
rate	7.639672068288095e-07
rate	7.091954574733551e-07
rate	6.900258053985996e-07
rate	7.36581195185017e-07
rate	8.570814653811235e-07
rate	1.0241478370267428e-06
rate	1.2186154814888689e-06
rate	1.4404902374342e-06
rate	1.5884170191831733e-06
rate	1.6706014427079146e-06
rate	1.6788194738964308e-06
rate	1.6870375873108033e-06
rate	1.7226513857088238e-06
rate	1.7390881881456189e-06
rate	1.7747028363025134e-06
rate	1.8020992340309572e-06
rate	1.837714759427299e-06
rate	1.9007281903754883e-06
rate	1.9637431292223415e-06
rate	2.0459388200898464e-06
rate	2.1637569183948734e-06
rate	2.3089816148841472e-06
rate	2.473396196094366e-06
rate	2.657004118948268e-06
rate	2.8570686201969316e-06
rate	3.0955206882234586e-06
rate	3.342217127548365e-06
rate	3.643765188214844e-06
rate	3.991957473389644e-06
rate	4.386811950286394e-06
rate	4.825605689523973e-06
rate	5.264469765249508e-06
rate	5.766506666004379e-06
rate	6.296077102910676e-06
rate	6.946518971330893e-06
rate	7.6437888562171e-06
rate	8.404399716623239e-06
rate	9.173462789615075e-06
rate	1.0005942089107704e-05
rate	1.0882654146125326e-05
rate	1.181464082145837e-05
rate	1.2845970458574063e-05
rate	1.3998769192728169e-05
rate	1.5182335708056953e-05
rate	1.6407726220610216e-05
rate	1.7710823596929498e-05
rate	1.910552573090222e-05
rate	2.068300257659314e-05
rate	2.2399393478408537e-05
rate	2.432678488905256e-05
rate	2.644906570209929e-05
rate	2.876949004152737e-05
rate	3.133286547476541e-05
rate	3.4150942037443356e-05
rate	3.7282745806143615e-05
rate	4.076546208851237e-05
rate	4.462548809700824e-05
rate	4.8945273329500993e-05
rate	5.386384735275817e-05
rate	5.9457221420067824e-05
rate	6.571836758760595e-05
rate	7.240733523325324e-05
rate	7.973011301397011e-05
rate	8.826273663746315e-05
rate	9.841927556240553e-05
rate	0.00011021770938010927
rate	0.0001232350467636948
rate	0.00013731637322808845
rate	0.0001529480576244184
rate	0.0001703820356025591
rate	0.0001897828012813299
rate	0.0002121107259237802
rate	0.00023712300999355305
rate	0.00026343151538959754
rate	0.00029001857500781845
rate	0.00031744449508835525
rate	0.00035368140594391537
rate	0.0003957477326914789
rate	0.00044021353729487337
rate	0.0004850699587627382
rate	0.000530650365264383
rate	0.0005802999021765902
rate	0.0006361579879512792
rate	0.0006951623694699929
rate	0.0007547433562468161
rate	0.0008126802049122463
rate	0.0008687134803441556
rate	0.0009247965941396804
rate	0.0009800251633750826
rate	0.001034353056128474
rate	0.0010880439212592396
rate	0.0011411206226719962
rate	0.0011934879024863767
rate	0.001245136264089404
rate	0.0012960642267589814
rate	0.0013462607447246849
rate	0.0013957654157277489
rate	0.0014446239210612636
rate	0.0014929033547209378
rate	0.0015406629150261889
rate	0.001587949885410318
rate	0.00010991738136025189
rate	7.070407005943686e-06
rate	4.669318753493995e-06
rate	3.2298456816764206e-06
rate	2.69811278388543e-06
rate	2.325422859077511e-06
rate	2.0815576903730936e-06
rate	1.8623718134542452e-06
rate	1.6870358603778275e-06
rate	1.5281481680115383e-06
rate	1.4322740152532708e-06
rate	1.4651486069500356e-06
rate	1.7226548399396327e-06
rate	2.2514392759204576e-06
rate	3.0242611148296063e-06
rate	3.901507551848827e-06
rate	4.833911481389411e-06
rate	5.802319390415941e-06
rate	6.8067661109359205e-06
rate	7.85005244391419e-06
rate	9.083346316496862e-06
rate	1.0471218566414474e-05
rate	1.1587573360348151e-05
rate	1.2211903240231374e-05
rate	1.2343838807015048e-05
rate	1.2263890828874303e-05
rate	1.2296746657514446e-05
rate	1.2395638596125852e-05
rate	1.2742176655988771e-05
rate	1.330615937781132e-05
rate	1.3925295465094992e-05
rate	1.449498973716615e-05
rate	1.5177706306348353e-05
rate	1.59735318327181e-05
rate	1.6899075293660757e-05
rate	1.7918655168616405e-05
rate	1.9002017067891952e-05
rate	2.0231978531633008e-05
rate	2.1633532884130466e-05
rate	2.315171802801123e-05
rate	2.4778452020641673e-05
rate	2.6458640120126806e-05
rate	2.8203594442993792e-05
rate	2.998576303632869e-05
rate	3.186063458137042e-05
rate	3.3822791946028716e-05
rate	3.593887213805964e-05
rate	3.8311781311849826e-05
rate	4.106715199848251e-05
rate	4.4156190431256236e-05
rate	4.7532843765497276e-05
rate	5.110626897783501e-05
rate	5.4812968522979796e-05
rate	5.85695426171456e-05
rate	6.23845711063453e-05
rate	6.632552444692862e-05
rate	7.053056151324427e-05
rate	7.500658188792855e-05
rate	7.983946929810055e-05
rate	8.507912490705028e-05
rate	9.064869272403872e-05
rate	9.653594816574685e-05
rate	0.00010275408480150843
rate	0.00010723096929328825
rate	0.00011587757721647789
rate	0.0001226147855994675
rate	0.0001295498771798322
rate	0.00013704375716109665
rate	0.000144457011118983
rate	0.00015499727766139134
rate	0.00016598789882415942
rate	0.00017778544114330103
rate	0.00018922683270129634
rate	0.00019888245398840064
rate	0.0002067988860953525
rate	0.00021417136349077278
rate	0.00022252867125530326
rate	0.00023174932732359
rate	0.00023419595062283542
rate	0.00025495806609999994
rate	0.00026843277212986426
rate	0.0002822880752692145
rate	0.0002964336216747062
rate	0.00031023008160196714
rate	0.0003235985404236805
rate	0.00034703910035208623
rate	0.0003735191188304117
rate	0.0004041128388808916
rate	0.0004396904473898972
rate	0.00047996678100616845
rate	0.0005237286808305024
rate	0.0005699861727142394
rate	0.0006183814670694348
rate	0.0006678968682973654
rate	0.0007178473777309071
rate	0.0007680640945590468
rate	0.0007990377426064818
rate	0.000829922991428093
rate	0.0008608136601099705
rate	0.0008917584415246884
rate	0.0009227979282169132
rate	0.0009539857270341038
rate	0.0009854079503563958
rate	0.0010171234918001822
rate	0.001049180728687215
rate	0.0010816187568084784
rate	0.0011144717065231721
rate	0.0011478136262168788
rate	0.0011816578629360369
rate	0.001216077310324803
rate	8.579657553456401e-05
rate	6.0027571431437495e-06
rate	3.8082858952109855e-06
rate	2.670724702077208e-06
rate	2.059654897542759e-06
rate	1.8212828920339531e-06
rate	1.5391103123481074e-06
rate	1.3227048701947286e-06
rate	1.150141753906566e-06
rate	1.0241495632034056e-06
rate	9.611557283759616e-07
rate	9.529389303793256e-07
rate	1.0268873176826432e-06
rate	1.2213539483088006e-06
rate	1.4706207984944716e-06
rate	1.8020992340309572e-06
rate	2.1336183256986235e-06
rate	2.473398499991918e-06
rate	2.7474447454723023e-06
rate	2.9831455358085205e-06
rate	3.2736888294737715e-06
rate	3.583453380171836e-06
rate	3.854868622767479e-06
rate	4.109859346384918e-06
rate	4.32648331042234e-06
rate	4.551352515129653e-06
rate	4.814637066076967e-06
rate	5.130065564995263e-06
rate	5.5003984374588556e-06
rate	5.953095928411839e-06
rate	6.42233883163605e-06
rate	6.9383240088871e-06
rate	7.520292040655842e-06
rate	8.171022432158245e-06
rate	8.887824464414576e-06
rate	9.662506615225123e-06
rate	1.0470396260006778e-05
rate	1.1350006745926142e-05
rate	1.2290410162495142e-05
rate	1.3299927817580426e-05
rate	1.4362123984853048e-05
rate	1.5449532574907468e-05
rate	1.657315265441542e-05
rate	1.7733019170799037e-05
rate	1.8965025443519286e-05
rate	2.0285838286403986e-05
rate	2.170114604710357e-05
rate	2.3307735419004047e-05
rate	2.5070064273091395e-05
rate	2.7029976254454926e-05
rate	2.9154685822351857e-05
rate	3.1402999760105454e-05
rate	3.373915844606558e-05
rate	3.614668567501891e-05
rate	3.8623014092064334e-05
rate	4.120718727194834e-05
rate	4.398860353918195e-05
rate	4.699300120191526e-05
rate	5.032996439196384e-05
rate	5.3989349175169153e-05
rate	5.7936358027419996e-05
rate	6.205418048043355e-05
rate	6.63340418286215e-05
rate	7.05797205257937e-05
rate	7.479471846786524e-05
rate	7.883312195194493e-05
rate	8.296855327128257e-05
rate	8.774134701230504e-05
rate	9.373255365889456e-05
rate	0.00010098677641195757
rate	0.00010959635657451546
rate	0.0001188303005611643
rate	0.0001276994087786766
rate	0.00013493164121994072
rate	0.00014057460580391354
rate	0.00014573286020691628
rate	0.0001518243996256457
rate	0.0001591097705756144
rate	0.0001684449560897915
rate	0.00017963955958897373
rate	0.0001921419118722081
rate	0.00020498380558811027
rate	0.00021774979758951206
rate	0.00022966991917220916
rate	0.00024095326690700168
rate	0.00026383652184183384
rate	0.00029060100051256723
rate	0.0003220567329787035
rate	0.00035912874624151596
rate	0.00040167924133007024
rate	0.0004491985183230015
rate	0.0005000874523346806
rate	0.0005516457647337209
rate	0.0006006377351672966
rate	0.0006476298292066153
rate	0.0006952210927299318
rate	0.0007251018303695946
rate	0.000755014650704858
rate	0.0007850054981798412
rate	0.0008151235945770642
rate	0.0008454348416904436
rate	0.0008759680088923149
rate	0.0009068089224576676
rate	0.0009379662506879676
rate	0.0009695359713430464
rate	0.0010015328130805992
rate	0.001033989629510163
rate	0.001066977996828259
rate	0.001100511842846035
rate	0.0011346366502940225
rate	5.876390303374073e-05
rate	3.380624190684655e-06
rate	2.372013117892697e-06
rate	2.0212816017455297e-06
rate	1.670600757573981e-06
rate	1.5226697820761598e-06
rate	1.429532040352133e-06
rate	1.3418762202079016e-06
rate	1.2323106928661935e-06
rate	1.1008380887065589e-06
rate	9.74849816357282e-07
rate	9.310297431375008e-07
rate	1.1117945318192954e-06
rate	1.5281474827734621e-06
rate	2.1637574668204234e-06
rate	2.8543321850835243e-06
rate	3.545084691374811e-06
rate	4.109879115805956e-06
rate	4.532178255716562e-06
rate	4.784488033376034e-06
rate	5.036821108762854e-06
rate	5.333070885582431e-06
rate	5.448285866023867e-06
rate	5.393420325394908e-06
rate	5.179453881019641e-06
rate	4.888705042813848e-06
rate	4.608954889240745e-06
rate	4.411500760704536e-06
rate	4.345684732602288e-06
rate	4.433435811529256e-06
rate	4.5815220402380506e-06
rate	4.7515577681000385e-06
rate	4.949032006256032e-06
rate	5.2013811252906195e-06
rate	5.508620298830072e-06
rate	5.892718334186656e-06
rate	6.386637857731634e-06
rate	6.9629899434057336e-06
rate	7.643791058649303e-06
rate	8.440103378093909e-06
rate	9.280600119320005e-06
rate	1.0181811629586313e-05
rate	1.1220771871768342e-05
rate	1.2414139052673439e-05
rate	1.3767617871523644e-05
rate	1.5253913893873412e-05
rate	1.6834677041360812e-05
rate	1.855968912096893e-05
rate	2.04568124823155e-05
rate	2.256505640031042e-05
rate	2.487938626118632e-05
rate	2.739477636731915e-05
rate	3.020585903114342e-05
rate	3.327473332915115e-05
rate	3.6602295099497437e-05
rate	4.017284071494959e-05
rate	4.398733961120423e-05
rate	4.8113663193538353e-05
rate	5.26034299645142e-05
rate	5.744723687633984e-05
rate	6.26021473393134e-05
rate	6.808113069300518e-05
rate	7.391423745793729e-05
rate	8.016572266678904e-05
rate	8.691190636734768e-05
rate	9.432645615570855e-05
rate	0.00010235794936783226
rate	0.00011084071353656161
rate	0.00011953858720627855
rate	0.00012850517146922944
rate	0.0001377545346674022
rate	0.00014780959835562768
rate	0.0001591898292041763
rate	0.00017250647564665683
rate	0.00018769980345926984
rate	0.00020452360690241536
rate	0.00022238962916501428
rate	0.00024116775164553984
rate	0.0002606048458584189
rate	0.00028107310833157517
rate	0.000304303399482274
rate	0.00033071905257521116
rate	0.0003587495038290817
rate	0.0003874021196988466
rate	0.0004169635946937639
rate	0.00045253757227759134
rate	0.000494300016115248
rate	0.0005388845565227817
rate	0.0005836217350304973
rate	0.0006279077134995132
rate	0.0006732625144884878
rate	0.0007231320537578607
rate	0.0007776023784795064
rate	0.0008371723263458958
rate	0.0008984306690387725
rate	0.0009570765013364432
rate	0.0010133411058815594
rate	0.001069032801627244
rate	0.0011244662599017837
rate	0.0011792513894051141
rate	0.0012325744888811421
rate	0.0012844068917090355
rate	0.001334800754804566
rate	0.0013836764331595554
rate	0.0014310763967105655
rate	0.001477064478191045
rate	0.0015216946743986373
rate	0.0015650405123559766
rate	0.001607158189146284
rate	0.0016482145839408963
rate	4.4676075340658134e-05
rate	2.953020476786951e-06
rate	1.9116914050504644e-06
rate	1.5281489081042731e-06
rate	1.3309203252351177e-06
rate	1.1337059931436584e-06
rate	1.0131927913514927e-06
rate	9.036404164764433e-07
rate	8.160014754320652e-07
rate	7.557513129370446e-07
rate	7.009797279430239e-07
rate	6.790715541433033e-07
rate	7.283653834747911e-07
rate	8.543427518992342e-07
rate	1.0296255653606786e-06
rate	1.232310692844322e-06
rate	1.4624042198740164e-06
rate	1.615810867632464e-06
rate	1.6979961134578174e-06
rate	1.7034748009168282e-06
rate	1.7089535431930765e-06
rate	1.7418281349273573e-06
rate	1.7527860032185541e-06
rate	1.7856612528390983e-06
rate	1.813057760222953e-06
rate	1.845933777436281e-06
rate	1.9062076727928086e-06
rate	1.966482938973487e-06
rate	2.048678712096564e-06
rate	2.1637569183948734e-06
rate	2.306241448656512e-06
rate	2.470655865307862e-06
rate	2.657004118948268e-06
rate	2.8543279053627874e-06
rate	3.0955206882234586e-06
rate	3.342217127548365e-06
rate	3.643765188214844e-06
rate	3.9946993135542564e-06
rate	4.395038624193283e-06
rate	4.8338336820128285e-06
rate	5.272699076743026e-06
rate	5.77199389075077e-06
rate	6.2988212515188744e-06
rate	6.9520085615686485e-06
rate	7.654770789140635e-06
rate	8.418130919386209e-06
rate	9.187197849979921e-06
rate	1.001693350099699e-05
rate	1.088540289570458e-05
rate	1.180914141745265e-05
rate	1.2826715099143709e-05
rate	1.3971249785468631e-05
rate	1.5154804401410645e-05
rate	1.6393954543182263e-05
rate	1.7721845984253884e-05
rate	1.9138609208890242e-05
rate	2.0732655793491177e-05
rate	2.2438037176319065e-05
rate	2.4321260294819136e-05
rate	2.6371657340694144e-05
rate	2.8600696142742705e-05
rate	3.107526619713261e-05
rate	3.381264816436059e-05
rate	3.688019614694962e-05
rate	4.031234802034834e-05
rate	4.41271780980909e-05
rate	4.839875698605826e-05
rate	5.3257661293881954e-05
rate	5.8774179040434364e-05
rate	6.493550265120564e-05
rate	7.149870736499546e-05
rate	7.868637948066525e-05
rate	8.709112884834303e-05
rate	9.714379973328181e-05
rate	0.0001088624691180001
rate	0.00012183890510868362
rate	0.00013586110085192393
rate	0.00015131614537377023
rate	0.00016839788677804388
rate	0.0001872722615634265
rate	0.00020889333355206767
rate	0.00023311667814026837
rate	0.00025870684592675663
rate	0.00028483681171155383
rate	0.0003121236179482273
rate	0.0003469190043093237
rate	0.00038762640686964016
rate	0.0004305251451994452
rate	0.00047324489040483916
rate	0.0005161826541223369
rate	0.0005632031176846492
rate	0.0006169313292864373
rate	0.0006741520030574487
rate	0.0007323257132910156
rate	0.0007893411669870271
rate	0.000845319204049667
rate	0.0009007708747943637
rate	0.0009548358469164403
rate	0.001007455260710192
rate	0.0010589236273283065
rate	0.0011092531668144847
rate	0.0011583395569214985
rate	0.00120615002752456
rate	0.0012526867683355354
rate	0.0012979347815092982
rate	0.001341929810676651
rate	0.0013847295104192688
rate	0.0014264097222055129
rate	0.0014670299628265293
rate	0.001506644777748455
rate	0.00010679523071520541
rate	6.760159589889963e-06
rate	4.5650949038742426e-06
rate	3.1667978797367424e-06
rate	2.684409895573043e-06
rate	2.3172022781187545e-06
rate	2.0815576903730936e-06
rate	1.8623718134542452e-06
rate	1.6815567617622334e-06
rate	1.5117116944938907e-06
rate	1.4021412341987277e-06
rate	1.4240576286632375e-06
rate	1.6870394515773264e-06
rate	2.2404787755551528e-06
rate	3.05715084522353e-06
rate	3.989238091320385e-06
rate	4.976516449786548e-06
rate	5.997091479376287e-06
rate	7.050997801195315e-06
rate	8.14926963889589e-06
rate	9.456829470075428e-06
rate	1.0941023738867337e-05
rate	1.213449783428296e-05
rate	1.2789178537986218e-05
rate	1.2904654298238684e-05
rate	1.2777974248093905e-05
rate	1.2772361630717399e-05
rate	1.2838289589791669e-05
rate	1.3179385953865274e-05
rate	1.3757205738002607e-05
rate	1.4390193652212422e-05
rate	1.4962735146508693e-05
rate	1.5656572994199584e-05
rate	1.6471801020385525e-05
rate	1.74195349024975e-05
rate	1.8466845321967236e-05
rate	1.9575216032897414e-05
rate	2.0827481369467005e-05
rate	2.2240369096950317e-05
rate	2.3758890685852884e-05
rate	2.5377704468374244e-05
rate	2.7041687979602707e-05
rate	2.8795305340509832e-05
rate	3.06110455324288e-05
rate	3.254445741523193e-05
rate	3.4573560240206354e-05
rate	3.674286721556999e-05
rate	3.91303388031047e-05
rate	4.18476695039843e-05
rate	4.486254637042116e-05
rate	4.815379500019249e-05
rate	5.166114189642339e-05
rate	5.532393623937508e-05
rate	5.9058851598878806e-05
rate	6.287176318941554e-05
rate	6.680781206909484e-05
rate	7.099674608650475e-05
rate	7.546228098369633e-05
rate	8.029033924698825e-05
rate	8.553368066046653e-05
rate	9.113245455546181e-05
rate	9.706042723640807e-05
rate	0.0001032797559512012
rate	0.00010739324098724327
rate	0.00011617170420087578
rate	0.0001226749112647111
rate	0.00012937188213465783
rate	0.0001367529787962677
rate	0.0001441538944197036
rate	0.0001552290239751378
rate	0.00016678739921067602
rate	0.00017921549725161796
rate	0.0001913212663258734
rate	0.00020152998392623404
rate	0.0002098539531335639
rate	0.00021775613305478807
rate	0.0002267621487248173
rate	0.00023631677441252928
rate	0.00023732917383814894
rate	0.00025849187005452746
rate	0.00027059761669481053
rate	0.00028284632517986156
rate	0.00029560326622119306
rate	0.00030880274751806026
rate	0.0003224420586892907
rate	0.000345371267738493
rate	0.000371000922831141
rate	0.0004001697996939635
rate	0.000433288961672342
rate	0.00047012244188314304
rate	0.0005097817212201288
rate	0.0005516230197301077
rate	0.0005952914306969681
rate	0.0006399525718766422
rate	0.0006849514668190154
rate	0.0007302913345809713
rate	0.0007570464730421369
rate	0.0007832905075484521
rate	0.0008091245224033307
rate	0.0008345973647745339
rate	0.0008597415160086756
rate	0.0008846227849760439
rate	0.0009093176689725505
rate	0.0009338973569540506
rate	0.0009584147631807612
rate	0.000982905057626056
rate	0.0010074126938043068
rate	0.0010320214610580166
rate	0.0010567384747234984
rate	0.0010816475490792953
rate	8.278700019096029e-05
rate	5.728316127478222e-06
rate	3.7260311015283546e-06
rate	2.6022082026297564e-06
rate	1.9938938695132543e-06
rate	1.7801865682047752e-06
rate	1.500757773267513e-06
rate	1.2925732950604196e-06
rate	1.1227511941661267e-06
rate	1.0022382114674592e-06
rate	9.419837750952846e-07
rate	9.365059097641939e-07
rate	1.0131927913514927e-06
rate	1.2158757815593109e-06
rate	1.473360114815846e-06
rate	1.813057760222953e-06
rate	2.1527979536317587e-06
rate	2.4980609833905863e-06
rate	2.7721096975509327e-06
rate	3.002331115824809e-06
rate	3.287394324423805e-06
rate	3.594419038677897e-06
rate	3.857610325647198e-06
rate	4.109859346384918e-06
rate	4.318256718912759e-06
rate	4.5321554044514855e-06
rate	4.789952594038209e-06
rate	5.09166268844712e-06
rate	5.448272675162309e-06
rate	5.887241311955324e-06
rate	6.337260843991686e-06
rate	6.836758951627342e-06
rate	7.4077221468520405e-06
rate	8.061172257669842e-06
rate	8.786187056118821e-06
rate	9.57732787435343e-06
rate	1.0390689723791326e-05
rate	1.1270274596169937e-05
rate	1.219964857427391e-05
rate	1.3184368374760613e-05
rate	1.4213486313551884e-05
rate	1.5259525472065234e-05
rate	1.6366535911077524e-05
rate	1.753458423491939e-05
rate	1.8796835002403183e-05
rate	2.0164466200314212e-05
rate	2.160455189614758e-05
rate	2.320003788452155e-05
rate	2.489044337029834e-05
rate	2.6731289525357707e-05
rate	2.8728410312905892e-05
rate	3.085443202360546e-05
rate	3.3076377906013306e-05
rate	3.538334517286706e-05
rate	3.776446116907316e-05
rate	4.026433225677604e-05
rate	4.296120351783931e-05
rate	4.587241479931849e-05
rate	4.9099066159364485e-05
rate	5.265329143940057e-05
rate	5.6475077579586124e-05
rate	6.0486846171112254e-05
rate	6.476706412768097e-05
rate	6.914826790705052e-05
rate	7.358658646393923e-05
rate	7.789131952686752e-05
rate	8.225419219880809e-05
rate	8.716722269761938e-05
rate	9.31883618453657e-05
rate	0.00010041555285352599
rate	0.00010901762900321936
rate	0.00011832115633333025
rate	0.00012733500277212933
rate	0.00013475041898394533
rate	0.000140565959458744
rate	0.00014596671033977174
rate	0.00015232198042129712
rate	0.00015967246403769962
rate	0.0001687360527103194
rate	0.00017935007042884914
rate	0.00019095437729904486
rate	0.00020279679973143674
rate	0.00021475803573653757
rate	0.0002263958779283852
rate	0.00023794199169749523
rate	0.000259426782166597
rate	0.0002844788506410366
rate	0.00031372230125418447
rate	0.00034783330727270275
rate	0.0003867542523499839
rate	0.00043029011410525693
rate	0.0004768690441529433
rate	0.0005233250834343476
rate	0.0005661398092618435
rate	0.0006062205816175282
rate	0.0006470421896334112
rate	0.0006725482876285514
rate	0.0006976809752933264
rate	0.0007224866230546114
rate	0.0007470146825486776
rate	0.0007713265599784247
rate	0.0007954596785282851
rate	0.0008194902085168609
rate	0.0008434319385400911
rate	0.0008673921833588541
rate	0.0008913782647941942
rate	0.0009154331772180109
rate	0.0009396378846138799
rate	0.0009640001660492104
rate	0.0009885725090441175
rate	5.712176490716593e-05
rate	3.2791872777540963e-06
rate	2.3226864230317538e-06
rate	1.996622080110653e-06
rate	1.6432047162133474e-06
rate	1.5007542647673773e-06
rate	1.4130960601951362e-06
rate	1.328180049703283e-06
rate	1.2186150704632625e-06
rate	1.0844040816959035e-06
rate	9.529386838181783e-07
rate	9.036411014459246e-07
rate	1.0898823032522716e-06
rate	1.5171898337635557e-06
rate	2.177457338159226e-06
rate	2.8927004644454744e-06
rate	3.6081324933144888e-06
rate	4.192130614651038e-06
rate	4.6226680441354e-06
rate	4.8722440567529185e-06
rate	5.121842846778868e-06
rate	5.420844492694201e-06
rate	5.5333203815141026e-06
rate	5.4784531369999906e-06
rate	5.2617375157944294e-06
rate	4.965495408978563e-06
rate	4.674769269600718e-06
rate	4.4663427817629336e-06
rate	4.392299750147903e-06
rate	4.477310307175294e-06
rate	4.619914531080792e-06
rate	4.7872102593557205e-06
rate	4.981944470803433e-06
rate	5.231553755935722e-06
rate	5.536053123717573e-06
rate	5.9201550078290085e-06
rate	6.414079481360218e-06
rate	6.990437344276167e-06
rate	7.673990617121868e-06
rate	8.47031172118762e-06
rate	9.302576767165576e-06
rate	1.0192803703409438e-05
rate	1.1220771871768342e-05
rate	1.2408638433293191e-05
rate	1.3759362837616218e-05
rate	1.5245654377301678e-05
rate	1.682090314684044e-05
rate	1.8523853558035276e-05
rate	2.0382330030154514e-05
rate	2.244357783244427e-05
rate	2.4705293912949278e-05
rate	2.717902549346711e-05
rate	2.9981577790874444e-05
rate	3.308069908517173e-05
rate	3.646353906364927e-05
rate	4.010893488473443e-05
rate	4.399012179610781e-05
rate	4.8155457124983946e-05
rate	5.264529248637879e-05
rate	5.745562451412409e-05
rate	6.256573062247542e-05
rate	6.801095566103969e-05
rate	7.382140654668397e-05
rate	8.007267952579669e-05
rate	8.684690012858085e-05
rate	9.431795461360783e-05
rate	0.00010242047230043205
rate	0.00011097468925620052
rate	0.00011970729821781673
rate	0.00012867443582003851
rate	0.0001378840771147843
rate	0.0001479020601261291
rate	0.00015928267606466726
rate	0.00017267556696790907
rate	0.000188007573732885
rate	0.00020501013162065377
rate	0.000223003906510877
rate	0.00024176833795753875
rate	0.00026095702751457436
rate	0.0002809547725149696
rate	0.00030348879019754225
rate	0.0003290911431918975
rate	0.00035634613551203986
rate	0.0003845292705015114
rate	0.0004140241634631863
rate	0.00044927664400974134
rate	0.0004910680587485079
rate	0.0005355422657973442
rate	0.0005793768145414528
rate	0.0006219041591177493
rate	0.0006652914516925967
rate	0.000713748458150095
rate	0.0007672253485449324
rate	0.0008264730772711238
rate	0.0008880427883479873
rate	0.0009476518872028017
rate	0.0010033866654221423
rate	0.0010581181045074522
rate	0.0011121948393824504
rate	0.001165172065733782
rate	0.0012161221982819627
rate	0.0012650169629925996
rate	0.0013118958591497227
rate	0.001356672682839112
rate	0.0013993931353953372
rate	0.0014401207065792465
rate	0.0014789209092540636
rate	0.0015158757286093596
rate	0.0015510412652365935
rate	0.0015846057020530886
rate	4.347227954464989e-05
rate	2.859823576783596e-06
rate	1.8733331088287046e-06
rate	1.5034938277814339e-06
rate	1.3090063427953013e-06
rate	1.11453269724218e-06
rate	9.994982650203422e-07
rate	8.899464381153958e-07
rate	8.050466762943321e-07
rate	7.475354190452797e-07
rate	6.927639984126927e-07
rate	6.68117302888007e-07
rate	7.20149571764565e-07
rate	8.51604038417345e-07
rate	1.0351032936946147e-06
rate	1.246005904199775e-06
rate	1.4843182023138328e-06
rate	1.6432047160817547e-06
rate	1.72539078420772e-06
rate	1.7281301279372256e-06
rate	1.7308694990753497e-06
rate	1.7610048841458907e-06
rate	1.7664838182914891e-06
rate	1.796619669375683e-06
rate	1.824016286414949e-06
rate	1.8541527954452631e-06
rate	1.911687155210129e-06
rate	1.9692227487246317e-06
rate	2.051418604103282e-06
rate	2.1637569183948734e-06
rate	2.3035012824288768e-06
rate	2.4679155345213576e-06
rate	2.657004118948268e-06
rate	2.8515871905286433e-06
rate	3.0955206882234586e-06
rate	3.342217127548365e-06
rate	3.643765188214844e-06
rate	3.997441153718869e-06
rate	4.403265298100173e-06
rate	4.842061674501684e-06
rate	5.280928388236543e-06
rate	5.77748111549716e-06
rate	6.301565400127073e-06
rate	6.957498151806403e-06
rate	7.66575272206417e-06
rate	8.431862122149177e-06
rate	9.200932910344768e-06
rate	1.0027924912886278e-05
rate	1.0888151645283836e-05
rate	1.180364201344693e-05
rate	1.2807459739713355e-05
rate	1.3943730378209093e-05
rate	1.5127273094764338e-05
rate	1.6380182865754314e-05
rate	1.7732868371578273e-05
rate	1.9171692686878264e-05
rate	2.0782309010389215e-05
rate	2.247668087422959e-05
rate	2.4315735700585715e-05
rate	2.6294248979289e-05
rate	2.8431902243958042e-05
rate	3.08176669194998e-05
rate	3.347435429127783e-05
rate	3.6477646487755626e-05
rate	3.985923395218432e-05
rate	4.3628868099173556e-05
rate	4.785224064261552e-05
rate	5.2651475235005734e-05
rate	5.8091136660800904e-05
rate	6.415263771480534e-05
rate	7.059007949673768e-05
rate	7.764264594736037e-05
rate	8.591952105922291e-05
rate	9.586832390415808e-05
rate	0.00010750722885589094
rate	0.00012044276345367243
rate	0.0001344058284757594
rate	0.00014968423312312207
rate	0.00016641373795352865
rate	0.00018476172184552314
rate	0.00020567594118035514
rate	0.0002291103462869837
rate	0.00025398217646391567
rate	0.0002796550484152892
rate	0.0003068027408080993
rate	0.000340156602674732
rate	0.0003795050810478014
rate	0.000420836753104017
rate	0.0004614198220469402
rate	0.0005017149429802909
rate	0.0005461063331927081
rate	0.0005977046706215955
rate	0.0006531416366449046
rate	0.0007099080703352151
rate	0.000766002129061808
rate	0.0008219249277551784
rate	0.0008767451554490471
rate	0.000929646530457798
rate	0.0009805574652919098
rate	0.0010298033333973737
rate	0.0010773857109569731
rate	0.0011231912113566205
rate	0.0011671637909597158
rate	0.0012093093099120897
rate	0.0012496088182939115
rate	0.0012880942056255529
rate	0.001324835099777274
rate	0.001359916089690088
rate	0.0013933970106268698
rate	0.0014253396700865922
rate	0.00010367308007015894
rate	6.449912173836239e-06
rate	4.46087105425449e-06
rate	3.1037500777970647e-06
rate	2.670707007260655e-06
rate	2.308981697159998e-06
rate	2.0815576903730936e-06
rate	1.8623718134542452e-06
rate	1.6760776631466393e-06
rate	1.4952752209762427e-06
rate	1.3720084531441843e-06
rate	1.3829666503764393e-06
rate	1.6514240632150203e-06
rate	2.2295182751898475e-06
rate	3.090040575617453e-06
rate	4.076968630791944e-06
rate	5.119121418183686e-06
rate	6.191863568336632e-06
rate	7.295229491454708e-06
rate	8.44848683387759e-06
rate	9.830312623653997e-06
rate	1.14108289113202e-05
rate	1.2681422308217768e-05
rate	1.3366453835741063e-05
rate	1.346546978946232e-05
rate	1.3292057667313508e-05
rate	1.324797660392035e-05
rate	1.3280940583457486e-05
rate	1.3616595251741776e-05
rate	1.4208252098193895e-05
rate	1.4855091839329853e-05
rate	1.5430480555851236e-05
rate	1.6135439682050815e-05
rate	1.697007020805295e-05
rate	1.793999451133424e-05
rate	1.9015035475318064e-05
rate	2.014841499790287e-05
rate	2.1422984207300998e-05
rate	2.2847205309770168e-05
rate	2.4366063343694537e-05
rate	2.5976956916106812e-05
rate	2.7624735839078606e-05
rate	2.938701623802587e-05
rate	3.123632802852892e-05
rate	3.322828024909344e-05
rate	3.532432853438399e-05
rate	3.754686229308033e-05
rate	3.9948896294359564e-05
rate	4.262818700948609e-05
rate	4.556890230958609e-05
rate	4.8774746234887716e-05
rate	5.2216014815011776e-05
rate	5.583490395577037e-05
rate	5.9548160580612006e-05
rate	6.335895527248577e-05
rate	6.729009969126107e-05
rate	7.146293065976522e-05
rate	7.591798007946412e-05
rate	8.074120919587595e-05
rate	8.598823641388276e-05
rate	9.161621638688489e-05
rate	9.758490630706929e-05
rate	0.00010380542710089396
rate	0.00010755551268119827
rate	0.00011646583118527366
rate	0.00012273503692995468
rate	0.00012919388708948343
rate	0.00013646220043143873
rate	0.00014385077772042425
rate	0.00015546077028888428
rate	0.00016758689959719264
rate	0.0001806455533599349
rate	0.0001934156999504505
rate	0.00020417751386406745
rate	0.00021290902017177528
rate	0.00022134090261880337
rate	0.00023099562619433134
rate	0.00024088422150146855
rate	0.00024046239705346244
rate	0.00026202567400905504
rate	0.0002727624612597568
rate	0.00028340457509050865
rate	0.00029477291076767986
rate	0.0003073754134341534
rate	0.00032128557695490094
rate	0.0003437034351248998
rate	0.0003684827268318703
rate	0.00039622676050703545
rate	0.00042688747595478685
rate	0.00046027810276011764
rate	0.0004958347616097552
rate	0.0005332598667459761
rate	0.0005722013943245015
rate	0.0006120082754559191
rate	0.0006520555559071237
rate	0.0006925185746028957
rate	0.0007150552034777918
rate	0.0007366580236688114
rate	0.0007574353846966908
rate	0.0007774362880243794
rate	0.000796685103800438
rate	0.0008152598429179839
rate	0.0008332273875887052
rate	0.0008506712221079191
rate	0.0008676487976743075
rate	0.0008841913584436336
rate	0.0009003536810854418
rate	0.0009162292958991547
rate	0.0009318190865109598
rate	0.0009472177878337876
rate	7.977742484735657e-05
rate	5.453875111812695e-06
rate	3.6437763078457237e-06
rate	2.533691703182305e-06
rate	1.92813284148375e-06
rate	1.7390902443755975e-06
rate	1.4624052341869187e-06
rate	1.2624417199261109e-06
rate	1.0953606344256873e-06
rate	9.80326859731513e-07
rate	9.228118218146074e-07
rate	9.20072889149062e-07
rate	9.994982650203422e-07
rate	1.2103976148098212e-06
rate	1.4760994311372205e-06
rate	1.824016286414949e-06
rate	2.171977581564894e-06
rate	2.522723466789254e-06
rate	2.7967746496295635e-06
rate	3.0215166958410977e-06
rate	3.3010998193738383e-06
rate	3.6053846971839583e-06
rate	3.860352028526917e-06
rate	4.109859346384918e-06
rate	4.310030127403179e-06
rate	4.512958293773319e-06
rate	4.76526812199945e-06
rate	5.053259811898978e-06
rate	5.396146912865764e-06
rate	5.8213866954988105e-06
rate	6.252182856347322e-06
rate	6.735193894367583e-06
rate	7.295152253048238e-06
rate	7.95132208318144e-06
rate	8.684549647823069e-06
rate	9.492149133481738e-06
rate	1.0310983187575873e-05
rate	1.1190542446413733e-05
rate	1.210888698605268e-05
rate	1.3068808931940798e-05
rate	1.406484864225072e-05
rate	1.5069518369222998e-05
rate	1.6159919167739628e-05
rate	1.7336149299039746e-05
rate	1.862864456128708e-05
rate	2.0043094114224434e-05
rate	2.150795774519159e-05
rate	2.3092340350039058e-05
rate	2.4710822467505287e-05
rate	2.6432602796260492e-05
rate	2.8302134803459923e-05
rate	3.0305864287105465e-05
rate	3.241359736596104e-05
rate	3.462000467071521e-05
rate	3.690590824608198e-05
rate	3.932147724160374e-05
rate	4.193380349649668e-05
rate	4.4751828396721715e-05
rate	4.786816792676512e-05
rate	5.131723370363199e-05
rate	5.501379713175225e-05
rate	5.891951186179096e-05
rate	6.320008642674046e-05
rate	6.771681528830735e-05
rate	7.237845446001322e-05
rate	7.694951710179012e-05
rate	8.153983112633362e-05
rate	8.659309838293372e-05
rate	9.264417003183683e-05
rate	9.984432929509442e-05
rate	0.00010843890143192324
rate	0.0001178120121054962
rate	0.00012697059676558203
rate	0.00013456919674794996
rate	0.00014055731311357443
rate	0.00014620056047262721
rate	0.00015281956121694854
rate	0.0001602351574997848
rate	0.0001690271493308473
rate	0.00017906058126872457
rate	0.00018976684272588163
rate	0.0002006097938747632
rate	0.0002117662738835631
rate	0.00022312183668456124
rate	0.0002349307164879888
rate	0.00025501704249136016
rate	0.000278356700769506
rate	0.0003053878695296655
rate	0.00033653786830388954
rate	0.00037182926336989757
rate	0.00041138170988751243
rate	0.000453650635971206
rate	0.0004950044021349743
rate	0.0005316418833563905
rate	0.0005648113340284409
rate	0.0005988632865368906
rate	0.0006199947448875082
rate	0.000640347299881795
rate	0.0006599677479293817
rate	0.0006789057705202911
rate	0.0006972182782664058
rate	0.0007149513481642555
rate	0.0007321714945760544
rate	0.0007488976263922147
rate	0.000765248395374662
rate	0.0007812237165077892
rate	0.0007968767249258589
rate	0.0008122977723995007
rate	0.0008274884892523859
rate	0.0008425083677942125
rate	5.5479626780591135e-05
rate	3.1777503648235373e-06
rate	2.2733597281708107e-06
rate	1.9719625584757766e-06
rate	1.615808674852714e-06
rate	1.4788387474585948e-06
rate	1.3966600800381393e-06
rate	1.3144838791986643e-06
rate	1.2049194480603315e-06
rate	1.067970074685248e-06
rate	9.310275512790748e-07
rate	8.762524597543484e-07
rate	1.067970074685248e-06
rate	1.5062321847536492e-06
rate	2.191157209498029e-06
rate	2.931068743807425e-06
rate	3.671180295254167e-06
rate	4.2743821134961215e-06
rate	4.7131578325542395e-06
rate	4.960000080129803e-06
rate	5.206864584794883e-06
rate	5.508618099805971e-06
rate	5.618354897004338e-06
rate	5.563485948605074e-06
rate	5.344021150569218e-06
rate	5.042285775143279e-06
rate	4.7405836499606915e-06
rate	4.521184802821331e-06
rate	4.43891476769352e-06
rate	4.521184802821331e-06
rate	4.658307021923533e-06
rate	4.822862750611402e-06
rate	5.0148569353508345e-06
rate	5.261726386580824e-06
rate	5.563485948605074e-06
rate	5.9475916814713605e-06
rate	6.441521104988803e-06
rate	7.0178847451466e-06
rate	7.704190175594434e-06
rate	8.500520064281331e-06
rate	9.324553415011145e-06
rate	1.0203795777232564e-05
rate	1.1220771871768342e-05
rate	1.2403137813912945e-05
rate	1.3751107803708791e-05
rate	1.5237394860729944e-05
rate	1.6807129252320066e-05
rate	1.848801799510162e-05
rate	2.0307847577993525e-05
rate	2.2322099264578115e-05
rate	2.4531201564712234e-05
rate	2.6963274619615072e-05
rate	2.9757296550605473e-05
rate	3.2886664841192316e-05
rate	3.632478302780111e-05
rate	4.0045029054519275e-05
rate	4.399290398101139e-05
rate	4.819725105642954e-05
rate	5.2687155008243375e-05
rate	5.746401215190833e-05
rate	6.252931390563744e-05
rate	6.79407806290742e-05
rate	7.372857563543066e-05
rate	7.997963638480434e-05
rate	8.6781893889814e-05
rate	9.430945307150712e-05
rate	0.00010248299523303185
rate	0.00011110866497583943
rate	0.0001198760092293549
rate	0.00012884370017084758
rate	0.00013801361956216636
rate	0.00014799452189663052
rate	0.0001593755229251582
rate	0.00017284465828916134
rate	0.00018831534400650014
rate	0.0002054966563388922
rate	0.00022361818385673967
rate	0.00024236892426953766
rate	0.0002613092091707299
rate	0.00028083643669836407
rate	0.0003026741809128105
rate	0.00032746323380858394
rate	0.00035394276719499795
rate	0.00038165642130417624
rate	0.00041108473223260873
rate	0.0004460157157418913
rate	0.0004878361013817678
rate	0.0005321999750719066
rate	0.0005751318940524083
rate	0.0006159006047359853
rate	0.0006573203888967056
rate	0.0007043648625423292
rate	0.0007568483186103582
rate	0.0008157738281963518
rate	0.000877654907657202
rate	0.0009382272730691601
rate	0.0009934322249627251
rate	0.0010472034073876603
rate	0.0010999234188631172
rate	0.0011510927420624502
rate	0.0011996699076827835
rate	0.0012456270342761637
rate	0.0012889909634948792
rate	0.0013296689325186686
rate	0.001367709874080109
rate	0.0014031769349674478
rate	0.00143614714410949
rate	0.0014667109448627427
rate	0.0014949243413269033
rate	0.0015209968201652811
rate	4.226848374864165e-05
rate	2.7666266767802415e-06
rate	1.8349748126069448e-06
rate	1.4788387474585948e-06
rate	1.2870923603554849e-06
rate	1.0953594013407018e-06
rate	9.858037386891915e-07
rate	8.762524597543484e-07
rate	7.940918771565989e-07
rate	7.393195251535149e-07
rate	6.845482688823615e-07
rate	6.571630516327107e-07
rate	7.11933760054339e-07
rate	8.488653249354557e-07
rate	1.0405810220285505e-06
rate	1.259701115555228e-06
rate	1.5062321847536492e-06
rate	1.6705985645310452e-06
rate	1.752785454957623e-06
rate	1.752785454957623e-06
rate	1.752785454957623e-06
rate	1.7801816333644242e-06
rate	1.7801816333644242e-06
rate	1.807578085912268e-06
rate	1.8349748126069448e-06
rate	1.8623718134542452e-06
rate	1.9171666376274494e-06
rate	1.9719625584757766e-06
rate	2.05415849611e-06
rate	2.1637569183948734e-06
rate	2.3007611162012415e-06
rate	2.4651752037348532e-06
rate	2.657004118948268e-06
rate	2.848846475694499e-06
rate	3.0955206882234586e-06
rate	3.342217127548365e-06
rate	3.643765188214844e-06
rate	4.0001829938834815e-06
rate	4.411491972007061e-06
rate	4.85028966699054e-06
rate	5.289157699730061e-06
rate	5.782968340243549e-06
rate	6.3043095487352714e-06
rate	6.962987742044157e-06
rate	7.676734654987705e-06
rate	8.445593324912147e-06
rate	9.214667970709615e-06
rate	1.0038916324775565e-05
rate	1.089090039486309e-05
rate	1.1798142609441213e-05
rate	1.2788204380283e-05
rate	1.3916210970949556e-05
rate	1.5099741788118032e-05
rate	1.636641118832636e-05
rate	1.774389075890266e-05
rate	1.9204776164866287e-05
rate	2.0831962227287254e-05
rate	2.2515324572140114e-05
rate	2.4310211106352295e-05
rate	2.6216840617883856e-05
rate	2.8263108345173376e-05
rate	3.0560067641866994e-05
rate	3.313606041819507e-05
rate	3.607509682856163e-05
rate	3.940611988402029e-05
rate	4.313055810025622e-05
rate	4.7305724299172785e-05
rate	5.204528917612952e-05
rate	5.740809428116745e-05
rate	6.336977277840504e-05
rate	6.96814516284799e-05
rate	7.65989124140555e-05
rate	8.474791327010279e-05
rate	9.459284807503436e-05
rate	0.00010615198859378178
rate	0.00011904662179866124
rate	0.00013295055609959487
rate	0.00014805232087247388
rate	0.00016442958912901346
rate	0.00018225118212761974
rate	0.0002024585488086426
rate	0.000225104014433699
rate	0.00024925750700107477
rate	0.00027447328511902454
rate	0.0003014818636679713
rate	0.0003333942010401403
rate	0.0003713837552259627
rate	0.0004111483610085888
rate	0.0004495947536890412
rate	0.0004872472318382448
rate	0.0005290095487007671
rate	0.0005784780119567535
rate	0.0006321312702323605
rate	0.0006874904273794144
rate	0.0007426630911365888
rate	0.0007985306514606899
rate	0.0008527194361037305
rate	0.0009044572139991557
rate	0.0009536596698736277
rate	0.0010006830394664408
rate	0.0010455182550994618
rate	0.0010880428657917426
rate	0.0011281775543948715
rate	0.0011659318514886437
rate	0.0012012828550785248
rate	0.001234258600574455
rate	0.0012649406891352792
rate	0.001293422457174663
rate	0.00131976405842721
rate	0.0013440345624247294
rate	0.00010055092942511247
rate	6.139664757782516e-06
rate	4.356647204634737e-06
rate	3.0407022758573865e-06
rate	2.657004118948268e-06
rate	2.3007611162012415e-06
rate	2.0815576903730936e-06
rate	1.8623718134542452e-06
rate	1.6705985645310452e-06
rate	1.4788387474585948e-06
rate	1.3418756720896411e-06
rate	1.3418756720896411e-06
rate	1.615808674852714e-06
rate	2.2185577748245423e-06
rate	3.1229303060113767e-06
rate	4.164699170263502e-06
rate	5.261726386580824e-06
rate	6.386635657296978e-06
rate	7.539461181714102e-06
rate	8.747704028859289e-06
rate	1.0203795777232564e-05
rate	1.1880634083773062e-05
rate	1.3228346782152576e-05
rate	1.3943729133495907e-05
rate	1.4026285280685955e-05
rate	1.380614108653311e-05
rate	1.3723591577123302e-05
rate	1.3723591577123302e-05
rate	1.4053804549618277e-05
rate	1.4659298458385181e-05
rate	1.5319990026447284e-05
rate	1.589822596519378e-05
rate	1.6614306369902047e-05
rate	1.7468339395720373e-05
rate	1.846045412017098e-05
rate	1.956322562866889e-05
rate	2.0721613962908332e-05
rate	2.201848704513499e-05
rate	2.345404152259002e-05
rate	2.4973236001536188e-05
rate	2.6576209363839383e-05
rate	2.8207783698554507e-05
rate	2.997872713554191e-05
rate	3.1861610524629033e-05
rate	3.391210308295495e-05
rate	3.607509682856163e-05
rate	3.835085737059068e-05
rate	4.0767453785614436e-05
rate	4.340870451498788e-05
rate	4.627525824875102e-05
rate	4.9395697469582934e-05
rate	5.2770887733600156e-05
rate	5.634587167216566e-05
rate	6.003746956234521e-05
rate	6.384614735555602e-05
rate	6.777238731342729e-05
rate	7.19291152330257e-05
rate	7.63736791752319e-05
rate	8.119207914476365e-05
rate	8.6442792167299e-05
rate	9.209997821830797e-05
rate	9.81093853777305e-05
rate	0.00010433109825058673
rate	0.00010771778437515329
rate	0.00011675995816967155
rate	0.00012279516259519827
rate	0.00012901589204430904
rate	0.00013617142206660978
rate	0.00014354766102114488
rate	0.00015569251660263076
rate	0.00016838639998370926
rate	0.00018207560946825182
rate	0.00019551013357502756
rate	0.00020682504380190085
rate	0.00021596408720998668
rate	0.0002249256721828187
rate	0.00023522910366384538
rate	0.0002454516685904078
rate	0.00024359562026877595
rate	0.0002655594779635826
rate	0.0002749273058247031
rate	0.00028396282500115573
rate	0.0002939425553141667
rate	0.00030594807935024654
rate	0.00032012909522051116
rate	0.0003420356025113066
rate	0.0003659645308325996
rate	0.00039228372132010743
rate	0.00042048599023723163
rate	0.00045043376363709223
rate	0.0004818878019993816
rate	0.0005148967137618445
rate	0.0005491113579520349
rate	0.0005840639790351959
rate	0.0006191596449952321
rate	0.0006547458146248202
rate	0.0006730639339134469
rate	0.0006900255397891706
rate	0.0007057462469900511
rate	0.0007202752112742249
rate	0.0007336286915922004
rate	0.0007458969008599241
rate	0.0007571371062048599
rate	0.0007674450872617876
rate	0.0007768828321678537
rate	0.0007854776592612113
rate	0.0007932946683665769
rate	0.000800437130740293
rate	0.0008068996982984213
rate	0.0008127880265882798
rate	7.676784950375286e-05
rate	5.179434096147167e-06
rate	3.561521514163093e-06
rate	2.4651752037348532e-06
rate	1.8623718134542452e-06
rate	1.6979939205464195e-06
rate	1.4240526951063243e-06
rate	1.232310144791802e-06
rate	1.067970074685248e-06
rate	9.584155079955666e-07
rate	9.036398685339303e-07
rate	9.036398685339303e-07
rate	9.858037386891915e-07
rate	1.2049194480603315e-06
rate	1.4788387474585948e-06
rate	1.8349748126069448e-06
rate	2.191157209498029e-06
rate	2.5473859501879223e-06
rate	2.8214396017081943e-06
rate	3.0407022758573865e-06
rate	3.314805314323872e-06
rate	3.6163503556900195e-06
rate	3.863093731406636e-06
rate	4.109859346384918e-06
rate	4.3018035358935984e-06
rate	4.493761183095153e-06
rate	4.7405836499606915e-06
rate	5.0148569353508345e-06
rate	5.344021150569218e-06
rate	5.755532079042296e-06
rate	6.167104868702958e-06
rate	6.6336288371078245e-06
rate	7.1825823592444365e-06
rate	7.84147190869304e-06
rate	8.582912239527316e-06
rate	9.406970392610045e-06
rate	1.0231276651360421e-05
rate	1.1110810296657528e-05
rate	1.2018125397831449e-05
rate	1.2953249489120985e-05
rate	1.3916210970949556e-05
rate	1.4879511266380763e-05
rate	1.5953302424401732e-05
rate	1.7137714363160103e-05
rate	1.846045412017098e-05
rate	1.992172202813466e-05
rate	2.14113635942356e-05
rate	2.298464281555656e-05
rate	2.4531201564712234e-05
rate	2.6133916067163273e-05
rate	2.7875859294013955e-05
rate	2.9757296550605473e-05
rate	3.175081682590878e-05
rate	3.3856664168563364e-05
rate	3.604735532309081e-05
rate	3.8378622226431435e-05
rate	4.090640347515404e-05
rate	4.3631241994124944e-05
rate	4.663726969416576e-05
rate	4.998117596786341e-05
rate	5.355251668391838e-05
rate	5.7352177552469664e-05
rate	6.163310872579994e-05
rate	6.628536266956419e-05
rate	7.11703224560872e-05
rate	7.600771467671271e-05
rate	8.082547005385914e-05
rate	8.601897406824806e-05
rate	9.209997821830797e-05
rate	9.927310573666286e-05
rate	0.00010786017386062714
rate	0.00011730286787766216
rate	0.00012660619075903476
rate	0.00013438797451195458
rate	0.00014054866676840486
rate	0.00014643441060548267
rate	0.00015331714201259996
rate	0.00016079785096187
rate	0.0001693182459513752
rate	0.00017877109210859998
rate	0.0001885793081527184
rate	0.00019842278801808968
rate	0.00020877451203058861
rate	0.00021984779544073727
rate	0.00023191944127848234
rate	0.0002506073028161233
rate	0.00027223455089797535
rate	0.0002970534378051465
rate	0.0003252424293350764
rate	0.00035690427438981123
rate	0.0003924733056697679
rate	0.00043043222778946867
rate	0.000466683720835601
rate	0.0004971439574509376
rate	0.0005234020864393538
rate	0.00055068438344037
rate	0.0005674412021464652
rate	0.0005830136244702634
rate	0.0005974488728041521
rate	0.0006107968584919046
rate	0.0006231099965543868
rate	0.0006344430178002258
rate	0.0006448527806352479
rate	0.0006543633142443383
rate	0.0006631046073904699
rate	0.0006710691682213841
rate	0.0006783202726337069
rate	0.0006849576601851218
rate	0.0006909768124555615
rate	0.0006964442265443075
rate	5.332287441082752e-05
rate	3.1119735377161126e-06
rate	2.2267815639449565e-06
rate	1.919910861052684e-06
rate	1.5719807099029455e-06
rate	1.4377518801812601e-06
rate	1.3583132963708077e-06
rate	1.2761382464067054e-06
rate	1.1665753496614148e-06
rate	1.0268893723799943e-06
rate	8.899489035534076e-07
rate	8.406513211811539e-07
rate	1.0378436236352906e-06
rate	1.4815790778338071e-06
rate	2.166497934644659e-06
rate	2.900921785956309e-06
rate	3.627319417860836e-06
rate	4.222286628498133e-06
rate	4.6555699614005624e-06
rate	4.910633855922281e-06
rate	5.165721737213787e-06
rate	5.467470717737391e-06
rate	5.58543517727691e-06
rate	5.536053123717573e-06
rate	5.327562445127013e-06
rate	5.039542891164034e-06
rate	4.751554251663676e-06
rate	4.540382105794622e-06
rate	4.455369021940782e-06
rate	4.5266696091742995e-06
rate	4.647337189454981e-06
rate	4.792694955832395e-06
rate	4.968232111539553e-06
rate	5.198641950791568e-06
rate	5.4866809646429585e-06
rate	5.857061090838553e-06
rate	6.334514323316908e-06
rate	6.888905879909905e-06
rate	7.547737633813242e-06
rate	8.30834201166848e-06
rate	9.107611280396397e-06
rate	9.970309107645754e-06
rate	1.0965225374025217e-05
rate	1.2117257786069046e-05
rate	1.3423858716530825e-05
rate	1.4865974272413194e-05
rate	1.6396984882760806e-05
rate	1.805010058732337e-05
rate	1.985036314369319e-05
rate	2.1844989527396216e-05
rate	2.401785956655179e-05
rate	2.6397046355179184e-05
rate	2.9118686956403608e-05
rate	3.216716777811098e-05
rate	3.5518615559538334e-05
rate	3.9138064793906064e-05
rate	4.297373622058377e-05
rate	4.706549822949715e-05
rate	5.14562827240948e-05
rate	5.614750723487995e-05
rate	6.114348179027728e-05
rate	6.649078674039653e-05
rate	7.22195732051017e-05
rate	7.839711613663796e-05
rate	8.509993536965228e-05
rate	9.247927923202768e-05
rate	0.00010048366627277096
rate	0.00010895307826188445
rate	0.00011762841255389925
rate	0.000126580221247303
rate	0.00013581112161081477
rate	0.00014584708662817027
rate	0.00015719614496231813
rate	0.00017045502856685344
rate	0.0001855606912530362
rate	0.00020231312421897484
rate	0.0002200732362965231
rate	0.0002385312247721011
rate	0.0002572995730803712
rate	0.0002767564656554339
rate	0.0002985256358578224
rate	0.0003232164725185106
rate	0.0003496335848700644
rate	0.00037728825651317874
rate	0.00040660713767337896
rate	0.00044114219349839125
rate	0.00048223672471819136
rate	0.0005257100433040877
rate	0.000567888488898744
rate	0.0006082264126219533
rate	0.0006494767380109154
rate	0.000696356278199245
rate	0.0007487115463914621
rate	0.0008073696841786873
rate	0.000868875244877826
rate	0.0009291349728182983
rate	0.0009840323168969459
rate	0.0010374536928440333
rate	0.0010897233083631817
rate	0.0011403789077580062
rate	0.0011884664683343724
rate	0.0012339606431344028
rate	0.0012768737293546734
rate	0.0013171319461339726
rate	0.0013547732945992665
rate	0.0013898665868729092
rate	0.0014224857294825692
rate	0.0014527221113673936
rate	0.0014806327353804325
rate	0.0015064181354828025
rate	4.069649176771698e-05
rate	2.7008597249860373e-06
rate	1.7911433393500642e-06
rate	1.4322740970492177e-06
rate	1.2405309707270528e-06
rate	1.062494017625199e-06
rate	9.584167408257063e-07
rate	8.516050246088434e-07
rate	7.721835937770183e-07
rate	7.146733226571149e-07
rate	6.626408620181853e-07
rate	6.352558638864269e-07
rate	6.927644914511454e-07
rate	8.324336193301463e-07
rate	1.0241481658011303e-06
rate	1.2432669441337755e-06
rate	1.4843182023138328e-06
rate	1.645943977588573e-06
rate	1.72539078420772e-06
rate	1.7281301279372256e-06
rate	1.7308694990753497e-06
rate	1.7582654581887927e-06
rate	1.7582654581887927e-06
rate	1.78566169143895e-06
rate	1.8103187454641592e-06
rate	1.8349760462267297e-06
rate	1.8842913879826134e-06
rate	1.9363471701134704e-06
rate	2.013062994762507e-06
rate	2.1199201816240846e-06
rate	2.2487031679175598e-06
rate	2.4048948647067923e-06
rate	2.5884999629010185e-06
rate	2.774857544008869e-06
rate	3.0133045922181937e-06
rate	3.2545129351670137e-06
rate	3.5505701543142046e-06
rate	3.898753190601792e-06
rate	4.296341025927917e-06
rate	4.7214128517077955e-06
rate	5.152034791025312e-06
rate	5.637594029513012e-06
rate	6.1506795680719426e-06
rate	6.792861606497824e-06
rate	7.48735802351329e-06
rate	8.234209123407574e-06
rate	8.98949994784307e-06
rate	9.802698157796778e-06
rate	1.0651862361804914e-05
rate	1.1559025387758096e-05
rate	1.2540756035134654e-05
rate	1.3649416169417417e-05
rate	1.4816330325721922e-05
rate	1.6069111912184443e-05
rate	1.7429926485394838e-05
rate	1.8874121144899036e-05
rate	2.0473557831670913e-05
rate	2.2134646013455514e-05
rate	2.391824958097577e-05
rate	2.582460623233559e-05
rate	2.788163031590256e-05
rate	3.0186563952317136e-05
rate	3.27594379878441e-05
rate	3.5667598041034984e-05
rate	3.8934344473523637e-05
rate	4.256375535204826e-05
rate	4.662966676417904e-05
rate	5.124283286979398e-05
rate	5.6473077939317414e-05
rate	6.230430206378054e-05
rate	6.850164972461288e-05
rate	7.529281072441398e-05
rate	8.32525010425975e-05
rate	9.279627005470921e-05
rate	0.00010395228507919962
rate	0.00011637177877979064
rate	0.0001297986559929178
rate	0.0001444663240291849
rate	0.00016049818352254546
rate	0.00017805499319441866
rate	0.00019795878405822802
rate	0.00022023117484857823
rate	0.0002440504300990004
rate	0.0002690018359963913
rate	0.0002957710582940363
rate	0.0003272721879328178
rate	0.00036458925570713013
rate	0.0004035864033694724
rate	0.00044137885279560944
rate	0.00047859897375968606
rate	0.0005200600430100103
rate	0.0005691195127025974
rate	0.0006222811658783792
rate	0.0006771037305120087
rate	0.0007318617955459589
rate	0.0007875040659188679
rate	0.0008416096823859877
rate	0.0008934068118523899
rate	0.0009427780008095411
rate	0.000990018609215525
rate	0.001035097881963636
rate	0.0010778900377872139
rate	0.0011183118940750172
rate	0.0011563603621461498
rate	0.0011920156938873669
rate	0.0012252924650028901
rate	0.00125627485231631
rate	0.0012850504683913184
rate	0.0013116780145127997
rate	0.0013362251450412573
rate	9.685803255848857e-05
rate	5.931200344098243e-06
rate	4.222311832298027e-06
rate	2.9721885197721227e-06
rate	2.583020370816186e-06
rate	2.243223959649816e-06
rate	2.024025139811149e-06
rate	1.8103221993177847e-06
rate	1.6212916106134436e-06
rate	1.4322740970492177e-06
rate	1.29805209173407e-06
rate	1.3007908600085845e-06
rate	1.5665027075675124e-06
rate	2.152803985502899e-06
rate	3.0242729655612585e-06
rate	4.019410738157997e-06
rate	5.064293125477533e-06
rate	6.1370231950435115e-06
rate	7.237633543824825e-06
rate	8.396363160800433e-06
rate	9.789150807018653e-06
rate	1.138063510551936e-05
rate	1.267044004490786e-05
rate	1.3371945958763352e-05
rate	1.3487440926005773e-05
rate	1.333051178519711e-05
rate	1.3300171404537493e-05
rate	1.334413263999924e-05
rate	1.368254438528811e-05
rate	1.4268715180097653e-05
rate	1.4907319130197222e-05
rate	1.547172008035542e-05
rate	1.616293808297317e-05
rate	1.698382237816977e-05
rate	1.793999451133424e-05
rate	1.9004027823065066e-05
rate	2.012914550538814e-05
rate	2.138718504888612e-05
rate	2.278108629145594e-05
rate	2.4255812837346968e-05
rate	2.5817009947764716e-05
rate	2.7417790086498408e-05
rate	2.9163384101761033e-05
rate	3.103189946955095e-05
rate	3.307624422738395e-05
rate	3.52385783637948e-05
rate	3.751641235532272e-05
rate	3.994335509581835e-05
rate	4.259490479066602e-05
rate	4.5463383550192964e-05
rate	4.8560663744318564e-05
rate	5.189308935834128e-05
rate	5.5430714891351814e-05
rate	5.910434536788454e-05
rate	6.291451929771671e-05
rate	6.685061247849733e-05
rate	7.100033972802377e-05
rate	7.540973032455468e-05
rate	8.016180537565345e-05
rate	8.532329203400472e-05
rate	9.08823060728332e-05
rate	9.680147886332308e-05
rate	0.00010294946717336948
rate	0.00010656404617959229
rate	0.000115266897331149
rate	0.00012125325431776231
rate	0.00012741626941630953
rate	0.00013447324003071633
rate	0.00014183057551631434
rate	0.0001536023236364745
rate	0.0001659977551791427
rate	0.00017935906386843997
rate	0.0001925096710482484
rate	0.0002036720814244073
rate	0.00021279185777752188
rate	0.0002217548544983253
rate	0.00023202870646769986
rate	0.00024236074443938937
rate	0.00024206172269991533
rate	0.000263521746581273
rate	0.00027406293379773124
rate	0.00028467746648407435
rate	0.00029630897487069096
rate	0.0003094637823926335
rate	0.0003240562519235377
rate	0.00034555740412594075
rate	0.0003692607774613553
rate	0.0003952476414352662
rate	0.00042316143574956357
rate	0.000452891170688796
rate	0.0004839260438363742
rate	0.0005164641487613624
rate	0.0005507052919718226
rate	0.0005863679248416017
rate	0.000622600051831826
rate	0.0006592477606592021
rate	0.0006782912987714676
rate	0.0006959580371261638
rate	0.0007123440562830023
rate	0.0007275040062038618
rate	0.0007414562193933152
rate	0.0007542859964363212
rate	0.0007660531067042647
rate	0.0007768486830723144
rate	0.0007867375529147334
rate	0.0007957537257290387
rate	0.0008039579545273874
rate	0.0008114569921513879
rate	0.0008182486830509789
rate	0.0008244386121655106
rate	7.441839834040644e-05
rate	5.0094187175920945e-06
rate	3.4436660553256642e-06
rate	2.3994154919525947e-06
rate	1.8075830200286872e-06
rate	1.6486864732978108e-06
rate	1.3829666499321741e-06
rate	1.1939656628061673e-06
rate	1.0351050197320746e-06
rate	9.310287840842461e-07
rate	8.789921868438083e-07
rate	8.789921868438083e-07
rate	9.61155317335624e-07
rate	1.1693140357478439e-06
rate	1.4322740970492177e-06
rate	1.7692302338817533e-06
rate	2.10622905575719e-06
rate	2.446009944782619e-06
rate	2.709095033592017e-06
rate	2.9228692296170725e-06
rate	3.186000740495767e-06
rate	3.476571097603472e-06
rate	3.7178212993494367e-06
rate	3.9590928603420335e-06
rate	4.151026482511453e-06
rate	4.342973560892296e-06
rate	4.5897824370967085e-06
rate	4.85855795432028e-06
rate	5.173995554333781e-06
rate	5.563546541399011e-06
rate	5.95589644392664e-06
rate	6.400446306986402e-06
rate	6.924669854336606e-06
rate	7.5505819242927865e-06
rate	8.25627994434704e-06
rate	9.044570187373396e-06
rate	9.841324117211019e-06
rate	1.0690538450958436e-05
rate	1.1570258976219714e-05
rate	1.2475022155803634e-05
rate	1.3413093683582054e-05
rate	1.4356983760976965e-05
rate	1.54140790477534e-05
rate	1.6579011236665242e-05
rate	1.7882226691643107e-05
rate	1.931566737288105e-05
rate	2.0785707453477895e-05
rate	2.2339345748876636e-05
rate	2.3877272478203766e-05
rate	2.5471332110710773e-05
rate	2.719078160386499e-05
rate	2.9038620326316565e-05
rate	3.1001231771195955e-05
rate	3.3084389358423355e-05
rate	3.5266164378993596e-05
rate	3.758846114781348e-05
rate	4.0098887796325334e-05
rate	4.2795188521889376e-05
rate	4.575588058477055e-05
rate	4.9037573266000606e-05
rate	5.254926211487904e-05
rate	5.6297396601777725e-05
rate	6.0490222686513325e-05
rate	6.500928615475438e-05
rate	6.97242119346514e-05
rate	7.437990783077896e-05
rate	7.903507264242917e-05
rate	8.409049572826923e-05
rate	9.006602804058048e-05
rate	9.714931616853036e-05
rate	0.0001056167303673131
rate	0.00011491285970348473
rate	0.0001240944096147303
rate	0.0001318377367428184
rate	0.00013804696660770023
rate	0.0001439960464506065
rate	0.00015092145863970698
rate	0.00015849927274839515
rate	0.00016724367801337187
rate	0.0001771189797160533
rate	0.00018768325470856054
rate	0.00019857000962896374
rate	0.00020998569689450038
rate	0.00022169041055049047
rate	0.00023377922672284345
rate	0.000251686529710103
rate	0.0002726158503662498
rate	0.0002967057741664125
rate	0.0003242729398664998
rate	0.0003553987948171285
rate	0.0003902734332680723
rate	0.0004274718090539628
rate	0.0004634561515254413
rate	0.0004945658537112046
rate	0.0005221652131323731
rate	0.0005508819763645138
rate	0.0005689645705676403
rate	0.0005858809380351861
rate	0.0006016354279777788
rate	0.0006162614393938644
rate	0.0006298050735206181
rate	0.0006423077060813091
rate	0.0006538306068550226
rate	0.0006643917142479986
rate	0.0006741190545693785
rate	0.0006830065406536373
rate	0.000691119401509941
rate	0.0006985561104800674
rate	0.0007053142718201007
rate	0.000711466812888541
rate	5.11661220410639e-05
rate	3.0461967106086883e-06
rate	2.1802033997191022e-06
rate	1.8678591636295915e-06
rate	1.5281527449531771e-06
rate	1.3966650129039254e-06
rate	1.319966512703476e-06
rate	1.2377926136147465e-06
rate	1.1282312512624979e-06
rate	9.858086700747406e-07
rate	8.488702558277404e-07
rate	8.050501826079593e-07
rate	1.0077171725853332e-06
rate	1.456925970913965e-06
rate	2.1418386597912886e-06
rate	2.870774828105193e-06
rate	3.583458540467506e-06
rate	4.170191143500143e-06
rate	4.5979820902468854e-06
rate	4.86126763171476e-06
rate	5.12457888963269e-06
rate	5.42632333566881e-06
rate	5.552515457549482e-06
rate	5.508620298830072e-06
rate	5.3111037396848075e-06
rate	5.03680000718479e-06
rate	4.762524853366661e-06
rate	4.559579408767913e-06
rate	4.4718232761880424e-06
rate	4.532154415527268e-06
rate	4.636367356986429e-06
rate	4.762527161053388e-06
rate	4.921607287728271e-06
rate	5.135557515002313e-06
rate	5.409875980680844e-06
rate	5.766530500205744e-06
rate	6.2275075416450124e-06
rate	6.759927014673209e-06
rate	7.3912850920320504e-06
rate	8.116163959055627e-06
rate	8.89066914578165e-06
rate	9.736822438058945e-06
rate	1.0709678876282091e-05
rate	1.1831377758225146e-05
rate	1.3096609629352861e-05
rate	1.4494553684096444e-05
rate	1.598684051320155e-05
rate	1.761218317954512e-05
rate	1.9392878709392853e-05
rate	2.1367879790214318e-05
rate	2.3504517568391344e-05
rate	2.58308180907433e-05
rate	2.8480077362201743e-05
rate	3.144767071502966e-05
rate	3.471244809127556e-05
rate	3.823110053329285e-05
rate	4.195456846015614e-05
rate	4.5933745402564775e-05
rate	5.022541043994622e-05
rate	5.483100231785156e-05
rate	5.9757649674917105e-05
rate	6.504079285171885e-05
rate	7.071057077477275e-05
rate	7.681459588847158e-05
rate	8.341797684949057e-05
rate	9.064910539254824e-05
rate	9.848433731251006e-05
rate	0.00010679749154792946
rate	0.0001153808158784436
rate	0.0001243167423237584
rate	0.00013360862365946317
rate	0.00014369965135971002
rate	0.00015501676699947804
rate	0.0001680653988445455
rate	0.00018280603849957228
rate	0.00019912959209905746
rate	0.00021652828873630658
rate	0.00023469352527466454
rate	0.0002532899369900125
rate	0.00027267649461250375
rate	0.00029437709080283424
rate	0.00031896971122843737
rate	0.0003453244025451308
rate	0.00037292009172218123
rate	0.0004021295431141492
rate	0.0004362686712548912
rate	0.00047663734805461494
rate	0.000519220111536269
rate	0.0005606450837450797
rate	0.0006005522205079213
rate	0.0006416330871251251
rate	0.0006883476938561607
rate	0.000740574774172566
rate	0.0007989655401610229
rate	0.00086009558209845
rate	0.0009200426725674367
rate	0.0009746324088311665
rate	0.0010277039783004064
rate	0.001079523197863246
rate	0.0011296650734535622
rate	0.0011772630289859614
rate	0.0012222942519926419
rate	0.0012647564952144676
rate	0.0013045949597492766
rate	0.001341836715118424
rate	0.0013765562387783707
rate	0.0014088243148556484
rate	0.0014387332778720446
rate	0.0014663411294339617
rate	0.0014918394508003237
rate	3.912449978679231e-05
rate	2.635092773191833e-06
rate	1.7473118660931836e-06
rate	1.3857094466398405e-06
rate	1.1939695810986205e-06
rate	1.029628633909696e-06
rate	9.31029742962221e-07
rate	8.269575894633384e-07
rate	7.502753103974379e-07
rate	6.900271201607149e-07
rate	6.407334551540091e-07
rate	6.133486761401432e-07
rate	6.735952228479518e-07
rate	8.160019137248369e-07
rate	1.00771530957371e-06
rate	1.2268327727123229e-06
rate	1.4624042198740164e-06
rate	1.621289390646101e-06
rate	1.6979961134578174e-06
rate	1.7034748009168282e-06
rate	1.7089535431930765e-06
rate	1.736349283013161e-06
rate	1.736349283013161e-06
rate	1.7637452969656323e-06
rate	1.7856626783213739e-06
rate	1.8075802789992142e-06
rate	1.8514161383377775e-06
rate	1.9007317817511641e-06
rate	1.9719674934150144e-06
rate	2.076083444853296e-06
rate	2.196645219633878e-06
rate	2.3446145256787318e-06
rate	2.5199958068537697e-06
rate	2.700868612323239e-06
rate	2.9310884962129292e-06
rate	3.1668087427856625e-06
rate	3.4573751204135648e-06
rate	3.7973233873201034e-06
rate	4.181190079848772e-06
rate	4.592536036425051e-06
rate	5.014911882320564e-06
rate	5.492219718782474e-06
rate	5.997049587408614e-06
rate	6.622735470951491e-06
rate	7.297981392038874e-06
rate	8.022824921902999e-06
rate	8.764331924976524e-06
rate	9.566479990817993e-06
rate	1.0412824328746738e-05
rate	1.131990816607498e-05
rate	1.2293307689986307e-05
rate	1.338262136788528e-05
rate	1.4532918863325811e-05
rate	1.5771812636042525e-05
rate	1.7115962211887012e-05
rate	1.8543466124931786e-05
rate	2.011515343605457e-05
rate	2.1753967454770917e-05
rate	2.3526288055599242e-05
rate	2.5432371846787326e-05
rate	2.750015228663174e-05
rate	2.9813060262767277e-05
rate	3.238281555749313e-05
rate	3.5260099253508344e-05
rate	3.846256906302698e-05
rate	4.199695260384031e-05
rate	4.595360922918531e-05
rate	5.044037656345843e-05
rate	5.553806159746738e-05
rate	6.123883134915605e-05
rate	6.732184782074585e-05
rate	7.398670903477247e-05
rate	8.175708881509221e-05
rate	9.099969203438408e-05
rate	0.00010175258156461748
rate	0.00011369693576092006
rate	0.00012664675588624073
rate	0.00014088032718589594
rate	0.00015656677791607747
rate	0.0001738588042612176
rate	0.0001934590193078134
rate	0.00021535833526345745
rate	0.00023884335319692606
rate	0.00026353038687375807
rate	0.00029006025292010123
rate	0.0003211501748254952
rate	0.00035779475618829756
rate	0.0003960244457303561
rate	0.00043316295190217764
rate	0.0004699507156811274
rate	0.0005111105373192535
rate	0.0005597610134484411
rate	0.0006124310615243979
rate	0.000666717033644603
rate	0.0007210604999553288
rate	0.0007764774803770459
rate	0.0008304999286682448
rate	0.0008823564097056241
rate	0.0009318963317454545
rate	0.0009793541789646094
rate	0.00102467750882781
rate	0.0010677372097826852
rate	0.0011084462337551627
rate	0.0011467888728036557
rate	0.001182748532696209
rate	0.0012163263294313255
rate	0.0012476090154973408
rate	0.0012766784796079736
rate	0.0013035919705983894
rate	0.0013284157276577853
rate	9.316513569186467e-05
rate	5.722735930413969e-06
rate	4.087976459961317e-06
rate	2.903674763686859e-06
rate	2.509036622684104e-06
rate	2.1856868030983903e-06
rate	1.9664925892492046e-06
rate	1.7582725851813245e-06
rate	1.5719846566958422e-06
rate	1.3857094466398405e-06
rate	1.254228511378499e-06
rate	1.2597060479275278e-06
rate	1.5171967402823107e-06
rate	2.0870501961812554e-06
rate	2.9256156251111403e-06
rate	3.874122306052492e-06
rate	4.866859864374243e-06
rate	5.887410732790045e-06
rate	6.935805905935548e-06
rate	8.045022292741577e-06
rate	9.374505836804742e-06
rate	1.0880636127265656e-05
rate	1.2112533307663142e-05
rate	1.2800162784030799e-05
rate	1.294859657132559e-05
rate	1.2854882483861112e-05
rate	1.2876751231951683e-05
rate	1.2964673702875181e-05
rate	1.3311284220957943e-05
rate	1.3878131901810126e-05
rate	1.4494648233947159e-05
rate	1.5045214195517062e-05
rate	1.5711569796044294e-05
rate	1.6499305360619168e-05
rate	1.74195349024975e-05
rate	1.844483001746124e-05
rate	1.953667704786795e-05
rate	2.0755883052637245e-05
rate	2.2108131060321855e-05
rate	2.3538389673157752e-05
rate	2.5057810531690052e-05
rate	2.6627796474442312e-05
rate	2.834804106798016e-05
rate	3.020218841447287e-05
rate	3.2240385371812955e-05
rate	3.440205989902798e-05
rate	3.6681967340054755e-05
rate	3.911925640602227e-05
rate	4.178110506634415e-05
rate	4.4651508851634904e-05
rate	4.7725630019054194e-05
rate	5.10152909830824e-05
rate	5.451555811053797e-05
rate	5.817122117342388e-05
rate	6.198289123987741e-05
rate	6.592883764356738e-05
rate	7.007156422302183e-05
rate	7.444578147387747e-05
rate	7.913153160654324e-05
rate	8.420379190071045e-05
rate	8.966463392735843e-05
rate	9.549357234891567e-05
rate	0.00010156783609615224
rate	0.0001054103079840313
rate	0.00011377383649262646
rate	0.00011971134604032636
rate	0.00012581664678831003
rate	0.00013277505799482285
rate	0.0001401134900114838
rate	0.00015151213067031826
rate	0.00016360911037457612
rate	0.00017664251826862812
rate	0.00018950920852146922
rate	0.00020051911904691373
rate	0.0002096196283450571
rate	0.00021858403681383187
rate	0.00022882830927155431
rate	0.00023926982028837096
rate	0.0002405278251310547
rate	0.0002614840151989634
rate	0.0002731985617707594
rate	0.000285392107966993
rate	0.0002986753944272152
rate	0.00031297948543502043
rate	0.00032798340862656423
rate	0.00034907920574057494
rate	0.000372557024090111
rate	0.00039821156155042496
rate	0.00042583688126189556
rate	0.00045534857774049976
rate	0.00048596428567336677
rate	0.0005180315837608803
rate	0.0005522992259916101
rate	0.0005886718706480074
rate	0.0006260404586684199
rate	0.0006637497066935841
rate	0.0006835186636294882
rate	0.0007018905344631569
rate	0.0007189418655759535
rate	0.0007347328011334985
rate	0.0007492837471944299
rate	0.0007626750920127183
rate	0.0007749691072036697
rate	0.0007862522788828413
rate	0.0007965922736616131
rate	0.000806029792196866
rate	0.0008146212406881979
rate	0.0008224768535624827
rate	0.0008295976678035364
rate	0.0008360891977427415
rate	7.206894717706001e-05
rate	4.839403339037021e-06
rate	3.3258105964882356e-06
rate	2.333655780170336e-06
rate	1.752794226603129e-06
rate	1.5993790260492018e-06
rate	1.341880604758024e-06
rate	1.1556211808205326e-06
rate	1.0022399647789015e-06
rate	9.036420601729255e-07
rate	8.543445051536864e-07
rate	8.543445051536864e-07
rate	9.365068959820562e-07
rate	1.1337086234353564e-06
rate	1.3857094466398405e-06
rate	1.7034856551565618e-06
rate	2.0213009020163517e-06
rate	2.344633939377316e-06
rate	2.5967504654758394e-06
rate	2.8050361833767585e-06
rate	3.057196166667662e-06
rate	3.336791839516924e-06
rate	3.572548867292238e-06
rate	3.808326374299148e-06
rate	4.000249429129307e-06
rate	4.19218593868944e-06
rate	4.4389812242327255e-06
rate	4.702258973289726e-06
rate	5.0039699580983434e-06
rate	5.371561003755726e-06
rate	5.744688019150322e-06
rate	6.167263776864979e-06
rate	6.666757349428776e-06
rate	7.259691939892534e-06
rate	7.929647649166765e-06
rate	8.682169982136745e-06
rate	9.451371583061619e-06
rate	1.0270266605259345e-05
rate	1.112239255460798e-05
rate	1.199679482248628e-05
rate	1.2909976396214553e-05
rate	1.3834456255573167e-05
rate	1.4874855671105067e-05
rate	1.6020308110170382e-05
rate	1.7303999263115237e-05
rate	1.8709612717627435e-05
rate	2.0160051312720186e-05
rate	2.169404868219671e-05
rate	2.3223343391695302e-05
rate	2.4808748154258272e-05
rate	2.650570391371602e-05
rate	2.8319944102027656e-05
rate	3.025164671648314e-05
rate	3.2312114548283346e-05
rate	3.448497343489639e-05
rate	3.679830006919553e-05
rate	3.929137211749663e-05
rate	4.19591350496538e-05
rate	4.487449147537534e-05
rate	4.809397056413781e-05
rate	5.15460075458397e-05
rate	5.5242615651085786e-05
rate	5.934733664722671e-05
rate	6.373320963994456e-05
rate	6.827810141321559e-05
rate	7.27521009848452e-05
rate	7.72446752309992e-05
rate	8.216201738829038e-05
rate	8.803207786285298e-05
rate	9.502552660039786e-05
rate	0.00010337328687399906
rate	0.00011252285152930729
rate	0.00012158262847042589
rate	0.0001292874989736822
rate	0.0001355452664469956
rate	0.00014155768229573033
rate	0.00014852577526681404
rate	0.00015620069453492027
rate	0.0001651691100753685
rate	0.00017546686732350665
rate	0.0001867872012644027
rate	0.0001987172312398378
rate	0.00021119688175841216
rate	0.0002235330256602437
rate	0.00023563901216720453
rate	0.00025276575660408267
rate	0.00027299714983452416
rate	0.0002963581105276785
rate	0.0003233034503979232
rate	0.00035389331524444576
rate	0.00038807356086637673
rate	0.00042451139031845695
rate	0.0004602285822152816
rate	0.0004919877499714716
rate	0.0005209283398253925
rate	0.0005510795692886577
rate	0.0005704879389888154
rate	0.0005887482516001086
rate	0.0006058219831514054
rate	0.0006217260202958241
rate	0.0006365001504868493
rate	0.0006501723943623925
rate	0.0006628084330747972
rate	0.0006744201142516589
rate	0.0006851335017482869
rate	0.0006949439130858904
rate	0.0007039185303861751
rate	0.0007121545607750129
rate	0.0007196517311846398
rate	0.0007264893992327746
rate	4.9009369671300276e-05
rate	2.9804198835012636e-06
rate	2.133625235493248e-06
rate	1.8158074662064988e-06
rate	1.484324780003409e-06
rate	1.3555781456265907e-06
rate	1.2816197290361444e-06
rate	1.1994469808227875e-06
rate	1.0898871528635811e-06
rate	9.447279677694868e-07
rate	8.077916081020733e-07
rate	7.694490440347648e-07
rate	9.775907215353757e-07
rate	1.432272863994123e-06
rate	2.1171793849379183e-06
rate	2.840627870254077e-06
rate	3.539597663074175e-06
rate	4.118095658502155e-06
rate	4.5403942190932084e-06
rate	4.811901407507238e-06
rate	5.083436042051594e-06
rate	5.385175953600229e-06
rate	5.519595737822055e-06
rate	5.4811874739425705e-06
rate	5.294645034242603e-06
rate	5.0340571232055455e-06
rate	4.773495455069646e-06
rate	4.578776711741204e-06
rate	4.488277530435304e-06
rate	4.537639221880236e-06
rate	4.625397524517877e-06
rate	4.73235936627438e-06
rate	4.874982463916989e-06
rate	5.072473079213058e-06
rate	5.333070996718728e-06
rate	5.6759999095729356e-06
rate	6.120500759973117e-06
rate	6.630948149436515e-06
rate	7.234832550250858e-06
rate	7.923985906442776e-06
rate	8.673727011166901e-06
rate	9.503335768472137e-06
rate	1.0454132378538966e-05
rate	1.1545497730381245e-05
rate	1.2769360542174896e-05
rate	1.4123133095779693e-05
rate	1.557669614364229e-05
rate	1.717426577176687e-05
rate	1.893539427509252e-05
rate	2.089077005303242e-05
rate	2.2991175570230897e-05
rate	2.526458982630741e-05
rate	2.7841467767999875e-05
rate	3.0728173651948325e-05
rate	3.3906280623012787e-05
rate	3.7324136272679634e-05
rate	4.093540069972852e-05
rate	4.48019925756324e-05
rate	4.899453815579764e-05
rate	5.351449740082318e-05
rate	5.837181755955693e-05
rate	6.359079896304117e-05
rate	6.920156834444378e-05
rate	7.52320756403052e-05
rate	8.173601832932885e-05
rate	8.881893155306879e-05
rate	9.648500835224917e-05
rate	0.00010464190483397449
rate	0.00011313321920298796
rate	0.00012205326340021381
rate	0.00013140612570811157
rate	0.0001415522160912498
rate	0.000152837389036638
rate	0.0001656757691222376
rate	0.00018005138574610837
rate	0.0001959460599791401
rate	0.00021298334117609001
rate	0.00023085582577722798
rate	0.0002492803008996538
rate	0.00026859652356957356
rate	0.0002902285457478461
rate	0.0003147229499383641
rate	0.0003410152202201972
rate	0.0003685519269311837
rate	0.00039765194855491946
rate	0.0004313951490113911
rate	0.0004710379713910385
rate	0.0005127301797684501
rate	0.0005534016785914154
rate	0.0005928780283938893
rate	0.0006337894362393349
rate	0.0006803391095130765
rate	0.0007324380019536699
rate	0.0007905613961433584
rate	0.000851315919319074
rate	0.0009109503723165749
rate	0.0009652325007653872
rate	0.0010179542637567794
rate	0.0010693230873633104
rate	0.0011189512391491182
rate	0.0011660595896375503
rate	0.001210627860850881
rate	0.001252639261074262
rate	0.0012920579733645809
rate	0.0013289001356375813
rate	0.0013632458906838322
rate	0.0013951629002287276
rate	0.0014247444443766957
rate	0.001452049523487491
rate	0.0014772607661178451
rate	3.7552507805867636e-05
rate	2.5693258213976287e-06
rate	1.703480392836303e-06
rate	1.3391447962304632e-06
rate	1.1474081914701884e-06
rate	9.967632501941933e-07
rate	9.036427450987357e-07
rate	8.023101543178335e-07
rate	7.283670270178573e-07
rate	6.653809176643151e-07
rate	6.188260482898329e-07
rate	5.914414883938594e-07
rate	6.544259542447583e-07
rate	7.995702081195274e-07
rate	9.912824533462899e-07
rate	1.2103986012908703e-06
rate	1.4404902374342e-06
rate	1.596634803703629e-06
rate	1.6706014427079146e-06
rate	1.6788194738964308e-06
rate	1.6870375873108033e-06
rate	1.7144331078375292e-06
rate	1.7144331078375292e-06
rate	1.7418289024923146e-06
rate	1.7610066111785883e-06
rate	1.7801845117716986e-06
rate	1.8185408886929417e-06
rate	1.8651163933888578e-06
rate	1.930871992067522e-06
rate	2.032246708082507e-06
rate	2.1445872713501963e-06
rate	2.284334186650671e-06
rate	2.4514916508065204e-06
rate	2.626879680637609e-06
rate	2.8488724002076643e-06
rate	3.0791045504043113e-06
rate	3.3641800865129253e-06
rate	3.6958935840384143e-06
rate	4.066039133769628e-06
rate	4.463659221142306e-06
rate	4.877788973615816e-06
rate	5.3468454080519364e-06
rate	5.843419606745285e-06
rate	6.452609335405157e-06
rate	7.108604760564458e-06
rate	7.811440720398425e-06
rate	8.539163902109977e-06
rate	9.330261823839208e-06
rate	1.0173786295688562e-05
rate	1.1080790944391863e-05
rate	1.2045859344837959e-05
rate	1.3115826566353142e-05
rate	1.42495074009297e-05
rate	1.5474513359900607e-05
rate	1.680199793837919e-05
rate	1.8212811104964536e-05
rate	1.9756749040438228e-05
rate	2.1373288896086317e-05
rate	2.3134326530222717e-05
rate	2.5040137461239064e-05
rate	2.7118674257360926e-05
rate	2.943955657321742e-05
rate	3.2006193127142166e-05
rate	3.4852600465981704e-05
rate	3.7990793652530326e-05
rate	4.143014985563235e-05
rate	4.5277551694191565e-05
rate	4.963792025712289e-05
rate	5.460304525561735e-05
rate	6.017336063453155e-05
rate	6.614204591687882e-05
rate	7.268060734513095e-05
rate	8.026167658758692e-05
rate	8.920311401405893e-05
rate	9.955287805003533e-05
rate	0.00011102209274204948
rate	0.00012349485577956365
rate	0.00013729433034260696
rate	0.0001526353723096095
rate	0.0001696626153280165
rate	0.0001889592545573988
rate	0.00021048549567833668
rate	0.0002336362762948517
rate	0.00025805893775112483
rate	0.0002843494475461662
rate	0.0003150281617181727
rate	0.000351000256669465
rate	0.00038846248809123974
rate	0.0004249470510087459
rate	0.0004613024576025687
rate	0.0005021610316284967
rate	0.000550402514194285
rate	0.0006025809571704166
rate	0.0006563303367771972
rate	0.0007102592043646989
rate	0.0007654508948352239
rate	0.0008193901749505019
rate	0.0008713060075588582
rate	0.000921014662681368
rate	0.0009686897487136938
rate	0.0010142571356919843
rate	0.0010575843817781565
rate	0.0010985805734353084
rate	0.0011372173834611617
rate	0.001173481371505051
rate	0.001207360193859761
rate	0.0012389431786783715
rate	0.001268306490824629
rate	0.001295505926683979
rate	0.0013206063102743132
rate	8.947223882524077e-05
rate	5.5142715167296955e-06
rate	3.9536410876246065e-06
rate	2.8351610076015955e-06
rate	2.435052874552022e-06
rate	2.128149646546965e-06
rate	1.9089600386872605e-06
rate	1.706222971044864e-06
rate	1.5226777027782408e-06
rate	1.3391447962304632e-06
rate	1.210404931022928e-06
rate	1.2186212358464713e-06
rate	1.4678907729971091e-06
rate	2.021296406859612e-06
rate	2.826958284661022e-06
rate	3.728833873946986e-06
rate	4.669426603270952e-06
rate	5.637798270536578e-06
rate	6.633978268046271e-06
rate	7.693681424682721e-06
rate	8.95986086659083e-06
rate	1.0380637149011953e-05
rate	1.1554626570418427e-05
rate	1.2228379609298243e-05
rate	1.2409752216645407e-05
rate	1.2379253182525112e-05
rate	1.2453331059365874e-05
rate	1.258521476575112e-05
rate	1.2940024056627778e-05
rate	1.3487548623522598e-05
rate	1.4081977337697098e-05
rate	1.4618708310678701e-05
rate	1.5260201509115417e-05
rate	1.601478834306857e-05
rate	1.6899075293660757e-05
rate	1.7885632211857415e-05
rate	1.8944208590347753e-05
rate	2.0124581056388374e-05
rate	2.143517582918777e-05
rate	2.2820966508968533e-05
rate	2.4298611115615384e-05
rate	2.5837802862386213e-05
rate	2.7532698034199283e-05
rate	2.937247735939479e-05
rate	3.1404526516241955e-05
rate	3.356554143426115e-05
rate	3.584752232478679e-05
rate	3.8295157716226186e-05
rate	4.096730534202229e-05
rate	4.383963415307685e-05
rate	4.6890596293789824e-05
rate	5.013749260782353e-05
rate	5.3600401329724135e-05
rate	5.7238096978963214e-05
rate	6.10512631820381e-05
rate	6.500706280863742e-05
rate	6.91427887180199e-05
rate	7.348183262320024e-05
rate	7.810125783743303e-05
rate	8.308429176741617e-05
rate	8.844696178188367e-05
rate	9.418566583450825e-05
rate	0.000100186205018935
rate	0.00010425656978847031
rate	0.00011228077565410391
rate	0.00011816943776289042
rate	0.00012421702416031053
rate	0.0001310768759589294
rate	0.00013839640450665324
rate	0.000149421937704162
rate	0.00016122046557000958
rate	0.00017392597266881627
rate	0.00018650874599469006
rate	0.00019736615666942017
rate	0.00020644739891259231
rate	0.00021541321912933845
rate	0.0002256279120754088
rate	0.00023617889613735253
rate	0.00023899392756219405
rate	0.00025944628381665375
rate	0.00027233418974378763
rate	0.00028610674944991164
rate	0.00030104181398373945
rate	0.00031649518847740737
rate	0.0003319105653295908
rate	0.0003526010073552091
rate	0.0003758532707188667
rate	0.00040117548166558375
rate	0.0004285123267742275
rate	0.00045780598479220355
rate	0.0004880025275103593
rate	0.0005195990187603981
rate	0.0005538931600113978
rate	0.0005909758164544132
rate	0.0006294808655050138
rate	0.0006682516527279661
rate	0.0006887460284875089
rate	0.0007078230318001501
rate	0.0007255396748689047
rate	0.0007419615960631353
rate	0.0007571112749955445
rate	0.0007710641875891154
rate	0.0007838851077030745
rate	0.0007956558746933681
rate	0.0008064469944084928
rate	0.0008163058586646935
rate	0.0008252845268490083
rate	0.0008334967149735774
rate	0.000840946652556094
rate	0.0008477397833199723
rate	6.97194960137136e-05
rate	4.669387960481949e-06
rate	3.207955137650807e-06
rate	2.2678960683880775e-06
rate	1.698005433177571e-06
rate	1.5500715788005931e-06
rate	1.300794559583874e-06
rate	1.1172766988348982e-06
rate	9.69374909825728e-07
rate	8.76255336261605e-07
rate	8.296968234635644e-07
rate	8.296968234635644e-07
rate	9.118584746284885e-07
rate	1.0981032111228687e-06
rate	1.3391447962304632e-06
rate	1.6377410764313703e-06
rate	1.9363727482755127e-06
rate	2.243257933972013e-06
rate	2.484405897359662e-06
rate	2.687203137136444e-06
rate	2.928391592839557e-06
rate	3.1970125814303764e-06
rate	3.427276435235039e-06
rate	3.6575598882562636e-06
rate	3.849472375747161e-06
rate	4.041398316486584e-06
rate	4.2881800113687426e-06
rate	4.545959992259172e-06
rate	4.833944361862905e-06
rate	5.179575466112441e-06
rate	5.533479594374005e-06
rate	5.9340812467435565e-06
rate	6.408844844520946e-06
rate	6.968801955492281e-06
rate	7.603015353986489e-06
rate	8.319769776900096e-06
rate	9.061419048912217e-06
rate	9.849994759560252e-06
rate	1.0674526132996245e-05
rate	1.1518567489168928e-05
rate	1.240685910884705e-05
rate	1.3311928750169368e-05
rate	1.4335632294456735e-05
rate	1.5461604983675522e-05
rate	1.6725771834587366e-05
rate	1.8103558062373825e-05
rate	1.953439517196248e-05
rate	2.1048751615516786e-05
rate	2.2569414305186834e-05
rate	2.4146164197805772e-05
rate	2.5820626223567054e-05
rate	2.7601267877738748e-05
rate	2.950206166177032e-05
rate	3.153983973814334e-05
rate	3.370378249079918e-05
rate	3.600813899057757e-05
rate	3.848385643866791e-05
rate	4.1123081577418234e-05
rate	4.399310236598014e-05
rate	4.7150367862275005e-05
rate	5.054275297680036e-05
rate	5.418783470039384e-05
rate	5.8204450607940095e-05
rate	6.245713312513475e-05
rate	6.683199089177979e-05
rate	7.112429413891145e-05
rate	7.545427781956924e-05
rate	8.023353904831155e-05
rate	8.599812768512549e-05
rate	9.290173703226535e-05
rate	0.00010112984338068502
rate	0.00011013284335512985
rate	0.00011907084732612145
rate	0.00012673726120454603
rate	0.00013304356628629098
rate	0.00013911931814085418
rate	0.0001461300918939211
rate	0.00015390211632144543
rate	0.00016309454213736516
rate	0.00017381475493095998
rate	0.00018589114782024485
rate	0.00019886445285071186
rate	0.00021240806662232393
rate	0.0002253756407699969
rate	0.00023749879761156563
rate	0.00025384498349806237
rate	0.0002733784493027986
rate	0.0002960104468889445
rate	0.0003223339609293466
rate	0.0003523878356717631
rate	0.0003858736884646811
rate	0.00042155097158295106
rate	0.00045700101290512186
rate	0.0004894096462317386
rate	0.0005196914665184118
rate	0.0005512771622128014
rate	0.0005720113074099903
rate	0.0005916155651650313
rate	0.0006100085383250321
rate	0.000627190601197784
rate	0.0006431952274530806
rate	0.0006580370826434759
rate	0.0006717862592945719
rate	0.0006844485142553193
rate	0.0006961479489271954
rate	0.0007068812855181435
rate	0.0007167176592624092
rate	0.0007257530110699585
rate	0.000733989190549179
rate	0.0007415119855770083
rate	4.685261730153666e-05
rate	2.914643056393839e-06
rate	2.0870470712673937e-06
rate	1.7637557687834062e-06
rate	1.4404968150536405e-06
rate	1.314491278349256e-06
rate	1.2432729453688126e-06
rate	1.1611013480308284e-06
rate	1.0515430544646642e-06
rate	9.036472654642331e-07
rate	7.66712960376406e-07
rate	7.338479054615702e-07
rate	9.474642704854183e-07
rate	1.4076197570742808e-06
rate	2.092520110084548e-06
rate	2.810480912402961e-06
rate	3.4957367856808444e-06
rate	4.066000173504165e-06
rate	4.482806347939531e-06
rate	4.762535183299717e-06
rate	5.042293194470498e-06
rate	5.344028571531648e-06
rate	5.4866760180946275e-06
rate	5.453754649055069e-06
rate	5.278186328800397e-06
rate	5.031314239226301e-06
rate	4.784466056772631e-06
rate	4.597974014714494e-06
rate	4.504731784682566e-06
rate	4.543124028233204e-06
rate	4.614427692049326e-06
rate	4.702191571495373e-06
rate	4.828357640105707e-06
rate	5.009388643423802e-06
rate	5.256266012756613e-06
rate	5.585469318940128e-06
rate	6.013493978301222e-06
rate	6.50196928419982e-06
rate	7.078380008469666e-06
rate	7.731807853829924e-06
rate	8.456784876552154e-06
rate	9.269849098885328e-06
rate	1.0198585880795841e-05
rate	1.1259617702537346e-05
rate	1.244211145499693e-05
rate	1.3751712507462943e-05
rate	1.5166551774083028e-05
rate	1.673634836398862e-05
rate	1.8477909840792184e-05
rate	2.041366031585052e-05
rate	2.2477833572070454e-05
rate	2.4698361561871527e-05
rate	2.720285817379801e-05
rate	3.0008676588866996e-05
rate	3.310011315475001e-05
rate	3.641717201206642e-05
rate	3.991623293930089e-05
rate	4.367023974870001e-05
rate	4.776366587164906e-05
rate	5.21979924837948e-05
rate	5.698598544419676e-05
rate	6.21408050743635e-05
rate	6.769256591411482e-05
rate	7.364955539213883e-05
rate	8.005405980916714e-05
rate	8.698875771358936e-05
rate	9.448567939198828e-05
rate	0.00010248631812001951
rate	0.00011088562252753231
rate	0.00011978978447666923
rate	0.00012920362775675998
rate	0.00013940478082278955
rate	0.0001506580110737979
rate	0.0001632861393999297
rate	0.00017729673299264444
rate	0.00019276252785922272
rate	0.00020943839361587345
rate	0.00022701812627979142
rate	0.0002452706648092952
rate	0.0002645165525266434
rate	0.00028608000069285796
rate	0.0003104761886482908
rate	0.0003367060378952636
rate	0.0003641837621401862
rate	0.0003931743539956897
rate	0.0004265216267678911
rate	0.0004654385947274621
rate	0.0005062402480006313
rate	0.0005461582734377511
rate	0.0005852038362798573
rate	0.0006259457853535446
rate	0.0006723305251699923
rate	0.0007243012297347739
rate	0.0007821572521256939
rate	0.0008425362565396981
rate	0.0009018580720657133
rate	0.0009558325926996079
rate	0.0010082045492131523
rate	0.0010591229768633747
rate	0.0011082374048446743
rate	0.001154856150289139
rate	0.00119896146970912
rate	0.0012405220269340563
rate	0.001279520986979885
rate	0.0013159635561567388
rate	0.0013499355425892936
rate	0.0013815014856018069
rate	0.0014107556108813467
rate	0.0014377579175410202
rate	0.0014626820814353664
rate	3.5980515824942965e-05
rate	2.5035588696034244e-06
rate	1.6596489195794225e-06
rate	1.292580145821086e-06
rate	1.1008468018417563e-06
rate	9.638978664786906e-07
rate	8.762557472352506e-07
rate	7.776627191723285e-07
rate	7.064587436382767e-07
rate	6.407347151679151e-07
rate	5.969186414256566e-07
rate	5.695343006475757e-07
rate	6.352566856415646e-07
rate	7.83138502514218e-07
rate	9.748495971188696e-07
rate	1.1939644298694177e-06
rate	1.4185762549943835e-06
rate	1.571980216761157e-06
rate	1.6432067719580117e-06
rate	1.6541641468760334e-06
rate	1.66512163142853e-06
rate	1.6925169326618977e-06
rate	1.6925169326618977e-06
rate	1.7199125080189967e-06
rate	1.7363505440358028e-06
rate	1.752788744544183e-06
rate	1.7856656390481056e-06
rate	1.8295010050265515e-06
rate	1.8897764907200294e-06
rate	1.9884099713117185e-06
rate	2.0925293230665146e-06
rate	2.22405384762261e-06
rate	2.3829874947592715e-06
rate	2.5528907489519787e-06
rate	2.7666563042023994e-06
rate	2.99140035802296e-06
rate	3.270985052612286e-06
rate	3.5944637807567252e-06
rate	3.950888187690483e-06
rate	4.334782405859561e-06
rate	4.740666064911067e-06
rate	5.201471097321399e-06
rate	5.689789626081956e-06
rate	6.282483199858824e-06
rate	6.919228129090043e-06
rate	7.600056518893851e-06
rate	8.313995879243432e-06
rate	9.09404365686042e-06
rate	9.934748262630386e-06
rate	1.0841673722708746e-05
rate	1.1798410999689612e-05
rate	1.2849031764821003e-05
rate	1.396609593853359e-05
rate	1.517721408375869e-05
rate	1.648803366487137e-05
rate	1.7882156084997286e-05
rate	1.9398344644821884e-05
rate	2.0992610337401717e-05
rate	2.274236500484619e-05
rate	2.46479030756908e-05
rate	2.6737196228090107e-05
rate	2.906605288366756e-05
rate	3.1629570696791194e-05
rate	3.444510167845506e-05
rate	3.751901824203367e-05
rate	4.08633471074244e-05
rate	4.460149415919783e-05
rate	4.8835463950787344e-05
rate	5.366802891376731e-05
rate	5.9107889919907054e-05
rate	6.496224401301179e-05
rate	7.137450565548943e-05
rate	7.876626436008163e-05
rate	8.740653599373378e-05
rate	9.735317453545318e-05
rate	0.00010834724972317889
rate	0.00012034295567288658
rate	0.000133708333499318
rate	0.0001487039667031415
rate	0.00016546642639481542
rate	0.0001844594898069842
rate	0.0002056126560932159
rate	0.00022842919939277735
rate	0.0002525874886284916
rate	0.00027863864217223113
rate	0.0003089061486108501
rate	0.00034420575715063244
rate	0.00038090053045212335
rate	0.0004167311501153141
rate	0.00045265419952401
rate	0.0004932115259377399
rate	0.0005410440149401287
rate	0.0005927308528164353
rate	0.0006459436399097914
rate	0.0006994579087740689
rate	0.0007544243092934019
rate	0.000808280421232759
rate	0.0008602556054120924
rate	0.0009101329936172814
rate	0.0009580253184627781
rate	0.0010038367625561585
rate	0.0010474315537736278
rate	0.001088714913115454
rate	0.0011276458941186678
rate	0.001164214210313893
rate	0.001198394058288196
rate	0.0012302773418594022
rate	0.0012599345020412843
rate	0.0012874198827695687
rate	0.001312796892890841
rate	8.577934195861687e-05
rate	5.305807103045422e-06
rate	3.819305715287897e-06
rate	2.7666472515163317e-06
rate	2.3610691264199405e-06
rate	2.0706124899955394e-06
rate	1.851427488125316e-06
rate	1.6541733569084035e-06
rate	1.4733707488606392e-06
rate	1.292580145821086e-06
rate	1.1665813506673568e-06
rate	1.1775364237654146e-06
rate	1.4185848057119074e-06
rate	1.9555426175379685e-06
rate	2.7283009442109034e-06
rate	3.5835454418414807e-06
rate	4.471993342167661e-06
rate	5.38818580828311e-06
rate	6.332150630156993e-06
rate	7.342340556623865e-06
rate	8.545215896376918e-06
rate	9.88063817075825e-06
rate	1.0996719833173709e-05
rate	1.1656596434565688e-05
rate	1.1870907861965224e-05
rate	1.1903623881189112e-05
rate	1.2029910886780064e-05
rate	1.2205755828627058e-05
rate	1.2568763892297612e-05
rate	1.309696534523507e-05
rate	1.3669306441447036e-05
rate	1.4192202425840342e-05
rate	1.4808833222186542e-05
rate	1.5530271325517967e-05
rate	1.6378615684824017e-05
rate	1.732643440625359e-05
rate	1.835174013282756e-05
rate	1.9493279060139503e-05
rate	2.076222059805369e-05
rate	2.2103543344779313e-05
rate	2.3539411699540717e-05
rate	2.5047809250330114e-05
rate	2.6717355000418407e-05
rate	2.854276630431671e-05
rate	3.056866766067096e-05
rate	3.272902296949432e-05
rate	3.501307730951883e-05
rate	3.74710590264301e-05
rate	4.0153505617700425e-05
rate	4.30277594545188e-05
rate	4.6055562568525454e-05
rate	4.925969423256465e-05
rate	5.268524454891029e-05
rate	5.630497278450254e-05
rate	6.01196351241988e-05
rate	6.408528797370747e-05
rate	6.821401321301797e-05
rate	7.251788377252303e-05
rate	7.707098406832283e-05
rate	8.196479163412189e-05
rate	8.72292896364089e-05
rate	9.287775932010083e-05
rate	9.880457394171776e-05
rate	0.00010310283159290931
rate	0.00011078771481558137
rate	0.00011662752948545446
rate	0.00012261740153231103
rate	0.00012937869392303596
rate	0.0001366793190018227
rate	0.00014733174473800572
rate	0.000158831820765443
rate	0.00017120942706900442
rate	0.0001835082834679109
rate	0.00019421319429192661
rate	0.00020327516948012752
rate	0.00021224240144484505
rate	0.00022242751487926325
rate	0.0002330879719863341
rate	0.00023746002999333344
rate	0.00025740855243434413
rate	0.0002714698177168158
rate	0.00028682139093283025
rate	0.0003034082335402637
rate	0.0003200108915197943
rate	0.0003358377220326173
rate	0.0003561228089698432
rate	0.0003791495173476224
rate	0.00040413940178074255
rate	0.0004311877722865595
rate	0.00046026339184390735
rate	0.000490040769347352
rate	0.000521166453759916
rate	0.0005554870940311853
rate	0.000593279762260819
rate	0.0006329212723416076
rate	0.0006727535987623481
rate	0.0006939733933455295
rate	0.0007137555291371432
rate	0.0007321374841618559
rate	0.0007491903909927721
rate	0.0007649388027966593
rate	0.0007794532831655125
rate	0.0007928011082024794
rate	0.000805059470503895
rate	0.0008163017151553724
rate	0.0008265819251325209
rate	0.0008359478130098188
rate	0.0008445165763846722
rate	0.0008522956373086516
rate	0.0008593903688972031
rate	6.737004485036717e-05
rate	4.499372581926876e-06
rate	3.090099678813378e-06
rate	2.202136356605819e-06
rate	1.643216639752013e-06
rate	1.5007641315519844e-06
rate	1.2597085144097238e-06
rate	1.0789322168492635e-06
rate	9.365098548725548e-07
rate	8.488686123502845e-07
rate	8.050491417734425e-07
rate	8.050491417734425e-07
rate	8.872100532749208e-07
rate	1.0624977988103812e-06
rate	1.292580145821086e-06
rate	1.5719964977061788e-06
rate	1.8514445945346738e-06
rate	2.14188192856671e-06
rate	2.372061329243484e-06
rate	2.56937009089613e-06
rate	2.7995870190114518e-06
rate	3.0572333233438285e-06
rate	3.28200400317784e-06
rate	3.5067934022133786e-06
rate	3.6986953223650157e-06
rate	3.890610694283728e-06
rate	4.1373787985047596e-06
rate	4.389661011228617e-06
rate	4.663918765627468e-06
rate	4.987589928469156e-06
rate	5.322271169597687e-06
rate	5.700898716622134e-06
rate	6.150932339613115e-06
rate	6.677911971092028e-06
rate	7.276383058806213e-06
rate	7.957369571663447e-06
rate	8.671466514762815e-06
rate	9.42972291386116e-06
rate	1.022665971138451e-05
rate	1.1040340155851575e-05
rate	1.1903741821479549e-05
rate	1.278940124476557e-05
rate	1.3796408917808402e-05
rate	1.4902901857180663e-05
rate	1.6147544406059492e-05
rate	1.749750340712021e-05
rate	1.8908739031204772e-05
rate	2.040345454883686e-05
rate	2.1915485218678367e-05
rate	2.348358024135327e-05
rate	2.5135548533418085e-05
rate	2.688259165344984e-05
rate	2.8752476607057502e-05
rate	3.076756492800333e-05
rate	3.2922591546701963e-05
rate	3.521797791195962e-05
rate	3.7676340759839206e-05
rate	4.0287028105182667e-05
rate	4.311171325658493e-05
rate	4.62067651604122e-05
rate	4.953949840776103e-05
rate	5.31330537497019e-05
rate	5.706156456865348e-05
rate	6.118105661032493e-05
rate	6.538588037034398e-05
rate	6.949648729297768e-05
rate	7.366388040813927e-05
rate	7.830506070833272e-05
rate	8.3964177507398e-05
rate	9.077794746413285e-05
rate	9.888639988737098e-05
rate	0.00010774283518095242
rate	0.00011655906618181702
rate	0.00012418702343540986
rate	0.00013054186612558634
rate	0.00013668095398597802
rate	0.0001437344085210281
rate	0.00015160353810797058
rate	0.0001610199741993618
rate	0.0001721626425384133
rate	0.000184995094376087
rate	0.00019901167446158592
rate	0.00021361925148623571
rate	0.00022721825587975012
rate	0.00023935858305592674
rate	0.0002549242103920421
rate	0.000273759748771073
rate	0.0002956627832502105
rate	0.00032136447146077004
rate	0.00035088235609908035
rate	0.00038367381606298554
rate	0.00041859055284744517
rate	0.0004537734435949622
rate	0.00048683154249200565
rate	0.000518454593211431
rate	0.0005514747551369452
rate	0.0005735346758311654
rate	0.0005944828787299538
rate	0.0006141950934986588
rate	0.0006326551820997437
rate	0.0006498903044193119
rate	0.0006659017709245593
rate	0.0006807640855143466
rate	0.0006944769142589796
rate	0.000707162396106104
rate	0.0007188186579503966
rate	0.0007295167881386433
rate	0.0007393514613649041
rate	0.0007483266499137181
rate	0.0007565345719212418
rate	4.4695864931773046e-05
rate	2.848866229286414e-06
rate	2.0404689070415395e-06
rate	1.7117040713603135e-06
rate	1.396668850103872e-06
rate	1.2734044110719215e-06
rate	1.204926161701481e-06
rate	1.1227557152388695e-06
rate	1.0131989560657475e-06
rate	8.625665631589793e-07
rate	7.256343126507388e-07
rate	6.982467668883757e-07
rate	9.173378194354609e-07
rate	1.3829666501544387e-06
rate	2.067860835231178e-06
rate	2.780333954551845e-06
rate	3.4518759082875137e-06
rate	4.013904688506177e-06
rate	4.425218476785854e-06
rate	4.713168959092194e-06
rate	5.001150346889401e-06
rate	5.302881189463068e-06
rate	5.4537562983672e-06
rate	5.426321824167567e-06
rate	5.261727623358192e-06
rate	5.028571355247057e-06
rate	4.795436658475615e-06
rate	4.617171317687785e-06
rate	4.5211860389298274e-06
rate	4.5486088345861735e-06
rate	4.603457859580775e-06
rate	4.6720237767163664e-06
rate	4.781732816294425e-06
rate	4.946304207634546e-06
rate	5.179461028794497e-06
rate	5.49493872830732e-06
rate	5.906487196629327e-06
rate	6.372990418963125e-06
rate	6.921927466688475e-06
rate	7.5396298012170715e-06
rate	8.239842741937406e-06
rate	9.036362429298519e-06
rate	9.943039383052717e-06
rate	1.0973737674693446e-05
rate	1.2114862367818966e-05
rate	1.3380291919146193e-05
rate	1.475640740452377e-05
rate	1.629843095621037e-05
rate	1.8020425406491846e-05
rate	1.993655057866862e-05
rate	2.196449157391001e-05
rate	2.413213329743564e-05
rate	2.6564248579596145e-05
rate	2.9289179525785666e-05
rate	3.229394568648724e-05
rate	3.551020775145321e-05
rate	3.889706517887327e-05
rate	4.253848692176763e-05
rate	4.6532793587500484e-05
rate	5.088148756676642e-05
rate	5.560015332883659e-05
rate	6.069081118568582e-05
rate	6.618356348378586e-05
rate	7.206703514397244e-05
rate	7.837210128900542e-05
rate	8.515858387410992e-05
rate	9.248635043172739e-05
rate	0.00010033073140606452
rate	0.00010863802585207665
rate	0.00011752630555312463
rate	0.00012700112980540838
rate	0.0001372573455543293
rate	0.00014847863311095782
rate	0.00016089650967762178
rate	0.0001745420802391805
rate	0.00018957899573930536
rate	0.0002058934460556569
rate	0.00022318042678235486
rate	0.0002412610287189365
rate	0.00026043658148371324
rate	0.00028193145563786985
rate	0.0003062294273582175
rate	0.00033239685557033007
rate	0.00035981559734918876
rate	0.0003886967594364599
rate	0.00042164810452439104
rate	0.00045983921806388566
rate	0.0004997503162328125
rate	0.0005389148682840869
rate	0.0005775296441658253
rate	0.0006181021344677544
rate	0.0006643219408269081
rate	0.0007161644575158779
rate	0.0007737531081080295
rate	0.0008337565937603221
rate	0.0008927657718148515
rate	0.0009464326846338287
rate	0.0009984548346695253
rate	0.0010489228663634392
rate	0.00109752357054023
rate	0.001143652710940728
rate	0.0011872950785673589
rate	0.0012284047927938505
rate	0.001266984000595189
rate	0.0013030269766758963
rate	0.001336625194494755
rate	0.001367840070974886
rate	0.0013967667773859976
rate	0.0014234663115945494
rate	0.0014481033967528878
rate	3.440852384401829e-05
rate	2.4377919178092197e-06
rate	1.615817446322542e-06
rate	1.2460154954117088e-06
rate	1.0542854122133242e-06
rate	9.310324827631876e-07
rate	8.488687493717653e-07
rate	7.530152840268235e-07
rate	6.845504602586962e-07
rate	6.160885126715151e-07
rate	5.750112345614804e-07
rate	5.476271129012919e-07
rate	6.16087417038371e-07
rate	7.667067969089086e-07
rate	9.584167408914494e-07
rate	1.1775302584479648e-06
rate	1.396662272554567e-06
rate	1.5473256298186848e-06
rate	1.6158121012081088e-06
rate	1.629508819855636e-06
rate	1.6432056755462568e-06
rate	1.6706007574862662e-06
rate	1.6706007574862662e-06
rate	1.6979961135456788e-06
rate	1.7116944768930174e-06
rate	1.7253929773166676e-06
rate	1.7527903894032696e-06
rate	1.7938856166642452e-06
rate	1.8486809893725367e-06
rate	1.9445732345409297e-06
rate	2.040471374782833e-06
rate	2.1637735085945493e-06
rate	2.314483338712022e-06
rate	2.478901817266349e-06
rate	2.6844402081971345e-06
rate	2.903696165641609e-06
rate	3.177790018711646e-06
rate	3.4930339774750357e-06
rate	3.835737241611339e-06
rate	4.205905590576817e-06
rate	4.603543156206318e-06
rate	5.056096786590861e-06
rate	5.536159645418627e-06
rate	6.112357064312491e-06
rate	6.729851497615627e-06
rate	7.388672317389277e-06
rate	8.088827856376886e-06
rate	8.857825489881634e-06
rate	9.69571022957221e-06
rate	1.0602556501025628e-05
rate	1.1550962654541265e-05
rate	1.2582236963288864e-05
rate	1.3682684476137477e-05
rate	1.4879914807616772e-05
rate	1.6174069391363543e-05
rate	1.7551501065030032e-05
rate	1.9039940249205543e-05
rate	2.061193177871712e-05
rate	2.2350403479469664e-05
rate	2.4255668690142535e-05
rate	2.6355718198819292e-05
rate	2.8692549194117703e-05
rate	3.125294826644023e-05
rate	3.403760289092841e-05
rate	3.7047242831537016e-05
rate	4.0296544359216444e-05
rate	4.392543662420409e-05
rate	4.80330076444518e-05
rate	5.2733012571917274e-05
rate	5.804241920528256e-05
rate	6.378244210914477e-05
rate	7.006840396584792e-05
rate	7.727085213257634e-05
rate	8.560995797340863e-05
rate	9.515347102087102e-05
rate	0.0001056724067043083
rate	0.00011719105556620951
rate	0.00013012233665602902
rate	0.0001447725610966735
rate	0.00016127023746161434
rate	0.0001799597250565696
rate	0.00020073981650809515
rate	0.000223222122490703
rate	0.00024711603950585835
rate	0.0002729278367982961
rate	0.00030278413550352757
rate	0.0003374112576317998
rate	0.00037333857281300696
rate	0.00040851524922188236
rate	0.00044400594144545125
rate	0.0004842620202469831
rate	0.0005316855156859726
rate	0.0005828807484624539
rate	0.0006355569430423857
rate	0.0006886566131834389
rate	0.00074339772375158
rate	0.0007971706675150162
rate	0.0008492052032653265
rate	0.0008992513245531946
rate	0.0009473608882118625
rate	0.0009934163894203328
rate	0.0010372787257690989
rate	0.0010788492527955998
rate	0.0011180744047761737
rate	0.0011549470491227353
rate	0.0011894279227166312
rate	0.0012216115050404331
rate	0.0012515625132579397
rate	0.0012793338388551584
rate	0.0013049874755073688
rate	8.208644509199298e-05
rate	5.097342689361148e-06
rate	3.6849703429511863e-06
rate	2.698133495431068e-06
rate	2.287085378287859e-06
rate	2.013075333444114e-06
rate	1.7938949375633714e-06
rate	1.6021237427719433e-06
rate	1.4240637949430376e-06
rate	1.2460154954117088e-06
rate	1.1227577703117856e-06
rate	1.136451611684358e-06
rate	1.3692788384267058e-06
rate	1.8897888282163252e-06
rate	2.6296436037607856e-06
rate	3.438257009735975e-06
rate	4.274560081064371e-06
rate	5.1385733460296435e-06
rate	6.030322992267717e-06
rate	6.990999688565009e-06
rate	8.130570926163007e-06
rate	9.380639192504547e-06
rate	1.0438813095928993e-05
rate	1.1084813259833135e-05
rate	1.1332063507285042e-05
rate	1.1427994579853114e-05
rate	1.1606490714194255e-05
rate	1.1826296891502998e-05
rate	1.2197503727967445e-05
rate	1.2706382066947544e-05
rate	1.3256635545196973e-05
rate	1.3765696541001983e-05
rate	1.4357464935257665e-05
rate	1.5045754307967365e-05
rate	1.5858156075987275e-05
rate	1.676723660064976e-05
rate	1.775927167530737e-05
rate	1.8861977063890632e-05
rate	2.008926536691961e-05
rate	2.1386120180590097e-05
rate	2.278021228346605e-05
rate	2.4257815638274018e-05
rate	2.590201196663753e-05
rate	2.7713055249238626e-05
rate	2.973280880509996e-05
rate	3.1892504504727497e-05
rate	3.417863229425086e-05
rate	3.6646960336634014e-05
rate	3.9339705893378564e-05
rate	4.2215884755960744e-05
rate	4.5220528843261084e-05
rate	4.8381895857305774e-05
rate	5.177008776809645e-05
rate	5.537184859004187e-05
rate	5.9188007066359504e-05
rate	6.316351313877751e-05
rate	6.728523770801602e-05
rate	7.15539349218458e-05
rate	7.604071029921263e-05
rate	8.084529150082762e-05
rate	8.601161749093413e-05
rate	9.156985280569342e-05
rate	9.742294286450051e-05
rate	0.00010194909339734831
rate	0.00010929465397705883
rate	0.0001150856212080185
rate	0.00012101777890431153
rate	0.0001276805118871425
rate	0.00013496223349699217
rate	0.00014524155177184946
rate	0.00015644317596087644
rate	0.00016849288146919257
rate	0.00018050782094113175
rate	0.00019106023191443308
rate	0.00020010294004766272
rate	0.00020907158376035165
rate	0.00021922711768311773
rate	0.0002299970478353157
rate	0.00023592613242447283
rate	0.0002553708210520345
rate	0.00027060544568984396
rate	0.0002875360324157489
rate	0.00030577465309678794
rate	0.00032352659456218126
rate	0.00033976487873564387
rate	0.0003596446105844774
rate	0.00038244576397637807
rate	0.00040710332189590134
rate	0.00043386321779889143
rate	0.00046272079889561114
rate	0.0004920790111843446
rate	0.0005227338887594339
rate	0.000557081028050973
rate	0.0005955837080672247
rate	0.0006363616791782015
rate	0.00067725554479673
rate	0.0006992007582035502
rate	0.0007196880264741365
rate	0.0007387352934548071
rate	0.0007564191859224089
rate	0.000772766330597774
rate	0.0007878423787419095
rate	0.0008017171087018843
rate	0.0008144630663144218
rate	0.0008261564359022521
rate	0.0008368579916003483
rate	0.0008466110991706293
rate	0.000855536437795767
rate	0.0008636446220612092
rate	0.000871040954474434
rate	6.502059368702075e-05
rate	4.329357203371804e-06
rate	2.9722442199759493e-06
rate	2.136376644823561e-06
rate	1.5884278463264549e-06
rate	1.4514566843033754e-06
rate	1.2186224692355736e-06
rate	1.0405877348636289e-06
rate	9.036447999193815e-07
rate	8.214818884389641e-07
rate	7.804014600833205e-07
rate	7.804014600833205e-07
rate	8.625616319213532e-07
rate	1.0268923864978936e-06
rate	1.2460154954117088e-06
rate	1.5062519189809876e-06
rate	1.7665164407938351e-06
rate	2.0405059231614066e-06
rate	2.259716761127307e-06
rate	2.451537044655816e-06
rate	2.6707824451833467e-06
rate	2.917454065257281e-06
rate	3.1367315711206415e-06
rate	3.3560269161704937e-06
rate	3.54791826898287e-06
rate	3.7398230720808713e-06
rate	3.986577585640776e-06
rate	4.233362030198063e-06
rate	4.493893169392031e-06
rate	4.795604390825871e-06
rate	5.11106274482137e-06
rate	5.467716186500711e-06
rate	5.893019834705285e-06
rate	6.387021986691774e-06
rate	6.949750763625938e-06
rate	7.594969366426797e-06
rate	8.281513980613415e-06
rate	9.00945106816207e-06
rate	9.778793289772776e-06
rate	1.0562112822534223e-05
rate	1.1400624534112047e-05
rate	1.2266873739361774e-05
rate	1.3257185541160071e-05
rate	1.4344198730685803e-05
rate	1.5569316977531618e-05
rate	1.68914487518666e-05
rate	1.8283082890447067e-05
rate	1.9758157482156936e-05
rate	2.1261556132169902e-05
rate	2.282099628490077e-05
rate	2.445047084326912e-05
rate	2.6163915429160935e-05
rate	2.800289155234468e-05
rate	2.999529011786332e-05
rate	3.214140060260475e-05
rate	3.442781683334166e-05
rate	3.68688250810105e-05
rate	3.94509746329471e-05
rate	4.223032414718973e-05
rate	4.52631624585494e-05
rate	4.8536243838721686e-05
rate	5.207827279900996e-05
rate	5.5918678529366864e-05
rate	5.990498009551512e-05
rate	6.393976984890817e-05
rate	6.786868044704393e-05
rate	7.18734829967093e-05
rate	7.637658236835389e-05
rate	8.193022732967052e-05
rate	8.865415789600036e-05
rate	9.664295639405694e-05
rate	0.00010535282700677498
rate	0.00011404728503751257
rate	0.00012163678566627368
rate	0.0001280401659648817
rate	0.00013424258983110184
rate	0.00014133872514813514
rate	0.0001493049598944957
rate	0.00015894540626135845
rate	0.00017051053014586662
rate	0.00018409904093192914
rate	0.00019915889607245997
rate	0.00021483043635014748
rate	0.00022906087098950332
rate	0.0002412183685002878
rate	0.0002560034372860217
rate	0.0002741410482393474
rate	0.0002953151196114765
rate	0.0003203949819921934
rate	0.0003493768765263976
rate	0.00038147394366128996
rate	0.0004156301341119393
rate	0.00045054587428480244
rate	0.0004842534387522727
rate	0.0005172177199044504
rate	0.0005516723480610891
rate	0.0005750580442523405
rate	0.0005973501922948765
rate	0.0006183816486722855
rate	0.0006381197630017035
rate	0.0006565853813855432
rate	0.0006737664592056427
rate	0.0006897419117341214
rate	0.0007045053142626399
rate	0.0007181768432850124
rate	0.0007307560303826498
rate	0.0007423159170148773
rate	0.0007529499116598498
rate	0.0007626641092782574
rate	0.0007715571582654753
rate	4.2539112562009424e-05
rate	2.78308940217899e-06
rate	1.993890742815685e-06
rate	1.659652373937221e-06
rate	1.3528408851541036e-06
rate	1.2323175437945868e-06
rate	1.1665793780341493e-06
rate	1.0844100824469106e-06
rate	9.748548576668307e-07
rate	8.214858608537256e-07
rate	6.845556649250717e-07
rate	6.626456283151811e-07
rate	8.872113683855034e-07
rate	1.3583135432345964e-06
rate	2.043201560377808e-06
rate	2.750186996700729e-06
rate	3.4080150308941834e-06
rate	3.961809203508188e-06
rate	4.367630605632177e-06
rate	4.663802734884673e-06
rate	4.960007499308306e-06
rate	5.261733807394487e-06
rate	5.420836578639772e-06
rate	5.398888999280066e-06
rate	5.2452689179159876e-06
rate	5.025828471267812e-06
rate	4.806407260178601e-06
rate	4.6363686206610765e-06
rate	4.537640293177088e-06
rate	4.554093640939142e-06
rate	4.592488027112223e-06
rate	4.6418559819373596e-06
rate	4.735107992483143e-06
rate	4.883219771845291e-06
rate	5.1026560448323815e-06
rate	5.4044081376745115e-06
rate	5.799480414957431e-06
rate	6.24401155372643e-06
rate	6.765474924907283e-06
rate	7.34745174860422e-06
rate	8.022900607322658e-06
rate	8.802875759711709e-06
rate	9.68749288530959e-06
rate	1.0687857646849547e-05
rate	1.1787613280641e-05
rate	1.3008871330829444e-05
rate	1.4346263034964511e-05
rate	1.586051354843212e-05
rate	1.756294097219151e-05
rate	1.9459440841486726e-05
rate	2.1451149575749564e-05
rate	2.356590503299975e-05
rate	2.592563898539428e-05
rate	2.8569682462704337e-05
rate	3.1487778218224466e-05
rate	3.460324349084e-05
rate	3.7877897418445644e-05
rate	4.140673409483525e-05
rate	4.5301921303351906e-05
rate	4.9564982649738037e-05
rate	5.4214321213476424e-05
rate	5.924081729700814e-05
rate	6.467456105345689e-05
rate	7.048451489580606e-05
rate	7.66901427688437e-05
rate	8.332841003463048e-05
rate	9.04870214714665e-05
rate	9.817514469210955e-05
rate	0.000106390429176621
rate	0.00011526282662958003
rate	0.00012479863185405678
rate	0.00013510991028586905
rate	0.00014629925514811774
rate	0.00015850687995531387
rate	0.00017178742748571657
rate	0.000186395463619388
rate	0.00020234849849544036
rate	0.00021934272728491827
rate	0.00023725139262857783
rate	0.00025635661044078306
rate	0.00027778291058288174
rate	0.0003019826660681442
rate	0.00032808767324539646
rate	0.00035544743255819125
rate	0.00038421916487723013
rate	0.000416774582280891
rate	0.00045423984140030923
rate	0.0004932603844649937
rate	0.0005316714631304226
rate	0.0005698554520517933
rate	0.0006102584835819641
rate	0.0006563133564838239
rate	0.0007080276852969818
rate	0.0007653489640903651
rate	0.0008249769309809461
rate	0.0008836734715639898
rate	0.0009370327765680493
rate	0.0009887051201258983
rate	0.0010387227558635037
rate	0.001086809736235786
rate	0.001132449271592317
rate	0.001175628687425598
rate	0.0012162875586536448
rate	0.001254447014210493
rate	0.0012900903971950538
rate	0.0013233148464002168
rate	0.001354178656347965
rate	0.0013827779438906485
rate	0.0014091747056480786
rate	0.0014335247120704092
rate	3.283653186309363e-05
rate	2.3720249660150154e-06
rate	1.5719859730656616e-06
rate	1.1994508450023317e-06
rate	1.007724022584892e-06
rate	8.981670990476849e-07
rate	8.2148175150828e-07
rate	7.283678488813185e-07
rate	6.626421768791157e-07
rate	5.914423101751151e-07
rate	5.531038276973043e-07
rate	5.257199251550083e-07
rate	5.969181484351774e-07
rate	7.502750913035992e-07
rate	9.419838846640293e-07
rate	1.1610960870265122e-06
rate	1.3747482901147505e-06
rate	1.5226710428762126e-06
rate	1.588417430458206e-06
rate	1.6048534928352388e-06
rate	1.6212897196639837e-06
rate	1.6486845823106345e-06
rate	1.6486845823106345e-06
rate	1.6760797190723611e-06
rate	1.687038409750232e-06
rate	1.697997210089152e-06
rate	1.7199151397584337e-06
rate	1.758270228301939e-06
rate	1.807585488025044e-06
rate	1.9007364977701412e-06
rate	1.988413426499151e-06
rate	2.1034931695664884e-06
rate	2.245979182664773e-06
rate	2.4049128855807187e-06
rate	2.60222411219187e-06
rate	2.815991973260258e-06
rate	3.0845949848110066e-06
rate	3.391604174193347e-06
rate	3.720586295532194e-06
rate	4.077028775294072e-06
rate	4.466420247501569e-06
rate	4.9107224758603235e-06
rate	5.382529664755298e-06
rate	5.942230928766157e-06
rate	6.540474866141212e-06
rate	7.177288115884704e-06
rate	7.86365983351034e-06
rate	8.621607322902849e-06
rate	9.456672196514035e-06
rate	1.0363439279342513e-05
rate	1.1303514309392919e-05
rate	1.2315442161756727e-05
rate	1.3399273013741366e-05
rate	1.4582615531474854e-05
rate	1.586010511785572e-05
rate	1.722084604506278e-05
rate	1.8681535853589202e-05
rate	2.023125322003252e-05
rate	2.195844195409314e-05
rate	2.386343430459427e-05
rate	2.5974240169548476e-05
rate	2.831904550456784e-05
rate	3.0876325836089264e-05
rate	3.363010410340177e-05
rate	3.6575467421040365e-05
rate	3.972974161100849e-05
rate	4.3249379089210346e-05
rate	4.723055133811626e-05
rate	5.179799623006724e-05
rate	5.697694849065806e-05
rate	6.260264020527773e-05
rate	6.87623022762064e-05
rate	7.577543990507105e-05
rate	8.38133799530835e-05
rate	9.295376750628887e-05
rate	0.00010299756368543771
rate	0.00011403915545953242
rate	0.00012653633981274005
rate	0.0001408411554902055
rate	0.00015707404852841327
rate	0.000175459960306155
rate	0.00019586697692297437
rate	0.00021801504558862866
rate	0.00024164459038322514
rate	0.00026721703142436104
rate	0.00029666212239620504
rate	0.00033061675811296725
rate	0.0003657766151738906
rate	0.0004002993483284506
rate	0.00043535768336689257
rate	0.00047531251455622633
rate	0.0005223270164318164
rate	0.0005730306441084726
rate	0.00062517024617498
rate	0.0006778553175928089
rate	0.000732371138209758
rate	0.0007860609137972734
rate	0.0008381548011185606
rate	0.000888369655489108
rate	0.0009366964579609468
rate	0.000982996016284507
rate	0.0010271258977645702
rate	0.0010689835924757452
rate	0.0011085029154336797
rate	0.0011456798879315774
rate	0.0011804617871450666
rate	0.0012129456682214638
rate	0.0012431905244745952
rate	0.001271247794940748
rate	0.0012971780581238967
rate	7.839354822536908e-05
rate	4.888878275676875e-06
rate	3.5506349706144766e-06
rate	2.629619739345804e-06
rate	2.213101630155777e-06
rate	1.9555381768926886e-06
rate	1.7363623870014269e-06
rate	1.5500741286354828e-06
rate	1.3747568410254362e-06
rate	1.1994508450023317e-06
rate	1.0789341899562146e-06
rate	1.0953667996033014e-06
rate	1.3199728711415043e-06
rate	1.8240350388946818e-06
rate	2.530986263310667e-06
rate	3.29296857763047e-06
rate	4.07712681996108e-06
rate	4.888960883776177e-06
rate	5.72849535437844e-06
rate	6.639658820506154e-06
rate	7.715925955949096e-06
rate	8.880640214250843e-06
rate	9.880906358684277e-06
rate	1.051303008510058e-05
rate	1.079321915260486e-05
rate	1.0952365278517114e-05
rate	1.1183070541608446e-05
rate	1.1446837954378937e-05
rate	1.1826243563637278e-05
rate	1.2315798788660017e-05
rate	1.284396464894691e-05
rate	1.3339190656163624e-05
rate	1.3906096648328789e-05
rate	1.4561237290416762e-05
rate	1.5337696467150535e-05
rate	1.6208038795045936e-05
rate	1.7166803217787178e-05
rate	1.8230675067641757e-05
rate	1.9416310135785527e-05
rate	2.0668697016400878e-05
rate	2.2021012867391385e-05
rate	2.346782202621792e-05
rate	2.5086668932856657e-05
rate	2.6883344194160546e-05
rate	2.8896949949528964e-05
rate	3.105598603996067e-05
rate	3.33441872789829e-05
rate	3.5822861646837935e-05
rate	3.8525906169056703e-05
rate	4.1404010057402684e-05
rate	4.4385495117996714e-05
rate	4.75040974820469e-05
rate	5.0854930987282605e-05
rate	5.443872439558121e-05
rate	5.82563790085202e-05
rate	6.224173830384756e-05
rate	6.635646220301409e-05
rate	7.058998607116858e-05
rate	7.501043653010242e-05
rate	7.972579136753334e-05
rate	8.479394534545937e-05
rate	9.0261946291286e-05
rate	9.604131178728326e-05
rate	0.00010079535520178732
rate	0.00010780159313853629
rate	0.00011354371293058255
rate	0.00011941815627631201
rate	0.00012598232985124903
rate	0.00013324514799216162
rate	0.00014315135880569322
rate	0.00015405453115630987
rate	0.0001657763358693807
rate	0.00017750735841435257
rate	0.00018790726953693952
rate	0.00019693071061519795
rate	0.00020590076607585823
rate	0.00021602672048697222
rate	0.00022690612368429726
rate	0.00023439223485561219
rate	0.00025333308966972483
rate	0.0002697410736628721
rate	0.00028825067389866754
rate	0.0003081410726533122
rate	0.0003270422976045682
rate	0.00034369203543867043
rate	0.00036316641219911154
rate	0.0003857420106051338
rate	0.0004100672420110601
rate	0.00043653866331122337
rate	0.0004651782059473149
rate	0.000494117253021337
rate	0.0005243013237589519
rate	0.0005586749620707606
rate	0.0005978876538736304
rate	0.0006398020860147953
rate	0.0006817574908311119
rate	0.0007044281230615707
rate	0.0007256205238111296
rate	0.0007453331027477584
rate	0.0007636479808520457
rate	0.0007805938583988888
rate	0.0007962314743183067
rate	0.0008106331092012892
rate	0.0008238666621249486
rate	0.0008360111566491318
rate	0.0008471340580681756
rate	0.0008572743853314397
rate	0.0008665562992068619
rate	0.0008749936068137667
rate	0.0008826915400516647
rate	6.267114252367434e-05
rate	4.159341824816731e-06
rate	2.8543887611385207e-06
rate	2.0706169330413022e-06
rate	1.5336390529008966e-06
rate	1.4021492370547667e-06
rate	1.1775364240614234e-06
rate	1.0022432528779942e-06
rate	8.707797449662081e-07
rate	7.940951645276435e-07
rate	7.557537783931985e-07
rate	7.557537783931985e-07
rate	8.379132105677856e-07
rate	9.91286974185406e-07
rate	1.1994508450023317e-06
rate	1.440507340255796e-06
rate	1.6815882870529964e-06
rate	1.9391299177561033e-06
rate	2.1473721930111294e-06
rate	2.3337039984155015e-06
rate	2.5419778713552417e-06
rate	2.7776748071707333e-06
rate	2.9914591390634425e-06
rate	3.205260430127609e-06
rate	3.397141215600725e-06
rate	3.5890354498780153e-06
rate	3.835776372776794e-06
rate	4.07706304916751e-06
rate	4.323867573156594e-06
rate	4.603618853182586e-06
rate	4.899854320045052e-06
rate	5.234533656379289e-06
rate	5.6351073297974555e-06
rate	6.096132002291522e-06
rate	6.623118468445663e-06
rate	7.232569161190147e-06
rate	7.891561446464013e-06
rate	8.589179222462978e-06
rate	9.33092686816104e-06
rate	1.0083885489216871e-05
rate	1.0897507246744546e-05
rate	1.1744346233957975e-05
rate	1.2717962164511739e-05
rate	1.3785495604190943e-05
rate	1.4991089549003747e-05
rate	1.6285394096612986e-05
rate	1.765742674968936e-05
rate	1.911286041547701e-05
rate	2.0607627045661435e-05
rate	2.2158412328448268e-05
rate	2.3765393153120154e-05
rate	2.5445239204872027e-05
rate	2.7253306497631865e-05
rate	2.922301530772331e-05
rate	3.136020965850754e-05
rate	3.363765575472371e-05
rate	3.606130940218179e-05
rate	3.8614921160711525e-05
rate	4.134893503779452e-05
rate	4.43195597566866e-05
rate	4.7532989269682345e-05
rate	5.1023491848318024e-05
rate	5.477579249008025e-05
rate	5.862890358070531e-05
rate	6.249365932747237e-05
rate	6.624087360111017e-05
rate	7.008308558527933e-05
rate	7.444810402837504e-05
rate	7.989627715194302e-05
rate	8.653036832786785e-05
rate	9.439951290074292e-05
rate	0.00010296281883259755
rate	0.00011153550389320815
rate	0.0001190865478971375
rate	0.00012553846580417707
rate	0.0001318042256762257
rate	0.0001389430417752422
rate	0.00014700638168102086
rate	0.0001568708383233551
rate	0.00016885841775331998
rate	0.0001832029874877713
rate	0.00019930611768333403
rate	0.00021604162121405924
rate	0.00023090348609925652
rate	0.00024307815394464892
rate	0.0002570826641800014
rate	0.00027452234770762184
rate	0.0002949674559727425
rate	0.0003194254925236168
rate	0.0003478713969537149
rate	0.0003792740712595944
rate	0.00041266971537643344
rate	0.0004473183049746427
rate	0.0004816753350125397
rate	0.0005159808465974697
rate	0.0005518699409852328
rate	0.0005765814126735156
rate	0.0006002175058597991
rate	0.000622568203845912
rate	0.0006435843439036634
rate	0.0006632804583517744
rate	0.0006816311474867261
rate	0.000698719737953896
rate	0.0007145337142663002
rate	0.000729191290463921
rate	0.000742693402814903
rate	0.0007551150458911113
rate	0.0007665483619547953
rate	0.0007770015686427965
rate	0.000786579744609709
rate	4.038236019224581e-05
rate	2.717312575071565e-06
rate	1.9473125785898306e-06
rate	1.6076006765141284e-06
rate	1.3090129202043352e-06
rate	1.1912306765172521e-06
rate	1.1282325943668177e-06
rate	1.0460644496549516e-06
rate	9.365107592679138e-07
rate	7.804051585484719e-07
rate	6.434770171994045e-07
rate	6.270444897419867e-07
rate	8.57084917335546e-07
rate	1.3336604363147544e-06
rate	2.0185422855244377e-06
rate	2.720040038849613e-06
rate	3.3641541535008526e-06
rate	3.9097137185101985e-06
rate	4.3100427344785e-06
rate	4.614436510677151e-06
rate	4.918864651727209e-06
rate	5.220586425325907e-06
rate	5.387916858912344e-06
rate	5.371456174392565e-06
rate	5.228810212473782e-06
rate	5.023085587288568e-06
rate	4.817377861881586e-06
rate	4.655565923634367e-06
rate	4.55409454742435e-06
rate	4.55957844729211e-06
rate	4.581518194643671e-06
rate	4.611688187158353e-06
rate	4.6884831686718615e-06
rate	4.820135336056036e-06
rate	5.025851060870267e-06
rate	5.313877547041703e-06
rate	5.692473633285535e-06
rate	6.115032688489735e-06
rate	6.609022383126091e-06
rate	7.155273695991368e-06
rate	7.80595847270791e-06
rate	8.569389090124901e-06
rate	9.431946387566465e-06
rate	1.0401977619005647e-05
rate	1.1460364193463034e-05
rate	1.2637450742512694e-05
rate	1.393611866540525e-05
rate	1.542259614065387e-05
rate	1.7105456537891177e-05
rate	1.8982331104304827e-05
rate	2.093780757758912e-05
rate	2.2999676768563866e-05
rate	2.5287029391192415e-05
rate	2.7850185399623008e-05
rate	3.068161074996169e-05
rate	3.369627923022679e-05
rate	3.685872965801802e-05
rate	4.027498126790287e-05
rate	4.407104901920333e-05
rate	4.824847773270966e-05
rate	5.282848909811625e-05
rate	5.7790823408330466e-05
rate	6.316555862312794e-05
rate	6.890199464763968e-05
rate	7.5008184248682e-05
rate	8.149823619515103e-05
rate	8.84876925112056e-05
rate	9.601955797815457e-05
rate	0.00010414283250116536
rate	0.00011299934770603545
rate	0.00012259613390270518
rate	0.0001329624750174088
rate	0.00014411987718527766
rate	0.00015611725023300597
rate	0.00016903277473225264
rate	0.00018321193149947062
rate	0.0001988035509352238
rate	0.0002155050277874817
rate	0.00023324175653821914
rate	0.00025227663939785287
rate	0.0002736343655278936
rate	0.00029773590477807097
rate	0.0003237784909204629
rate	0.00035107926776719374
rate	0.00037974157031800035
rate	0.00041190106003739096
rate	0.0004486404647367328
rate	0.00048677045269717486
rate	0.0005244280579767583
rate	0.0005621812599377613
rate	0.0006024148326961739
rate	0.0006483047721407396
rate	0.0006998909130780857
rate	0.0007569448200727006
rate	0.0008161972682015702
rate	0.0008745811713131281
rate	0.00092763286850227
rate	0.0009789554055822714
rate	0.001028522645363568
rate	0.0010760959019313421
rate	0.0011212458322439058
rate	0.001163962296283837
rate	0.001204170324513439
rate	0.001241910027825797
rate	0.0012771538177142113
rate	0.0013100044983056782
rate	0.0013405172417210443
rate	0.0013687891103952995
rate	0.0013948830997016078
rate	0.0014189460273879304
rate	3.126453988216896e-05
rate	2.306258014220811e-06
rate	1.528154499808781e-06
rate	1.1528861945929545e-06
rate	9.611626329564598e-07
rate	8.65301715332182e-07
rate	7.940947536447948e-07
rate	7.037204137358136e-07
rate	6.407338934995351e-07
rate	5.667961076787152e-07
rate	5.311964208331281e-07
rate	5.038127374087245e-07
rate	5.777488798319839e-07
rate	7.338433856982897e-07
rate	9.255510284366091e-07
rate	1.1446619156050596e-06
rate	1.352834307674934e-06
rate	1.4980164559337407e-06
rate	1.5610227597083034e-06
rate	1.5801981658148414e-06
rate	1.5993737637817105e-06
rate	1.6267684071350028e-06
rate	1.6267684071350028e-06
rate	1.6541633245990434e-06
rate	1.6623823426074464e-06
rate	1.6706014428616365e-06
rate	1.6870398901135979e-06
rate	1.7226548399396327e-06
rate	1.7664899866775514e-06
rate	1.8568997609993525e-06
rate	1.9363554782154694e-06
rate	2.043212830538428e-06
rate	2.177475026617524e-06
rate	2.3309239538950885e-06
rate	2.520008016186605e-06
rate	2.7282877808789067e-06
rate	2.991399950910367e-06
rate	3.2901743709116576e-06
rate	3.6054353494530496e-06
rate	3.948151960011327e-06
rate	4.3292973387968205e-06
rate	4.765348165129786e-06
rate	5.228899684091969e-06
rate	5.772104793219824e-06
rate	6.351098234666796e-06
rate	6.96590391438013e-06
rate	7.638491810643795e-06
rate	8.385389155924064e-06
rate	9.217634163455859e-06
rate	1.0124322057659395e-05
rate	1.1056065964244572e-05
rate	1.204864736022459e-05
rate	1.3115861551345256e-05
rate	1.4285316255332936e-05
rate	1.55461408443479e-05
rate	1.689019102509553e-05
rate	1.8323131457972858e-05
rate	1.985057466134792e-05
rate	2.1566480428716612e-05
rate	2.3471199919046005e-05
rate	2.5592762140277658e-05
rate	2.7945541815017983e-05
rate	3.0499703405738292e-05
rate	3.322260531587513e-05
rate	3.6103692010543706e-05
rate	3.9162938862800535e-05
rate	4.257332155421661e-05
rate	4.642809503178071e-05
rate	5.08629798882172e-05
rate	5.591147777603357e-05
rate	6.14228383014107e-05
rate	6.745620058656488e-05
rate	7.428002767756577e-05
rate	8.201680193275835e-05
rate	9.075406399170673e-05
rate	0.00010032272066656713
rate	0.00011088725535285535
rate	0.00012295034296945108
rate	0.00013690974988373752
rate	0.0001528778595952122
rate	0.0001709601955557404
rate	0.0001909941373378536
rate	0.0002128079686865543
rate	0.0002361731412605919
rate	0.000261506226050426
rate	0.00029054010928888246
rate	0.0003238222585941347
rate	0.0003582146575347743
rate	0.0003920834474350188
rate	0.0004267094252883339
rate	0.0004663630088654695
rate	0.0005129685171776602
rate	0.0005631805397544912
rate	0.0006147835493075743
rate	0.000667054022002179
rate	0.000721344552667936
rate	0.0007749511600795305
rate	0.0008271043989717948
rate	0.0008774879864250215
rate	0.0009260320277100311
rate	0.0009725756431486811
rate	0.0010169730697600415
rate	0.001059117932155891
rate	0.0010989314260911858
rate	0.0011364127267404194
rate	0.001171495651573502
rate	0.0012042798314024945
rate	0.0012348185356912504
rate	0.0012631617510263377
rate	0.0012893686407404246
rate	7.470065135874518e-05
rate	4.680413861992602e-06
rate	3.416299598277766e-06
rate	2.5611059832605407e-06
rate	2.1391178820236947e-06
rate	1.898001020341263e-06
rate	1.6788298364394826e-06
rate	1.4980245144990223e-06
rate	1.3254498871078348e-06
rate	1.1528861945929545e-06
rate	1.0351106096006437e-06
rate	1.0542819875222447e-06
rate	1.2706669038563025e-06
rate	1.7582812495730384e-06
rate	2.432328922860549e-06
rate	3.1476801455249646e-06
rate	3.87969355885779e-06
rate	4.63934842152271e-06
rate	5.426667716489163e-06
rate	6.288317952447297e-06
rate	7.3012809857351855e-06
rate	8.380641235997141e-06
rate	9.322999621439562e-06
rate	9.941246910368025e-06
rate	1.0254374797924677e-05
rate	1.0476735977181115e-05
rate	1.0759650369022636e-05
rate	1.1067379017254875e-05
rate	1.1454983399307111e-05
rate	1.1925215510372489e-05
rate	1.243129375269685e-05
rate	1.2912684771325265e-05
rate	1.3454728361399914e-05
rate	1.4076720272866162e-05
rate	1.4817236858313793e-05
rate	1.564884098944211e-05
rate	1.6574334760266986e-05
rate	1.7599373071392886e-05
rate	1.8743354904651444e-05
rate	1.995127385221166e-05
rate	2.1261813451316718e-05
rate	2.267782841416182e-05
rate	2.427132589907578e-05
rate	2.6053633139082465e-05
rate	2.8061091093957967e-05
rate	3.021946757519384e-05
rate	3.250974226371494e-05
rate	3.499876295704185e-05
rate	3.7712106444734836e-05
rate	4.059213535884463e-05
rate	4.3550461392732344e-05
rate	4.662629910678802e-05
rate	4.993977420646876e-05
rate	5.3505600201120545e-05
rate	5.732475095068089e-05
rate	6.13199634689176e-05
rate	6.542768669801216e-05
rate	6.962603722049137e-05
rate	7.398016276099222e-05
rate	7.860629123423906e-05
rate	8.357627319998461e-05
rate	8.895403977687857e-05
rate	9.465968071006602e-05
rate	9.964161700622633e-05
rate	0.00010630853230001375
rate	0.0001120018046531466
rate	0.00011781853364831251
rate	0.00012428414781535558
rate	0.00013152806248733107
rate	0.00014106116583953695
rate	0.0001516658863517433
rate	0.00016305979026956884
rate	0.0001745068958875734
rate	0.00018475430715944596
rate	0.00019375848118273315
rate	0.0002027299483913648
rate	0.00021282632329082667
rate	0.00022381519953327883
rate	0.00023285833728675155
rate	0.0002512953582874152
rate	0.0002688767016359003
rate	0.00028896531538158616
rate	0.00031050749220983643
rate	0.00033055800064695515
rate	0.00034761919214169694
rate	0.0003666882138137457
rate	0.0003890382572338895
rate	0.00041303116212621887
rate	0.00043921410882355536
rate	0.00046763561299901867
rate	0.0004961554948583296
rate	0.0005258687587584698
rate	0.0005602688960905482
rate	0.0006001915996800362
rate	0.0006432424928513892
rate	0.0006862594368654939
rate	0.0007096554879195913
rate	0.0007315530211481228
rate	0.0007519309120407096
rate	0.0007708767757816825
rate	0.0007884213862000035
rate	0.0008046205698947038
rate	0.0008195491097006941
rate	0.0008332702579354755
rate	0.0008458658773960114
rate	0.000857410124536003
rate	0.0008679376714922502
rate	0.0008775761606179566
rate	0.0008863425915663243
rate	0.0008943421256288955
rate	6.032169136032791e-05
rate	3.989326446261658e-06
rate	2.736533302301092e-06
rate	2.0048572212590436e-06
rate	1.4788502594753386e-06
rate	1.352841789806158e-06
rate	1.1364503788872732e-06
rate	9.638987708923596e-07
rate	8.379146900130349e-07
rate	7.66708440616323e-07
rate	7.311060967030766e-07
rate	7.311060967030766e-07
rate	8.132647892142179e-07
rate	9.556815618729184e-07
rate	1.1528861945929545e-06
rate	1.3747627615306046e-06
rate	1.5966601333121575e-06
rate	1.8377539123508003e-06
rate	2.035027624894952e-06
rate	2.2158709521751875e-06
rate	2.4131732975271366e-06
rate	2.6378955490841854e-06
rate	2.8461867070062436e-06
rate	3.0544939440847247e-06
rate	3.246364162218579e-06
rate	3.4382478276751593e-06
rate	3.6849751599128102e-06
rate	3.920764068136955e-06
rate	4.1538419769211565e-06
rate	4.411633315539301e-06
rate	4.688645895268734e-06
rate	5.0013511262578665e-06
rate	5.377194824889625e-06
rate	5.805242017891269e-06
rate	6.296486173265387e-06
rate	6.870168955953498e-06
rate	7.501608912314612e-06
rate	8.168907376763887e-06
rate	8.883060446549306e-06
rate	9.605658155899518e-06
rate	1.0394389959377044e-05
rate	1.1221818728554177e-05
rate	1.2178738787863406e-05
rate	1.3226792477696084e-05
rate	1.4412862120475874e-05
rate	1.5679339441359376e-05
rate	1.7031770608931653e-05
rate	1.8467563348797086e-05
rate	1.9953697959152967e-05
rate	2.149582837199577e-05
rate	2.3080315462971185e-05
rate	2.472656298058312e-05
rate	2.6503721442919043e-05
rate	2.8450740497583302e-05
rate	3.057901871441033e-05
rate	3.2847494676105755e-05
rate	3.5253793723353085e-05
rate	3.777886768847596e-05
rate	4.046754592839931e-05
rate	4.3375957054823796e-05
rate	4.652973470064301e-05
rate	4.9968710897626085e-05
rate	5.3632906450793634e-05
rate	5.7352827065895495e-05
rate	6.104754880603656e-05
rate	6.461306675517642e-05
rate	6.829268817384936e-05
rate	7.251962568839621e-05
rate	7.786232697421553e-05
rate	8.440657875973536e-05
rate	9.215606940742888e-05
rate	0.00010057281065842011
rate	0.0001090237227489037
rate	0.0001165363101280013
rate	0.00012303676564347243
rate	0.00012936586152134953
rate	0.00013654735840234924
rate	0.00014470780346754602
rate	0.00015479627038535174
rate	0.0001672063053607733
rate	0.00018230693404361345
rate	0.0001994533392942081
rate	0.00021725280607797103
rate	0.00023274610120900974
rate	0.00024493793938901
rate	0.0002581618910739811
rate	0.00027490364717589627
rate	0.0002946197923340085
rate	0.0003184560030550402
rate	0.00034636591738103215
rate	0.0003770741988578988
rate	0.00040970929664092755
rate	0.000444090735664483
rate	0.00047909723127280673
rate	0.000514743973290489
rate	0.0005520675339093766
rate	0.0005781047810946907
rate	0.0006030848194247217
rate	0.0006267547590195387
rate	0.0006490489248056231
rate	0.0006699755353180057
rate	0.0006894958357678095
rate	0.0007076975641736706
rate	0.0007245621142699606
rate	0.0007402057376428295
rate	0.000754630775247156
rate	0.0007679141747673454
rate	0.0007801468122497409
rate	0.0007913390280073357
rate	0.0008016023309539426
rate	3.8225607822482186e-05
rate	2.6515357479641405e-06
rate	1.9007344143639764e-06
rate	1.5555489790910358e-06
rate	1.2651849552545668e-06
rate	1.1501438092399174e-06
rate	1.089885810699486e-06
rate	1.0077188168629927e-06
rate	8.98166660868997e-07
rate	7.393244562432181e-07
rate	6.023983694737373e-07
rate	5.914433511687921e-07
rate	8.269584662855885e-07
rate	1.3090073293949123e-06
rate	1.9938830106710674e-06
rate	2.689893080998497e-06
rate	3.320293276107522e-06
rate	3.85761823351221e-06
rate	4.252454863324823e-06
rate	4.5650702864696295e-06
rate	4.877721804146113e-06
rate	5.179439043257325e-06
rate	5.354997139184917e-06
rate	5.344023349505064e-06
rate	5.212351507031577e-06
rate	5.020342703309323e-06
rate	4.828348463584571e-06
rate	4.674763226607658e-06
rate	4.570548801671612e-06
rate	4.565063253645078e-06
rate	4.570548362175119e-06
rate	4.581520392379345e-06
rate	4.64185834486058e-06
rate	4.757050900266781e-06
rate	4.949046076908151e-06
rate	5.223346956408895e-06
rate	5.58546685161364e-06
rate	5.986053823253039e-06
rate	6.452569841344899e-06
rate	6.963095643378516e-06
rate	7.589016338093161e-06
rate	8.33590242053809e-06
rate	9.17639988982334e-06
rate	1.0116097591161746e-05
rate	1.1133115106285069e-05
rate	1.2266030154195942e-05
rate	1.3525974295845992e-05
rate	1.498467873287562e-05
rate	1.664797210359084e-05
rate	1.850522136712293e-05
rate	2.0424465579428675e-05
rate	2.2433448504127978e-05
rate	2.4648419796990547e-05
rate	2.7130688336541675e-05
rate	2.9875443281698923e-05
rate	3.278931496961357e-05
rate	3.5839561897590394e-05
rate	3.914322844097049e-05
rate	4.284017673505475e-05
rate	4.693197281568127e-05
rate	5.144265698275608e-05
rate	5.634082951965279e-05
rate	6.165655619279898e-05
rate	6.73194743994733e-05
rate	7.332622572852028e-05
rate	7.96680623556716e-05
rate	8.648836355094471e-05
rate	9.38639712641996e-05
rate	0.00010189523582570971
rate	0.00011073586878249086
rate	0.00012039363595135357
rate	0.00013081503974894857
rate	0.0001419404992224376
rate	0.00015372762051069804
rate	0.00016627812197878873
rate	0.00018002839937955326
rate	0.00019525860337500723
rate	0.00021166732829004515
rate	0.00022923212044786046
rate	0.0002481966683549227
rate	0.00026948582047290546
rate	0.00029348914348799766
rate	0.0003194693085955293
rate	0.00034671110297619624
rate	0.00037526397575877063
rate	0.00040702753779389087
rate	0.0004430410880731564
rate	0.00048028052092935605
rate	0.000517184652823094
rate	0.0005545070678237293
rate	0.0005945711818103836
rate	0.0006402961877976554
rate	0.0006917541408591896
rate	0.0007485406760550361
rate	0.0008074176054221942
rate	0.0008654888710622663
rate	0.0009182329604364907
rate	0.0009692056910386444
rate	0.0010183225348636324
rate	0.0010653820676268981
rate	0.0011100423928954947
rate	0.001152295905142076
rate	0.0011920530903732334
rate	0.0012293730414411012
rate	0.0012642172382333686
rate	0.0012966941502111397
rate	0.0013268558270941235
rate	0.0013548002768999506
rate	0.001380591493755137
rate	0.0014043673427054518
rate	2.9692547901244285e-05
rate	2.240491062426607e-06
rate	1.4843230265519004e-06
rate	1.1063215441835771e-06
rate	9.146012433280277e-07
rate	8.324363316166792e-07
rate	7.667077557813095e-07
rate	6.790729785903086e-07
rate	6.188256101199545e-07
rate	5.421499051823151e-07
rate	5.092890139689519e-07
rate	4.819055496624408e-07
rate	5.585796112287903e-07
rate	7.174116800929803e-07
rate	9.091181722091888e-07
rate	1.128227744183607e-06
rate	1.3309203252351177e-06
rate	1.4733618689912686e-06
rate	1.5336280889584005e-06
rate	1.555542838794444e-06
rate	1.5774578078994373e-06
rate	1.6048522319593712e-06
rate	1.6048522319593712e-06
rate	1.6322469301257255e-06
rate	1.6377262754646608e-06
rate	1.643205675634121e-06
rate	1.6541646404687618e-06
rate	1.6870394515773264e-06
rate	1.7253944853300587e-06
rate	1.8130630242285638e-06
rate	1.8842975299317876e-06
rate	1.982932491510367e-06
rate	2.1089708705702747e-06
rate	2.2569350222094583e-06
rate	2.43779192018134e-06
rate	2.6405835884975556e-06
rate	2.8982049170097277e-06
rate	3.1887445676299685e-06
rate	3.490284403373905e-06
rate	3.819275144728582e-06
rate	4.1921744300920725e-06
rate	4.619973854399248e-06
rate	5.0752697034286396e-06
rate	5.60197865767349e-06
rate	6.16172160319238e-06
rate	6.754519712875556e-06
rate	7.413323787777249e-06
rate	8.149170988945277e-06
rate	8.978596130397683e-06
rate	9.885204835976278e-06
rate	1.0808617619096224e-05
rate	1.1781852558692451e-05
rate	1.2832450088949145e-05
rate	1.3988016979191018e-05
rate	1.5232176570840076e-05
rate	1.655953600512828e-05
rate	1.7964727062356517e-05
rate	1.946989610266332e-05
rate	2.1174518903340087e-05
rate	2.3078965533497743e-05
rate	2.5211284111006842e-05
rate	2.7572038125468124e-05
rate	3.0123080975387328e-05
rate	3.281510652834848e-05
rate	3.5631916600047055e-05
rate	3.859613611459258e-05
rate	4.189726401922287e-05
rate	4.562563872544517e-05
rate	4.9927963546367163e-05
rate	5.484600706140907e-05
rate	6.0243036397543676e-05
rate	6.615009889692336e-05
rate	7.278461545006048e-05
rate	8.02202239124332e-05
rate	8.855436047712457e-05
rate	9.764787764769654e-05
rate	0.00010773535524617828
rate	0.0001193643461261621
rate	0.00013297834427726952
rate	0.0001486816706620111
rate	0.0001664604308053258
rate	0.00018612129775273282
rate	0.00020760089178447995
rate	0.00023070169213795867
rate	0.00025579542067649094
rate	0.00028441809618155994
rate	0.0003170277590753021
rate	0.0003506526998956579
rate	0.0003838675465415871
rate	0.00041806116720977517
rate	0.0004574135031747127
rate	0.000503610017923504
rate	0.00055333043540051
rate	0.0006043968524401685
rate	0.0006562527264115489
rate	0.000710317967126114
rate	0.0007638414063617877
rate	0.000816053996825029
rate	0.0008666063173609349
rate	0.0009153675974591154
rate	0.0009621552700128553
rate	0.0010068202417555128
rate	0.0010492522718360366
rate	0.0010893599367486919
rate	0.0011271455655492615
rate	0.0011625295160019372
rate	0.0011956139945835252
rate	0.0012264465469079059
rate	0.0012550757071119274
rate	0.0012815592233569525
rate	7.100775449212128e-05
rate	4.471949448308328e-06
rate	3.281964225941056e-06
rate	2.492592227175277e-06
rate	2.065134133891613e-06
rate	1.8404638637898374e-06
rate	1.621297285877538e-06
rate	1.4459749003625619e-06
rate	1.2761429331902332e-06
rate	1.1063215441835771e-06
rate	9.912870292450725e-07
rate	1.013197175441188e-06
rate	1.221360936571101e-06
rate	1.6925274602513947e-06
rate	2.3336715824104305e-06
rate	3.0023917134194593e-06
rate	3.6822602977544994e-06
rate	4.389735959269243e-06
rate	5.124840078599885e-06
rate	5.936977084388442e-06
rate	6.8866360155212735e-06
rate	7.880642257743437e-06
rate	8.765092884194844e-06
rate	9.369463735635471e-06
rate	9.715530443244495e-06
rate	1.0001106675845115e-05
rate	1.0336230196436827e-05
rate	1.0687920080130814e-05
rate	1.1083723234976945e-05
rate	1.1534632232084961e-05
rate	1.2018622856446787e-05
rate	1.2486178886486904e-05
rate	1.3003360074471037e-05
rate	1.359220325531556e-05
rate	1.4296777249477052e-05
rate	1.5089643183838286e-05
rate	1.598186630274679e-05
rate	1.696807107514401e-05
rate	1.8070399673517363e-05
rate	1.923385068802244e-05
rate	2.050261403524205e-05
rate	2.188783480210572e-05
rate	2.3455982865294904e-05
rate	2.5223922084004385e-05
rate	2.7225232238386966e-05
rate	2.9382949110427015e-05
rate	3.167529724844698e-05
rate	3.4174664267245764e-05
rate	3.6898306720412975e-05
rate	3.978026066028657e-05
rate	4.2715427667467975e-05
rate	4.574850073152915e-05
rate	4.9024617425654925e-05
rate	5.2572476006659874e-05
rate	5.639312289284159e-05
rate	6.0398188633987655e-05
rate	6.449891119301022e-05
rate	6.866208836981414e-05
rate	7.294988899188202e-05
rate	7.748679110094479e-05
rate	8.235860105450983e-05
rate	8.764613326247115e-05
rate	9.327804963284877e-05
rate	9.848787881066533e-05
rate	0.00010481547146149119
rate	0.00011045989637571064
rate	0.00011621891102031301
rate	0.00012258596577946213
rate	0.00012981097698250052
rate	0.00013897097287338068
rate	0.00014927724154717675
rate	0.000160343244669757
rate	0.00017150643336079422
rate	0.0001816013447819524
rate	0.00019058625175026836
rate	0.0001995591307068714
rate	0.00020962592609468115
rate	0.0002207242753822604
rate	0.00023132443971789093
rate	0.0002492576269051056
rate	0.0002680123296089285
rate	0.0002896799568645048
rate	0.0003128739117663607
rate	0.0003340737036893421
rate	0.0003515463488447235
rate	0.0003702100154283798
rate	0.00039233450386264517
rate	0.00041599508224137767
rate	0.0004418895543358873
rate	0.00047009302005072246
rate	0.0004981937366953222
rate	0.0005274361937579876
rate	0.0005618628301103358
rate	0.000602495545486442
rate	0.0006466828996879831
rate	0.0006907613828998759
rate	0.000714882852777612
rate	0.0007374855184851159
rate	0.0007585287213336607
rate	0.0007781055707113193
rate	0.0007962489140011181
rate	0.0008130096654711009
rate	0.000828465110200099
rate	0.0008426738537460023
rate	0.0008557205981428911
rate	0.0008676861910038305
rate	0.0008786009576530607
rate	0.0008885960220290515
rate	0.0008976915763188819
rate	0.0009059927112061263
rate	5.797224019698149e-05
rate	3.819311067706585e-06
rate	2.6186778434636635e-06
rate	1.939097509476785e-06
rate	1.4240614660497804e-06
rate	1.303534342557549e-06
rate	1.0953643337131232e-06
rate	9.255542889067249e-07
rate	8.050496350598616e-07
rate	7.393217167050025e-07
rate	7.064584150129546e-07
rate	7.064584150129546e-07
rate	7.886163678606502e-07
rate	9.200761495604309e-07
rate	1.1063215441835771e-06
rate	1.309018182805413e-06
rate	1.5117319795713186e-06
rate	1.736377906945497e-06
rate	1.9226830567787746e-06
rate	2.0980379059348735e-06
rate	2.284368723699031e-06
rate	2.4981162909976374e-06
rate	2.7009142749490443e-06
rate	2.9037274580418393e-06
rate	3.095587108836433e-06
rate	3.287460205472303e-06
rate	3.534173947048827e-06
rate	3.764465087106401e-06
rate	3.9838163806857185e-06
rate	4.219647777896016e-06
rate	4.477437470492416e-06
rate	4.768168596136444e-06
rate	5.119282319981794e-06
rate	5.514352033491016e-06
rate	5.969853878085111e-06
rate	6.507768750716848e-06
rate	7.111656378165211e-06
rate	7.748635531064794e-06
rate	8.435194024937572e-06
rate	9.127430822582164e-06
rate	9.891272672009541e-06
rate	1.0699291223150379e-05
rate	1.1639515411215072e-05
rate	1.2668089351201224e-05
rate	1.3834634691948002e-05
rate	1.5073284786105762e-05
rate	1.6406114468173945e-05
rate	1.782226628211716e-05
rate	1.92997688726445e-05
rate	2.0833244415543267e-05
rate	2.239523777282222e-05
rate	2.400788675629421e-05
rate	2.5754136388206224e-05
rate	2.767846568744329e-05
rate	2.9797827770313116e-05
rate	3.2057333597487804e-05
rate	3.444627804452437e-05
rate	3.694281421624038e-05
rate	3.958615681900411e-05
rate	4.243235435296099e-05
rate	4.552648013160367e-05
rate	4.891392994693414e-05
rate	5.249002041150702e-05
rate	5.607675055108568e-05
rate	5.960143828460076e-05
rate	6.298525990924265e-05
rate	6.65022907624194e-05
rate	7.059114734841738e-05
rate	7.582837679648803e-05
rate	8.228278919160285e-05
rate	8.991262591411484e-05
rate	9.818280248424266e-05
rate	0.00010651194160459926
rate	0.00011398607235886513
rate	0.0001205350654827678
rate	0.00012692749736647335
rate	0.00013415167502945627
rate	0.00014240922525407117
rate	0.0001527217024473484
rate	0.00016555419296822662
rate	0.0001814108805994556
rate	0.00019960056090508215
rate	0.0002184639909418828
rate	0.00023458871631876294
rate	0.0002467977248333711
rate	0.0002592411179679608
rate	0.0002752849466441707
rate	0.0002942721286952745
rate	0.00031748651358646363
rate	0.00034486043780834947
rate	0.0003748743264562032
rate	0.00040674887790542166
rate	0.00044086316635432327
rate	0.00047651912753307374
rate	0.0005135070999835083
rate	0.0005522651268335204
rate	0.0005796281495158657
rate	0.0006059521329896444
rate	0.0006309413141931654
rate	0.0006545135057075829
rate	0.000676670612284237
rate	0.0006973605240488929
rate	0.0007166753903934454
rate	0.0007345905142736209
rate	0.000751220184821738
rate	0.0007665681476794092
rate	0.0007807133036435795
rate	0.0007937452625446865
rate	0.0008056764873718748
rate	0.0008166249172981762
rate	3.606885545271857e-05
rate	2.585758920856716e-06
rate	1.8541562501381221e-06
rate	1.5034972816679434e-06
rate	1.2213569903047986e-06
rate	1.1090569419625827e-06
rate	1.0515390270321545e-06
rate	9.693731840710336e-07
rate	8.598225624700801e-07
rate	6.982437539379644e-07
rate	5.613197217480702e-07
rate	5.558422125955975e-07
rate	7.96832015235631e-07
rate	1.2843542224750702e-06
rate	1.969223735817697e-06
rate	2.659746123147381e-06
rate	3.2764323987141916e-06
rate	3.8055227485142207e-06
rate	4.194866992171146e-06
rate	4.515704062262108e-06
rate	4.836578956565017e-06
rate	5.138291661188745e-06
rate	5.322077419457489e-06
rate	5.316590524617562e-06
rate	5.195892801589372e-06
rate	5.017599819330079e-06
rate	4.839319065287555e-06
rate	4.693960529580948e-06
rate	4.587003055918872e-06
rate	4.570548059998047e-06
rate	4.559578529706568e-06
rate	4.551352597600338e-06
rate	4.595233521049298e-06
rate	4.693966464477525e-06
rate	4.872241092946036e-06
rate	5.132816365776087e-06
rate	5.478460069941745e-06
rate	5.8570749580163446e-06
rate	6.296117299563708e-06
rate	6.770917590765665e-06
rate	7.372074203478413e-06
rate	8.102415750951283e-06
rate	8.920853392080214e-06
rate	9.830217563317846e-06
rate	1.0805866019107105e-05
rate	1.1894609565879193e-05
rate	1.3115829926286732e-05
rate	1.454676132509737e-05
rate	1.6190487669290505e-05
rate	1.802811162994103e-05
rate	1.991112358126823e-05
rate	2.186722023969209e-05
rate	2.4009810202788682e-05
rate	2.6411191273460346e-05
rate	2.906927581343615e-05
rate	3.188235070900036e-05
rate	3.482039413716277e-05
rate	3.80114756140381e-05
rate	4.160930445090617e-05
rate	4.561546789865289e-05
rate	5.0056824867395915e-05
rate	5.489083563097511e-05
rate	6.014755376247002e-05
rate	6.573695415130692e-05
rate	7.164426720835857e-05
rate	7.783788851619216e-05
rate	8.448903459068382e-05
rate	9.17083845502446e-05
rate	9.964763915025406e-05
rate	0.00010847238985894626
rate	0.00011819113800000198
rate	0.00012866760448048832
rate	0.00013976112125959752
rate	0.00015133799078839014
rate	0.0001635234692253248
rate	0.00017684486725963588
rate	0.0001917136558147907
rate	0.0002078296287926086
rate	0.0002252224843575018
rate	0.00024411669731199252
rate	0.0002653372754179173
rate	0.00028924238219792434
rate	0.00031516012627059574
rate	0.00034234293818519873
rate	0.00037078638119954086
rate	0.00040215401555039084
rate	0.00043744171140957996
rate	0.00047379058916153724
rate	0.0005099412476694298
rate	0.0005468328757096973
rate	0.0005867275309245933
rate	0.0006322876034545712
rate	0.0006836173686402935
rate	0.0007401365320373717
rate	0.0007986379426428182
rate	0.0008563965708114047
rate	0.0009088330523707114
rate	0.0009594559764950173
rate	0.0010081224243636967
rate	0.0010546682333224542
rate	0.0010988389535470837
rate	0.0011406295140003152
rate	0.0011799358562330276
rate	0.0012168360550564052
rate	0.001251280658752526
rate	0.0012833838021166011
rate	0.0013131944124672027
rate	0.0013408114434046016
rate	0.0013662998878086663
rate	0.001389788658022973
rate	2.8120555920319613e-05
rate	2.1747241106324025e-06
rate	1.4404915532950199e-06
rate	1.0597568937742e-06
rate	8.680398536995955e-07
rate	7.995709479011765e-07
rate	7.393207579178242e-07
rate	6.544255434448036e-07
rate	5.96917326740374e-07
rate	5.175037026859152e-07
rate	4.873816071047757e-07
rate	4.59998361916157e-07
rate	5.394103426255966e-07
rate	7.009799744876709e-07
rate	8.926853159817686e-07
rate	1.1117935727621544e-06
rate	1.3090063427953013e-06
rate	1.4487072820487965e-06
rate	1.5062334182084975e-06
rate	1.5308875117740466e-06
rate	1.555541852017164e-06
rate	1.5829360567837397e-06
rate	1.5829360567837397e-06
rate	1.6103305356524076e-06
rate	1.6130702083218755e-06
rate	1.6158099084066055e-06
rate	1.6212893908239258e-06
rate	1.6514240632150203e-06
rate	1.6842989839825662e-06
rate	1.769226287457775e-06
rate	1.832239581648106e-06
rate	1.922652152482306e-06
rate	2.0404667145230254e-06
rate	2.1829460905238285e-06
rate	2.3555758241760756e-06
rate	2.5528793961162044e-06
rate	2.805009883109088e-06
rate	3.0873147643482795e-06
rate	3.3751334572947605e-06
rate	3.6903983294458375e-06
rate	4.055051521387324e-06
rate	4.4745995436687105e-06
rate	4.921639722765311e-06
rate	5.431852522127157e-06
rate	5.972344971717965e-06
rate	6.5431355113709825e-06
rate	7.188155764910703e-06
rate	7.91295282196649e-06
rate	8.739558097339507e-06
rate	9.646087614293162e-06
rate	1.0561169273947877e-05
rate	1.1515057757160312e-05
rate	1.2549038626553034e-05
rate	1.36907177030491e-05
rate	1.4918212297332253e-05
rate	1.622888098516103e-05
rate	1.7606322666740173e-05
rate	1.9089217543978724e-05
rate	2.078255737796356e-05
rate	2.268673114794948e-05
rate	2.4829806081736024e-05
rate	2.7198534435918266e-05
rate	2.974645854503636e-05
rate	3.2407607740821836e-05
rate	3.5160141189550396e-05
rate	3.8029333366384625e-05
rate	4.122120648422913e-05
rate	4.4823182419109624e-05
rate	4.8992947204517133e-05
rate	5.3780536346784575e-05
rate	5.9063234493676647e-05
rate	6.484399720728185e-05
rate	7.128920322255519e-05
rate	7.842364589210807e-05
rate	8.635465696254241e-05
rate	9.497303462882594e-05
rate	0.0001045834551395012
rate	0.00011577834928287313
rate	0.00012904693867080155
rate	0.00014448548172881002
rate	0.00016196066605491118
rate	0.00018124845816761204
rate	0.0002023938148824056
rate	0.00022523024301532543
rate	0.0002500846153025559
rate	0.00027829608307423736
rate	0.00031023325955646956
rate	0.0003430907422565415
rate	0.0003756516456481553
rate	0.00040941290913121644
rate	0.0004484639974839559
rate	0.0004942515186693478
rate	0.0005434803310465287
rate	0.0005940101555727627
rate	0.000645451430820919
rate	0.000699291381584292
rate	0.0007527316526440448
rate	0.0008050035946782631
rate	0.0008557246482968483
rate	0.0009047031672081998
rate	0.0009517348968770295
rate	0.0009966674137509841
rate	0.001039386611516182
rate	0.0010797884474061977
rate	0.0011178784043581035
rate	0.0011535633804303723
rate	0.0011869481577645561
rate	0.001218074558124561
rate	0.001246989663197517
rate	0.0012737498059734805
rate	6.731485762549738e-05
rate	4.2634850346240545e-06
rate	3.147628853604346e-06
rate	2.424078471090013e-06
rate	1.9911503857595315e-06
rate	1.7829267072384117e-06
rate	1.5637647353155937e-06
rate	1.3939252862261016e-06
rate	1.2268359792726315e-06
rate	1.0597568937742e-06
rate	9.474634488895014e-07
rate	9.721123633601313e-07
rate	1.1720549692858992e-06
rate	1.6267736709297515e-06
rate	2.2350142419603123e-06
rate	2.8571032813139537e-06
rate	3.4848270366512086e-06
rate	4.140123497015776e-06
rate	4.823012440710608e-06
rate	5.585636216329585e-06
rate	6.4719910453073625e-06
rate	7.380643279489735e-06
rate	8.207186146950126e-06
rate	8.797680560902915e-06
rate	9.176686088564311e-06
rate	9.525477374509115e-06
rate	9.912810023851016e-06
rate	1.0308461143006754e-05
rate	1.071246307064678e-05
rate	1.1144048953797434e-05
rate	1.1605951960196725e-05
rate	1.2059673001648545e-05
rate	1.255199178754216e-05
rate	1.3107686237764959e-05
rate	1.377631764064031e-05
rate	1.453044537823446e-05
rate	1.53893978452266e-05
rate	1.633676907889514e-05
rate	1.7397444442383283e-05
rate	1.8516427523833223e-05
rate	1.9743414619167386e-05
rate	2.1097841190049625e-05
rate	2.264063983151403e-05
rate	2.43942110289263e-05
rate	2.638937338281597e-05
rate	2.8546430645660185e-05
rate	3.0840852233179016e-05
rate	3.3350565577449685e-05
rate	3.608450699609111e-05
rate	3.896838596172852e-05
rate	4.1880393942203605e-05
rate	4.4870702356270266e-05
rate	4.810946064484108e-05
rate	5.1639351812199203e-05
rate	5.546149483500229e-05
rate	5.94764137990577e-05
rate	6.357013568800829e-05
rate	6.769813951913693e-05
rate	7.19196152227718e-05
rate	7.636729096765051e-05
rate	8.114092890903507e-05
rate	8.633822674806374e-05
rate	9.189641855563154e-05
rate	9.733414061510433e-05
rate	0.00010332241062296865
rate	0.00010891798809827468
rate	0.00011461928839231351
rate	0.00012088778374356866
rate	0.00012809389147766997
rate	0.00013688077990722445
rate	0.00014688859674261018
rate	0.00015762669906994515
rate	0.00016850597083401507
rate	0.00017844838240445884
rate	0.0001874140223178036
rate	0.00019638831302237801
rate	0.0002064255288985356
rate	0.000217633351231242
rate	0.00022979054214903032
rate	0.00024721989552279597
rate	0.0002671479575819567
rate	0.00029039459834742345
rate	0.0003152403313228849
rate	0.00033758940673172904
rate	0.00035547350554775
rate	0.000373731817043014
rate	0.0003956307504914009
rate	0.0004189590023565364
rate	0.0004445649998482193
rate	0.0004725504271024262
rate	0.0005002319785323148
rate	0.0005290036287575055
rate	0.0005634567641301234
rate	0.0006047994912928477
rate	0.0006501233065245769
rate	0.0006952633289342579
rate	0.0007201102176356326
rate	0.0007434180158221091
rate	0.000765126530626612
rate	0.000785334365640956
rate	0.0008040764418022328
rate	0.000821398761047498
rate	0.0008373811106995039
rate	0.0008520774495565292
rate	0.0008655753188897708
rate	0.0008779622574716579
rate	0.0008892642438138712
rate	0.0008996158834401462
rate	0.0009090405610714394
rate	0.0009176432967833572
rate	5.5622789033635064e-05
rate	3.649295689151513e-06
rate	2.500822384626235e-06
rate	1.8733377976945265e-06
rate	1.3692726726242223e-06
rate	1.2542268953089403e-06
rate	1.054278288538973e-06
rate	8.872098069210903e-07
rate	7.721845801066882e-07
rate	7.119349927936819e-07
rate	6.818107333228327e-07
rate	6.818107333228327e-07
rate	7.639679465070826e-07
rate	8.844707372479433e-07
rate	1.0597568937742e-06
rate	1.2432736040802216e-06
rate	1.42680382583048e-06
rate	1.635001901540194e-06
rate	1.810338488662597e-06
rate	1.9802048596945595e-06
rate	2.155564149870926e-06
rate	2.3583370329110903e-06
rate	2.5556418428918457e-06
rate	2.752960971998955e-06
rate	2.944810055454288e-06
rate	3.1366725832694464e-06
rate	3.383372734184844e-06
rate	3.608166106075847e-06
rate	3.8137907844502813e-06
rate	4.027662240252731e-06
rate	4.266229045716099e-06
rate	4.534986066015021e-06
rate	4.861369815073965e-06
rate	5.223462049090763e-06
rate	5.643221582904836e-06
rate	6.1453685454801984e-06
rate	6.721703844015809e-06
rate	7.3283636853657025e-06
rate	7.987327603325837e-06
rate	8.649203489264814e-06
rate	9.38815538464204e-06
rate	1.0176763717746581e-05
rate	1.1100292034566741e-05
rate	1.2109386224706363e-05
rate	1.325640726342013e-05
rate	1.4467230130852152e-05
rate	1.578045832741624e-05
rate	1.7176969215437237e-05
rate	1.8645839786136036e-05
rate	2.0170660459090767e-05
rate	2.171016008267325e-05
rate	2.3289210532005302e-05
rate	2.5004551333493406e-05
rate	2.690619087730328e-05
rate	2.9016636826215904e-05
rate	3.126717251886985e-05
rate	3.363876236569566e-05
rate	3.6106760744004815e-05
rate	3.87047677096089e-05
rate	4.1488751651098195e-05
rate	4.4523225562564334e-05
rate	4.78591489962422e-05
rate	5.1347134372220404e-05
rate	5.480067403627587e-05
rate	5.815532776316495e-05
rate	6.13574530633089e-05
rate	6.471189335098943e-05
rate	6.866266900843853e-05
rate	7.379442661876055e-05
rate	8.015899962347036e-05
rate	8.76691824208008e-05
rate	9.579279431006523e-05
rate	0.00010400016046029483
rate	0.00011143583458972896
rate	0.00011803336532206318
rate	0.0001244891332115972
rate	0.0001317559916565633
rate	0.0001401106470405963
rate	0.00015064713450934502
rate	0.00016390208057567998
rate	0.00018051482715529776
rate	0.0001997477825159562
rate	0.00021967517580579458
rate	0.00023643133142851617
rate	0.00024865751027773223
rate	0.00026032034486194047
rate	0.0002756662461124451
rate	0.0002939244650565405
rate	0.00031651702411788704
rate	0.00034335495823566674
rate	0.0003726744540545076
rate	0.0004037884591699158
rate	0.0004376355970441636
rate	0.0004739410237933408
rate	0.0005122702266765277
rate	0.0005524627197576643
rate	0.0005811515179370408
rate	0.0006088194465545669
rate	0.0006351278693667921
rate	0.0006599780866095426
rate	0.0006833656892504682
rate	0.0007052252123299763
rate	0.0007256532166132201
rate	0.0007446189142772812
rate	0.0007622346320006465
rate	0.0007785055201116623
rate	0.0007935124325198136
rate	0.000807343712839632
rate	0.000820013946736414
rate	0.0008316475036424097
rate	3.391210308295495e-05
rate	2.5199820937492914e-06
rate	1.807578085912268e-06
rate	1.4514455842448507e-06
rate	1.1775290253550301e-06
rate	1.067970074685248e-06
rate	1.0131922433648228e-06
rate	9.310275512790748e-07
rate	8.214784640711634e-07
rate	6.571630516327107e-07
rate	5.20241074022403e-07
rate	5.20241074022403e-07
rate	7.667055641856736e-07
rate	1.259701115555228e-06
rate	1.944564460964327e-06
rate	2.629599165296265e-06
rate	3.232571521320861e-06
rate	3.7534272635162317e-06
rate	4.137279121017469e-06
rate	4.466337838054586e-06
rate	4.79543610898392e-06
rate	5.097144279120164e-06
rate	5.289157699730061e-06
rate	5.289157699730061e-06
rate	5.179434096147167e-06
rate	5.0148569353508345e-06
rate	4.85028966699054e-06
rate	4.7131578325542395e-06
rate	4.603457310166134e-06
rate	4.576032866351015e-06
rate	4.548608697238016e-06
rate	4.521184802821331e-06
rate	4.548608697238016e-06
rate	4.63088202868827e-06
rate	4.79543610898392e-06
rate	5.042285775143279e-06
rate	5.3714532882698496e-06
rate	5.72809609277965e-06
rate	6.139664757782516e-06
rate	6.578739538152813e-06
rate	7.1551320688636655e-06
rate	7.868929081364473e-06
rate	8.665306894337089e-06
rate	9.544337535473947e-06
rate	1.0478616931929139e-05
rate	1.1523188977562443e-05
rate	1.2705685556727473e-05
rate	1.410884391731912e-05
rate	1.573300323499017e-05
rate	1.755100189275913e-05
rate	1.9397781583107785e-05
rate	2.1300991975256206e-05
rate	2.3371200608586817e-05
rate	2.5691694210379017e-05
rate	2.8263108345173376e-05
rate	3.0975386448387146e-05
rate	3.3801226376735144e-05
rate	3.6879722787105724e-05
rate	4.037843216675759e-05
rate	4.429896298162451e-05
rate	4.867099275203574e-05
rate	5.3440841742297436e-05
rate	5.863855133214106e-05
rate	6.415443390314055e-05
rate	6.996230868819685e-05
rate	7.600771467671271e-05
rate	8.248970563042292e-05
rate	8.955279783628963e-05
rate	9.740004247479841e-05
rate	0.00010620891093540168
rate	0.00011598864004865038
rate	0.00012652016921202807
rate	0.00013758174329675743
rate	0.00014894836106608224
rate	0.00016076881647186087
rate	0.00017366133513971852
rate	0.00018816870825457413
rate	0.00020399192929517203
rate	0.00022121284826714311
rate	0.00024003672626906236
rate	0.0002611887303629292
rate	0.0002849956209078511
rate	0.00031085094394566213
rate	0.0003379747733942012
rate	0.0003663087866403111
rate	0.0003972804933068908
rate	0.00043184233474600353
rate	0.00046730065739371843
rate	0.0005026978425157655
rate	0.0005391586835956653
rate	0.0005788838800388031
rate	0.000624279019111487
rate	0.0006754805964213974
rate	0.0007317323880197072
rate	0.0007898582798634423
rate	0.0008473042705605429
rate	0.0008994331443049321
rate	0.0009497062619513904
rate	0.0009979223138637612
rate	0.0010439543990180102
rate	0.0010876355141986726
rate	0.0011289631228585542
rate	0.0011678186220928219
rate	0.0012042990686717092
rate	0.0012383440792716836
rate	0.0012700734540220626
rate	0.001299532997840282
rate	0.0013268226099092525
rate	0.0013520082818621955
rate	0.0013752099733404944
rate	2.6548563939394942e-05
rate	2.1089571588381983e-06
rate	1.3966600800381393e-06
rate	1.0131922433648228e-06
rate	8.214784640711634e-07
rate	7.667055641856736e-07
rate	7.11933760054339e-07
rate	6.297781082992987e-07
rate	5.750090433607935e-07
rate	4.928575001895152e-07
rate	4.654742002405995e-07
rate	4.3809117416987325e-07
rate	5.20241074022403e-07
rate	6.845482688823615e-07
rate	8.762524597543484e-07
rate	1.0953594013407018e-06
rate	1.2870923603554849e-06
rate	1.4240526951063243e-06
rate	1.4788387474585948e-06
rate	1.5062321847536492e-06
rate	1.5336258961348908e-06
rate	1.561019881608108e-06
rate	1.561019881608108e-06
rate	1.58841414117909e-06
rate	1.58841414117909e-06
rate	1.58841414117909e-06
rate	1.58841414117909e-06
rate	1.615808674852714e-06
rate	1.6432034826350735e-06
rate	1.7253895506869863e-06
rate	1.7801816333644242e-06
rate	1.8623718134542452e-06
rate	1.9719625584757766e-06
rate	2.1089571588381983e-06
rate	2.2733597281708107e-06
rate	2.4651752037348532e-06
rate	2.7118148492084485e-06
rate	2.9858849610665904e-06
rate	3.259982511215616e-06
rate	3.561521514163093e-06
rate	3.917928612682575e-06
rate	4.329225232938173e-06
rate	4.768009742101982e-06
rate	5.261726386580824e-06
rate	5.782968340243549e-06
rate	6.331751309866408e-06
rate	6.962987742044157e-06
rate	7.676734654987705e-06
rate	8.500520064281331e-06
rate	9.406970392610045e-06
rate	1.031372092879953e-05
rate	1.1248262955628175e-05
rate	1.2265627164156924e-05
rate	1.3393418426907183e-05
rate	1.460424802382443e-05
rate	1.589822596519378e-05
rate	1.7247918271123832e-05
rate	1.8708538985294125e-05
rate	2.0390595852587034e-05
rate	2.2294496762401214e-05
rate	2.4448328052465208e-05
rate	2.6825030746368408e-05
rate	2.936983611468539e-05
rate	3.2000108953295196e-05
rate	3.4688365779053745e-05
rate	3.746253061817667e-05
rate	4.054514894923539e-05
rate	4.402072611277408e-05
rate	4.80579308626671e-05
rate	5.271506563216008e-05
rate	5.788343258980962e-05
rate	6.353789551764033e-05
rate	6.97937909950499e-05
rate	7.662706787178292e-05
rate	8.415495344796027e-05
rate	9.229819160995536e-05
rate	0.00010143155503282413
rate	0.00011219235243958416
rate	0.00012511553306433356
rate	0.00014028929279560895
rate	0.00015746090130449659
rate	0.00017637561858249126
rate	0.00019718673798033124
rate	0.0002197587938926922
rate	0.00024437380992862085
rate	0.00027217406996691483
rate	0.000303438760037637
rate	0.00033552878461742515
rate	0.00036743574475472354
rate	0.00040076465105265776
rate	0.0004395144917931991
rate	0.00048489301941519164
rate	0.0005336302266925473
rate	0.000583623458705357
rate	0.000634650135230289
rate	0.0006882647960424701
rate	0.0007416218989263019
rate	0.0007939531925314973
rate	0.0008448429792327617
rate	0.0008940387369572841
rate	0.0009413145237412037
rate	0.0009865145857464554
rate	0.0010295209511963278
rate	0.0010702169580637038
rate	0.0011086112431669456
rate	0.0011445972448588077
rate	0.0011782823209455868
rate	0.0012097025693412165
rate	0.0012389036192831067
rate	0.0012659403885900084
rate	6.362196075887348e-05
rate	4.055020620939781e-06
rate	3.0132934812676357e-06
rate	2.3555647150047493e-06
rate	1.9171666376274494e-06
rate	1.7253895506869863e-06
rate	1.5062321847536492e-06
rate	1.3418756720896411e-06
rate	1.1775290253550301e-06
rate	1.0131922433648228e-06
rate	9.036398685339303e-07
rate	9.310275512790748e-07
rate	1.1227490020006977e-06
rate	1.561019881608108e-06
rate	2.136356901510194e-06
rate	2.7118148492084485e-06
rate	3.287393775547918e-06
rate	3.89051103476231e-06
rate	4.521184802821331e-06
rate	5.23429534827073e-06
rate	6.057346075093451e-06
rate	6.880644301236032e-06
rate	7.64927940970541e-06
rate	8.225897386170361e-06
rate	8.637841733884129e-06
rate	9.049848073173117e-06
rate	9.489389851265208e-06
rate	9.929002205882693e-06
rate	1.0341202906316613e-05
rate	1.0753465675509906e-05
rate	1.1193281063946662e-05
rate	1.1633167116810186e-05
rate	1.2100623500613284e-05
rate	1.2623169220214356e-05
rate	1.325585803180357e-05
rate	1.3971247572630635e-05
rate	1.4796929387706407e-05
rate	1.570546708264627e-05
rate	1.67244892112492e-05
rate	1.7799004359644004e-05
rate	1.898421520309272e-05
rate	2.0307847577993525e-05
rate	2.1825296797733155e-05
rate	2.356449997384822e-05
rate	2.5553514527244972e-05
rate	2.770991218089336e-05
rate	3.0006407217911054e-05
rate	3.25264668876536e-05
rate	3.527070727176925e-05
rate	3.815651126317046e-05
rate	4.1045360216939235e-05
rate	4.399290398101139e-05
rate	4.719430386402724e-05
rate	5.070622761773854e-05
rate	5.452986677716298e-05
rate	5.8554638964127745e-05
rate	6.264136018300636e-05
rate	6.67341906684597e-05
rate	7.08893414536616e-05
rate	7.524779083435623e-05
rate	7.992325676356031e-05
rate	8.503032023365631e-05
rate	9.051478747841429e-05
rate	9.618040241954334e-05
rate	0.00010182934978444611
rate	0.00010737607982083874
rate	0.00011301966576431401
rate	0.00011918960170767521
rate	0.00012637680597283942
rate	0.00013479058694106818
rate	0.0001444999519380436
rate	0.0001549101534701333
rate	0.0001655055083072359
rate	0.00017529542002696528
rate	0.0001842417928853388
rate	0.0001932174953378846
rate	0.0002032251317023901
rate	0.00021454242708022356
rate	0.00022825664458016968
rate	0.00024518216414048634
rate	0.00026628358555498484
rate	0.00029110923983034206
rate	0.00031760675087940917
rate	0.000341105109774116
rate	0.0003594006622507766
rate	0.00037725361865764814
rate	0.0003989269971201566
rate	0.0004219229224716952
rate	0.00044724044536055123
rate	0.00047500783415413
rate	0.0005022702203693074
rate	0.0005305710637570234
rate	0.000565050698149911
rate	0.0006071034370992535
rate	0.0006535637133611708
rate	0.0006997652749686399
rate	0.0007253375824936533
rate	0.0007493505131591022
rate	0.0007717243399195632
rate	0.0007925631605705929
rate	0.0008119039696033476
rate	0.0008297878566238951
rate	0.0008462971111989088
rate	0.000861481045367056
rate	0.0008754300396366505
rate	0.0008882383239394852
rate	0.0008999275299746817
rate	0.000910635744851241
rate	0.000920389545823997
rate	0.000929293882360588
rate	5.327333787028865e-05
rate	3.47928031059644e-06
rate	2.3829669257888063e-06
rate	1.807578085912268e-06
rate	1.3144838791986643e-06
rate	1.2049194480603315e-06
rate	1.0131922433648228e-06
rate	8.488653249354557e-07
rate	7.393195251535149e-07
rate	6.845482688823615e-07
rate	6.571630516327107e-07
rate	6.571630516327107e-07
rate	7.393195251535149e-07
rate	8.488653249354557e-07
rate	1.0131922433648228e-06
rate	1.1775290253550301e-06
rate	1.3418756720896411e-06
rate	1.5336258961348908e-06
rate	1.6979939205464195e-06
rate	1.8623718134542452e-06
rate	2.026759576042821e-06
rate	2.2185577748245423e-06
rate	2.410369410834647e-06
rate	2.60219448595607e-06
rate	2.794033002072142e-06
rate	2.9858849610665904e-06
rate	3.232571521320861e-06
rate	3.4518671250452926e-06
rate	3.643765188214844e-06
rate	3.835676702609446e-06
rate	4.055020620939781e-06
rate	4.3018035358935984e-06
rate	4.603457310166134e-06
rate	4.93257206469051e-06
rate	5.31658928772456e-06
rate	5.782968340243549e-06
rate	6.331751309866408e-06
rate	6.908091839666611e-06
rate	7.539461181714102e-06
rate	8.17097615594746e-06
rate	8.885038097274539e-06
rate	9.654236212342783e-06
rate	1.0561068657918409e-05
rate	1.1550683098211503e-05
rate	1.2678179834892257e-05
rate	1.386117547559854e-05
rate	1.5154802186658533e-05
rate	1.653167214875731e-05
rate	1.7991910699627568e-05
rate	1.9508076502638267e-05
rate	2.1025082392524284e-05
rate	2.2570534307716394e-05
rate	2.4254966278780587e-05
rate	2.6133916067163273e-05
rate	2.8235445882118692e-05
rate	3.0477011440251893e-05
rate	3.2831246686866956e-05
rate	3.527070727176925e-05
rate	3.7823378600213693e-05
rate	4.054514894923539e-05
rate	4.351997099352499e-05
rate	4.680436804555026e-05
rate	5.020424833293379e-05
rate	5.352459752146605e-05
rate	5.6709217241729145e-05
rate	5.972964621737515e-05
rate	6.292149593955946e-05
rate	6.67341906684597e-05
rate	7.176047644103306e-05
rate	7.803521005533785e-05
rate	8.542573892748676e-05
rate	9.340278613588779e-05
rate	0.00010148837931599039
rate	0.00010888559682059277
rate	0.00011553166516135854
rate	0.00012205076905672104
rate	0.00012936030828367034
rate	0.00013781206882712145
rate	0.00014857256657134168
rate	0.0001622499681831333
rate	0.0001796187737111399
rate	0.00019989500412683026
rate	0.00022088636066970634
rate	0.00023827394653826937
rate	0.0002505172957220933
rate	0.00026139957175592017
rate	0.0002760475455807195
rate	0.0002935768014178065
rate	0.00031554753464931045
rate	0.000341849478662984
rate	0.00037047458165281205
rate	0.00040082804043440994
rate	0.00043440802773400385
rate	0.0004713629200536078
rate	0.000511033353369547
rate	0.000552660312681808
rate	0.0005826748863582159
rate	0.0006116867601194896
rate	0.0006393144245404188
rate	0.0006654426675115025
rate	0.0006900607662166995
rate	0.0007130899006110597
rate	0.0007346310428329948
rate	0.0007546473142809415
rate	0.000773249079179555
rate	0.0007904428925439154
rate	0.0008063115613960477
rate	0.0008209421631345776
rate	0.0008343514061009531
rate	0.0008466700899866434
rate	3.289115070516804e-05
rate	2.448741692965589e-06
rate	1.7610078445300053e-06
rate	1.407620250156848e-06
rate	1.147401368794962e-06
rate	1.0378436236352906e-06
rate	9.830663950337745e-07
rate	9.036411013144384e-07
rate	7.995699615517724e-07
rate	6.434708538716799e-07
rate	5.1202608403715e-07
rate	5.147643866442227e-07
rate	7.557513129303773e-07
rate	1.2405280114682302e-06
rate	1.9116888823531657e-06
rate	2.5884950262490927e-06
rate	3.188717669395989e-06
rate	3.7013416892966944e-06
rate	4.0714792399753666e-06
rate	4.381339089818129e-06
rate	4.68849363137548e-06
rate	4.973739224348812e-06
rate	5.157518388980791e-06
rate	5.165743991851033e-06
rate	5.072476621170942e-06
rate	4.927099153917498e-06
rate	4.784472649704399e-06
rate	4.669280260648428e-06
rate	4.587003055918872e-06
rate	4.58151778258474e-06
rate	4.578776794213268e-06
rate	4.5760378115123405e-06
rate	4.622663597487221e-06
rate	4.71865563580004e-06
rate	4.8914457059897575e-06
rate	5.13830403045955e-06
rate	5.464738914316392e-06
rate	5.813160437316966e-06
rate	6.211017985801246e-06
rate	6.633633789707806e-06
rate	7.182583597824958e-06
rate	7.857946377508475e-06
rate	8.615873820498127e-06
rate	9.459181014957891e-06
rate	1.0365957785257607e-05
rate	1.1385753565453429e-05
rate	1.254344906034818e-05
rate	1.3908021875648536e-05
rate	1.547428438067497e-05
rate	1.7217794300705444e-05
rate	1.900652220813921e-05
rate	2.0873644266824858e-05
rate	2.2910447748553663e-05
rate	2.519192754851412e-05
rate	2.7721457479325226e-05
rate	3.038898644357869e-05
rate	3.318379797867032e-05
rate	3.62449887045322e-05
rate	3.9731799258377326e-05
rate	4.363474943025549e-05
rate	4.7950120753124954e-05
rate	5.2626842558136434e-05
rate	5.7714265945885245e-05
rate	6.31221629096597e-05
rate	6.88271358450815e-05
rate	7.47691392849288e-05
rate	8.112464039487967e-05
rate	8.80603930070382e-05
rate	9.579052740920404e-05
rate	0.00010449238444297309
rate	0.00011416950122961319
rate	0.00012461145505266062
rate	0.00013561387409261955
rate	0.00014694076476591143
rate	0.00015871510057185407
rate	0.00017153427415837587
rate	0.0001859285656612957
rate	0.0002016189381289494
rate	0.00021872492348259183
rate	0.0002374754525139699
rate	0.00025863155569035327
rate	0.0002824643780592778
rate	0.0003082806031035027
rate	0.00033520718937141446
rate	0.00036318436828806195
rate	0.00039391116578773027
rate	0.000428433635743428
rate	0.0004640852026225105
rate	0.000499925585144127
rate	0.0005369804249630963
rate	0.0005773962531573428
rate	0.0006234891812696662
rate	0.000675161921991056
rate	0.0007314571211240575
rate	0.000789245189045367
rate	0.00084623187261854
rate	0.0008991025157906137
rate	0.0009500473064703537
rate	0.0009992024796398105
rate	0.0010468155037089474
rate	0.0010927708180843078
rate	0.0011371222592861817
rate	0.0011798131298252994
rate	0.0012209923076381014
rate	0.0012606806674744378
rate	0.0012990681470983125
rate	0.0013363019709553454
rate	0.0013725866014725268
rate	0.0014081293278487624
rate	0.0014432229215490477
rate	2.5725971436249406e-05
rate	2.05964231043965e-06
rate	1.3583132963708077e-06
rate	9.912822067440005e-07
rate	8.023084284939769e-07
rate	7.475359121031856e-07
rate	6.927644914511454e-07
rate	6.133477174934288e-07
rate	5.613172564417015e-07
rate	4.84642592367719e-07
rate	4.5725937458061664e-07
rate	4.3261465111696306e-07
rate	5.147643866442227e-07
rate	6.735943463302047e-07
rate	8.625591662942651e-07
rate	1.078926216334539e-06
rate	1.2679190644540066e-06
rate	1.404878440074872e-06
rate	1.4596641087482837e-06
rate	1.4870573541981507e-06
rate	1.5144508737303659e-06
rate	1.5418446673507175e-06
rate	1.544583901451111e-06
rate	1.569238735064995e-06
rate	1.569238735064995e-06
rate	1.569238735064995e-06
rate	1.569238735064995e-06
rate	1.5993723657919276e-06
rate	1.629506352846931e-06
rate	1.7116920097361968e-06
rate	1.7719628620826237e-06
rate	1.8568924407000474e-06
rate	1.966482966390944e-06
rate	2.1007374005586604e-06
rate	2.259659445504749e-06
rate	2.4432535447994187e-06
rate	2.6816703053710685e-06
rate	2.94477547305212e-06
rate	3.2133875603012686e-06
rate	3.5094395903325223e-06
rate	3.857616282846705e-06
rate	4.255196289411836e-06
rate	4.683001629160041e-06
rate	5.165734101512101e-06
rate	5.678729871215263e-06
rate	6.227491948852773e-06
rate	6.855960581294289e-06
rate	7.566935143304216e-06
rate	8.376961546029364e-06
rate	9.26414940592289e-06
rate	1.0162612518876186e-05
rate	1.109985059014295e-05
rate	1.2119908321279205e-05
rate	1.3244889763638423e-05
rate	1.4450151730378616e-05
rate	1.5738552410488325e-05
rate	1.7090919564736142e-05
rate	1.8562476913877096e-05
rate	2.0255471645105737e-05
rate	2.2164796382507835e-05
rate	2.4304720474875624e-05
rate	2.665090324801802e-05
rate	2.9165126639403428e-05
rate	3.1775827713026225e-05
rate	3.446109382926869e-05
rate	3.723780164039571e-05
rate	4.030350892027982e-05
rate	4.375654201896367e-05
rate	4.776273876035093e-05
rate	5.2391492027943874e-05
rate	5.7539697354811096e-05
rate	6.318505438504746e-05
rate	6.942611900930345e-05
rate	7.622754995421948e-05
rate	8.368386578844626e-05
rate	9.172112881500989e-05
rate	0.00010072217865472733
rate	0.00011131522789732704
rate	0.0001240372266431108
rate	0.00013898694142530524
rate	0.00015591093569302473
rate	0.0001745334500654193
rate	0.0001950355542509598
rate	0.00021729276380455235
rate	0.0002415980217587459
rate	0.00026911280298238334
rate	0.0003001278883427037
rate	0.00033213631902787814
rate	0.000364176971480658
rate	0.0003977889368327334
rate	0.000436903856728028
rate	0.0004826308982832087
rate	0.0005316148252815468
rate	0.0005816921530323156
rate	0.0006327854679571395
rate	0.0006865417349683478
rate	0.0007405649991112068
rate	0.0007936533263844282
rate	0.0008454549815172411
rate	0.0008957862707700977
rate	0.0009449018477055257
rate	0.0009927199610097277
rate	0.001039200645689271
rate	0.0010843146222060704
rate	0.0011281659121403084
rate	0.0011707662033853194
rate	0.0012123391253772884
rate	0.0012530790166248467
rate	0.0012932179425466125
rate	0.0013330464297517663
rate	6.272671635342231e-05
rate	4.01663658837122e-06
rate	2.9447804109886315e-06
rate	2.3089851523501793e-06
rate	1.8733338486105639e-06
rate	1.684298983538154e-06
rate	1.4733618688137872e-06
rate	1.314485112349202e-06
rate	1.1528788779474347e-06
rate	9.858049715436921e-07
rate	8.735152255682627e-07
rate	9.009026069810971e-07
rate	1.1063156526001846e-06
rate	1.574717285501939e-06
rate	2.1884216232540013e-06
rate	2.8159760906392266e-06
rate	3.4327127629891952e-06
rate	4.063295420986513e-06
rate	4.702241453525839e-06
rate	5.401674997410318e-06
rate	6.202812198881374e-06
rate	7.009677486707175e-06
rate	7.753628701766207e-06
rate	8.308292454870636e-06
rate	8.701018574652711e-06
rate	9.088307592837272e-06
rate	9.503126979094223e-06
rate	9.931750017486931e-06
rate	1.0354944308877866e-05
rate	1.0794698161174735e-05
rate	1.1262016365929303e-05
rate	1.1726666376211338e-05
rate	1.2221649286597835e-05
rate	1.276898470770898e-05
rate	1.3423728952227268e-05
rate	1.4158437876759488e-05
rate	1.4997949374167773e-05
rate	1.5906553811838646e-05
rate	1.6906354947873428e-05
rate	1.794785303434497e-05
rate	1.9091755458679643e-05
rate	2.0371294314134094e-05
rate	2.183909596201525e-05
rate	2.3520319266957562e-05
rate	2.5445758302302625e-05
rate	2.754125635344193e-05
rate	2.9785054944135105e-05
rate	3.2249549853948786e-05
rate	3.492425785607504e-05
rate	3.7734842432966026e-05
rate	4.056220505249219e-05
rate	4.3464795828966857e-05
rate	4.6623880396632696e-05
rate	5.010445906676336e-05
rate	5.390496475702627e-05
rate	5.7909284830016314e-05
rate	6.198945400107699e-05
rate	6.609810323404226e-05
rate	7.028312526984976e-05
rate	7.467149863371242e-05
rate	7.934598061759218e-05
rate	8.442096833861447e-05
rate	8.98957444741809e-05
rate	9.560818122706201e-05
rate	0.00010136939755813577
rate	0.00010707158166381354
rate	0.00011286278276107645
rate	0.00011914385076489204
rate	0.00012637680597283942
rate	0.0001347819590334424
rate	0.00014447109113953555
rate	0.00015490725625820397
rate	0.0001655607746461085
rate	0.00017545016437421463
rate	0.00018450841008482529
rate	0.0001935614631070486
rate	0.0002036116983976528
rate	0.00021495135350278695
rate	0.00022869146998586004
rate	0.00024562268729057555
rate	0.0002666912533020662
rate	0.0002913590437516074
rate	0.0003175575614877838
rate	0.00034068368258285373
rate	0.0003586524277226779
rate	0.00037613409824061933
rate	0.0003974329454504817
rate	0.0004203750123416416
rate	0.0004461626322916186
rate	0.0004749557342341415
rate	0.0005039991796955833
rate	0.0005343658868943375
rate	0.000570193979984158
rate	0.0006117077556870941
rate	0.0006559341617507984
rate	0.0007001367200857927
rate	0.0007271922546151536
rate	0.0007531128201586399
rate	0.000777845977612668
rate	0.0008015102948454601
rate	0.0008241739922738522
rate	0.0008458926771170254
rate	0.0008667893855201495
rate	0.0008869379965373516
rate	0.000906469955892599
rate	0.0009255177242241144
rate	0.0009441683081335291
rate	0.0009626092252890961
rate	0.0009809422072600666
rate	0.0009993671842388541
rate	5.248443978614862e-05
rate	3.440904348359142e-06
rate	2.3336471420558306e-06
rate	1.766486285324855e-06
rate	1.2925714314128681e-06
rate	1.1857467275907806e-06
rate	9.994982650037753e-07
rate	8.379107449572616e-07
rate	7.311038778014345e-07
rate	6.790712528240552e-07
rate	6.51686090357165e-07
rate	6.544245572993695e-07
rate	7.338423995263996e-07
rate	8.406493488604775e-07
rate	1.0022370058817336e-06
rate	1.1665731302880519e-06
rate	1.3309191193598571e-06
rate	1.5199293145252156e-06
rate	1.6870359426096865e-06
rate	1.851413177604583e-06
rate	2.021279874286117e-06
rate	2.215817718291891e-06
rate	2.410369410834647e-06
rate	2.604934953890089e-06
rate	2.7967736620357473e-06
rate	2.988625813086695e-06
rate	3.232571521320861e-06
rate	3.454608443600407e-06
rate	3.6574730162603645e-06
rate	3.8658369444502485e-06
rate	4.101637039127936e-06
rate	4.3593948681168615e-06
rate	4.666541113976594e-06
rate	4.995663453081966e-06
rate	5.3769457360043775e-06
rate	5.832358312484523e-06
rate	6.364683568805294e-06
rate	6.9273058870755354e-06
rate	7.539461181714102e-06
rate	8.157246330374365e-06
rate	8.854825511499816e-06
rate	9.607532320981844e-06
rate	1.0489618743366827e-05
rate	1.1448973235726057e-05
rate	1.2537937282956232e-05
rate	1.3687870270101844e-05
rate	1.4951152422785495e-05
rate	1.630314965163594e-05
rate	1.7741238413007013e-05
rate	1.9237981777606447e-05
rate	2.07465694643055e-05
rate	2.2294621921332813e-05
rate	2.397612475813344e-05
rate	2.5838315949426817e-05
rate	2.7914750826359494e-05
rate	3.0122872824879278e-05
rate	3.244913206976229e-05
rate	3.488825227165396e-05
rate	3.747660622177475e-05
rate	4.0247989624417356e-05
rate	4.325583519148144e-05
rate	4.6545480136189056e-05
rate	4.9953396653087065e-05
rate	5.330970542245531e-05
rate	5.656111428310496e-05
rate	5.968487808994364e-05
rate	6.297472963135721e-05
rate	6.682959105555103e-05
rate	7.17998271084312e-05
rate	7.793381651832108e-05
rate	8.512367094138637e-05
rate	9.290182761072333e-05
rate	0.00010084134094335007
rate	0.00010819418047321183
rate	0.0001148813033508138
rate	0.00012145598171997254
rate	0.0001287782533134719
rate	0.00013722534314947025
rate	0.0001479345038604312
rate	0.00016148991290810877
rate	0.0001786207604667391
rate	0.00019854354213095376
rate	0.00021919396791359415
rate	0.00023651441349487355
rate	0.0002490809800450484
rate	0.00026047040026464945
rate	0.0002755543780117828
rate	0.000293457965135302
rate	0.00031569197091353576
rate	0.00034222817941386574
rate	0.0003713725369824924
rate	0.00040247797553648193
rate	0.00043648868195513127
rate	0.00047304950319365663
rate	0.0005117106265820604
rate	0.0005525430793352042
rate	0.0005839854663920001
rate	0.000614868261445604
rate	0.0006448650320374574
rate	0.0006731647098740111
rate	0.000700490259790372
rate	0.0007268025030476576
rate	0.0007522391495705421
rate	0.0007768113941673655
rate	0.000800684649966266
rate	0.0008239271331084955
rate	0.0008466889952108809
rate	0.0008691403320985922
rate	0.0008914077036993636
rate	0.0009137403484536916
rate	3.187019832738112e-05
rate	2.377501292181887e-06
rate	1.7144376031477426e-06
rate	1.363794916068845e-06
rate	1.117273712234894e-06
rate	1.0077171725853332e-06
rate	9.529405467027261e-07
rate	8.76254651349802e-07
rate	7.776614590323815e-07
rate	6.297786561106491e-07
rate	5.03811094051897e-07
rate	5.092876992660423e-07
rate	7.44797061675081e-07
rate	1.221354907381232e-06
rate	1.8788133037420042e-06
rate	2.5473908872019204e-06
rate	3.1448638174711173e-06
rate	3.6492561150771576e-06
rate	4.005679358933264e-06
rate	4.296340341581673e-06
rate	4.581551153767039e-06
rate	4.8503341695774585e-06
rate	5.0258790782315205e-06
rate	5.042330283972005e-06
rate	4.965519146194717e-06
rate	4.839341372484162e-06
rate	4.7186556324182575e-06
rate	4.625402688742616e-06
rate	4.570548801671612e-06
rate	4.587002698818466e-06
rate	4.608944891188521e-06
rate	4.63089082020335e-06
rate	4.696718497736425e-06
rate	4.80642924291181e-06
rate	4.987455302995596e-06
rate	5.234322285775821e-06
rate	5.558024540362934e-06
rate	5.898224781854282e-06
rate	6.282371213819977e-06
rate	6.6885280412627996e-06
rate	7.21003512678625e-06
rate	7.846963673652479e-06
rate	8.566440746659163e-06
rate	9.374024494441833e-06
rate	1.0253298638586074e-05
rate	1.1248318153344417e-05
rate	1.2381212563968887e-05
rate	1.3707199833977952e-05
rate	1.5215565526359777e-05
rate	1.6884586708651758e-05
rate	1.8615262833170637e-05
rate	2.044629655839351e-05
rate	2.2449694888520506e-05
rate	2.4692160886649228e-05
rate	2.7179806613477076e-05
rate	2.9802586438770236e-05
rate	3.2566369580605506e-05
rate	3.561025462195867e-05
rate	3.9085166349997067e-05
rate	4.2970535878886475e-05
rate	4.7229248754214165e-05
rate	5.181284337397543e-05
rate	5.678998055962943e-05
rate	6.208989191617886e-05
rate	6.769196300196616e-05
rate	7.353056389314486e-05
rate	7.975957515933641e-05
rate	8.656798817778679e-05
rate	9.418101234360967e-05
rate	0.00010277585795054452
rate	0.000112350362410576
rate	0.00012270274089329315
rate	0.00013364600488848167
rate	0.00014493316846574063
rate	0.00015666138467184727
rate	0.00016940721317703318
rate	0.00018368842306801724
rate	0.00019924594696272676
rate	0.00021623699869804052
rate	0.00023491417875887749
rate	0.0002560743810177773
rate	0.0002799331352107045
rate	0.00030571026226134323
rate	0.0003324396053486277
rate	0.00036005994993581277
rate	0.00039054183826856974
rate	0.00042502493674085245
rate	0.00046086974785130257
rate	0.0004971533277724885
rate	0.0005348021663305273
rate	0.0005759086262758826
rate	0.0006226993434278455
rate	0.0006748432475607145
rate	0.000731181854228408
rate	0.0007886320982272918
rate	0.000845159474676537
rate	0.0008987718872762952
rate	0.000950388350989317
rate	0.0010004826454158599
rate	0.0010496766083998843
rate	0.001097906121969943
rate	0.001145281395713809
rate	0.001191807637557777
rate	0.0012376855466044937
rate	0.001283017255677192
rate	0.0013280628401745626
rate	0.0013730709440704092
rate	0.001418350593035801
rate	0.0014642503738353295
rate	0.0015112358697576007
rate	2.4903378933103874e-05
rate	2.0103274620411014e-06
rate	1.319966512703476e-06
rate	9.693721701231781e-07
rate	7.831383929167905e-07
rate	7.283662600206976e-07
rate	6.735952228479518e-07
rate	5.969173266875588e-07
rate	5.476254695226094e-07
rate	4.7642768454592295e-07
rate	4.4904454892063385e-07
rate	4.2713812806405283e-07
rate	5.092876992660423e-07
rate	6.626404237780478e-07
rate	8.488658728341817e-07
rate	1.0624930313283763e-06
rate	1.2487457685525283e-06
rate	1.38570418504342e-06
rate	1.4404894700379728e-06
rate	1.4678825236426521e-06
rate	1.495275851325841e-06
rate	1.522669453093327e-06
rate	1.5281479212941143e-06
rate	1.5500633289508999e-06
rate	1.5500633289508999e-06
rate	1.5500633289508999e-06
rate	1.5500633289508999e-06
rate	1.5829360567311413e-06
rate	1.6158092230587887e-06
rate	1.697994468785407e-06
rate	1.7637440908008233e-06
rate	1.8514130679458498e-06
rate	1.961003374306111e-06
rate	2.092517642279123e-06
rate	2.245959162838687e-06
rate	2.4213318858639846e-06
rate	2.651525761533688e-06
rate	2.9036659850376498e-06
rate	3.1667926093869214e-06
rate	3.4573576665019514e-06
rate	3.7973039530108343e-06
rate	4.181167345885499e-06
rate	4.5979935162181004e-06
rate	5.0697418164433785e-06
rate	5.574491402186978e-06
rate	6.123232587839139e-06
rate	6.74893342054442e-06
rate	7.457135631620726e-06
rate	8.253403027777396e-06
rate	9.121328419235734e-06
rate	1.0011504108952842e-05
rate	1.0951438224657727e-05
rate	1.1974189478401486e-05
rate	1.3096361100369661e-05
rate	1.42960554369328e-05
rate	1.557887885578287e-05
rate	1.6933920858348452e-05
rate	1.8416414842460067e-05
rate	2.012034743762444e-05
rate	2.2035096002614453e-05
rate	2.4161112897286037e-05
rate	2.6476775749667633e-05
rate	2.896041716412146e-05
rate	3.1551546472757254e-05
rate	3.4233821879483635e-05
rate	3.701307266261475e-05
rate	4.006186889132426e-05
rate	4.349235792515325e-05
rate	4.7467546658034755e-05
rate	5.2067918423727675e-05
rate	5.719596211981258e-05
rate	6.283221325245458e-05
rate	6.9058447023557e-05
rate	7.582803203665604e-05
rate	8.321277812893225e-05
rate	9.114406602006441e-05
rate	0.00010001280227663052
rate	0.00011043810335506993
rate	0.000122958920221888
rate	0.00013768459005500153
rate	0.0001543609700815529
rate	0.00017269128154834732
rate	0.00019288437052158836
rate	0.00021482673371641252
rate	0.00023882223358887095
rate	0.0002660515359978518
rate	0.00029681701664777035
rate	0.0003287438534383311
rate	0.0003609181982065924
rate	0.0003948132226128091
rate	0.00043429322166285694
rate	0.00048036877715122565
rate	0.0005295994238705463
rate	0.0005797608473592743
rate	0.0006309208006839898
rate	0.0006848186738942256
rate	0.0007395080992961119
rate	0.0007933534602373591
rate	0.0008460669838017206
rate	0.0008975338045829113
rate	0.0009484891716698478
rate	0.0009989253362729998
rate	0.001048880340182214
rate	0.0010984122863484371
rate	0.0011477205811136711
rate	0.001196935161911831
rate	0.0012463959298089898
rate	0.001296455463908477
rate	0.001347532265810118
rate	0.0014001524709135245
rate	6.183147194797114e-05
rate	3.978252555802658e-06
rate	2.8762673407096273e-06
rate	2.2624055896956093e-06
rate	1.8295010595936786e-06
rate	1.643208416389322e-06
rate	1.4404915528739255e-06
rate	1.2870945526087624e-06
rate	1.128228730539839e-06
rate	9.584176997225612e-07
rate	8.433905826025951e-07
rate	8.707776626831195e-07
rate	1.0898823031996715e-06
rate	1.5884146893957704e-06
rate	2.2404863449978086e-06
rate	2.9201373320700053e-06
rate	3.578031750430473e-06
rate	4.236079807210716e-06
rate	4.883298104230347e-06
rate	5.569054646549906e-06
rate	6.348278322669296e-06
rate	7.138710672178318e-06
rate	7.857977993827005e-06
rate	8.390687523570913e-06
rate	8.764195415421293e-06
rate	9.126767112501427e-06
rate	9.516864106923237e-06
rate	9.93449782909117e-06
rate	1.0368685711439119e-05
rate	1.0835930646839564e-05
rate	1.1330751667911943e-05
rate	1.182016563561249e-05
rate	1.2342675072582387e-05
rate	1.2914800195203607e-05
rate	1.3591599872650967e-05
rate	1.4345628180888343e-05
rate	1.5198969360629139e-05
rate	1.6107640541031027e-05
rate	1.7088220684497653e-05
rate	1.8096701709045932e-05
rate	1.9199295714266568e-05
rate	2.0434741050274663e-05
rate	2.1852895126297344e-05
rate	2.3476138560066907e-05
rate	2.5338002077360274e-05
rate	2.73726005259905e-05
rate	2.9563702670359156e-05
rate	3.197263282024397e-05
rate	3.4577808440380827e-05
rate	3.731317360276158e-05
rate	4.007904988804516e-05
rate	4.293668767692232e-05
rate	4.605345692923816e-05
rate	4.9502690515788186e-05
rate	5.3280062736889554e-05
rate	5.7263930695904876e-05
rate	6.133754781914762e-05
rate	6.546201579962481e-05
rate	6.967690908603792e-05
rate	7.409520643306862e-05
rate	7.876870447162405e-05
rate	8.381161644357262e-05
rate	8.927670146994753e-05
rate	9.503596003458068e-05
rate	0.00010090944533182543
rate	0.00010676708350678833
rate	0.00011270589975783889
rate	0.00011909809982210886
rate	0.00012637680597283942
rate	0.00013477333112581658
rate	0.00014444223034102753
rate	0.00015490435904627465
rate	0.00016561604098498108
rate	0.00017560490872146396
rate	0.00018477502728431178
rate	0.00019390543087621263
rate	0.0002039982650929155
rate	0.00021536027992535034
rate	0.00022912629539155037
rate	0.0002460632104406647
rate	0.00026709892104914755
rate	0.00029160884767287276
rate	0.00031750837209615845
rate	0.0003402622553915915
rate	0.00035790419319457924
rate	0.00037501457782359053
rate	0.00039593889378080683
rate	0.00041882710221158797
rate	0.00044508481922268594
rate	0.00047490363431415306
rate	0.0005057281390218591
rate	0.0005381607100316516
rate	0.000575337261818405
rate	0.0006163120742749349
rate	0.0006583046101404259
rate	0.0007005081652029456
rate	0.0007290469267366539
rate	0.0007568751271581777
rate	0.0007839676153057728
rate	0.0008104574291203273
rate	0.0008364440149443568
rate	0.0008619974976101556
rate	0.0008872816598413903
rate	0.0009123949477076472
rate	0.0009375098721485476
rate	0.0009627971245087436
rate	0.0009884090862923764
rate	0.0010145827057269513
rate	0.0010414948686961363
rate	0.0010694404861171204
rate	5.169554170200859e-05
rate	3.402528386121844e-06
rate	2.284327358322855e-06
rate	1.7253944847374423e-06
rate	1.2706589836270718e-06
rate	1.1665740071212297e-06
rate	9.85804286642728e-07
rate	8.269561649790676e-07
rate	7.228882304493541e-07
rate	6.735942367657489e-07
rate	6.462091290816194e-07
rate	6.516860629660283e-07
rate	7.283652738992842e-07
rate	8.324333727854993e-07
rate	9.912817683986443e-07
rate	1.1556172352210736e-06
rate	1.3199625666300733e-06
rate	1.5062327329155406e-06
rate	1.6760779646729535e-06
rate	1.8404545417549208e-06
rate	2.015800172529412e-06
rate	2.2130776617592395e-06
rate	2.410369410834647e-06
rate	2.607675421824109e-06
rate	2.7995143219993526e-06
rate	2.9913666651067994e-06
rate	3.232571521320861e-06
rate	3.4573497621555222e-06
rate	3.671180844305885e-06
rate	3.895997186291051e-06
rate	4.148253457316091e-06
rate	4.4169862003401245e-06
rate	4.729624917787053e-06
rate	5.0587548414734225e-06
rate	5.437302184284195e-06
rate	5.881748284725497e-06
rate	6.397615827744179e-06
rate	6.94651993448446e-06
rate	7.539461181714102e-06
rate	8.143516504801268e-06
rate	8.824612925725094e-06
rate	9.560828429620908e-06
rate	1.0418168828815246e-05
rate	1.134726337324061e-05
rate	1.2397694731020206e-05
rate	1.351456506460515e-05
rate	1.4747502658912459e-05
rate	1.607462715451457e-05
rate	1.7490566126386462e-05
rate	1.8967887052574626e-05
rate	2.046805653608671e-05
rate	2.2018709534949236e-05
rate	2.3697283237486294e-05
rate	2.5542715831690358e-05
rate	2.75940557706003e-05
rate	2.976873420950666e-05
rate	3.206701745265762e-05
rate	3.450579727153867e-05
rate	3.712983384333581e-05
rate	3.995083029959932e-05
rate	4.299169938943789e-05
rate	4.628659222682786e-05
rate	4.970254497324034e-05
rate	5.309481332344458e-05
rate	5.641301132448078e-05
rate	5.964010996251213e-05
rate	6.302796332315499e-05
rate	6.692499144264234e-05
rate	7.183917777582936e-05
rate	7.78324229813043e-05
rate	8.4821602955286e-05
rate	9.240086908555886e-05
rate	0.00010019430257070975
rate	0.0001075027641258309
rate	0.00011423094154026907
rate	0.00012086119438322403
rate	0.00012819619834327344
rate	0.00013663861747181908
rate	0.0001472964411495207
rate	0.0001607298576330842
rate	0.0001776227472223383
rate	0.00019719208013507726
rate	0.00021750157515748196
rate	0.00023475488045147773
rate	0.0002476446643680035
rate	0.00025954122877337873
rate	0.00027506121044284604
rate	0.0002933391288527975
rate	0.0003158364071777611
rate	0.0003426068801647475
rate	0.00037227049231217276
rate	0.0004041279106385539
rate	0.00043856933617625874
rate	0.0004747360863337054
rate	0.0005123878997945737
rate	0.0005524258459886003
rate	0.0005852960464257841
rate	0.0006180497627717184
rate	0.0006504156395344962
rate	0.0006808867522365197
rate	0.0007109197533640445
rate	0.0007405151054842556
rate	0.0007698472563080894
rate	0.0007989754740537895
rate	0.000828120220752977
rate	0.0008574113736730755
rate	0.000887066429025714
rate	0.000917338501062607
rate	0.0009484640012977743
rate	0.0009808106069207397
rate	3.084924594959421e-05
rate	2.3062608913981842e-06
rate	1.6678673617654798e-06
rate	1.3199695819808423e-06
rate	1.0871460556748257e-06
rate	9.775907215353757e-07
rate	9.228146983716777e-07
rate	8.488682013851656e-07
rate	7.557529565129906e-07
rate	6.160864583496184e-07
rate	4.95596104066644e-07
rate	5.038110118878619e-07
rate	7.338428104197847e-07
rate	1.2021818032942341e-06
rate	1.845937725130843e-06
rate	2.506286748154748e-06
rate	3.1010099655462453e-06
rate	3.5971705408576203e-06
rate	3.939879477891161e-06
rate	4.211341593345216e-06
rate	4.4746086761585985e-06
rate	4.726929114806106e-06
rate	4.89423976748225e-06
rate	4.9189165760929776e-06
rate	4.858561671218492e-06
rate	4.751583591050825e-06
rate	4.652838615132116e-06
rate	4.581525116836804e-06
rate	4.55409454742435e-06
rate	4.592487615052192e-06
rate	4.639112988163773e-06
rate	4.685743828894358e-06
rate	4.77077339798563e-06
rate	4.89420285002358e-06
rate	5.083464900001433e-06
rate	5.330340541092092e-06
rate	5.651310166409476e-06
rate	5.983289126391599e-06
rate	6.353724441838707e-06
rate	6.743422292817792e-06
rate	7.237486655747542e-06
rate	7.835980969796481e-06
rate	8.5170076728202e-06
rate	9.288867973925776e-06
rate	1.0140639491914542e-05
rate	1.1110882741235405e-05
rate	1.2218976067589592e-05
rate	1.3506377792307369e-05
rate	1.4956846672044578e-05
rate	1.655137911659807e-05
rate	1.822400345820206e-05
rate	2.0018948849962164e-05
rate	2.198894202848735e-05
rate	2.4192394224784336e-05
rate	2.6638155747628927e-05
rate	2.921618643396178e-05
rate	3.194894118254068e-05
rate	3.497552053938514e-05
rate	3.84385334416168e-05
rate	4.230632232751746e-05
rate	4.650837675530337e-05
rate	5.099884418981443e-05
rate	5.586569517337362e-05
rate	6.105762092269803e-05
rate	6.65567901588508e-05
rate	7.229198850136094e-05
rate	7.839450992379315e-05
rate	8.507558334853536e-05
rate	9.25714972780153e-05
rate	0.00010105933145811593
rate	0.00011053122359153881
rate	0.0001207940267339257
rate	0.0001316781356843438
rate	0.00014292557216556982
rate	0.00015460766877184047
rate	0.00016728015219569052
rate	0.0001814482804747388
rate	0.00019687295579650413
rate	0.00021374907391348924
rate	0.00023235290500378503
rate	0.0002535172063452014
rate	0.0002774018923621313
rate	0.0003031399214191838
rate	0.00032967202132584087
rate	0.00035693553158356364
rate	0.0003871725107494092
rate	0.00042161623773827696
rate	0.00045765429308009464
rate	0.0004943810704008501
rate	0.0005326239076979583
rate	0.0005744209993944224
rate	0.0006219095055860247
rate	0.000674524573130373
rate	0.0007309065873327583
rate	0.0007880190074092165
rate	0.0008440870767345341
rate	0.0008984412587619767
rate	0.0009507293955082803
rate	0.0010017628111919092
rate	0.0010525377130908215
rate	0.0011030414258555786
rate	0.0011534405321414368
rate	0.0012038021452902546
rate	0.001254378785570886
rate	0.0013053538438799464
rate	0.0013570575332508125
rate	0.001409839917185473
rate	0.0014641145845990752
rate	0.0015203714198218964
rate	0.001579248817966154
rate	2.408078642995834e-05
rate	1.961012613642553e-06
rate	1.2816197290361444e-06
rate	9.474621335023557e-07
rate	7.63968357339604e-07
rate	7.091966079382096e-07
rate	6.544259542447583e-07
rate	5.804869358816889e-07
rate	5.339336826035174e-07
rate	4.682127767241268e-07
rate	4.40829723260651e-07
rate	4.2166160501114264e-07
rate	5.038110118878619e-07
rate	6.516865012258911e-07
rate	8.351725793740984e-07
rate	1.0460598463222137e-06
rate	1.22957247265105e-06
rate	1.3665299300119676e-06
rate	1.421314831327662e-06
rate	1.4487076930871538e-06
rate	1.4761008289213158e-06
rate	1.5034942388359368e-06
rate	1.5117119411371174e-06
rate	1.5308879228368047e-06
rate	1.5308879228368047e-06
rate	1.5308879228368047e-06
rate	1.5308879228368047e-06
rate	1.566499747670355e-06
rate	1.602112093270646e-06
rate	1.6842969278346174e-06
rate	1.7555253195190228e-06
rate	1.8459336951916521e-06
rate	1.9555237822212783e-06
rate	2.084297883999585e-06
rate	2.232258880172626e-06
rate	2.39941022692855e-06
rate	2.621381217696308e-06
rate	2.8625564970231795e-06
rate	3.1201976584725736e-06
rate	3.405275742671381e-06
rate	3.736991623174964e-06
rate	4.1071384023591625e-06
rate	4.51298540327616e-06
rate	4.973749531374656e-06
rate	5.470252933158692e-06
rate	6.018973226825504e-06
rate	6.6419062597945515e-06
rate	7.347336119937237e-06
rate	8.129844509525429e-06
rate	8.978507432548579e-06
rate	9.860395699029496e-06
rate	1.0803025859172503e-05
rate	1.1828470635523765e-05
rate	1.2947832437100901e-05
rate	1.4141959143486985e-05
rate	1.5419205301077414e-05
rate	1.6776922151960762e-05
rate	1.8270352771043036e-05
rate	1.998522323014314e-05
rate	2.1905395622721074e-05
rate	2.4017505319696454e-05
rate	2.6302648251317246e-05
rate	2.8755707688839494e-05
rate	3.132726523248828e-05
rate	3.400654992969858e-05
rate	3.678834368483378e-05
rate	3.9820228862368694e-05
rate	4.322817383134283e-05
rate	4.717235455571858e-05
rate	5.174434481951147e-05
rate	5.685222688481406e-05
rate	6.247937211986171e-05
rate	6.869077503781055e-05
rate	7.54285141190926e-05
rate	8.274169046941824e-05
rate	9.056700322511892e-05
rate	9.930342589853372e-05
rate	0.00010956097881281281
rate	0.00012188061380066523
rate	0.00013638223868469784
rate	0.00015281100447008105
rate	0.00017084911303127536
rate	0.00019073318679221695
rate	0.0002123607036282727
rate	0.000236046445418996
rate	0.0002629902690133203
rate	0.000293506144952837
rate	0.00032535138784878405
rate	0.00035765942493252685
rate	0.0003918375083928847
rate	0.00043168258659768586
rate	0.0004781066560192427
rate	0.0005275840224595457
rate	0.000577829541686233
rate	0.0006290561334108402
rate	0.0006830956128201035
rate	0.0007384511994810168
rate	0.00079305359409029
rate	0.0008466789860862
rate	0.0008992813383957249
rate	0.0009520764956341698
rate	0.001005130711536272
rate	0.0010585600346751573
rate	0.001112509950490804
rate	0.0011672752500870337
rate	0.0012231041204383427
rate	0.0012804527342406913
rate	0.0013398319111921069
rate	0.0014018465890736236
rate	0.0014672585120752825
rate	6.0936227542519976e-05
rate	3.939868523234097e-06
rate	2.807754270430623e-06
rate	2.2158260270410393e-06
rate	1.785668270576793e-06
rate	1.6021178492404897e-06
rate	1.4076212369340635e-06
rate	1.2597039928683232e-06
rate	1.1035785831322435e-06
rate	9.310304279014305e-07
rate	8.132659396369274e-07
rate	8.406527183851419e-07
rate	1.0734489537991584e-06
rate	1.6021120932896014e-06
rate	2.2925510667416163e-06
rate	3.0242985735007835e-06
rate	3.7233507378717503e-06
rate	4.408864193434918e-06
rate	5.064354754934854e-06
rate	5.736434295689494e-06
rate	6.49374444645722e-06
rate	7.267743857649461e-06
rate	7.962327285887801e-06
rate	8.473082592271188e-06
rate	8.827372256189875e-06
rate	9.165226632165582e-06
rate	9.530601234752253e-06
rate	9.937245640695408e-06
rate	1.038242711400037e-05
rate	1.0877163132504393e-05
rate	1.1399486969894581e-05
rate	1.191366489501364e-05
rate	1.2463700858566938e-05
rate	1.3060615682698231e-05
rate	1.3759470793074666e-05
rate	1.4532818485017197e-05
rate	1.5399989347090505e-05
rate	1.6308727270223408e-05
rate	1.7270086421121882e-05
rate	1.8245550383746898e-05
rate	1.930683596985349e-05
rate	2.0498187786415235e-05
rate	2.1866694290579435e-05
rate	2.3431957853176248e-05
rate	2.5230245852417926e-05
rate	2.720394469853907e-05
rate	2.9342350396583203e-05
rate	3.169571578653916e-05
rate	3.423135902468662e-05
rate	3.6891504772557143e-05
rate	3.9595894723598124e-05
rate	4.2408579524877784e-05
rate	4.548303346184362e-05
rate	4.890092196481301e-05
rate	5.2655160716752843e-05
rate	5.6618576561793445e-05
rate	6.068564163721823e-05
rate	6.482592836520737e-05
rate	6.907069290222608e-05
rate	7.351891423242481e-05
rate	7.819142832565592e-05
rate	8.320226454853078e-05
rate	8.865765846571415e-05
rate	9.446373884209937e-05
rate	0.00010044949310551509
rate	0.00010646258534976314
rate	0.00011254901675460132
rate	0.00011905234887932568
rate	0.00012637680597283942
rate	0.0001347647032181908
rate	0.0001444133695425195
rate	0.00015490146183434533
rate	0.00016567130732385367
rate	0.0001757596530687133
rate	0.0001850416444837983
rate	0.00019424939864537668
rate	0.0002043848317881782
rate	0.00021576920634791373
rate	0.00022956112079724073
rate	0.0002465037335907539
rate	0.00026750658879622893
rate	0.00029185865159413817
rate	0.0003174591827045331
rate	0.0003398408282003292
rate	0.0003571559586664806
rate	0.0003738950574065617
rate	0.00039444484211113195
rate	0.0004172791920815344
rate	0.0004440070061537533
rate	0.00047485153439416465
rate	0.0005074570983481349
rate	0.0005419555331689657
rate	0.0005804805436526521
rate	0.0006209163928627755
rate	0.0006606750585300534
rate	0.0007008796103200986
rate	0.0007309015988581543
rate	0.0007606374341577154
rate	0.0007900892529988775
rate	0.0008194045633951945
rate	0.0008487140376148614
rate	0.000878102318103286
rate	0.0009077739341626309
rate	0.0009378518988779429
rate	0.0009685497884044962
rate	0.001000076524793373
rate	0.001032649864451224
rate	0.0010665561861648062
rate	0.001102047530132206
rate	0.0011395137879953866
rate	5.0906643617868565e-05
rate	3.3641524238845457e-06
rate	2.235007574589879e-06
rate	1.6843026841500293e-06
rate	1.2487465358412756e-06
rate	1.147401286651679e-06
rate	9.721103082816805e-07
rate	8.160015850008734e-07
rate	7.146725830972737e-07
rate	6.681172207074427e-07
rate	6.407321678060737e-07
rate	6.48947568632687e-07
rate	7.228881482721689e-07
rate	8.242173967105211e-07
rate	9.80326530915555e-07
rate	1.1446613401540956e-06
rate	1.3090060139002895e-06
rate	1.4925361513058654e-06
rate	1.6651199867362207e-06
rate	1.8294959059052585e-06
rate	2.0103204707727075e-06
rate	2.2103376052265883e-06
rate	2.410369410834647e-06
rate	2.6104158897581283e-06
rate	2.8022549819629578e-06
rate	2.994107517126904e-06
rate	3.232571521320861e-06
rate	3.460091080710637e-06
rate	3.6848886723514052e-06
rate	3.926157428131853e-06
rate	4.194869875504247e-06
rate	4.4745775325633884e-06
rate	4.792708721597513e-06
rate	5.12184622986488e-06
rate	5.497658632564011e-06
rate	5.931138256966471e-06
rate	6.430548086683064e-06
rate	6.965733981893384e-06
rate	7.539461181714102e-06
rate	8.129786679228171e-06
rate	8.794400339950371e-06
rate	9.51412453825997e-06
rate	1.0346718914263666e-05
rate	1.1245553510755164e-05
rate	1.2257452179084183e-05
rate	1.3341259859108454e-05
rate	1.454385289503942e-05
rate	1.5846104657393195e-05
rate	1.723989383976591e-05
rate	1.8697792327542806e-05
rate	2.0189543607867924e-05
rate	2.1742797148565655e-05
rate	2.3418441716839146e-05
rate	2.52471157139539e-05
rate	2.7273360714841102e-05
rate	2.9414595594134043e-05
rate	3.168490283555296e-05
rate	3.412334227142338e-05
rate	3.678306146489687e-05
rate	3.965367097478129e-05
rate	4.272756358739434e-05
rate	4.602770431746665e-05
rate	4.9451693293393626e-05
rate	5.287992122443384e-05
rate	5.6264908365856595e-05
rate	5.959534183508062e-05
rate	6.308119701495276e-05
rate	6.702039182973366e-05
rate	7.187852844322751e-05
rate	7.773102944428754e-05
rate	8.45195349691856e-05
rate	9.18999105603944e-05
rate	9.954726419806943e-05
rate	0.00010681134777844996
rate	0.00011358057972972433
rate	0.00012026640704647552
rate	0.000127614143373075
rate	0.00013605189179416788
rate	0.0001466583784386102
rate	0.00015996980235805967
rate	0.0001766247339779375
rate	0.00019584061813920076
rate	0.0002158091824013698
rate	0.0002329953474080819
rate	0.0002462083486909587
rate	0.000258612057282108
rate	0.00027456804287390933
rate	0.000293220292570293
rate	0.0003159808434419864
rate	0.00034298558091562926
rate	0.0003731684476418531
rate	0.0004057778457406259
rate	0.00044064999039738616
rate	0.0004764226694737542
rate	0.0005130651730070871
rate	0.0005523086126419965
rate	0.0005866066264595683
rate	0.0006212312640978328
rate	0.0006559662470315349
rate	0.0006886087945990283
rate	0.000721349246937717
rate	0.0007542277079208536
rate	0.0007874553630456367
rate	0.0008211395539402136
rate	0.0008555557915396879
rate	0.0008908956142376555
rate	0.0009274438628405472
rate	0.0009655366700266216
rate	0.001005520298896185
rate	0.001047880865387788
rate	2.9828293571807295e-05
rate	2.235020490614482e-06
rate	1.6212971203832172e-06
rate	1.2761442478928395e-06
rate	1.0570183991147574e-06
rate	9.474642704854183e-07
rate	8.926888500406294e-07
rate	8.214817514205291e-07
rate	7.338444539935997e-07
rate	6.023942605885876e-07
rate	4.873811140813911e-07
rate	4.983343245096816e-07
rate	7.228885591644884e-07
rate	1.183008699207236e-06
rate	1.8130621465196818e-06
rate	2.4651826091075758e-06
rate	3.0571561136213733e-06
rate	3.5450849666380835e-06
rate	3.874079596849057e-06
rate	4.12634284510876e-06
rate	4.367666198550158e-06
rate	4.603524060034753e-06
rate	4.76260045673298e-06
rate	4.795502868213949e-06
rate	4.7516041962422674e-06
rate	4.663825809617489e-06
rate	4.587021597845975e-06
rate	4.537647544930993e-06
rate	4.537640293177088e-06
rate	4.597972531285917e-06
rate	4.6692810851390254e-06
rate	4.740596837585368e-06
rate	4.844828298234834e-06
rate	4.98197645713535e-06
rate	5.17947449700727e-06
rate	5.4263587964083625e-06
rate	5.744595792456018e-06
rate	6.068353470928915e-06
rate	6.425077669857438e-06
rate	6.798316544372786e-06
rate	7.2649381847088346e-06
rate	7.824998265940483e-06
rate	8.467574598981238e-06
rate	9.20371145340972e-06
rate	1.002798034524301e-05
rate	1.097344732912639e-05
rate	1.20567395712103e-05
rate	1.3305555750636785e-05
rate	1.4698127817729381e-05
rate	1.6218171524544384e-05
rate	1.7832744083233486e-05
rate	1.9591601141530816e-05
rate	2.1528189168454197e-05
rate	2.369262756291944e-05
rate	2.6096504881780777e-05
rate	2.8629786429153325e-05
rate	3.133151278447587e-05
rate	3.4340786456811614e-05
rate	3.7791900533236534e-05
rate	4.164210877614844e-05
rate	4.578750475639258e-05
rate	5.018484500565343e-05
rate	5.494140978711781e-05
rate	6.002534992921719e-05
rate	6.542161731573546e-05
rate	7.105341310957702e-05
rate	7.70294446882499e-05
rate	8.358317851928394e-05
rate	9.096198221242092e-05
rate	9.934280496568734e-05
rate	0.00010871208477250163
rate	0.00011888531257455823
rate	0.0001297102664802059
rate	0.00014091797586539902
rate	0.00015255395287183367
rate	0.00016515309121434787
rate	0.00017920813788146035
rate	0.0001944999646302815
rate	0.00021126114912893793
rate	0.00022979163124869258
rate	0.00025096003167262546
rate	0.000274870649513558
rate	0.0003005695805770243
rate	0.0003269044373030541
rate	0.0003538111132313145
rate	0.0003838031832302487
rate	0.0004182075387357014
rate	0.0004544388383088867
rate	0.0004916088130292116
rate	0.0005304456490653894
rate	0.0005729333725129622
rate	0.000621119667744204
rate	0.0006742058987000316
rate	0.0007306313204371087
rate	0.0007874059165911412
rate	0.0008430146787925311
rate	0.0008981106302476583
rate	0.0009510704400272435
rate	0.0010030429769679586
rate	0.0010553988177817585
rate	0.0011081767297412138
rate	0.0011615996685690642
rate	0.0012157966530227321
rate	0.0012710720245372783
rate	0.0013276904320827006
rate	0.0013860522263270626
rate	0.0014466088903005365
rate	0.0015098785761623495
rate	0.0015764924658084635
rate	0.0016472617661747071
rate	2.3258193926812807e-05
rate	1.9116977652440045e-06
rate	1.2432729453688126e-06
rate	9.255520968815333e-07
rate	7.447983217624175e-07
rate	6.900269558557215e-07
rate	6.352566856415646e-07
rate	5.64056545075819e-07
rate	5.202418956844253e-07
rate	4.599978689023307e-07
rate	4.326148976006682e-07
rate	4.1618508195823246e-07
rate	4.983343245096816e-07
rate	6.407325786737342e-07
rate	8.21479285914015e-07
rate	1.029626661316051e-06
rate	1.2103991767495717e-06
rate	1.3473556749805153e-06
rate	1.4021401926173508e-06
rate	1.4295328625316553e-06
rate	1.4569258065167909e-06
rate	1.4843190245785463e-06
rate	1.4952759609801206e-06
rate	1.5117125167227096e-06
rate	1.5117125167227096e-06
rate	1.5117125167227096e-06
rate	1.5117125167227096e-06
rate	1.5500634386095687e-06
rate	1.5884149634825037e-06
rate	1.6705993868838277e-06
rate	1.7473065482372224e-06
rate	1.8404543224374543e-06
rate	1.9500441901364455e-06
rate	2.0760781257200475e-06
rate	2.218558597506564e-06
rate	2.3774885679931155e-06
rate	2.5912366738589276e-06
rate	2.821447009008709e-06
rate	3.0736027075582263e-06
rate	3.3531938188408104e-06
rate	3.6766792933390936e-06
rate	4.0331094588328254e-06
rate	4.427977290334219e-06
rate	4.877757246305933e-06
rate	5.3660144641304066e-06
rate	5.914713865811869e-06
rate	6.534879099044682e-06
rate	7.237536608253748e-06
rate	8.006285991273462e-06
rate	8.835686445861422e-06
rate	9.709287289106151e-06
rate	1.065461349368728e-05
rate	1.1682751792646046e-05
rate	1.2799303773832141e-05
rate	1.3987862850041171e-05
rate	1.525953174637196e-05
rate	1.6619923445573072e-05
rate	1.8124290699626007e-05
rate	1.9850099022661844e-05
rate	2.1775695242827692e-05
rate	2.387389774210687e-05
rate	2.612852075296686e-05
rate	2.855099821355753e-05
rate	3.1102983992219304e-05
rate	3.3779277979913525e-05
rate	3.656361470705282e-05
rate	3.9578588833413126e-05
rate	4.296398973753241e-05
rate	4.6877162453402413e-05
rate	5.1420771215295265e-05
rate	5.650849164981554e-05
rate	6.212653098726884e-05
rate	6.832310305206409e-05
rate	7.502899620152916e-05
rate	8.227060280990423e-05
rate	8.998994043017344e-05
rate	9.859404952043692e-05
rate	0.00010868385427055569
rate	0.00012080230737944246
rate	0.00013507988731439413
rate	0.0001512610388586092
rate	0.00016900694451420337
rate	0.00018858200306284551
rate	0.00020989467354013287
rate	0.00023327065724912106
rate	0.00025992900202878876
rate	0.0002901952732579037
rate	0.00032195892225923703
rate	0.0003544006516584613
rate	0.0003888617941729604
rate	0.0004290719515325148
rate	0.0004758445348872597
rate	0.0005255686210485452
rate	0.0005758982360131917
rate	0.0006271914661376907
rate	0.0006813725517459812
rate	0.0007373942996659217
rate	0.000792753727943221
rate	0.0008472909883706795
rate	0.0009010288722085385
rate	0.0009556638195984919
rate	0.0010113360867995444
rate	0.0010682397291681006
rate	0.0011266076146331705
rate	0.0011868299190603965
rate	0.0012492730789648544
rate	0.0013145095386723927
rate	0.001383208358475737
rate	0.0014561609123371294
rate	0.0015343645532370407
rate	6.0040983137068806e-05
rate	3.901484490665536e-06
rate	2.739241200151619e-06
rate	2.169246464386469e-06
rate	1.7418354815599077e-06
rate	1.5610272820916575e-06
rate	1.3747509209942015e-06
rate	1.232313433127884e-06
rate	1.078928435724648e-06
rate	9.036431560802996e-07
rate	7.831412966712598e-07
rate	8.105277740871643e-07
rate	1.0570156043986453e-06
rate	1.6158094971834327e-06
rate	2.3446157884854236e-06
rate	3.1284598149315617e-06
rate	3.868669725313028e-06
rate	4.581648579659121e-06
rate	5.245411405639362e-06
rate	5.9038139448290825e-06
rate	6.639210570245142e-06
rate	7.396777043120604e-06
rate	8.066676577948598e-06
rate	8.555477660971464e-06
rate	8.890549096958457e-06
rate	9.203686151829737e-06
rate	9.544338362581267e-06
rate	9.939993452299646e-06
rate	1.0396168516561623e-05
rate	1.0918395618169222e-05
rate	1.1468222271877222e-05
rate	1.2007164154414793e-05
rate	1.258472664455149e-05
rate	1.3206431170192857e-05
rate	1.3927341713498364e-05
rate	1.4720008789146051e-05
rate	1.560100933355187e-05
rate	1.6509813999415785e-05
rate	1.745195215774611e-05
rate	1.839439905844786e-05
rate	1.9414376225440414e-05
rate	2.0561634522555804e-05
rate	2.188049345486153e-05
rate	2.3387777146285592e-05
rate	2.5122489627475575e-05
rate	2.703528887108764e-05
rate	2.9120998122807254e-05
rate	3.141879875283435e-05
rate	3.388490960899241e-05
rate	3.64698359423527e-05
rate	3.911273955915108e-05
rate	4.188047137283325e-05
rate	4.4912609994449076e-05
rate	4.829915341383783e-05
rate	5.2030258696616126e-05
rate	5.597322242768201e-05
rate	6.003373545528886e-05
rate	6.418984093078992e-05
rate	6.846447671841423e-05
rate	7.294262203178102e-05
rate	7.761415217968779e-05
rate	8.259291265348893e-05
rate	8.803861546148077e-05
rate	9.389151764961803e-05
rate	9.998954087920475e-05
rate	0.00010615808719273793
rate	0.00011239213375136376
rate	0.00011900659793654252
rate	0.00012637680597283942
rate	0.00013475607531056498
rate	0.00014438450874401144
rate	0.000154898564622416
rate	0.00016572657366272625
rate	0.00017591439741596263
rate	0.0001853082616832848
rate	0.0001945933664145407
rate	0.0002047713984834409
rate	0.00021617813277047712
rate	0.00022999594620293107
rate	0.0002469442567408431
rate	0.0002679142565433103
rate	0.0002921084555154035
rate	0.0003174099933129077
rate	0.000339419401009067
rate	0.00035640772413838195
rate	0.0003727755369895329
rate	0.00039295079044145706
rate	0.0004157312819514808
rate	0.00044292919308482065
rate	0.0004747994344741762
rate	0.0005091860576744107
rate	0.0005457503563062798
rate	0.0005856238254868991
rate	0.0006255207114506162
rate	0.000663045506919681
rate	0.0007012510554372514
rate	0.0007327562709796546
rate	0.0007643997411572532
rate	0.0007962108906919823
rate	0.0008283516976700617
rate	0.0008609840602853661
rate	0.0008942071385964162
rate	0.0009282662084838716
rate	0.0009633088500482385
rate	0.0009995897046604447
rate	0.0010373559250780023
rate	0.0010768906426100713
rate	0.0011185296666026614
rate	0.0011626001915682757
rate	0.0012095870898736528
rate	5.011774553372854e-05
rate	3.3257764616472476e-06
rate	2.185687790856903e-06
rate	1.6432108835626164e-06
rate	1.2268340880554792e-06
rate	1.128228566182128e-06
rate	9.58416329920633e-07
rate	8.050470050226794e-07
rate	7.064569357451932e-07
rate	6.626402046491364e-07
rate	6.352552065305281e-07
rate	6.462090742993458e-07
rate	7.174110226450536e-07
rate	8.160014206355429e-07
rate	9.693712934324657e-07
rate	1.1337054450871173e-06
rate	1.2980494611705055e-06
rate	1.4788395696961901e-06
rate	1.6541620087994877e-06
rate	1.8185372700555964e-06
rate	2.0048407690160032e-06
rate	2.207597548693937e-06
rate	2.410369410834647e-06
rate	2.613156357692148e-06
rate	2.804995641926563e-06
rate	2.9968483691470083e-06
rate	3.232571521320861e-06
rate	3.4628323992657515e-06
rate	3.6985965003969256e-06
rate	3.956317669972656e-06
rate	4.241486293692401e-06
rate	4.5321688647866515e-06
rate	4.855792525407973e-06
rate	5.184937618256336e-06
rate	5.558015080843828e-06
rate	5.980528229207445e-06
rate	6.463480345621949e-06
rate	6.984948029302308e-06
rate	7.539461181714102e-06
rate	8.116056853655076e-06
rate	8.76418775417565e-06
rate	9.467420646899031e-06
rate	1.0275268999712085e-05
rate	1.1143843648269718e-05
rate	1.2117209627148157e-05
rate	1.316795465361176e-05
rate	1.4340203131166384e-05
rate	1.5617582160271822e-05
rate	1.6989221553145356e-05
rate	1.8427697602510986e-05
rate	1.9911030679649135e-05
rate	2.1466884762182075e-05
rate	2.3139600196192002e-05
rate	2.4951515596217443e-05
rate	2.6952665659081908e-05
rate	2.9060456978761428e-05
rate	3.1302788218448295e-05
rate	3.374088727130809e-05
rate	3.643628908645793e-05
rate	3.9356511649963256e-05
rate	4.246342778535079e-05
rate	4.5768816408105446e-05
rate	4.92008416135469e-05
rate	5.266502912542311e-05
rate	5.611680540723241e-05
rate	5.9550573707649113e-05
rate	6.313443070675052e-05
rate	6.711579221682499e-05
rate	7.191787911062565e-05
rate	7.762963590727075e-05
rate	8.421746698308521e-05
rate	9.139895203522993e-05
rate	9.890022582542911e-05
rate	0.00010611993143106902
rate	0.0001129302179191796
rate	0.00011967161970972702
rate	0.00012703208840287656
rate	0.0001354651661165167
rate	0.0001460203157276997
rate	0.00015920974708303514
rate	0.0001756267207335367
rate	0.00019448915614332426
rate	0.0002141167896452576
rate	0.00023123581436468608
rate	0.0002447720330139138
rate	0.0002576828857908373
rate	0.00027407487530497256
rate	0.0002931014562877885
rate	0.0003161252797062117
rate	0.000343364281666511
rate	0.00037406640297153347
rate	0.0004074277808426979
rate	0.0004427306446185136
rate	0.000478109252613803
rate	0.0005137424462196005
rate	0.0005521913792953927
rate	0.0005879172064933524
rate	0.0006244127654239472
rate	0.0006615168545285736
rate	0.000696330836961537
rate	0.0007317787405113894
rate	0.0007679403103574515
rate	0.000805063469783184
rate	0.0008433036338266376
rate	0.0008829913623263989
rate	0.0009243798548022355
rate	0.0009678212966553804
rate	0.0010137348389906362
rate	0.0010625765964945954
rate	0.0011149511238548362
rate	2.880734119402038e-05
rate	2.1637800898307797e-06
rate	1.5747268790009545e-06
rate	1.2323189138048367e-06
rate	1.0268907425546892e-06
rate	9.173378194354609e-07
rate	8.625630017095809e-07
rate	7.940953014558928e-07
rate	7.119359514742087e-07
rate	5.887020628275568e-07
rate	4.791661240961382e-07
rate	4.928576371315013e-07
rate	7.119343079091922e-07
rate	1.163835595120238e-06
rate	1.7801865679085203e-06
rate	2.424078470060404e-06
rate	3.0133022616965017e-06
rate	3.4929993924185463e-06
rate	3.8082797158069546e-06
rate	4.041344096872303e-06
rate	4.260723720941718e-06
rate	4.4801190052634e-06
rate	4.6309611459837095e-06
rate	4.672089160334921e-06
rate	4.644646721266043e-06
rate	4.5760680281841515e-06
rate	4.521204580559834e-06
rate	4.493769973025181e-06
rate	4.5211860389298274e-06
rate	4.603457447519642e-06
rate	4.699449182114278e-06
rate	4.795449846276377e-06
rate	4.9188831984840385e-06
rate	5.0697500642471204e-06
rate	5.2754840940131085e-06
rate	5.522377051724634e-06
rate	5.8378814185025605e-06
rate	6.153417815466231e-06
rate	6.496430897876168e-06
rate	6.853210795927779e-06
rate	7.292389713670127e-06
rate	7.814015562084485e-06
rate	8.418141525142276e-06
rate	9.118554932893664e-06
rate	9.915321198571478e-06
rate	1.0836011917017377e-05
rate	1.1894503074831006e-05
rate	1.3104733708966201e-05
rate	1.4439408963414184e-05
rate	1.5884963932490698e-05
rate	1.744148470826491e-05
rate	1.9164253433099466e-05
rate	2.106743630842104e-05
rate	2.3192860901054544e-05
rate	2.5554854015932628e-05
rate	2.804338642434487e-05
rate	3.0714084386411044e-05
rate	3.370605237423809e-05
rate	3.7145267624856274e-05
rate	4.097789522477942e-05
rate	4.506663275748179e-05
rate	4.9370845821492425e-05
rate	5.4017124400861995e-05
rate	5.899307893573635e-05
rate	6.428644447262011e-05
rate	6.98148377177931e-05
rate	7.566437945270664e-05
rate	8.209077369003253e-05
rate	8.935246714682655e-05
rate	9.762627847325877e-05
rate	0.00010689294595346444
rate	0.00011697659841519077
rate	0.00012774239727606802
rate	0.00013891037956522822
rate	0.00015050023697182684
rate	0.0001630260302330052
rate	0.0001769679952881819
rate	0.00019212697346405886
rate	0.00020877322434438664
rate	0.00022723035749360013
rate	0.0002484028570000495
rate	0.0002723394066649847
rate	0.0002979992397348649
rate	0.00032413685328026734
rate	0.0003506866948790653
rate	0.00038043385571108815
rate	0.0004147988397331259
rate	0.0004512233835376788
rate	0.0004888365556575731
rate	0.0005282673904328204
rate	0.0005714457456315019
rate	0.0006203298299023832
rate	0.0006738872242696902
rate	0.0007303560535414591
rate	0.000786792825773066
rate	0.0008419422808505281
rate	0.00089778000173334
rate	0.0009514114845462069
rate	0.0010043231427440081
rate	0.0010582599224726956
rate	0.0011133120336268491
rate	0.0011697588049966916
rate	0.0012277911607552097
rate	0.0012877652635036704
rate	0.001350027020285455
rate	0.0014150469194033125
rate	0.0014833778634156
rate	0.0015556425677256238
rate	0.0016326135117950304
rate	0.0017152747143832602
rate	2.243560142366727e-05
rate	1.8623829168454562e-06
rate	1.204926161701481e-06
rate	9.036420602607108e-07
rate	7.256282861852311e-07
rate	6.708573037732335e-07
rate	6.16087417038371e-07
rate	5.47626154269949e-07
rate	5.065501087653334e-07
rate	4.517829610805345e-07
rate	4.2440007194068536e-07
rate	4.107085589053222e-07
rate	4.928576371315013e-07
rate	6.297786561215775e-07
rate	8.077859924539317e-07
rate	1.0131934763098882e-06
rate	1.1912258808480934e-06
rate	1.328181419949063e-06
rate	1.3829655539070397e-06
rate	1.4103580319761568e-06
rate	1.437750784112266e-06
rate	1.4651438103211558e-06
rate	1.4788399808231236e-06
rate	1.4925371106086146e-06
rate	1.4925371106086146e-06
rate	1.4925371106086146e-06
rate	1.4925371106086146e-06
rate	1.5336271295487823e-06
rate	1.5747178336943613e-06
rate	1.6569018459330381e-06
rate	1.739087776955422e-06
rate	1.8349749496832565e-06
rate	1.9445645980516128e-06
rate	2.0678583674405096e-06
rate	2.2048583148405024e-06
rate	2.3555669090576813e-06
rate	2.5610921300215476e-06
rate	2.780337520994239e-06
rate	3.027007756643879e-06
rate	3.30111189501024e-06
rate	3.6163669635032235e-06
rate	3.959080515306488e-06
rate	4.342969177392278e-06
rate	4.781764961237211e-06
rate	5.2617759951021204e-06
rate	5.810454504798235e-06
rate	6.427851938294814e-06
rate	7.127737096570259e-06
rate	7.882727473021496e-06
rate	8.692865459174267e-06
rate	9.558178879182807e-06
rate	1.0506201128202056e-05
rate	1.1537032949768327e-05
rate	1.265077511056338e-05
rate	1.3833766556595355e-05
rate	1.5099858191666503e-05
rate	1.6462924739185385e-05
rate	1.797822862820898e-05
rate	1.9714974815180547e-05
rate	2.1645994862934313e-05
rate	2.3730290164517283e-05
rate	2.5954393254616475e-05
rate	2.8346288738275567e-05
rate	3.087870275195033e-05
rate	3.355200603012847e-05
rate	3.633888572927186e-05
rate	3.933694880445756e-05
rate	4.2699805643721995e-05
rate	4.6581970351086246e-05
rate	5.109719761107906e-05
rate	5.6164756414817026e-05
rate	6.177368985467595e-05
rate	6.795543106631765e-05
rate	7.462947828396572e-05
rate	8.179951515039022e-05
rate	8.941287763522796e-05
rate	9.788467314234011e-05
rate	0.00010780672972829857
rate	0.00011972400095821968
rate	0.00013377753594409042
rate	0.00014971107324713738
rate	0.0001671647759971314
rate	0.00018643081933347408
rate	0.00020742864345199303
rate	0.0002304948690792461
rate	0.00025686773504425726
rate	0.00028688440156297043
rate	0.00031856645666969
rate	0.00035114187838439573
rate	0.00038588607995303605
rate	0.0004264613164673437
rate	0.00047358241375527674
rate	0.0005235532196375446
rate	0.0005739669303401503
rate	0.000625326798864541
rate	0.000679649490671859
rate	0.0007363373998508266
rate	0.0007924538617961518
rate	0.0008479029906551589
rate	0.0009027764060213521
rate	0.0009592511435628139
rate	0.0010175414620628167
rate	0.0010779194236610438
rate	0.001140705278775537
rate	0.0012063845880337593
rate	0.0012754420374913658
rate	0.0013485663431040942
rate	0.0014265848057593673
rate	0.0015104752356006352
rate	0.0016014705943987986
rate	5.9145738731617636e-05
rate	3.863100458096974e-06
rate	2.6707281298726146e-06
rate	2.122666901731899e-06
rate	1.6980026925430221e-06
rate	1.5199367149428252e-06
rate	1.3418806050543398e-06
rate	1.2049228733874447e-06
rate	1.0542782883170525e-06
rate	8.762558842591688e-07
rate	7.530166537055922e-07
rate	7.804028297891867e-07
rate	1.0405822549981322e-06
rate	1.6295069010772638e-06
rate	2.396680510229231e-06
rate	3.23262105636234e-06
rate	4.013988712754305e-06
rate	4.754432965883324e-06
rate	5.42646805634387e-06
rate	6.071193593968671e-06
rate	6.784676694033065e-06
rate	7.525810228591747e-06
rate	8.171025870009396e-06
rate	8.637872729671739e-06
rate	8.953725937727039e-06
rate	9.242145671493894e-06
rate	9.558075490410283e-06
rate	9.942741263903883e-06
rate	1.0409909919122876e-05
rate	1.0959628103834051e-05
rate	1.1536957573859862e-05
rate	1.2100663413815945e-05
rate	1.270575243053604e-05
rate	1.3352246657687482e-05
rate	1.4095212633922063e-05
rate	1.4907199093274905e-05
rate	1.5802029320013237e-05
rate	1.6710900728608163e-05
rate	1.763381789437034e-05
rate	1.8543247733148826e-05
rate	1.9521916481027338e-05
rate	2.0625081258696373e-05
rate	2.1894292619143625e-05
rate	2.3343596439394933e-05
rate	2.5014733402533228e-05
rate	2.686663304363621e-05
rate	2.8899645849031305e-05
rate	3.114188171912954e-05
rate	3.35384601932982e-05
rate	3.604816711214826e-05
rate	3.862958439470404e-05
rate	4.135236322078871e-05
rate	4.4342186527054534e-05
rate	4.769738486286266e-05
rate	5.1405356676479415e-05
rate	5.5327868293570576e-05
rate	5.938182927335949e-05
rate	6.355375349637248e-05
rate	6.78582605346024e-05
rate	7.23663298311372e-05
rate	7.703687603371966e-05
rate	8.198356075844709e-05
rate	8.741957245724739e-05
rate	9.33192964571367e-05
rate	9.952958865289442e-05
rate	0.00010585358903571273
rate	0.0001122352507481262
rate	0.00011896084699375935
rate	0.00012637680597283942
rate	0.0001347474474029392
rate	0.00014435564794550339
rate	0.00015489566741048669
rate	0.00016578184000159881
rate	0.00017606914176321198
rate	0.00018557487888277128
rate	0.00019493733418370472
rate	0.00020515796517870362
rate	0.00021658705919304052
rate	0.00023043077160862143
rate	0.0002473847798909323
rate	0.0002683219242903917
rate	0.00029235825943666887
rate	0.00031736080392128234
rate	0.00033899797381780467
rate	0.0003556594896102833
rate	0.00037165601657250405
rate	0.00039145673877178223
rate	0.0004141833718214272
rate	0.000441851380015888
rate	0.0004747473345541877
rate	0.0005109150170006866
rate	0.0005495451794435939
rate	0.0005907671073211462
rate	0.0006301250300384568
rate	0.0006654159553093084
rate	0.0007016225005544043
rate	0.0007346109431011549
rate	0.0007681620481567909
rate	0.0008023325283850871
rate	0.0008372988319449287
rate	0.0008732540829558706
rate	0.0009103119590895465
rate	0.0009487584828051124
rate	0.000988765801218534
rate	0.0010306296209163933
rate	0.0010746353253626314
rate	0.0011211314207689189
rate	0.0011705031470405163
rate	0.0012231528530043455
rate	0.001279660391751919
rate	4.932884744958852e-05
rate	3.2874004994099494e-06
rate	2.1363680071239274e-06
rate	1.6021190829752037e-06
rate	1.204921640269683e-06
rate	1.1090558457125772e-06
rate	9.447223515595857e-07
rate	7.940924250444853e-07
rate	6.982412883931129e-07
rate	6.571631885908301e-07
rate	6.297782452549824e-07
rate	6.434705799660046e-07
rate	7.119338970179382e-07
rate	8.077854445605647e-07
rate	9.584160559493765e-07
rate	1.122749550020139e-06
rate	1.2870929084407214e-06
rate	1.465142988086515e-06
rate	1.6432040308627547e-06
rate	1.807578634205934e-06
rate	1.999361067259299e-06
rate	2.2048574921612855e-06
rate	2.410369410834647e-06
rate	2.6158968256261675e-06
rate	2.807736301890168e-06
rate	2.999589221167113e-06
rate	3.232571521320861e-06
rate	3.465573717820866e-06
rate	3.712304328442446e-06
rate	3.986477911813458e-06
rate	4.288102711880556e-06
rate	4.5897601970099145e-06
rate	4.9188763292184325e-06
rate	5.248029006647792e-06
rate	5.6183715291236454e-06
rate	6.029918201448418e-06
rate	6.4964126045608355e-06
rate	7.004162076711233e-06
rate	7.539461181714102e-06
rate	8.10232702808198e-06
rate	8.733975168400927e-06
rate	9.420716755538095e-06
rate	1.0203819085160504e-05
rate	1.1042133785784272e-05
rate	1.1976967075212132e-05
rate	1.2994649448115064e-05
rate	1.4136553367293346e-05
rate	1.538905966315045e-05
rate	1.6738549266524802e-05
rate	1.8157602877479166e-05
rate	1.963251775143035e-05
rate	2.1190972375798497e-05
rate	2.2860758675544854e-05
rate	2.4655915478480987e-05
rate	2.663197060332271e-05
rate	2.8706318363388812e-05
rate	3.0920673601343624e-05
rate	3.33584322711928e-05
rate	3.608951670801899e-05
rate	3.905935232514522e-05
rate	4.219929198330725e-05
rate	4.550992849874424e-05
rate	4.894998993370018e-05
rate	5.245013702641237e-05
rate	5.596870244860823e-05
rate	5.950580558021761e-05
rate	6.318766439854828e-05
rate	6.721119260391631e-05
rate	7.19572297780238e-05
rate	7.752824237025399e-05
rate	8.391539899698484e-05
rate	9.089799351006547e-05
rate	9.825318745278877e-05
rate	0.0001054285150836881
rate	0.00011227985610863486
rate	0.00011907683237297851
rate	0.0001264500334326781
rate	0.0001348784404388655
rate	0.0001453822530167892
rate	0.00015844969180801058
rate	0.0001746287074891359
rate	0.00019313769414744776
rate	0.00021242439688914542
rate	0.00022947628132129026
rate	0.0002433357173368689
rate	0.00025675371429956657
rate	0.00027358170773603586
rate	0.000292982620005284
rate	0.000316269715970437
rate	0.00034374298241739273
rate	0.0003749643583012138
rate	0.0004090777159447698
rate	0.000444811298839641
rate	0.0004797958357538518
rate	0.0005144197194321138
rate	0.0005520741459487888
rate	0.0005892277865271365
rate	0.0006275942667500617
rate	0.0006670674620256124
rate	0.0007040528793240456
rate	0.0007422082340850619
rate	0.0007816529127940494
rate	0.0008226715765207314
rate	0.0008654677137130615
rate	0.0009104269331131099
rate	0.0009578640953668156
rate	0.0010081987304702135
rate	0.0010619330079546508
rate	0.001119632894093006
rate	0.0011820213823218846
rate	2.7786388816233467e-05
rate	2.0925396890470774e-06
rate	1.5281566376186919e-06
rate	1.188493579716834e-06
rate	9.96763085994621e-07
rate	8.872113683855034e-07
rate	8.324371533785325e-07
rate	7.667088514912563e-07
rate	6.900274489548178e-07
rate	5.750098650665261e-07
rate	4.7095113411088514e-07
rate	4.873809497533208e-07
rate	7.009800566538959e-07
rate	1.1446624910332401e-06
rate	1.747310989297359e-06
rate	2.3829743310132316e-06
rate	2.9694484097716297e-06
rate	3.440913818199009e-06
rate	3.7424798347648518e-06
rate	3.956345348635846e-06
rate	4.153781243333278e-06
rate	4.3567139504920475e-06
rate	4.499321835234438e-06
rate	4.548675452455893e-06
rate	4.537689246289817e-06
rate	4.488310246750815e-06
rate	4.455387563273692e-06
rate	4.449892401119368e-06
rate	4.504731784682566e-06
rate	4.608942363753368e-06
rate	4.729617279089531e-06
rate	4.8503028549673865e-06
rate	4.992938098733243e-06
rate	5.1575236713588906e-06
rate	5.371493691018946e-06
rate	5.618395307040905e-06
rate	5.931167044549103e-06
rate	6.2384821600035475e-06
rate	6.567784125894899e-06
rate	6.9081050474827725e-06
rate	7.31984124263142e-06
rate	7.803032858228489e-06
rate	8.368708451303312e-06
rate	9.033398412377606e-06
rate	9.802662051899946e-06
rate	1.0698576504908365e-05
rate	1.1732266578451713e-05
rate	1.2903911667295619e-05
rate	1.4180690109098988e-05
rate	1.555175634043701e-05
rate	1.7050225333296338e-05
rate	1.873690572466812e-05
rate	2.0606683448387886e-05
rate	2.269309423918965e-05
rate	2.5013203150084478e-05
rate	2.7456986419536415e-05
rate	3.009665598834623e-05
rate	3.307131829166456e-05
rate	3.649863471647601e-05
rate	4.031368167341041e-05
rate	4.4345760758571004e-05
rate	4.855684663733142e-05
rate	5.309283901460618e-05
rate	5.796080794225551e-05
rate	6.315127162950477e-05
rate	6.857626232600917e-05
rate	7.429931421716337e-05
rate	8.05983688607811e-05
rate	8.774295208123216e-05
rate	9.590975198083018e-05
rate	0.00010507380713442723
rate	0.00011506788425582332
rate	0.00012577452807193012
rate	0.00013690278326505744
rate	0.00014844652107182005
rate	0.00016089896925166252
rate	0.00017472785269490346
rate	0.00018975398229783622
rate	0.00020628529955983536
rate	0.0002246690837385077
rate	0.00024584568232747356
rate	0.0002698081638164114
rate	0.0002954288988927055
rate	0.0003213692692574806
rate	0.0003475622765268162
rate	0.0003770645281919277
rate	0.00041139014073055034
rate	0.0004480079287664709
rate	0.0004860642982859346
rate	0.0005260891318002514
rate	0.0005699581187500417
rate	0.0006195399920605625
rate	0.0006735685498393488
rate	0.0007300807866458094
rate	0.0007861797349549908
rate	0.0008408698829085251
rate	0.0008974493732190215
rate	0.0009517525290651702
rate	0.0010056033085200575
rate	0.0010611210271636328
rate	0.0011184473375124844
rate	0.001177917941424319
rate	0.001239785668487687
rate	0.0013044585024700626
rate	0.0013723636084882092
rate	0.0014440416124795624
rate	0.0015201468365306637
rate	0.001601406559288898
rate	0.0016887345577815973
rate	0.0017832876625918134
rate	2.1613008920521736e-05
rate	1.8130680684469078e-06
rate	1.1665793780341493e-06
rate	8.817320236398885e-07
rate	7.064582506080446e-07
rate	6.516876516907456e-07
rate	5.969181484351774e-07
rate	5.311957634640792e-07
rate	4.928583218462414e-07
rate	4.4356805325873836e-07
rate	4.161852462807025e-07
rate	4.0523203585241204e-07
rate	4.873809497533208e-07
rate	6.188247335694207e-07
rate	7.940926989938484e-07
rate	9.967602913037257e-07
rate	1.172052584946615e-06
rate	1.309007164917611e-06
rate	1.3637909151967289e-06
rate	1.3911832014206582e-06
rate	1.418575761707741e-06
rate	1.4459685960637653e-06
rate	1.4624040006661267e-06
rate	1.4733617044945196e-06
rate	1.4733617044945196e-06
rate	1.4733617044945196e-06
rate	1.4733617044945196e-06
rate	1.517190820487996e-06
rate	1.561020703906219e-06
rate	1.6432043049822486e-06
rate	1.7308690056736213e-06
rate	1.8294955769290588e-06
rate	1.9390850059667805e-06
rate	2.0596386091609718e-06
rate	2.1911580321744406e-06
rate	2.3336452501222468e-06
rate	2.5309475861841676e-06
rate	2.7392280329797685e-06
rate	2.9804128057295317e-06
rate	3.249029971179669e-06
rate	3.5560546336673533e-06
rate	3.885051571780152e-06
rate	4.257961064450338e-06
rate	4.685772676168489e-06
rate	5.157537526073834e-06
rate	5.7061951437846e-06
rate	6.3208247775449455e-06
rate	7.01793758488677e-06
rate	7.759168954769529e-06
rate	8.550044472487112e-06
rate	9.407070469259463e-06
rate	1.0357788762716831e-05
rate	1.1391314106890608e-05
rate	1.250224644729462e-05
rate	1.367967026314954e-05
rate	1.4940184636961047e-05
rate	1.6305926032797695e-05
rate	1.783216655679195e-05
rate	1.957985060769925e-05
rate	2.1516294483040934e-05
rate	2.35866825869277e-05
rate	2.5780265756266088e-05
rate	2.81415792629936e-05
rate	3.065442151168136e-05
rate	3.332473408034342e-05
rate	3.61141567514909e-05
rate	3.9095308775502e-05
rate	4.243562154991158e-05
rate	4.628677824877007e-05
rate	5.077362400686286e-05
rate	5.5821021179818505e-05
rate	6.142084872208308e-05
rate	6.75877590805712e-05
rate	7.422996036640227e-05
rate	8.13284274908762e-05
rate	8.883581484028249e-05
rate	9.71752967642433e-05
rate	0.00010692960518604146
rate	0.00011864569453699691
rate	0.0001324751845737867
rate	0.00014816110763566552
rate	0.00016532260748005945
rate	0.00018427963560410264
rate	0.0002049626133638532
rate	0.00022771908090937114
rate	0.0002538064680597257
rate	0.0002835735298680371
rate	0.000315173991080143
rate	0.0003478831051103301
rate	0.0003829103657331117
rate	0.00042385068140217256
rate	0.0004713202926232937
rate	0.0005215378182265441
rate	0.0005720356246671089
rate	0.0006234621315913914
rate	0.0006779264295977368
rate	0.0007352805000357316
rate	0.0007921539956490828
rate	0.0008485149929396384
rate	0.0009045239398341655
rate	0.0009628384675271361
rate	0.0010237468373260887
rate	0.0010875991181539869
rate	0.0011548029429179038
rate	0.001225939257007122
rate	0.0013016109960178775
rate	0.0013826231475357958
rate	0.0014699612530429975
rate	0.0015647895588641408
rate	0.0016685766355605566
rate	5.8250494326166466e-05
rate	3.824716425528413e-06
rate	2.602215059593611e-06
rate	2.076087339077329e-06
rate	1.6541699035261366e-06
rate	1.4788461477939932e-06
rate	1.3090102891144778e-06
rate	1.1775323136470052e-06
rate	1.029628140909457e-06
rate	8.488686124380381e-07
rate	7.228920107399246e-07
rate	7.502778854912091e-07
rate	1.024148905597619e-06
rate	1.6432043049710948e-06
rate	2.4487452319730382e-06
rate	3.3367822977931185e-06
rate	4.159307700195582e-06
rate	4.927217352107527e-06
rate	5.6075247070483775e-06
rate	6.238573243108259e-06
rate	6.930142817820987e-06
rate	7.654843414062889e-06
rate	8.275375162070192e-06
rate	8.720267798372014e-06
rate	9.016902778495622e-06
rate	9.28060519115805e-06
rate	9.571812618239299e-06
rate	9.945489075508122e-06
rate	1.0423651321684129e-05
rate	1.100086058949888e-05
rate	1.1605692875842502e-05
rate	1.2194162673217098e-05
rate	1.2826778216520594e-05
rate	1.3498062145182106e-05
rate	1.4263083554345763e-05
rate	1.5094389397403758e-05
rate	1.6003049306474603e-05
rate	1.6911987457800543e-05
rate	1.7815683630994565e-05
rate	1.8692096407849792e-05
rate	1.9629456736614263e-05
rate	2.068852799483694e-05
rate	2.190809178342572e-05
rate	2.3299415732504274e-05
rate	2.490697717759088e-05
rate	2.669797721618478e-05
rate	2.8678293575255355e-05
rate	3.0864964685424724e-05
rate	3.319201077760399e-05
rate	3.5626498281943824e-05
rate	3.814642923025701e-05
rate	4.082425506874417e-05
rate	4.377176305966e-05
rate	4.7095616311887486e-05
rate	5.0780454656342704e-05
rate	5.4682514159459145e-05
rate	5.872992309143011e-05
rate	6.291766606195503e-05
rate	6.725204435079055e-05
rate	7.17900376304934e-05
rate	7.645959988775151e-05
rate	8.137420886340525e-05
rate	8.680052945301402e-05
rate	9.274707526465537e-05
rate	9.906963642658409e-05
rate	0.00010554909087868754
rate	0.00011207836774488862
rate	0.00011891509605097617
rate	0.00012637680597283942
rate	0.0001347388194953134
rate	0.00014432678714699536
rate	0.0001548927701985574
rate	0.0001658371063404714
rate	0.00017622388611046133
rate	0.00018584149608225778
rate	0.00019528130195286874
rate	0.00020554453187396633
rate	0.00021699598561560394
rate	0.00023086559701431179
rate	0.0002478253030410215
rate	0.000268729592037473
rate	0.0002926080633579342
rate	0.000317311614529657
rate	0.0003385765466265424
rate	0.0003549112550821846
rate	0.00037053649615547524
rate	0.00038996268710210735
rate	0.00041263546169137356
rate	0.00044077356694695536
rate	0.00047469523463419924
rate	0.0005126439763269624
rate	0.000553340002580908
rate	0.0005959103891553932
rate	0.0006347293486262975
rate	0.0006677864036989359
rate	0.0007019939456715572
rate	0.0007364656152226552
rate	0.0007719243551563286
rate	0.0008084541660781919
rate	0.0008462459662197959
rate	0.0008855241056263752
rate	0.0009264167795826768
rate	0.0009692507571263531
rate	0.0010142227523888296
rate	0.0010616695371723419
rate	0.0011119147256472605
rate	0.0011653721989277662
rate	0.0012224766274783715
rate	0.0012837055144404152
rate	0.0013497336936301853
rate	4.853994936544849e-05
rate	3.2490245371726513e-06
rate	2.0870482233909517e-06
rate	1.5610272823877908e-06
rate	1.1830091924838869e-06
rate	1.0898831252430263e-06
rate	9.310283731985381e-07
rate	7.831378450662913e-07
rate	6.900256410410324e-07
rate	6.516861725325238e-07
rate	6.243012839794367e-07
rate	6.407320856326635e-07
rate	7.064567713908228e-07
rate	7.995694684855864e-07
rate	9.474608184662873e-07
rate	1.1117936549531608e-06
rate	1.2761363557109376e-06
rate	1.45144640647684e-06
rate	1.6322460529260217e-06
rate	1.7966199983562718e-06
rate	1.9938813655025943e-06
rate	2.2021174356286343e-06
rate	2.410369410834647e-06
rate	2.618637293560187e-06
rate	2.8104769618537734e-06
rate	3.0023300731872178e-06
rate	3.232571521320861e-06
rate	3.4683150363759812e-06
rate	3.7260121564879664e-06
rate	4.01663815365426e-06
rate	4.334719130068711e-06
rate	4.647351529233178e-06
rate	4.9819601330288915e-06
rate	5.311120395039248e-06
rate	5.678727977403463e-06
rate	6.079308173689392e-06
rate	6.529344863499721e-06
rate	7.023376124120157e-06
rate	7.539461181714102e-06
rate	8.088597202508884e-06
rate	8.703762582626204e-06
rate	9.374012864177157e-06
rate	1.0132369170608922e-05
rate	1.0940423923298826e-05
rate	1.1836724523276106e-05
rate	1.2821344242618369e-05
rate	1.3932903603420308e-05
rate	1.5160537166029077e-05
rate	1.648787697990425e-05
rate	1.7887508152447346e-05
rate	1.9354004823211564e-05
rate	2.0915059989414917e-05
rate	2.2581917154897706e-05
rate	2.4360315360744528e-05
rate	2.6311275547563512e-05
rate	2.8352179748016194e-05
rate	3.053855898423896e-05
rate	3.2975977271077514e-05
rate	3.5742744329580045e-05
rate	3.8762193000327186e-05
rate	4.19351561812637e-05
rate	4.525104058938304e-05
rate	4.869913825385346e-05
rate	5.223524492740163e-05
rate	5.5820599489984046e-05
rate	5.9461037452786104e-05
rate	6.324089809034605e-05
rate	6.730659299100762e-05
rate	7.199658044542196e-05
rate	7.742684883323722e-05
rate	8.361333101088445e-05
rate	9.039703498490101e-05
rate	9.760614908014845e-05
rate	0.00010473709873630716
rate	0.00011162949429809011
rate	0.00011848204503623
rate	0.00012586797846247965
rate	0.0001342917147612143
rate	0.00014474419030587873
rate	0.00015768963653298604
rate	0.0001736306942447351
rate	0.00019178623215157124
rate	0.00021073200413303323
rate	0.0002277167482778944
rate	0.000241899401659824
rate	0.00025582454280829585
rate	0.00027308854016709915
rate	0.00029286378372277947
rate	0.00031641415223466226
rate	0.00034412168316827447
rate	0.0003758623136308942
rate	0.0004107276510468418
rate	0.0004468919530607685
rate	0.0004814824188939006
rate	0.0005150969926446272
rate	0.0005519569126021849
rate	0.0005905383665609207
rate	0.0006307757680761761
rate	0.000672618069522651
rate	0.0007117749216865543
rate	0.0007526377276587344
rate	0.0007953655152306475
rate	0.0008402796832582787
rate	0.0008876317935994856
rate	0.0009378625038998209
rate	0.0009913483359313955
rate	0.0010485761642850468
rate	0.0011101311769186654
rate	0.0011766891916914165
rate	0.0012490916407889327
rate	2.6765436438446552e-05
rate	2.021299288263375e-06
rate	1.4815863962364293e-06
rate	1.1446682456288313e-06
rate	9.66635429434553e-07
rate	8.57084917335546e-07
rate	8.023113050474842e-07
rate	7.3932240152662e-07
rate	6.681189464354269e-07
rate	5.613176673054953e-07
rate	4.627361441256322e-07
rate	4.819042623751405e-07
rate	6.900258053985996e-07
rate	1.125489386946242e-06
rate	1.7144354106861979e-06
rate	2.3418701919660592e-06
rate	2.9255945578467577e-06
rate	3.388828243979472e-06
rate	3.676679953722749e-06
rate	3.87134660039939e-06
rate	4.0468387657248364e-06
rate	4.233308895720694e-06
rate	4.367682524485168e-06
rate	4.425261744576865e-06
rate	4.430731771313593e-06
rate	4.400552465317479e-06
rate	4.389570545987551e-06
rate	4.406014829213557e-06
rate	4.488277530435304e-06
rate	4.614427279987093e-06
rate	4.759785376064783e-06
rate	4.905155863658396e-06
rate	5.066992998982447e-06
rate	5.245297278470661e-06
rate	5.467503288024783e-06
rate	5.714413562357176e-06
rate	6.024452670595645e-06
rate	6.323546504540864e-06
rate	6.639137353913629e-06
rate	6.962999299037766e-06
rate	7.347292771592712e-06
rate	7.792050154372491e-06
rate	8.31927537746435e-06
rate	8.948241891861548e-06
rate	9.690002905228413e-06
rate	1.0561141092799353e-05
rate	1.157003008207242e-05
rate	1.2703089625625035e-05
rate	1.3921971254783791e-05
rate	1.5218548748383326e-05
rate	1.6658965958327762e-05
rate	1.830955801623677e-05
rate	2.014593058835473e-05
rate	2.219332757732476e-05
rate	2.447155228423633e-05
rate	2.687058641472796e-05
rate	2.9479227590281406e-05
rate	3.243658420909103e-05
rate	3.585200180809574e-05
rate	3.9649468122041394e-05
rate	4.3624888759660215e-05
rate	4.774284745317042e-05
rate	5.216855362835037e-05
rate	5.6928536948774676e-05
rate	6.201609878638943e-05
rate	6.733768693422525e-05
rate	7.293424898162011e-05
rate	7.910596403152968e-05
rate	8.613343701563779e-05
rate	9.419322548840159e-05
rate	0.00010325466831539005
rate	0.00011315917009645586
rate	0.00012380665886779223
rate	0.00013489518696488664
rate	0.00014639280517181325
rate	0.00015877190827031986
rate	0.00017248771010162502
rate	0.0001873809911316136
rate	0.00020379737477528405
rate	0.00022210780998341525
rate	0.00024328850765489764
rate	0.0002672769209678381
rate	0.000292858558050546
rate	0.0003186016852346938
rate	0.00034443785817456706
rate	0.00037369520067276715
rate	0.0004079814417279748
rate	0.00044479247399526297
rate	0.00048329204091429617
rate	0.0005239108731676824
rate	0.0005684704918685814
rate	0.0006187501542187418
rate	0.0006732498754090073
rate	0.0007298055197501598
rate	0.0007855666441369155
rate	0.0008397974849665221
rate	0.000897118744704703
rate	0.0009520935735841334
rate	0.0010068834742961068
rate	0.0010639821318545698
rate	0.0011235826413981197
rate	0.0011860770778519465
rate	0.0012517801762201646
rate	0.001321151741436455
rate	0.0013947001966909634
rate	0.0014730363055558125
rate	0.0015569158096457275
rate	0.0016471705508521724
rate	0.0017448556037681644
rate	0.0018513006108003666
rate	2.0790416417376204e-05
rate	1.7637532200483593e-06
rate	1.1282325943668177e-06
rate	8.598219870190661e-07
rate	6.872882150308581e-07
rate	6.325179996082575e-07
rate	5.777488798319839e-07
rate	5.147653726582093e-07
rate	4.791665349271493e-07
rate	4.3535314543694223e-07
rate	4.0797042062071973e-07
rate	3.9975551279950185e-07
rate	4.819042623751405e-07
rate	6.078708110172638e-07
rate	7.803994055337649e-07
rate	9.80327106297563e-07
rate	1.1528792890451366e-06
rate	1.2898329098861586e-06
rate	1.344616276486418e-06
rate	1.3720083708651597e-06
rate	1.3994007393032161e-06
rate	1.426793381806375e-06
rate	1.44596802050913e-06
rate	1.4541862983804246e-06
rate	1.4541862983804246e-06
rate	1.4541862983804246e-06
rate	1.4541862983804246e-06
rate	1.5007545114272097e-06
rate	1.5473235741180766e-06
rate	1.6295067640314588e-06
rate	1.7226502343918209e-06
rate	1.8240162041748612e-06
rate	1.9336054138819477e-06
rate	2.0514188508814343e-06
rate	2.177457749508379e-06
rate	2.3117235911868122e-06
rate	2.5008030423467872e-06
rate	2.698118544965298e-06
rate	2.9338178548151844e-06
rate	3.1969480473490984e-06
rate	3.4957423038314828e-06
rate	3.811022628253815e-06
rate	4.1729529515083974e-06
rate	4.589780391099766e-06
rate	5.053299057045549e-06
rate	5.601935782770965e-06
rate	6.213797616795076e-06
rate	6.908138073203281e-06
rate	7.635610436517561e-06
rate	8.407223485799956e-06
rate	9.255962059336118e-06
rate	1.0209376397231608e-05
rate	1.124559526401289e-05
rate	1.235371778402586e-05
rate	1.3525573969703726e-05
rate	1.4780511082255592e-05
rate	1.6148927326410005e-05
rate	1.768610448537492e-05
rate	1.9444726400217953e-05
rate	2.1386594103147552e-05
rate	2.3443075009338116e-05
rate	2.56061382579157e-05
rate	2.7936869787711634e-05
rate	3.043014027141239e-05
rate	3.309746213055837e-05
rate	3.5889427773709936e-05
rate	3.885366874654643e-05
rate	4.217143745610116e-05
rate	4.59915861464539e-05
rate	5.0450050402646656e-05
rate	5.5477285944819984e-05
rate	6.106800758949021e-05
rate	6.722008709482474e-05
rate	7.383044244883883e-05
rate	8.085733983136219e-05
rate	8.825875204533701e-05
rate	9.64659203861465e-05
rate	0.00010605248064378434
rate	0.00011756738811577413
rate	0.000131172833203483
rate	0.00014661114202419367
rate	0.00016348043896298746
rate	0.0001821284518747312
rate	0.00020249658327571335
rate	0.0002249432927394962
rate	0.00025074520107519423
rate	0.0002802626581731038
rate	0.000311781525490596
rate	0.00034462433183626455
rate	0.0003799346515131874
rate	0.0004212400463370015
rate	0.00046905817149131074
rate	0.0005195224168155436
rate	0.0005701043189940676
rate	0.0006215974643182418
rate	0.0006762033685236145
rate	0.0007342236002206365
rate	0.0007918541295020138
rate	0.0008491269952241178
rate	0.0009062714736469791
rate	0.0009664257914914581
rate	0.001029952212589361
rate	0.0010972788126469301
rate	0.0011689006070602706
rate	0.0012454939259804849
rate	0.0013277799545443891
rate	0.0014166799519674971
rate	0.0015133377003266274
rate	0.0016191038821276463
rate	0.0017356826767223148
rate	5.73552499207153e-05
rate	3.7863323929598512e-06
rate	2.5337019893146066e-06
rate	2.029507776422759e-06
rate	1.6103371145092513e-06
rate	1.4377555806451609e-06
rate	1.2761399731746158e-06
rate	1.150141753906566e-06
rate	1.0049779935018613e-06
rate	8.214813406169073e-07
rate	6.92767367774257e-07
rate	7.201529411932315e-07
rate	1.0077155561971058e-06
rate	1.6569017088649261e-06
rate	2.5008099537168455e-06
rate	3.4409435392238967e-06
rate	4.30462668763686e-06
rate	5.10000173833173e-06
rate	5.788581357752885e-06
rate	6.405952892247847e-06
rate	7.07560894160891e-06
rate	7.783876599534033e-06
rate	8.379724454130988e-06
rate	8.80266286707229e-06
rate	9.080079619264204e-06
rate	9.319064710822204e-06
rate	9.585549746068313e-06
rate	9.94823688711236e-06
rate	1.0437392724245382e-05
rate	1.104209307516371e-05
rate	1.1674428177825143e-05
rate	1.228766193261825e-05
rate	1.2947804002505145e-05
rate	1.3643877632676732e-05
rate	1.4430954474769462e-05
rate	1.528157970153261e-05
rate	1.620406929293597e-05
rate	1.7113074186992924e-05
rate	1.7997549367618793e-05
rate	1.8840945082550755e-05
rate	1.9736996992201187e-05
rate	2.075197473097751e-05
rate	2.1921890947707814e-05
rate	2.325523502561362e-05
rate	2.479922095264853e-05
rate	2.652932138873335e-05
rate	2.8456941301479406e-05
rate	3.058804765171991e-05
rate	3.2845561361909785e-05
rate	3.520482945173938e-05
rate	3.766327406580997e-05
rate	4.029614691669963e-05
rate	4.3201339592265456e-05
rate	4.649384776091231e-05
rate	5.0155552636205986e-05
rate	5.403716002534771e-05
rate	5.807801690950073e-05
rate	6.228157862753759e-05
rate	6.66458281669787e-05
rate	7.12137454298496e-05
rate	7.588232374178338e-05
rate	8.076485696836339e-05
rate	8.618148644878064e-05
rate	9.217485407217404e-05
rate	9.860968420027375e-05
rate	0.00010524459272166233
rate	0.00011192148474165106
rate	0.00011886934510819299
rate	0.00012637680597283942
rate	0.0001347301915876876
rate	0.00014429792634848733
rate	0.00015488987298662807
rate	0.00016589237267934399
rate	0.00017637863045771065
rate	0.00018610811328174427
rate	0.00019562526972203277
rate	0.00020593109856922902
rate	0.00021740491203816733
rate	0.00023130042242000212
rate	0.00024826582619111065
rate	0.0002691372597845544
rate	0.00029285786727919957
rate	0.00031726242513803167
rate	0.00033815511943528016
rate	0.00035416302055408594
rate	0.00036941697573844644
rate	0.00038846863543243247
rate	0.00041108755156132
rate	0.0004396957538780227
rate	0.0004746431347142108
rate	0.0005143729356532383
rate	0.0005571348257182221
rate	0.0006010536709896402
rate	0.0006393336672141382
rate	0.0006701568520885634
rate	0.00070236539078871
rate	0.0007383202873441555
rate	0.0007756866621558664
rate	0.0008145758037712967
rate	0.0008551931004946631
rate	0.0008977941282968799
rate	0.0009425216000758071
rate	0.0009897430314475938
rate	0.0010396797035591252
rate	0.0010927094534282904
rate	0.0011491941259318898
rate	0.0012096129770866135
rate	0.0012744501079162264
rate	0.001344258175876485
rate	0.0014198069955084515
rate	4.775105128130846e-05
rate	3.210648574935353e-06
rate	2.037728439657976e-06
rate	1.5199354818003779e-06
rate	1.1610967446980905e-06
rate	1.0707104047734756e-06
rate	9.173343948374907e-07
rate	7.721832650880972e-07
rate	6.818099936889519e-07
rate	6.462091564742175e-07
rate	6.188243227038911e-07
rate	6.379935912993223e-07
rate	7.009796457637075e-07
rate	7.913534924106082e-07
rate	9.365055809831981e-07
rate	1.1008377598861826e-06
rate	1.2651798029811538e-06
rate	1.4377498248671647e-06
rate	1.6212880749892887e-06
rate	1.7856613625066097e-06
rate	1.9884016637458897e-06
rate	2.199377379095983e-06
rate	2.410369410834647e-06
rate	2.6213777614942066e-06
rate	2.8132176218173786e-06
rate	3.005070925207322e-06
rate	3.232571521320861e-06
rate	3.471056354931096e-06
rate	3.7397199845334868e-06
rate	4.046798395495062e-06
rate	4.381335548256867e-06
rate	4.704942861456441e-06
rate	5.045043936839351e-06
rate	5.374211783430705e-06
rate	5.73908442568328e-06
rate	6.1286981459303656e-06
rate	6.562277122438606e-06
rate	7.0425901715290815e-06
rate	7.539461181714102e-06
rate	8.074867376935787e-06
rate	8.673549996851483e-06
rate	9.327308972816218e-06
rate	1.006091925605734e-05
rate	1.083871406081338e-05
rate	1.1696481971340081e-05
rate	1.2648039037121674e-05
rate	1.3729253839547272e-05
rate	1.4932014668907706e-05
rate	1.62372046932837e-05
rate	1.7617413427415526e-05
rate	1.9075491894992775e-05
rate	2.0639147603031336e-05
rate	2.230307563425056e-05
rate	2.406471524300807e-05
rate	2.5990580491804317e-05
rate	2.7998041132643578e-05
rate	3.0156444367134293e-05
rate	3.259352227096222e-05
rate	3.539597195114111e-05
rate	3.846503367550915e-05
rate	4.167102037922015e-05
rate	4.4992152680021836e-05
rate	4.8448286574006734e-05
rate	5.2020352828390893e-05
rate	5.567249653135986e-05
rate	5.9416269325354595e-05
rate	6.329413178214383e-05
rate	6.740199337809895e-05
rate	7.20359311128201e-05
rate	7.732545529622044e-05
rate	8.331126302478406e-05
rate	8.989607645973654e-05
rate	9.695911070750813e-05
rate	0.00010404568238892622
rate	0.00011097913248754539
rate	0.0001178872576994815
rate	0.0001252859234922812
rate	0.00013370498908356313
rate	0.00014410612759496822
rate	0.0001569295812579615
rate	0.0001726326810003343
rate	0.00019043477015569474
rate	0.00020903961137692104
rate	0.0002259572152344986
rate	0.00024046308598277914
rate	0.00025489537131702513
rate	0.0002725953725981624
rate	0.000292744947440275
rate	0.0003165585884988876
rate	0.0003445003839191562
rate	0.00037676026896057453
rate	0.0004123775861489138
rate	0.0004489726072818959
rate	0.0004831690020339494
rate	0.0005157742658571406
rate	0.0005518396792555811
rate	0.0005918489465947048
rate	0.0006339572694022905
rate	0.0006781686770196897
rate	0.0007194969640490629
rate	0.0007630672212324068
rate	0.0008090781176672454
rate	0.000857887789995826
rate	0.0009097958734859096
rate	0.0009652980746865318
rate	0.0010248325764959756
rate	0.0010889535980998799
rate	0.0011583293458826802
rate	0.001233745489289827
rate	0.001316161899255981
rate	2.574448406065964e-05
rate	1.9500588874796724e-06
rate	1.4350161548541664e-06
rate	1.1008429115408284e-06
rate	9.365077728744847e-07
rate	8.269584662855885e-07
rate	7.721854567164358e-07
rate	7.119359515619835e-07
rate	6.46210443916036e-07
rate	5.476254695444645e-07
rate	4.545211541403792e-07
rate	4.764275749969602e-07
rate	6.790715541433033e-07
rate	1.106316282859244e-06
rate	1.6815598320750366e-06
rate	2.300766052918887e-06
rate	2.8817407059218857e-06
rate	3.336742669759935e-06
rate	3.610880072680646e-06
rate	3.7863478521629327e-06
rate	3.939896288116396e-06
rate	4.109903840949342e-06
rate	4.236043213735898e-06
rate	4.301848036697838e-06
rate	4.323774296337368e-06
rate	4.312794683884142e-06
rate	4.323753528701409e-06
rate	4.362137257307745e-06
rate	4.4718232761880424e-06
rate	4.619912196220819e-06
rate	4.789953473040035e-06
rate	4.960008872349404e-06
rate	5.141047899231652e-06
rate	5.333070885582431e-06
rate	5.563512885030621e-06
rate	5.810431817673447e-06
rate	6.117738296642187e-06
rate	6.40861084907818e-06
rate	6.71049058193236e-06
rate	7.017893550592759e-06
rate	7.3747443005540045e-06
rate	7.781067450516493e-06
rate	8.269842303625387e-06
rate	8.863085371345492e-06
rate	9.577343758556881e-06
rate	1.0423705680690339e-05
rate	1.1407793585693126e-05
rate	1.2502267583954452e-05
rate	1.3663252400468592e-05
rate	1.488534115632964e-05
rate	1.6267706583359187e-05
rate	1.7882210307805424e-05
rate	1.9685177728321574e-05
rate	2.1693560915459863e-05
rate	2.392990141838818e-05
rate	2.62841864099195e-05
rate	2.8861799192216586e-05
rate	3.1801850126517504e-05
rate	3.5205368899715475e-05
rate	3.898525457067238e-05
rate	4.290401676074942e-05
rate	4.692884826900942e-05
rate	5.124426824209456e-05
rate	5.5896265955293834e-05
rate	6.0880925943274074e-05
rate	6.609911154244132e-05
rate	7.156918374607686e-05
rate	7.761355920227825e-05
rate	8.452392195004341e-05
rate	9.2476698995973e-05
rate	0.00010143552949635286
rate	0.0001112504559370884
rate	0.00012183878966365435
rate	0.00013288759066471583
rate	0.00014433908927180645
rate	0.0001566448472889772
rate	0.00017024756750834658
rate	0.00018500799996539095
rate	0.00020130944999073277
rate	0.0002195465362283228
rate	0.0002407313329823217
rate	0.0002647456781192649
rate	0.00029028821720838657
rate	0.000315834101211907
rate	0.00034131343982231793
rate	0.0003703258731536066
rate	0.0004045727427253993
rate	0.00044157701922405504
rate	0.0004805197835426577
rate	0.0005217326145351135
rate	0.0005669828649871213
rate	0.0006179603163769209
rate	0.0006729312009786659
rate	0.0007295302528545102
rate	0.0007849535533188402
rate	0.0008387250870245192
rate	0.0008967881161903846
rate	0.0009524346181030968
rate	0.0010081636400721562
rate	0.001066843236545507
rate	0.0011287179452837551
rate	0.0011942362142795741
rate	0.0012637746839526422
rate	0.0013378449804028472
rate	0.0014170367848937177
rate	0.0015020309986320624
rate	0.001593684782760791
rate	0.0016929345424154464
rate	0.0018009766497547313
rate	0.0019193135590089196
rate	1.9967823914230668e-05
rate	1.7144383716498109e-06
rate	1.089885810699486e-06
rate	8.379119503982438e-07
rate	6.681181794536716e-07
rate	6.133483475257695e-07
rate	5.585796112287903e-07
rate	4.983349818523393e-07
rate	4.654747480080573e-07
rate	4.271382376151461e-07
rate	3.997555949607369e-07
rate	3.9427898974659167e-07
rate	4.764275749969602e-07
rate	5.969168884651071e-07
rate	7.667061120736816e-07
rate	9.638939212914002e-07
rate	1.1337059931436584e-06
rate	1.2706586548547063e-06
rate	1.3254416377761069e-06
rate	1.3528335403096614e-06
rate	1.380225716898691e-06
rate	1.4076181675489843e-06
rate	1.429532040352133e-06
rate	1.4350108922663293e-06
rate	1.4350108922663293e-06
rate	1.4350108922663293e-06
rate	1.4350108922663293e-06
rate	1.4843182023664234e-06
rate	1.533626444329934e-06
rate	1.6158092230806692e-06
rate	1.7144314631100204e-06
rate	1.8185368314206634e-06
rate	1.928125821797115e-06
rate	2.0431990926018964e-06
rate	2.1637574668423175e-06
rate	2.2898019322513777e-06
rate	2.4706584985094072e-06
rate	2.657009056950828e-06
rate	2.8872229039008367e-06
rate	3.1448661235185275e-06
rate	3.4354299739956126e-06
rate	3.736993684727478e-06
rate	4.087944838566456e-06
rate	4.493788106031044e-06
rate	4.949060588017263e-06
rate	5.49767642175733e-06
rate	6.106770456045208e-06
rate	6.798338561519791e-06
rate	7.512051918265594e-06
rate	8.264402499112801e-06
rate	9.104853649412772e-06
rate	1.0060964031746384e-05
rate	1.1099876421135169e-05
rate	1.22051891207571e-05
rate	1.3371477676257911e-05
rate	1.4620837527550136e-05
rate	1.5991928620022315e-05
rate	1.754004241395789e-05
rate	1.9309602192736653e-05
rate	2.1256893723254173e-05
rate	2.3299467431748532e-05
rate	2.5432010759565314e-05
rate	2.773216031242967e-05
rate	3.020585903114342e-05
rate	3.287019018077331e-05
rate	3.566469879592897e-05
rate	3.861202871759086e-05
rate	4.190725336229074e-05
rate	4.569639404413773e-05
rate	5.012647679843045e-05
rate	5.5133550709821464e-05
rate	6.071516645689733e-05
rate	6.68524151090783e-05
rate	7.34309245312754e-05
rate	8.038625217184818e-05
rate	8.768168925039152e-05
rate	9.575654400804969e-05
rate	0.00010517535610152722
rate	0.00011648908169455135
rate	0.00012987048183317931
rate	0.00014506117641272182
rate	0.0001616382704459155
rate	0.00017997726814535979
rate	0.00020003055318757352
rate	0.00022216750456962125
rate	0.0002476839340906627
rate	0.00027695178647817046
rate	0.0003083890599010489
rate	0.000341365558562199
rate	0.000376958937293263
rate	0.0004186294112718304
rate	0.00046679605035932777
rate	0.000517507015404543
rate	0.0005681730133210262
rate	0.0006197327970450923
rate	0.0006744803074494924
rate	0.0007331667004055414
rate	0.0007915542633549447
rate	0.0008497389975085973
rate	0.0009080190074597927
rate	0.0009700131154557802
rate	0.0010361575878526333
rate	0.0011069585071398734
rate	0.0011829982712026372
rate	0.0012650485949538474
rate	0.0013539489130709008
rate	0.0014507367563991987
rate	0.0015567141476102576
rate	0.001673418205391152
rate	0.001802788717884073
rate	5.646000551526413e-05
rate	3.7479483603912896e-06
rate	2.4651889190356023e-06
rate	1.982928213768189e-06
rate	1.5665043254923657e-06
rate	1.3966650134963286e-06
rate	1.2432696572347539e-06
rate	1.1227511941661267e-06
rate	9.803278460942658e-07
rate	7.940940687957765e-07
rate	6.626427248085893e-07
rate	6.900279968952539e-07
rate	9.912822067965927e-07
rate	1.6705991127587572e-06
rate	2.5528746754606532e-06
rate	3.5451047806546753e-06
rate	4.449945675078136e-06
rate	5.272786124555932e-06
rate	5.969638008457393e-06
rate	6.573332541387435e-06
rate	7.221075065396833e-06
rate	7.912909785005175e-06
rate	8.484073746191784e-06
rate	8.885057935772565e-06
rate	9.143256460032786e-06
rate	9.35752423048636e-06
rate	9.599286873897329e-06
rate	9.950984698716599e-06
rate	1.0451134126806633e-05
rate	1.1083325560828539e-05
rate	1.1743163479807781e-05
rate	1.23811611920194e-05
rate	1.3068829788489696e-05
rate	1.3789693120171356e-05
rate	1.459882539519316e-05
rate	1.5468770005661468e-05
rate	1.6405089279397334e-05
rate	1.73141609161853e-05
rate	1.8179415104243022e-05
rate	1.898979375725172e-05
rate	1.984453724778811e-05
rate	2.0815421467118082e-05
rate	2.1935690111989906e-05
rate	2.321105431872296e-05
rate	2.4691464727706182e-05
rate	2.636066556128192e-05
rate	2.8235589027703454e-05
rate	3.0311130618015097e-05
rate	3.249911194621558e-05
rate	3.478316062153494e-05
rate	3.718011890136293e-05
rate	3.97680387646551e-05
rate	4.2630916124870914e-05
rate	4.589207920993713e-05
rate	4.9530650616069275e-05
rate	5.3391805891236276e-05
rate	5.742611072757136e-05
rate	6.164549119312014e-05
rate	6.603961198316686e-05
rate	7.063745322920579e-05
rate	7.530504759581525e-05
rate	8.015550507332155e-05
rate	8.556244344454725e-05
rate	9.160263287969273e-05
rate	9.814973197396341e-05
rate	0.00010494009456463714
rate	0.0001117646017384135
rate	0.00011882359416540982
rate	0.00012637680597283942
rate	0.0001347215636800618
rate	0.00014426906554997927
rate	0.00015488697577469875
rate	0.00016594763901821657
rate	0.00017653337480496
rate	0.0001863747304812308
rate	0.00019596923749119681
rate	0.00020631766526449174
rate	0.00021781383846073072
rate	0.00023173524782569248
rate	0.00024870634934119986
rate	0.0002695449275316358
rate	0.00029310767120046497
rate	0.0003172132357464063
rate	0.0003377336922440179
rate	0.00035341478602598733
rate	0.00036829745532141763
rate	0.0003869745837627576
rate	0.0004095396414312664
rate	0.00043861794080909006
rate	0.00047459103479422236
rate	0.000516101894979514
rate	0.0005609296488555362
rate	0.0006061969528238872
rate	0.0006439379858019788
rate	0.000672527300478191
rate	0.000702736835905863
rate	0.0007401749594656559
rate	0.0007794489691554041
rate	0.0008206974414644014
rate	0.0008641402347695303
rate	0.0009100641509673845
rate	0.0009586264205689374
rate	0.0010102353057688345
rate	0.0010651366547294208
rate	0.001123749369684239
rate	0.001186473526216519
rate	0.001253853755245461
rate	0.0013264235883540816
rate	0.0014048108373125546
rate	0.0014898802973867177
rate	4.6962153197168434e-05
rate	3.172272612698055e-06
rate	1.9884086559250003e-06
rate	1.478843681212965e-06
rate	1.1391842969122943e-06
rate	1.0515376843039247e-06
rate	9.036404164764433e-07
rate	7.61228685109903e-07
rate	6.735943463368715e-07
rate	6.407321404159113e-07
rate	6.133473614283454e-07
rate	6.352550969659811e-07
rate	6.955025201365922e-07
rate	7.8313751633563e-07
rate	9.255503435001088e-07
rate	1.0898818648192045e-06
rate	1.2542232502513698e-06
rate	1.4240532432574895e-06
rate	1.610330097052556e-06
rate	1.7747027266569474e-06
rate	1.9829219619891854e-06
rate	2.196637322563332e-06
rate	2.410369410834647e-06
rate	2.624118229428226e-06
rate	2.815958281780984e-06
rate	3.0078117772274267e-06
rate	3.232571521320861e-06
rate	3.4737976734862105e-06
rate	3.753427812579007e-06
rate	4.0769586373358645e-06
rate	4.427951966445021e-06
rate	4.7625341936797045e-06
rate	5.108127740649811e-06
rate	5.437303171822162e-06
rate	5.799440873963096e-06
rate	6.17808811817134e-06
rate	6.595209381377491e-06
rate	7.061804218938006e-06
rate	7.539461181714102e-06
rate	8.061137551362691e-06
rate	8.64333741107676e-06
rate	9.28060508145528e-06
rate	9.989469341505761e-06
rate	1.0737004198327933e-05
rate	1.1556239419404057e-05
rate	1.2474733831624979e-05
rate	1.3525604075674234e-05
rate	1.4703492171786332e-05
rate	1.5986532406663145e-05
rate	1.7347318702383706e-05
rate	1.879697896677399e-05
rate	2.0363235216647756e-05
rate	2.2024234113603413e-05
rate	2.3769115125271613e-05
rate	2.566988543604512e-05
rate	2.764390251727096e-05
rate	2.9774329750029626e-05
rate	3.2211067270846934e-05
rate	3.5049199572702164e-05
rate	3.816787435069112e-05
rate	4.14068845771766e-05
rate	4.473326477066063e-05
rate	4.819743489416002e-05
rate	5.1805460729380153e-05
rate	5.552439357273568e-05
rate	5.937150119792309e-05
rate	6.334736547394159e-05
rate	6.749739376519028e-05
rate	7.207528178021825e-05
rate	7.722406175920367e-05
rate	8.300919503868367e-05
rate	8.939511793457208e-05
rate	9.631207233486781e-05
rate	0.00010335426604154528
rate	0.00011032877067700064
rate	0.00011729247036273299
rate	0.00012470386852208277
rate	0.00013311826340591193
rate	0.00014346806488405774
rate	0.00015616952598293698
rate	0.0001716346677559335
rate	0.00018908330815981824
rate	0.00020734721862080888
rate	0.00022419768219110277
rate	0.00023902677030573425
rate	0.0002539661998257544
rate	0.00027210220502922567
rate	0.0002926261111577705
rate	0.0003167030247631129
rate	0.000344879084670038
rate	0.0003776582242902549
rate	0.0004140275212509858
rate	0.0004510532615030233
rate	0.0004848555851739982
rate	0.0005164515390696541
rate	0.0005517224459089773
rate	0.000593159526628489
rate	0.0006371387707284049
rate	0.0006837192845167284
rate	0.0007272190064115716
rate	0.0007734967148060794
rate	0.0008227907201038434
rate	0.0008754958967333733
rate	0.0009319599533723336
rate	0.0009927336454732428
rate	0.0010583168170605556
rate	0.001129331031914713
rate	0.0012065275148466948
rate	0.0012908017868882378
rate	0.0013832321577230292
rate	2.4723531682872724e-05
rate	1.8788184866959702e-06
rate	1.3884459134719038e-06
rate	1.0570175774528256e-06
rate	9.063801163144165e-07
rate	7.96832015235631e-07
rate	7.420596083853874e-07
rate	6.845495015973471e-07
rate	6.24301941396645e-07
rate	5.339332717834338e-07
rate	4.4630616415512623e-07
rate	4.7095088761877986e-07
rate	6.68117302888007e-07
rate	1.087143178772246e-06
rate	1.6486842534638752e-06
rate	2.2596619138717146e-06
rate	2.837886853997014e-06
rate	3.284657095540398e-06
rate	3.545080191638543e-06
rate	3.701349103926476e-06
rate	3.832953810507956e-06
rate	3.986498786177988e-06
rate	4.104403902986627e-06
rate	4.1784343288188095e-06
rate	4.216816821361143e-06
rate	4.225036902450806e-06
rate	4.257936511415268e-06
rate	4.318259685401933e-06
rate	4.455369021940782e-06
rate	4.6253971124545445e-06
rate	4.820121570015288e-06
rate	5.014861881040414e-06
rate	5.215102799480856e-06
rate	5.420844492694201e-06
rate	5.659522482036459e-06
rate	5.906450072989718e-06
rate	6.211023922688729e-06
rate	6.493675193615496e-06
rate	6.78184380995109e-06
rate	7.072787802147752e-06
rate	7.402195829515297e-06
rate	7.770084746660497e-06
rate	8.220409229786423e-06
rate	8.777928850829436e-06
rate	9.464684611885348e-06
rate	1.0286270268581325e-05
rate	1.1245557089313833e-05
rate	1.2301445542283868e-05
rate	1.3404533546153396e-05
rate	1.4552133564275953e-05
rate	1.5876447208390615e-05
rate	1.7454862599374077e-05
rate	1.922442486828842e-05
rate	2.1193794253594967e-05
rate	2.338825055254003e-05
rate	2.5697786405111046e-05
rate	2.8244370794151767e-05
rate	3.116711604394398e-05
rate	3.4558735991335216e-05
rate	3.832104101930336e-05
rate	4.218314476183863e-05
rate	4.611484908484842e-05
rate	5.0319982855838746e-05
rate	5.486399496181299e-05
rate	5.974575310015872e-05
rate	6.48605361506574e-05
rate	7.02041185105336e-05
rate	7.612115437302684e-05
rate	8.291440688444904e-05
rate	9.076017250354443e-05
rate	9.961639067731567e-05
rate	0.00010934174177772095
rate	0.00011987092045951647
rate	0.00013087999436454503
rate	0.00014228537337179965
rate	0.00015451778630763452
rate	0.00016800742491506813
rate	0.00018263500879916832
rate	0.00019882152520618146
rate	0.00021698526247323038
rate	0.00023817415830974578
rate	0.0002622144352706916
rate	0.0002877178763662271
rate	0.0003130665171891202
rate	0.00033818902147006875
rate	0.0003669565456344461
rate	0.0004011640437228238
rate	0.0004383615644528471
rate	0.00047774752617101924
rate	0.0005195543559025444
rate	0.000565495238105661
rate	0.0006171704785351002
rate	0.0006726125265483244
rate	0.0007292549859588606
rate	0.000784340462500765
rate	0.0008376526890825162
rate	0.0008964574876760662
rate	0.00095277566262206
rate	0.0010094438058482055
rate	0.001069704341236444
rate	0.0011338532491693904
rate	0.0012023953507072015
rate	0.0012757691916851198
rate	0.0013545382193692395
rate	0.001439373373096472
rate	0.0015310256917083125
rate	0.0016304537558758546
rate	0.0017386985339787207
rate	0.0018570976957412982
rate	0.001987326507217473
rate	1.9145231411085133e-05
rate	1.6651235232512624e-06
rate	1.0515390270321545e-06
rate	8.160019137774213e-07
rate	6.489481438764851e-07
rate	5.941786954432814e-07
rate	5.394103426255966e-07
rate	4.819045910464694e-07
rate	4.5178296108896523e-07
rate	4.1892332979334996e-07
rate	3.9154076930075404e-07
rate	3.8880246669368143e-07
rate	4.7095088761877986e-07
rate	5.859629659129502e-07
rate	7.530128186135982e-07
rate	9.474607362852374e-07
rate	1.11453269724218e-06
rate	1.2514843998232542e-06
rate	1.3062669990657957e-06
rate	1.3336587097541628e-06
rate	1.361050694494166e-06
rate	1.388442953291594e-06
rate	1.4130960601951362e-06
rate	1.4158354861522343e-06
rate	1.4158354861522343e-06
rate	1.4158354861522343e-06
rate	1.4158354861522343e-06
rate	1.467881893305637e-06
rate	1.5199293145417916e-06
rate	1.6021116821298795e-06
rate	1.70621269182822e-06
rate	1.8130574586664655e-06
rate	1.922646229712282e-06
rate	2.034979334322359e-06
rate	2.1500571841762558e-06
rate	2.2678802733159435e-06
rate	2.440513954672027e-06
rate	2.6158995689363576e-06
rate	2.8406279529864894e-06
rate	3.092784199687957e-06
rate	3.375117644159742e-06
rate	3.662964741201141e-06
rate	4.002936725624515e-06
rate	4.397795820962321e-06
rate	4.844822118988978e-06
rate	5.393417060743696e-06
rate	5.999743295295339e-06
rate	6.688539049836302e-06
rate	7.3884934000136265e-06
rate	8.121581512425644e-06
rate	8.953745239489428e-06
rate	9.912551666261161e-06
rate	1.095415757825745e-05
rate	1.2056660457488338e-05
rate	1.3217381382812095e-05
rate	1.446116397284468e-05
rate	1.5834929913634625e-05
rate	1.739398034254086e-05
rate	1.9174477985255356e-05
rate	2.112719334336079e-05
rate	2.3155859854158945e-05
rate	2.5257883261214926e-05
rate	2.7527450837147707e-05
rate	2.9981577790874444e-05
rate	3.264291823098826e-05
rate	3.543996981814801e-05
rate	3.83703886886353e-05
rate	4.164306926848032e-05
rate	4.540120194182156e-05
rate	4.980290319421425e-05
rate	5.478981547482295e-05
rate	6.036232532430446e-05
rate	6.648474312333184e-05
rate	7.303140661371195e-05
rate	7.991516451233417e-05
rate	8.710462645544604e-05
rate	9.504716762995289e-05
rate	0.00010429823155927011
rate	0.00011541077527332859
rate	0.0001285681304628756
rate	0.00014351121080125
rate	0.0001597961019288435
rate	0.00017782608441598835
rate	0.0001975645230994337
rate	0.00021939171639974632
rate	0.0002446226671061312
rate	0.00027364091478323713
rate	0.0003049965943115019
rate	0.0003381067852881334
rate	0.0003739832230733387
rate	0.0004160187762066593
rate	0.00046453392922734475
rate	0.0005154916139935425
rate	0.0005662417076479849
rate	0.0006178681297719426
rate	0.0006727572463753701
rate	0.0007321098005904465
rate	0.0007912543972078756
rate	0.0008503509997930767
rate	0.0009097665412726063
rate	0.0009736004394201022
rate	0.0010423629631159054
rate	0.0011166382016328164
rate	0.0011970959353450037
rate	0.0012846032639272102
rate	0.0013801178715974124
rate	0.0014847935608309003
rate	0.0016000905948938878
rate	0.0017277325286546579
rate	0.001869894759045831
rate	5.556476110981296e-05
rate	3.7095643278227285e-06
rate	2.396675848756598e-06
rate	1.936348651113619e-06
rate	1.5226715364754802e-06
rate	1.3555744463474966e-06
rate	1.2103993412948921e-06
rate	1.0953606344256873e-06
rate	9.556776986866703e-07
rate	7.667067969746458e-07
rate	6.325180818429217e-07
rate	6.599030525972763e-07
rate	9.748488573960797e-07
rate	1.6842965166525885e-06
rate	2.6049393972044605e-06
rate	3.6492660220854535e-06
rate	4.595264662519414e-06
rate	5.445570510780135e-06
rate	6.150694659161901e-06
rate	6.740712190527023e-06
rate	7.366541189184756e-06
rate	8.041942970476319e-06
rate	8.588423038252582e-06
rate	8.967453004472842e-06
rate	9.206433300801368e-06
rate	9.395983750150514e-06
rate	9.613024001726343e-06
rate	9.953732510320837e-06
rate	1.0464875529367886e-05
rate	1.1124558046493368e-05
rate	1.1811898781790422e-05
rate	1.2474660451420553e-05
rate	1.3189855574474248e-05
rate	1.3935508607665982e-05
rate	1.476669631561686e-05
rate	1.565596030979032e-05
rate	1.66061092658587e-05
rate	1.751524764537768e-05
rate	1.8361280840867247e-05
rate	1.9138642431952683e-05
rate	1.9952077503375033e-05
rate	2.087886820325865e-05
rate	2.1949489276272e-05
rate	2.3166873611832304e-05
rate	2.458370850276383e-05
rate	2.619200973383049e-05
rate	2.8014236753927504e-05
rate	3.0034213584310286e-05
rate	3.2152662530521364e-05
rate	3.43614917913305e-05
rate	3.669696373691589e-05
rate	3.923993061261056e-05
rate	4.206049265747638e-05
rate	4.5290310658961956e-05
rate	4.890574859593256e-05
rate	5.274645175712484e-05
rate	5.677420454564199e-05
rate	6.10094037587027e-05
rate	6.543339579935502e-05
rate	7.006116102856199e-05
rate	7.472777144984712e-05
rate	7.95461531782797e-05
rate	8.494340044031389e-05
rate	9.10304116872114e-05
rate	9.768977974765308e-05
rate	0.00010463559640761193
rate	0.00011160771873517594
rate	0.00011877784322262666
rate	0.00012637680597283942
rate	0.000134712935772436
rate	0.00014424020475147122
rate	0.00015488407856276943
rate	0.00016600290535708916
rate	0.00017668811915220933
rate	0.00018664134768071728
rate	0.00019631320526036083
rate	0.00020670423195975443
rate	0.0002182227648832941
rate	0.0002321700732313828
rate	0.000249146872491289
rate	0.0002699525952787171
rate	0.0002933574751217303
rate	0.0003171640463547809
rate	0.00033731226505275566
rate	0.00035266655149788866
rate	0.0003671779349043888
rate	0.0003854805320930827
rate	0.00040799173130121275
rate	0.0004375401277401574
rate	0.0004745389348742339
rate	0.0005178308543057899
rate	0.0005647244719928504
rate	0.0006113402346581342
rate	0.0006485423043898196
rate	0.0006748977488678185
rate	0.0007031082810230159
rate	0.0007420296315871562
rate	0.0007832112761549419
rate	0.0008268190791575062
rate	0.0008730873690443975
rate	0.0009223341736378891
rate	0.0009747312410620676
rate	0.0010307275800900753
rate	0.0010905936058997164
rate	0.0011547892859401876
rate	0.0012237529265011482
rate	0.0012980945334043086
rate	0.0013783970687919365
rate	0.0014653634987486243
rate	0.001559953599264984
rate	4.6173255113028406e-05
rate	3.133896650460757e-06
rate	1.9390888721920246e-06
rate	1.4377518806255522e-06
rate	1.117271849126498e-06
rate	1.0323649638343737e-06
rate	8.899464381153958e-07
rate	7.50274105131709e-07
rate	6.653786989847911e-07
rate	6.35255124357605e-07
rate	6.078704001527998e-07
rate	6.325166026326399e-07
rate	6.900253945094768e-07
rate	7.749215402606518e-07
rate	9.145951060170196e-07
rate	1.0789259697522263e-06
rate	1.2432666975215858e-06
rate	1.4103566616478145e-06
rate	1.599372119115823e-06
rate	1.7637440908072853e-06
rate	1.9774422602324812e-06
rate	2.1938972660306803e-06
rate	2.410369410834647e-06
rate	2.6268586973622457e-06
rate	2.818698941744589e-06
rate	3.010552629247531e-06
rate	3.232571521320861e-06
rate	3.4765389920413255e-06
rate	3.7671356406245276e-06
rate	4.107118879176667e-06
rate	4.474568384633176e-06
rate	4.820125525902968e-06
rate	5.17121154446027e-06
rate	5.500394560213618e-06
rate	5.859797322242913e-06
rate	6.227478090412314e-06
rate	6.6281416403163765e-06
rate	7.08101826634693e-06
rate	7.539461181714102e-06
rate	8.047407725789596e-06
rate	8.613124825302039e-06
rate	9.233901190094343e-06
rate	9.91801942695418e-06
rate	1.0635294335842487e-05
rate	1.1415996867468032e-05
rate	1.2301428626128285e-05
rate	1.3321954311801198e-05
rate	1.447496967466496e-05
rate	1.573586012004259e-05
rate	1.7077223977351886e-05
rate	1.85184660385552e-05
rate	2.008732283026418e-05
rate	2.174539259295627e-05
rate	2.3473515007535157e-05
rate	2.5349190380285925e-05
rate	2.7289763901898344e-05
rate	2.9392215132924962e-05
rate	3.182861227073164e-05
rate	3.470242719426323e-05
rate	3.7870715025873086e-05
rate	4.114274877513305e-05
rate	4.447437686129943e-05
rate	4.7946583214313294e-05
rate	5.159056863036942e-05
rate	5.53762906141115e-05
rate	5.932673307049158e-05
rate	6.340059916573934e-05
rate	6.759279415228159e-05
rate	7.211463244761641e-05
rate	7.712266822218689e-05
rate	8.270712705258329e-05
rate	8.889415940940761e-05
rate	9.56650339622275e-05
rate	0.00010266284969416435
rate	0.00010967840886645591
rate	0.00011669768302598448
rate	0.00012412181355188432
rate	0.00013253153772826076
rate	0.00014283000217314723
rate	0.00015540947070791242
rate	0.0001706366545115327
rate	0.00018773184616394174
rate	0.0002056548258646967
rate	0.00022243814914770695
rate	0.00023759045462868938
rate	0.0002530370283344837
rate	0.0002716090374602889
rate	0.000292507274875266
rate	0.0003168474610273382
rate	0.0003452577854209197
rate	0.00037855617961993524
rate	0.00041567745635305776
rate	0.0004531339157241508
rate	0.00048654216831404696
rate	0.0005171288122821674
rate	0.0005516052125623735
rate	0.000594470106662273
rate	0.0006403202720545193
rate	0.0006892698920137672
rate	0.0007349410487740802
rate	0.0007839262083797518
rate	0.0008365033225404413
rate	0.0008931040034709206
rate	0.0009541240332587575
rate	0.0010201692162599538
rate	0.0010918010576251357
rate	0.0011697084657295463
rate	0.0012547256838107094
rate	0.0013478580844866483
rate	0.0014503024161900773
rate	2.3702579305085813e-05
rate	1.807578085912268e-06
rate	1.3418756720896411e-06
rate	1.0131922433648228e-06
rate	8.762524597543484e-07
rate	7.667055641856736e-07
rate	7.11933760054339e-07
rate	6.571630516327107e-07
rate	6.023934388772541e-07
rate	5.20241074022403e-07
rate	4.3809117416987325e-07
rate	4.654742002405995e-07
rate	6.571630516327107e-07
rate	1.067970074685248e-06
rate	1.615808674852714e-06
rate	2.2185577748245423e-06
rate	2.794033002072142e-06
rate	3.232571521320861e-06
rate	3.47928031059644e-06
rate	3.6163503556900195e-06
rate	3.726011332899515e-06
rate	3.863093731406636e-06
rate	3.972764592237357e-06
rate	4.055020620939781e-06
rate	4.109859346384918e-06
rate	4.137279121017469e-06
rate	4.192119494129127e-06
rate	4.2743821134961215e-06
rate	4.43891476769352e-06
rate	4.63088202868827e-06
rate	4.85028966699054e-06
rate	5.069714889731423e-06
rate	5.289157699730061e-06
rate	5.508618099805971e-06
rate	5.755532079042296e-06
rate	6.002468328305989e-06
rate	6.3043095487352714e-06
rate	6.578739538152813e-06
rate	6.8531970379698206e-06
rate	7.1276820537027455e-06
rate	7.429647358476589e-06
rate	7.759102042804499e-06
rate	8.17097615594746e-06
rate	8.692772330313379e-06
rate	9.352025465213816e-06
rate	1.0148834856472313e-05
rate	1.108332059293454e-05
rate	1.2100623500613284e-05
rate	1.3145814691838199e-05
rate	1.4218925972222266e-05
rate	1.548518783342204e-05
rate	1.702751489094273e-05
rate	1.8763672008255266e-05
rate	2.0694027591730074e-05
rate	2.284659968669188e-05
rate	2.511138640030259e-05
rate	2.7626942396086948e-05
rate	3.053238196137045e-05
rate	3.391210308295495e-05
rate	3.765682746793434e-05
rate	4.146227276292784e-05
rate	4.5300849900687415e-05
rate	4.9395697469582934e-05
rate	5.3831723968332156e-05
rate	5.861058025704338e-05
rate	6.362196075887348e-05
rate	6.883905327499035e-05
rate	7.462874954377541e-05
rate	8.130489181885467e-05
rate	8.904364601111584e-05
rate	9.779725185827848e-05
rate	0.00010743302761835349
rate	0.00011790305125537859
rate	0.00012887239806437422
rate	0.00014023165747179285
rate	0.00015239072532629186
rate	0.00016576728232178969
rate	0.00018026201763294568
rate	0.00019633360042163017
rate	0.00021442398871813792
rate	0.00023561698363716983
rate	0.0002596831924221183
rate	0.00028514753552406766
rate	0.00031029893316633346
rate	0.0003350646031178196
rate	0.00036358721811528556
rate	0.00039775534472024824
rate	0.0004351461096816392
rate	0.00047497526879938074
rate	0.0005173760972699754
rate	0.0005640076112242008
rate	0.0006163806406932795
rate	0.000672293852117983
rate	0.0007289797190632109
rate	0.0007837273716826897
rate	0.0008365802911405132
rate	0.0008961268591617477
rate	0.0009531167071410233
rate	0.0010107239716242548
rate	0.0010725654459273811
rate	0.0011389885530550257
rate	0.001210554487134829
rate	0.0012877636994175973
rate	0.0013712314583356317
rate	0.0014617099612992263
rate	0.0015600203847845624
rate	0.0016672227289909183
rate	0.001784462525541995
rate	0.0019132187417278653
rate	0.002055339455426026
rate	1.83226389079396e-05
rate	1.615808674852714e-06
rate	1.0131922433648228e-06
rate	7.940918771565989e-07
rate	6.297781082992987e-07
rate	5.750090433607935e-07
rate	5.20241074022403e-07
rate	4.654742002405995e-07
rate	4.3809117416987325e-07
rate	4.107084219715538e-07
rate	3.8332594364077125e-07
rate	3.8332594364077125e-07
rate	4.654742002405995e-07
rate	5.750090433607935e-07
rate	7.393195251535149e-07
rate	9.310275512790748e-07
rate	1.0953594013407018e-06
rate	1.232310144791802e-06
rate	1.2870923603554849e-06
rate	1.3144838791986643e-06
rate	1.3418756720896411e-06
rate	1.3692677390342035e-06
rate	1.3966600800381393e-06
rate	1.3966600800381393e-06
rate	1.3966600800381393e-06
rate	1.3966600800381393e-06
rate	1.3966600800381393e-06
rate	1.4514455842448507e-06
rate	1.5062321847536492e-06
rate	1.58841414117909e-06
rate	1.6979939205464195e-06
rate	1.807578085912268e-06
rate	1.9171666376274494e-06
rate	2.026759576042821e-06
rate	2.136356901510194e-06
rate	2.245958614380509e-06
rate	2.410369410834647e-06
rate	2.5747900809218873e-06
rate	2.794033002072142e-06
rate	3.0407022758573865e-06
rate	3.314805314323872e-06
rate	3.5889357976748043e-06
rate	3.917928612682575e-06
rate	4.3018035358935984e-06
rate	4.7405836499606915e-06
rate	5.289157699730061e-06
rate	5.89271613454547e-06
rate	6.578739538152813e-06
rate	7.264934881761659e-06
rate	7.97876052573849e-06
rate	8.802636829566084e-06
rate	9.764139300775936e-06
rate	1.0808438735379731e-05
rate	1.1908131794219578e-05
rate	1.306328508936628e-05
rate	1.4301490418139225e-05
rate	1.5677931207246935e-05
rate	1.7247918271123832e-05
rate	1.903935377777406e-05
rate	2.0997492963467412e-05
rate	2.301225227656936e-05
rate	2.508375576286454e-05
rate	2.732274136186574e-05
rate	2.9757296550605473e-05
rate	3.24156462812032e-05
rate	3.5215240840367046e-05
rate	3.812874865967973e-05
rate	4.137888517466991e-05
rate	4.510600983950539e-05
rate	4.947932958999805e-05
rate	5.444608023982443e-05
rate	6.000948419171158e-05
rate	6.61170711375854e-05
rate	7.263188869614851e-05
rate	7.944407685282016e-05
rate	8.652756366050056e-05
rate	9.433779125185608e-05
rate	0.00010342110701701299
rate	0.00011433246885210581
rate	0.0001272657790925719
rate	0.00014196124518977814
rate	0.00015795393341177155
rate	0.0001756749006866169
rate	0.00019509849301129387
rate	0.00021661592822987136
rate	0.00024156140012159967
rate	0.0002703300430883038
rate	0.0003016041287219549
rate	0.00033484801201406786
rate	0.00037100750885341434
rate	0.00041340814114148824
rate	0.0004622718080953618
rate	0.000513476212582542
rate	0.0005643104019749435
rate	0.000616003462498793
rate	0.0006710341853012479
rate	0.0007310529007753514
rate	0.0007909545310608065
rate	0.0008509630020775562
rate	0.0009115140750854199
rate	0.0009771877633844243
rate	0.0010485683383791777
rate	0.0011263178961257597
rate	0.0012111935994873705
rate	0.001304157932900573
rate	0.0014062868301239241
rate	0.0015188503652626016
rate	0.001643467042177518
rate	0.0017820468519181634
rate	0.001937000800207589
rate	5.4669516704361793e-05
rate	3.671180295254167e-06
rate	2.328162778477594e-06
rate	1.8897690884590486e-06
rate	1.4788387474585948e-06
rate	1.3144838791986643e-06
rate	1.1775290253550301e-06
rate	1.067970074685248e-06
rate	9.310275512790748e-07
rate	7.393195251535149e-07
rate	6.023934388772541e-07
rate	6.297781082992987e-07
rate	9.584155079955666e-07
rate	1.6979939205464195e-06
rate	2.657004118948268e-06
rate	3.7534272635162317e-06
rate	4.7405836499606915e-06
rate	5.618354897004338e-06
rate	6.331751309866408e-06
rate	6.908091839666611e-06
rate	7.512007312972678e-06
rate	8.17097615594746e-06
rate	8.692772330313379e-06
rate	9.049848073173117e-06
rate	9.26961014156995e-06
rate	9.43444326981467e-06
rate	9.626761129555359e-06
rate	9.956480321925076e-06
rate	1.0478616931929139e-05
rate	1.1165790532158197e-05
rate	1.1880634083773062e-05
rate	1.2568159710821705e-05
rate	1.3310881360458799e-05
rate	1.4081324095160607e-05
rate	1.4934567236040558e-05
rate	1.5843150613919174e-05
rate	1.6807129252320066e-05
rate	1.771633437457006e-05
rate	1.8543146577491476e-05
rate	1.928749110665365e-05
rate	2.0059617758961958e-05
rate	2.094231493939922e-05
rate	2.1963288440554095e-05
rate	2.3122692904941645e-05
rate	2.4475952277821483e-05
rate	2.602335390637906e-05
rate	2.7792884480151555e-05
rate	2.9757296550605473e-05
rate	3.180621311482716e-05
rate	3.393982296112606e-05
rate	3.6213808572468855e-05
rate	3.8711822460566025e-05
rate	4.1490069190081837e-05
rate	4.468854210798678e-05
rate	4.8280846575795846e-05
rate	5.210109762301341e-05
rate	5.612229836371261e-05
rate	6.037331632428525e-05
rate	6.482717961554318e-05
rate	6.948486882791818e-05
rate	7.415049530387899e-05
rate	7.893680128323786e-05
rate	8.43243574360805e-05
rate	9.045819049473006e-05
rate	9.722982752134274e-05
rate	0.00010433109825058673
rate	0.00011145083573193838
rate	0.00011873209227984348
rate	0.00012637680597283942
rate	0.0001347043078648102
rate	0.0001442113439529632
rate	0.0001548811813508401
rate	0.00016605817169596174
rate	0.00017684286349945868
rate	0.00018690796488020378
rate	0.00019665717302952486
rate	0.00020709079865501714
rate	0.0002186316913058575
rate	0.00023260489863707317
rate	0.00024958739564137823
rate	0.0002703602630257985
rate	0.00029360727904299567
rate	0.00031711485696315556
rate	0.0003368908378614934
rate	0.00035191831696979
rate	0.00036605841448736
rate	0.0003839864804234078
rate	0.00040644382117115916
rate	0.00043646231467122477
rate	0.00047448683495424543
rate	0.0005195598136320658
rate	0.0005685192951301644
rate	0.0006164835164923812
rate	0.0006531466229776602
rate	0.000677268197257446
rate	0.0007034797261401687
rate	0.0007438843037086565
rate	0.0007869735831544796
rate	0.000832940716850611
rate	0.0008820345033192647
rate	0.0009346041963083937
rate	0.000990836061555198
rate	0.001051219854411316
rate	0.001116050557070012
rate	0.0011858292021961361
rate	0.0012610323267857775
rate	0.001342335311563156
rate	0.0014303705492297917
rate	0.001525916160184694
rate	0.0016300269011432502
rate	4.538435702888838e-05
rate	3.0955206882234586e-06
rate	1.8897690884590486e-06
rate	1.3966600800381393e-06
rate	1.0953594013407018e-06
rate	1.0131922433648228e-06
rate	8.762524597543484e-07
rate	7.393195251535149e-07
rate	6.571630516327107e-07
rate	6.297781082992987e-07
rate	6.023934388772541e-07
rate	6.297781082992987e-07
rate	6.845482688823615e-07
rate	7.667055641856736e-07
rate	9.036398685339303e-07
rate	1.067970074685248e-06
rate	1.232310144791802e-06
rate	1.3966600800381393e-06
rate	1.58841414117909e-06
rate	1.752785454957623e-06
rate	1.9719625584757766e-06
rate	2.191157209498029e-06
rate	2.410369410834647e-06
rate	2.629599165296265e-06
rate	2.8214396017081943e-06
rate	3.0132934812676357e-06
rate	3.232571521320861e-06
rate	3.47928031059644e-06
rate	3.780843468670048e-06
rate	4.137279121017469e-06
rate	4.521184802821331e-06
rate	4.877716858126231e-06
rate	5.23429534827073e-06
rate	5.563485948605074e-06
rate	5.920153770522731e-06
rate	6.276868062653287e-06
rate	6.661073899255262e-06
rate	7.100232313755854e-06
rate	7.539461181714102e-06
rate	8.033677900216499e-06
rate	8.582912239527316e-06
rate	9.187197298733405e-06
rate	9.846569512402598e-06
rate	1.053358447335704e-05
rate	1.1275754315532006e-05
rate	1.2128123420631589e-05
rate	1.311830454792816e-05
rate	1.4246447177543588e-05
rate	1.548518783342204e-05
rate	1.6807129252320066e-05
rate	1.8239953110336415e-05
rate	1.9811410443880598e-05
rate	2.146655107230912e-05
rate	2.3177914889798698e-05
rate	2.5028495324526727e-05
rate	2.693562528652573e-05
rate	2.9010100515820295e-05
rate	3.1446157270616354e-05
rate	3.4355654815824284e-05
rate	3.757355570105505e-05
rate	4.08786129730895e-05
rate	4.4215488951938226e-05
rate	4.769573153446657e-05
rate	5.137567653135868e-05
rate	5.5228187655487314e-05
rate	5.928196494306007e-05
rate	6.345383285753712e-05
rate	6.768819453937291e-05
rate	7.215398311501455e-05
rate	7.702127468517012e-05
rate	8.24050590664829e-05
rate	8.839320088424315e-05
rate	9.501799558958717e-05
rate	0.00010197143334678341
rate	0.00010902804705591117
rate	0.00011610289568923598
rate	0.00012353975858168587
rate	0.00013194481205060956
rate	0.00014219193946223674
rate	0.00015464941543288788
rate	0.0001696386412671319
rate	0.00018638038416806524
rate	0.0002039624331085845
rate	0.00022067861610431113
rate	0.0002361541389516445
rate	0.000252107856843213
rate	0.0002711158698913522
rate	0.0002923884385927615
rate	0.0003169918972915635
rate	0.00034563648617180146
rate	0.0003794541349496156
rate	0.00041732739145512976
rate	0.0004552145699452782
rate	0.0004882287514540958
rate	0.0005178060854946808
rate	0.0005514879792157696
rate	0.0005957806866960572
rate	0.0006435017733806337
rate	0.0006948204995108058
rate	0.0007426630911365888
rate	0.0007943557019534243
rate	0.0008502159249770393
rate	0.0009107121102084679
rate	0.0009762881131451816
rate	0.0010476047870466648
rate	0.0011252852981897157
rate	0.0012100858995443794
rate	0.001302923852774724
rate	0.0014049143820850589
rate	0.0015173726746571256
rate	2.3057113201689616e-05
rate	1.7582686652409075e-06
rate	1.3035296556802337e-06
rate	9.830663950337745e-07
rate	8.461281181149928e-07
rate	7.420591151693465e-07
rate	6.900261340678567e-07
rate	6.379941664934996e-07
rate	5.832249371866841e-07
rate	5.038113405373067e-07
rate	4.244000719325595e-07
rate	4.4904479539621314e-07
rate	6.379941664934996e-07
rate	1.0378436236352906e-06
rate	1.5747197521734757e-06
rate	2.16650138939673e-06
rate	2.7282653920159475e-06
rate	3.1585722203487643e-06
rate	3.4107555797440104e-06
rate	3.5533038162276767e-06
rate	3.6739262801954403e-06
rate	3.819229779662988e-06
rate	3.928898883528621e-06
rate	4.000187935908744e-06
rate	4.038577569483043e-06
rate	4.049549460037284e-06
rate	4.087941564537151e-06
rate	4.156495970968855e-06
rate	4.307316321525306e-06
rate	4.4910509779515285e-06
rate	4.702223621814206e-06
rate	4.913412777821222e-06
rate	5.1273599592824715e-06
rate	5.349549151093631e-06
rate	5.599190820550979e-06
rate	5.851597613784905e-06
rate	6.153422204760137e-06
rate	6.4360659725698e-06
rate	6.724225929033346e-06
rate	7.01516068116307e-06
rate	7.336323387927591e-06
rate	7.684980313038709e-06
rate	8.11331551486207e-06
rate	8.646084835899077e-06
rate	9.308073492456329e-06
rate	1.0102122527910407e-05
rate	1.1025598590110676e-05
rate	1.202638415570831e-05
rate	1.3052295706458168e-05
rate	1.4100610952470403e-05
rate	1.532829014717479e-05
rate	1.6812714528486533e-05
rate	1.8488142806588467e-05
rate	2.036043749407623e-05
rate	2.2463118153185347e-05
rate	2.4694479254212255e-05
rate	2.717927853229253e-05
rate	3.003173170798059e-05
rate	3.331954240376285e-05
rate	3.6944382917277954e-05
rate	4.065459335814937e-05
rate	4.4439313018248236e-05
rate	4.848285705110494e-05
rate	5.285618869394912e-05
rate	5.7563674444156696e-05
rate	6.24949896542625e-05
rate	6.762886483732324e-05
rate	7.335438826766021e-05
rate	7.996286747427491e-05
rate	8.76021563643818e-05
rate	9.6190324747609e-05
rate	0.00010563651811882679
rate	0.00011593787373132161
rate	0.000126808200376303
rate	0.000138147470337165
rate	0.00015033176924210482
rate	0.00016370982761508795
rate	0.00017822851088694327
rate	0.00019431152321493808
rate	0.00021237092285887965
rate	0.00023339407242795913
rate	0.00025719005201514953
rate	0.00028244762158583653
rate	0.000307647100583303
rate	0.00033273833182114734
rate	0.00036146928512088903
rate	0.00039556380369021755
rate	0.00043286089190512514
rate	0.0004726760800090801
rate	0.0005151559746224332
rate	0.0005618162466741434
rate	0.0006140451066091203
rate	0.0006698825849002314
rate	0.0007268654830948262
rate	0.0007825778837140264
rate	0.0008370861778747342
rate	0.0008981472536176803
rate	0.0009574553959630211
rate	0.0010178942504262035
rate	0.0010827374440409302
rate	0.0011523191811588147
rate	0.0012271603258059887
rate	0.0013077245590508283
rate	0.0013945803310691372
rate	0.001488415457867262
rate	0.00158996909388828
rate	0.0017002039610152975
rate	0.0018201461978086403
rate	0.0019511230207471945
rate	0.0020947946475313125
rate	1.78985074266617e-05
rate	1.5665027075675124e-06
rate	9.803278459165767e-07
rate	7.694451816153524e-07
rate	6.133477174934288e-07
rate	5.585789812218695e-07
rate	5.065495609842398e-07
rate	4.545211541336835e-07
rate	4.2713823760875475e-07
rate	3.99755594954072e-07
rate	3.751113644563677e-07
rate	3.751113644563677e-07
rate	4.545211541336835e-07
rate	5.64055559048774e-07
rate	7.311038778014345e-07
rate	9.228113286447129e-07
rate	1.0871426855431138e-06
rate	1.2240930179796328e-06
rate	1.2788750691259695e-06
rate	1.303527436084831e-06
rate	1.3254410074161802e-06
rate	1.3500938676662862e-06
rate	1.3747469745698284e-06
rate	1.3747469745698284e-06
rate	1.3774860168403586e-06
rate	1.3774860168403586e-06
rate	1.3802250865135056e-06
rate	1.4350102618559142e-06
rate	1.4897965334872484e-06
rate	1.5719779965718135e-06
rate	1.6788177469671426e-06
rate	1.7884011448063125e-06
rate	1.9007285193604668e-06
rate	2.015800282201284e-06
rate	2.1336169272429946e-06
rate	2.251438864562582e-06
rate	2.4185903209111716e-06
rate	2.5884925577505435e-06
rate	2.8104773733897427e-06
rate	3.059889200403734e-06
rate	3.336735533406484e-06
rate	3.6136098881682685e-06
rate	3.942605668440668e-06
rate	4.3209993006137535e-06
rate	4.748811560025762e-06
rate	5.278185339371772e-06
rate	5.865280010791357e-06
rate	6.529344120435844e-06
rate	7.204548783511019e-06
rate	7.907377961340806e-06
rate	8.717503371767539e-06
rate	9.65700260372968e-06
rate	1.0676533846968278e-05
rate	1.1759683664203251e-05
rate	1.2903776736885394e-05
rate	1.4144660531815346e-05
rate	1.5526526525672813e-05
rate	1.7093673152276075e-05
rate	1.8865720588858897e-05
rate	2.0796165187429943e-05
rate	2.279698204774504e-05
rate	2.4879366388178975e-05
rate	2.7126474694313003e-05
rate	2.956085534356008e-05
rate	3.220794065672901e-05
rate	3.499900935982637e-05
rate	3.788454792662352e-05
rate	4.1117732634761546e-05
rate	4.483059869920487e-05
rate	4.917006075976266e-05
rate	5.408046219390502e-05
rate	5.9590027259725805e-05
rate	6.5679875856958e-05
rate	7.223014557475302e-05
rate	7.914548311438038e-05
rate	8.640608292747561e-05
rate	9.440014267064372e-05
rate	0.00010364866156136925
rate	0.00011466094529068323
rate	0.00012762452913566452
rate	0.00014231903993702083
rate	0.00015833996528478306
rate	0.0001760926769285972
rate	0.00019557225373819338
rate	0.0002171498364428871
rate	0.00024204627226389228
rate	0.00027063845839728
rate	0.00030176618148567536
rate	0.000334971801444541
rate	0.000371136081049454
rate	0.00041327762404153734
rate	0.0004616242862034623
rate	0.0005125036648755495
rate	0.0005635041037642507
rate	0.0006157669873546116
rate	0.000671555924291938
rate	0.0007323899354157526
rate	0.0007937095226308521
rate	0.0008557491810859751
rate	0.0009189317027340667
rate	0.0009874109833252652
rate	0.001061741907064497
rate	0.0011425457490889216
rate	0.0012305245177181901
rate	0.0013265633087137221
rate	0.0014316515257793091
rate	0.0015469341500434807
rate	0.0016738778698460884
rate	0.001814197653491803
rate	0.001970071385361763
rate	5.353787233106339e-05
rate	3.564281714324357e-06
rate	2.237751770140467e-06
rate	1.8130670798132136e-06
rate	1.424057627840643e-06
rate	1.2651833376859141e-06
rate	1.1364466792380945e-06
rate	1.032366443222157e-06
rate	9.036411013144384e-07
rate	7.201500648125767e-07
rate	5.914398450084803e-07
rate	6.188244048716091e-07
rate	9.337673332014439e-07
rate	1.6404694286918473e-06
rate	2.5638426621221395e-06
rate	3.6163812297434893e-06
rate	4.5678546330913855e-06
rate	5.423637436829321e-06
rate	6.131498702173584e-06
rate	6.716025492734778e-06
rate	7.33087261982039e-06
rate	7.998030650851595e-06
rate	8.517049062608809e-06
rate	8.85488649723139e-06
rate	9.041692738013171e-06
rate	9.168084632743668e-06
rate	9.327447900310605e-06
rate	9.615961819865989e-06
rate	1.0091373643743797e-05
rate	1.0726297168852843e-05
rate	1.1391614285995971e-05
rate	1.2029601975663977e-05
rate	1.2728248596365236e-05
rate	1.345733887651385e-05
rate	1.4266446353879673e-05
rate	1.5128112785558596e-05
rate	1.604788312415902e-05
rate	1.6929357888353315e-05
rate	1.7753184206448012e-05
rate	1.8519309212771236e-05
rate	1.93159729050872e-05
rate	2.021769100816744e-05
rate	2.126041632010274e-05
rate	2.2447064733280118e-05
rate	2.382754812000209e-05
rate	2.5404917308067734e-05
rate	2.7193365962511094e-05
rate	2.9157348194295894e-05
rate	3.1186470359707234e-05
rate	3.3283645477698885e-05
rate	3.55155747827416e-05
rate	3.797140890060062e-05
rate	4.069346769651904e-05
rate	4.382164930705916e-05
rate	4.733505173993671e-05
rate	5.1098373796679696e-05
rate	5.508190962879282e-05
rate	5.9283917650856535e-05
rate	6.365225461776438e-05
rate	6.8176558730332e-05
rate	7.270281397895513e-05
rate	7.736608899307199e-05
rate	8.26242606024769e-05
rate	8.864182493732318e-05
rate	9.531599985017719e-05
rate	0.00010232760069654257
rate	0.00010939968237405746
rate	0.00011667549712687289
rate	0.00012434294012163714
rate	0.00013268425212387022
rate	0.000142135592890127
rate	0.0001526938670506334
rate	0.00016378692477565392
rate	0.00017461482797667032
rate	0.0001848753534387679
rate	0.00019492702292881763
rate	0.000205665276344024
rate	0.0002175012268601699
rate	0.00023162602582370892
rate	0.00024857256074226216
rate	0.00026904883437780695
rate	0.00029187856170405146
rate	0.00031507514930516204
rate	0.00033505775876601946
rate	0.00035091453511538123
rate	0.00036613353300313445
rate	0.00038492997481972196
rate	0.00040798214940635544
rate	0.0004380305681853109
rate	0.0004754784327777112
rate	0.0005194836946514372
rate	0.000567204901016586
rate	0.0006142601222321141
rate	0.000651390196440937
rate	0.0006774821617393338
rate	0.0007057226112994268
rate	0.000747009676221287
rate	0.0007909993391614419
rate	0.0008378765465191863
rate	0.0008878775712584932
rate	0.0009413225876416559
rate	0.0009983899197661301
rate	0.0010595322810336447
rate	0.001125024217181115
rate	0.0011953180406823612
rate	0.0012708576444313802
rate	0.0013522536553502028
rate	0.0014400829073936959
rate	0.0015350441469083069
rate	0.0016380996990291872
rate	4.437853880868904e-05
rate	2.988644577005395e-06
rate	1.8130670798132136e-06
rate	1.3500968271622329e-06
rate	1.062494017625199e-06
rate	9.748508298582703e-07
rate	8.433897059533269e-07
rate	7.146733226571149e-07
rate	6.379941664934996e-07
rate	6.106094148863561e-07
rate	5.85963212406516e-07
rate	6.133477174934288e-07
rate	6.681175493963656e-07
rate	7.530128185970361e-07
rate	8.872078341958887e-07
rate	1.048798313192158e-06
rate	1.2131372325154768e-06
rate	1.3747469745698284e-06
rate	1.563760294270145e-06
rate	1.7281301279372256e-06
rate	1.9418261590813036e-06
rate	2.158278669893651e-06
rate	2.3720084273554642e-06
rate	2.5802749389176577e-06
rate	2.7638915029754256e-06
rate	2.9447804109886315e-06
rate	3.15583188956226e-06
rate	3.3915717281324033e-06
rate	3.6821624220102575e-06
rate	4.024880557042486e-06
rate	4.392323474671284e-06
rate	4.740614549376549e-06
rate	5.091691808280242e-06
rate	5.423607270770917e-06
rate	5.785741680105559e-06
rate	6.145181264400939e-06
rate	6.53211183815672e-06
rate	6.976736959733736e-06
rate	7.429667174041572e-06
rate	7.940333341570435e-06
rate	8.506022516712563e-06
rate	9.124022359421305e-06
rate	9.791620725208851e-06
rate	1.0484117658498894e-05
rate	1.1229022757516778e-05
rate	1.2081377312759648e-05
rate	1.3063290064217515e-05
rate	1.4174901033182583e-05
rate	1.5386084097611553e-05
rate	1.6677688504124844e-05
rate	1.8077388436292978e-05
rate	1.961016983545694e-05
rate	2.122934531137157e-05
rate	2.291297492097137e-05
rate	2.473853455137754e-05
rate	2.663717672302303e-05
rate	2.8716953907105236e-05
rate	3.113615128468863e-05
rate	3.398440197055931e-05
rate	3.71131795485506e-05
rate	4.032336915847005e-05
rate	4.3587381888487265e-05
rate	4.701124065633079e-05
rate	5.065965777341664e-05
rate	5.450837565740258e-05
rate	5.8563878211055406e-05
rate	6.271229587975428e-05
rate	6.694551136804145e-05
rate	7.141849932786696e-05
rate	7.62929092902108e-05
rate	8.166682003138511e-05
rate	8.764488757529163e-05
rate	9.428200614250164e-05
rate	0.0001013072712518799
rate	0.00010850147417895242
rate	0.00011577745381813087
rate	0.0001234538454573195
rate	0.00013208562656457433
rate	0.0001424660376127579
rate	0.00015493346396315587
rate	0.00016978723719607611
rate	0.000186330566433983
rate	0.00020375309136583413
rate	0.00022052730691048822
rate	0.00023632729405534072
rate	0.000252708902228481
rate	0.00027200299905568006
rate	0.0002935118238138349
rate	0.00031820879717432324
rate	0.00034674143242578335
rate	0.00038014372664972053
rate	0.0004174230680943249
rate	0.00045495927438529005
rate	0.0004883694973237951
rate	0.0005189563262740536
rate	0.0005535316626217787
rate	0.0005979607279207368
rate	0.0006457936319565136
rate	0.0006972057385532203
rate	0.0007458451834381137
rate	0.0007983218547374365
rate	0.0008549323822145376
rate	0.0009161184248608795
rate	0.00098229813582664
rate	0.0010540709805726919
rate	0.0011320160354726405
rate	0.0012168258170005743
rate	0.0013093347840306738
rate	0.0014105612551047818
rate	0.001521690693826651
rate	2.2411647098293416e-05
rate	1.7089592445695471e-06
rate	1.2651836392708263e-06
rate	9.529405467027261e-07
rate	8.160037764756374e-07
rate	7.174126661530195e-07
rate	6.681185080813743e-07
rate	6.188252813542885e-07
rate	5.64056435496114e-07
rate	4.873816070522102e-07
rate	4.107089696952458e-07
rate	4.3261539055182674e-07
rate	6.188252813542885e-07
rate	1.0077171725853332e-06
rate	1.5336308294942375e-06
rate	2.114445003968918e-06
rate	2.6624977819597525e-06
rate	3.0845729193766677e-06
rate	3.3422308488915806e-06
rate	3.4902572767653335e-06
rate	3.621841227491366e-06
rate	3.7753658279193413e-06
rate	3.885033174819885e-06
rate	3.945355250877706e-06
rate	3.967295792581168e-06
rate	3.961819799057099e-06
rate	3.983763634945175e-06
rate	4.038609828441589e-06
rate	4.1757178753570916e-06
rate	4.351219927214788e-06
rate	4.5541575766378715e-06
rate	4.75711066591102e-06
rate	4.965562218834883e-06
rate	5.1904802023812915e-06
rate	5.442849562059662e-06
rate	5.700726899263822e-06
rate	6.002534860785001e-06
rate	6.293392406986787e-06
rate	6.595254820096871e-06
rate	6.902639308623394e-06
rate	7.242999417378593e-06
rate	7.610858583272919e-06
rate	8.055654873776682e-06
rate	8.599397341484775e-06
rate	9.264121519698843e-06
rate	1.0055410199348502e-05
rate	1.096787658728681e-05
rate	1.1952144810803336e-05
rate	1.2958776721078138e-05
rate	1.3982295932718539e-05
rate	1.5171392460927542e-05
rate	1.6597914166030337e-05
rate	1.8212613604921672e-05
rate	2.0026847396422388e-05
rate	2.2079636619678818e-05
rate	2.4277572108121915e-05
rate	2.673161466849811e-05
rate	2.9531081454590728e-05
rate	3.272698172457076e-05
rate	3.623193836662156e-05
rate	3.9846913953370895e-05
rate	4.357777613580905e-05
rate	4.7570016632626944e-05
rate	5.188065341956609e-05
rate	5.6516768631270006e-05
rate	6.136801854965152e-05
rate	6.641867639965613e-05
rate	7.2080026991545e-05
rate	7.862084312969517e-05
rate	8.616066671764775e-05
rate	9.45833976369395e-05
rate	0.00010384000861930008
rate	0.00011397269620726464
rate	0.00012474400268823173
rate	0.00013606328320253717
rate	0.0001482728131579178
rate	0.00016165237290838625
rate	0.00017619500414094082
rate	0.00019228944600824602
rate	0.00021031785699962137
rate	0.0002311711612187484
rate	0.00025469691160818076
rate	0.00027974770764760534
rate	0.00030499526800027254
rate	0.000330412060524475
rate	0.0003593513521264925
rate	0.0003933722626601869
rate	0.00043057567412861105
rate	0.00047037689121877944
rate	0.000512935851974891
rate	0.0005596248821240861
rate	0.000611709572524961
rate	0.0006674713176824799
rate	0.0007247512471264414
rate	0.000781428395745363
rate	0.0008375920646089551
rate	0.000900167648073613
rate	0.0009617940847850188
rate	0.0010250645292281522
rate	0.0010929094421544792
rate	0.0011656498092626037
rate	0.0012437661644771486
rate	0.001327685418684059
rate	0.001417929203802643
rate	0.001515120954435298
rate	0.001619917802991998
rate	0.0017331851930396766
rate	0.0018558298700752855
rate	0.0019890272997665237
rate	0.0021342498396365985
rate	1.74743759453838e-05
rate	1.5171967402823107e-06
rate	9.474634484683306e-07
rate	7.447984860741058e-07
rate	5.969173266875588e-07
rate	5.421489190829456e-07
rate	4.928580479460767e-07
rate	4.4356810802676747e-07
rate	4.161853010476362e-07
rate	3.8880276793659024e-07
rate	3.668967852719642e-07
rate	3.668967852719642e-07
rate	4.4356810802676747e-07
rate	5.531020747367547e-07
rate	7.228882304493541e-07
rate	9.14595106010351e-07
rate	1.078925969745526e-06
rate	1.2158758911674637e-06
rate	1.2706577778964542e-06
rate	1.2925709929709978e-06
rate	1.309006342742719e-06
rate	1.3309199962983688e-06
rate	1.3528338691015175e-06
rate	1.3528338691015175e-06
rate	1.3583119536425777e-06
rate	1.3583119536425777e-06
rate	1.3637900929888718e-06
rate	1.4185749394669776e-06
rate	1.4733608822208477e-06
rate	1.5555418519645368e-06
rate	1.6596415733878654e-06
rate	1.769224203700357e-06
rate	1.8842904010934842e-06
rate	2.0048409883597466e-06
rate	2.1308769529757947e-06
rate	2.2569191147446555e-06
rate	2.426811230987697e-06
rate	2.6021950345791997e-06
rate	2.8269217447073433e-06
rate	3.0790761249500814e-06
rate	3.3586657524890967e-06
rate	3.6382839786617327e-06
rate	3.96728272419876e-06
rate	4.3401950653339095e-06
rate	4.757039470090834e-06
rate	5.267212979013482e-06
rate	5.837843887037244e-06
rate	6.479948702718875e-06
rate	7.14416268526038e-06
rate	7.835995396943123e-06
rate	8.632369913968995e-06
rate	9.549865906683426e-06
rate	1.0544628958556826e-05
rate	1.1611235534186924e-05
rate	1.2744268384404507e-05
rate	1.3987830645491467e-05
rate	1.537512184409869e-05
rate	1.693942803342832e-05
rate	1.8692087399943734e-05
rate	2.0594837411392474e-05
rate	2.258171181892072e-05
rate	2.467497701349341e-05
rate	2.6930208026760265e-05
rate	2.936441413651469e-05
rate	3.200023503225482e-05
rate	3.47827778792857e-05
rate	3.764034719356731e-05
rate	4.085658009485319e-05
rate	4.455518755890435e-05
rate	4.886079192952727e-05
rate	5.371484414798561e-05
rate	5.917057032774003e-05
rate	6.52426805763306e-05
rate	7.182840245335752e-05
rate	7.884688937594061e-05
rate	8.628460219445065e-05
rate	9.446249408943136e-05
rate	0.00010387621610572552
rate	0.00011498942172926066
rate	0.00012798327917875718
rate	0.00014267683468426352
rate	0.00015872599715779454
rate	0.00017651045317057745
rate	0.00019604601446509287
rate	0.00021768374465590284
rate	0.00024253114440618489
rate	0.0002709468737062562
rate	0.00030192823424939584
rate	0.00033509559087501405
rate	0.00037126465324549367
rate	0.0004131471069415865
rate	0.00046097676431156276
rate	0.0005115311171685569
rate	0.000562697805553558
rate	0.0006155305122104302
rate	0.0006720776632826281
rate	0.0007337269700561538
rate	0.0007964645142008977
rate	0.0008605353600943942
rate	0.0009263493303827136
rate	0.0009976342032661058
rate	0.0010749154757498166
rate	0.0011587736020520832
rate	0.0012498554359490098
rate	0.001348968684526871
rate	0.0014570162214346941
rate	0.00157501793482436
rate	0.0017042886975146589
rate	0.0018463484550654426
rate	0.0020031419705159367
rate	5.240622795776498e-05
rate	3.4573831333945474e-06
rate	2.14734076180334e-06
rate	1.7363650711673784e-06
rate	1.3692765082226908e-06
rate	1.2158827961731642e-06
rate	1.0953643331211588e-06
rate	9.967628117590663e-07
rate	8.76254651349802e-07
rate	7.009806044716386e-07
rate	5.804862511397063e-07
rate	6.078707014439195e-07
rate	9.09119158407321e-07
rate	1.5829449368372752e-06
rate	2.4706812052960116e-06
rate	3.4793351959707465e-06
rate	4.39512561622208e-06
rate	5.228919976654304e-06
rate	5.931246094480761e-06
rate	6.523959145802945e-06
rate	7.1497379266681015e-06
rate	7.825085145755728e-06
rate	8.34132579490424e-06
rate	8.659924921289665e-06
rate	8.813775334456392e-06
rate	8.901725995672667e-06
rate	9.028134671065853e-06
rate	9.275443317806901e-06
rate	9.704130355558454e-06
rate	1.0286803805547489e-05
rate	1.0902594488218881e-05
rate	1.1491044240506251e-05
rate	1.2145615832271672e-05
rate	1.2833353657867093e-05
rate	1.359832547171879e-05
rate	1.4413074957198015e-05
rate	1.5288636995997975e-05
rate	1.6142381402136567e-05
rate	1.6963221835404548e-05
rate	1.7751127318888823e-05
rate	1.8572328051212437e-05
rate	1.9493067076935658e-05
rate	2.0557544199651386e-05
rate	2.1771436561618587e-05
rate	2.31791439621827e-05
rate	2.4786480709756407e-05
rate	2.6593847444870633e-05
rate	2.8557399837986316e-05
rate	3.0566727604587304e-05
rate	3.2627467994271704e-05
rate	3.4817340993014345e-05
rate	3.723099534063522e-05
rate	3.989686620295624e-05
rate	4.2954756506131545e-05
rate	4.638925690407757e-05
rate	5.009564997034599e-05
rate	5.4041520893873024e-05
rate	5.819451897742781e-05
rate	6.247732961998558e-05
rate	6.686824863274583e-05
rate	7.125513265403127e-05
rate	7.579537670290611e-05
rate	8.092416376887329e-05
rate	8.682545937991629e-05
rate	9.340217217901163e-05
rate	0.0001003241031424984
rate	0.00010734852901617653
rate	0.00011461890197390231
rate	0.00012230907427043485
rate	0.00013066419638293024
rate	0.0001400598418272908
rate	0.00015050655275042671
rate	0.00016151567785534611
rate	0.000172386792453882
rate	0.00018284274199733205
rate	0.0001931968728281104
rate	0.00020423975403303083
rate	0.0002163707624144823
rate	0.00023064715301034466
rate	0.0002475577258431461
rate	0.00026773740572981546
rate	0.0002901498443651073
rate	0.0003130354416471685
rate	0.00033322467967054556
rate	0.0003499107532609724
rate	0.0003662086515189089
rate	0.00038587346921603615
rate	0.0004095204776415517
rate	0.00043959882169939714
rate	0.0004764700306011769
rate	0.0005194075756708087
rate	0.0005658905069030075
rate	0.0006120367279718471
rate	0.0006496337699042139
rate	0.0006776961262212216
rate	0.0007079654964586847
rate	0.0007501350487339175
rate	0.0007950250951684041
rate	0.0008428123761877617
rate	0.0008937206391977217
rate	0.0009480409789749182
rate	0.0010059437779770621
rate	0.0010678447076559736
rate	0.001133997877292218
rate	0.0012048068791685861
rate	0.001280682962076983
rate	0.0013621719991372496
rate	0.0014497952655575998
rate	0.0015441721336319197
rate	0.0016461724969151243
rate	4.33727205884897e-05
rate	2.881768465787331e-06
rate	1.7363650711673784e-06
rate	1.3035335742863263e-06
rate	1.029628633909696e-06
rate	9.36509416351718e-07
rate	8.105269521523054e-07
rate	6.900271201607149e-07
rate	6.188252813542885e-07
rate	5.914407214734136e-07
rate	5.695329859357779e-07
rate	5.969173266875588e-07
rate	6.516868299103697e-07
rate	7.393200730083986e-07
rate	8.707757998578472e-07
rate	1.029626551699068e-06
rate	1.1939643202391516e-06
rate	1.3528338691015175e-06
rate	1.5391064473612003e-06
rate	1.7034748009168282e-06
rate	1.9116897596868303e-06
rate	2.125400130289272e-06
rate	2.3336474438762817e-06
rate	2.530950712539051e-06
rate	2.7063434042426573e-06
rate	2.8762673407096273e-06
rate	3.0790922578036594e-06
rate	3.303863145668366e-06
rate	3.5834813753504666e-06
rate	3.912481993067502e-06
rate	4.2634621465212374e-06
rate	4.603512240626866e-06
rate	4.949088268289755e-06
rate	5.2837285929367594e-06
rate	5.651329589688387e-06
rate	6.01349446614859e-06
rate	6.4031497770581795e-06
rate	6.8532416057116186e-06
rate	7.319873166369042e-06
rate	7.84698878292437e-06
rate	8.42913279389781e-06
rate	9.060847420109206e-06
rate	9.736671938015106e-06
rate	1.0434650843640745e-05
rate	1.1182291199501552e-05
rate	1.2034631204887705e-05
rate	1.3008275580506868e-05
rate	1.4103354888821577e-05
rate	1.528698036180107e-05
rate	1.6548247755929618e-05
rate	1.7914823762249543e-05
rate	1.940892922703328e-05
rate	2.099213955043402e-05
rate	2.264803495214404e-05
rate	2.4448573778228354e-05
rate	2.6338728159520325e-05
rate	2.8423807298390178e-05
rate	3.0826145298760897e-05
rate	3.361314912529433e-05
rate	3.6652803396046156e-05
rate	3.97681253438506e-05
rate	4.2959274825036304e-05
rate	4.6326749778195005e-05
rate	4.994363901547459e-05
rate	5.3788563659317836e-05
rate	5.7845791479050735e-05
rate	6.197075890197146e-05
rate	6.620282819670998e-05
rate	7.068301554071937e-05
rate	7.556454389525149e-05
rate	8.092858099628733e-05
rate	8.689657426634009e-05
rate	9.354601669541612e-05
rate	0.00010064310915697638
rate	0.00010797490130199366
rate	0.00011545201194702577
rate	0.00012336793233295315
rate	0.00013222644107853908
rate	0.0001427401357632791
rate	0.00015521751249342387
rate	0.00016993583312502033
rate	0.0001862807486999008
rate	0.00020354374962308375
rate	0.00022037599771666534
rate	0.00023650044915903698
rate	0.00025330994761374904
rate	0.00027289012822000793
rate	0.00029463520903490827
rate	0.000319425697057083
rate	0.0003478463786797653
rate	0.0003808333183498255
rate	0.00041751874473352
rate	0.00045470397882530194
rate	0.0004885102431934945
rate	0.0005201065670534265
rate	0.000555575346027788
rate	0.0006001407691454164
rate	0.0006480854905323934
rate	0.0006995909775956347
rate	0.0007490272757396387
rate	0.0008022880075214487
rate	0.0008596488394520357
rate	0.000921524739513291
rate	0.0009883081585080984
rate	0.001060537174098719
rate	0.0011387467727555652
rate	0.0012235657344567693
rate	0.0013157457152866234
rate	0.0014162081281245047
rate	0.0015260087129961763
rate	2.176618099489722e-05
rate	1.659649823898187e-06
rate	1.2268376228614187e-06
rate	9.228146983716777e-07
rate	7.858794348362819e-07
rate	6.927662171366924e-07
rate	6.462108820948919e-07
rate	5.996563962150773e-07
rate	5.44887933805544e-07
rate	4.709518735671139e-07
rate	3.9701786745793204e-07
rate	4.161859857074404e-07
rate	5.996563962150773e-07
rate	9.775907215353757e-07
rate	1.4925419068149993e-06
rate	2.0623886185411053e-06
rate	2.5967301719035575e-06
rate	3.0105736184045716e-06
rate	3.2737061180391508e-06
rate	3.4272107373029907e-06
rate	3.569756174787291e-06
rate	3.7315018761756943e-06
rate	3.841167466111149e-06
rate	3.8905225658466694e-06
rate	3.896014015679293e-06
rate	3.8740901380769135e-06
rate	3.879585705353199e-06
rate	3.920723685914323e-06
rate	4.044119429188877e-06
rate	4.2113888764780475e-06
rate	4.406091531461537e-06
rate	4.600808554000819e-06
rate	4.803764478387293e-06
rate	5.031411253668953e-06
rate	5.286508303568345e-06
rate	5.549856184742738e-06
rate	5.851647516809866e-06
rate	6.150718841403773e-06
rate	6.466283711160397e-06
rate	6.7901179360837185e-06
rate	7.149675446829595e-06
rate	7.536736853507129e-06
rate	7.997994232691291e-06
rate	8.552709847070474e-06
rate	9.220169546941357e-06
rate	1.0008697870786599e-05
rate	1.0910154584462947e-05
rate	1.1877905465898362e-05
rate	1.2865257735698108e-05
rate	1.3863980912966676e-05
rate	1.5014494774680294e-05
rate	1.638311380357414e-05
rate	1.7937084403254874e-05
rate	1.9693257298768543e-05
rate	2.1696155086172285e-05
rate	2.386066496203158e-05
rate	2.6283950804703693e-05
rate	2.903043120120087e-05
rate	3.2134421045378665e-05
rate	3.551949381596517e-05
rate	3.9039234548592425e-05
rate	4.271623925336987e-05
rate	4.665717621414895e-05
rate	5.0905118145183064e-05
rate	5.546986281838332e-05
rate	6.0241047445040546e-05
rate	6.520848796198903e-05
rate	7.08056657154298e-05
rate	7.727881878511542e-05
rate	8.47191770709137e-05
rate	9.297647052627002e-05
rate	0.00010204349911977338
rate	0.00011200751868320766
rate	0.0001226798050001605
rate	0.00013397909606790932
rate	0.00014621385707373077
rate	0.00015959491820168452
rate	0.0001741614973949384
rate	0.00019026736880155393
rate	0.0002082647911403631
rate	0.0002289482500095377
rate	0.00025220377120121205
rate	0.0002770477937093742
rate	0.0003023434354172421
rate	0.0003280857892278027
rate	0.000357233419132096
rate	0.0003911807216301562
rate	0.000428290456352097
rate	0.0004680777024284788
rate	0.0005107157293273487
rate	0.0005574335175740287
rate	0.0006093740384408018
rate	0.0006650600504647284
rate	0.0007226370111580567
rate	0.0007802789077766998
rate	0.000838097951343176
rate	0.0009021880425295456
rate	0.0009661327736070166
rate	0.0010322348080301007
rate	0.0011030814402680285
rate	0.0011789804373663927
rate	0.0012603720031483083
rate	0.00134764627831729
rate	0.0014412780765361488
rate	0.0015418264510033337
rate	0.0016498665120957157
rate	0.0017661664250640556
rate	0.0018915135423419307
rate	0.0020269315787858526
rate	0.002173705031741885
rate	1.70502444641059e-05
rate	1.4678907729971091e-06
rate	9.145990510200844e-07
rate	7.201517905328593e-07
rate	5.804869358816889e-07
rate	5.257188569440216e-07
rate	4.791665349079135e-07
rate	4.326150619198514e-07
rate	4.052323644865177e-07
rate	3.7784994091910847e-07
rate	3.5868220608756064e-07
rate	3.5868220608756064e-07
rate	4.326150619198514e-07
rate	5.421485904247353e-07
rate	7.146725830972737e-07
rate	9.06378883375989e-07
rate	1.070709253947938e-06
rate	1.2076587643552946e-06
rate	1.2624404866669388e-06
rate	1.2816145498571644e-06
rate	1.2925716780692577e-06
rate	1.3117461249304516e-06
rate	1.3309207636332065e-06
rate	1.3309207636332065e-06
rate	1.339137890444797e-06
rate	1.339137890444797e-06
rate	1.347355099464238e-06
rate	1.4021396170780409e-06
rate	1.4569252309544467e-06
rate	1.5391057073572601e-06
rate	1.6404653998085884e-06
rate	1.7500472625944017e-06
rate	1.8678522828265016e-06
rate	1.9938816945182096e-06
rate	2.1281369787085953e-06
rate	2.262399364926729e-06
rate	2.4350321410642216e-06
rate	2.6158975114078555e-06
rate	2.843366116024944e-06
rate	3.098263049496429e-06
rate	3.380595971571709e-06
rate	3.662958069155197e-06
rate	3.991959779956853e-06
rate	4.3593908300540645e-06
rate	4.765267380155905e-06
rate	5.256240618655193e-06
rate	5.810407763283131e-06
rate	6.4305532850019056e-06
rate	7.08377658700974e-06
rate	7.764612832545441e-06
rate	8.54723645617045e-06
rate	9.44272920963717e-06
rate	1.0412724070145373e-05
rate	1.1462787404170596e-05
rate	1.258476003192362e-05
rate	1.3831000759167587e-05
rate	1.5223717162524572e-05
rate	1.6785182914580563e-05
rate	1.8518454211028575e-05
rate	2.0393509635355004e-05
rate	2.23664415900964e-05
rate	2.4470587638807848e-05
rate	2.673394135920753e-05
rate	2.9167972929469297e-05
rate	3.1792529407780624e-05
rate	3.456654639874502e-05
rate	3.73961464605111e-05
rate	4.059542755494483e-05
rate	4.4279776418603835e-05
rate	4.855152309929188e-05
rate	5.33492261020662e-05
rate	5.8751113395754253e-05
rate	6.48054852957032e-05
rate	7.142665933196204e-05
rate	7.854829563750083e-05
rate	8.61631214614257e-05
rate	9.4524845508219e-05
rate	0.00010410377065008178
rate	0.0001153178981678381
rate	0.0001283420292218498
rate	0.00014303462943150624
rate	0.00015911202903080604
rate	0.00017692822941255771
rate	0.0001965197751919924
rate	0.00021821765286891856
rate	0.0002430160165484775
rate	0.0002712552890152324
rate	0.0003020902870131163
rate	0.0003352193803054872
rate	0.0003713932254415333
rate	0.0004130165898416356
rate	0.00046032924241966327
rate	0.0005105585694615643
rate	0.0005618915073428652
rate	0.0006152940370662489
rate	0.0006725994022733182
rate	0.0007350640046965549
rate	0.0007992195057709432
rate	0.0008653215391028132
rate	0.0009337669580313605
rate	0.0010078574232069467
rate	0.001088089044435136
rate	0.001175001455015245
rate	0.0012691863541798294
rate	0.0013713740603400202
rate	0.0014823809170900792
rate	0.0016031017196052391
rate	0.001734699525183229
rate	0.0018784992566390822
rate	0.0020362125556701105
rate	5.127458358446658e-05
rate	3.350484552464738e-06
rate	2.056929753466213e-06
rate	1.6596630625215434e-06
rate	1.3144953886047388e-06
rate	1.166582254660414e-06
rate	1.054281987004223e-06
rate	9.611591802959753e-07
rate	8.488682013851656e-07
rate	6.818111441307004e-07
rate	5.695326572709324e-07
rate	5.9691699801623e-07
rate	8.844709836131983e-07
rate	1.525420444982703e-06
rate	2.3775197484698832e-06
rate	3.342289162198004e-06
rate	4.2223965993527745e-06
rate	5.034202516479287e-06
rate	5.730993486787938e-06
rate	6.331892798871111e-06
rate	6.968603233515814e-06
rate	7.652139640659864e-06
rate	8.16560252719967e-06
rate	8.464963345347938e-06
rate	8.585857930899613e-06
rate	8.635367358601666e-06
rate	8.728821441821099e-06
rate	8.934924815747815e-06
rate	9.316887067373112e-06
rate	9.847310442242135e-06
rate	1.041357469044179e-05
rate	1.0952486505348524e-05
rate	1.156298306817811e-05
rate	1.2209368439220337e-05
rate	1.2930204589557904e-05
rate	1.3698037128837436e-05
rate	1.4529390867836931e-05
rate	1.5355404915919822e-05
rate	1.617325946436108e-05
rate	1.698294542500641e-05
rate	1.7828683197337678e-05
rate	1.876844314570388e-05
rate	1.9854672079200035e-05
rate	2.109580838995706e-05
rate	2.2530739804363308e-05
rate	2.416804411144508e-05
rate	2.5994328927230172e-05
rate	2.7957451481676738e-05
rate	2.9946984849467377e-05
rate	3.197129051084453e-05
rate	3.411910720328709e-05
rate	3.649058178066982e-05
rate	3.9100264709393445e-05
rate	4.208786370520393e-05
rate	4.544346206821844e-05
rate	4.909292614401228e-05
rate	5.300113215895323e-05
rate	5.710512030399909e-05
rate	6.13024046222068e-05
rate	6.555993853515965e-05
rate	6.98074513291074e-05
rate	7.422466441274024e-05
rate	7.922406693526968e-05
rate	8.500909382250941e-05
rate	9.14883445078461e-05
rate	9.832060558845424e-05
rate	0.00010529737565829561
rate	0.00011256230682093172
rate	0.00012027520841923258
rate	0.00012864414064199027
rate	0.0001379840907644546
rate	0.00014831923845022002
rate	0.0001592444309350383
rate	0.00017015875693109363
rate	0.00018081013055589617
rate	0.0001914667227274032
rate	0.00020281423172203766
rate	0.00021524029796879474
rate	0.0002296682801969804
rate	0.00024654289094403
rate	0.0002664259770818239
rate	0.0002884211270261631
rate	0.000310995733989175
rate	0.0003313916005750716
rate	0.00034890697140656365
rate	0.00036628377003468333
rate	0.0003868169636123503
rate	0.000411058805876748
rate	0.0004411670752134833
rate	0.0004774616284246426
rate	0.0005193314566901802
rate	0.0005645761127894291
rate	0.00060981333371158
rate	0.0006478773433674908
rate	0.0006779100907031095
rate	0.0007102083816179427
rate	0.000753260421246548
rate	0.0007990508511753663
rate	0.0008477482058563369
rate	0.0008995637071369503
rate	0.0009547593703081804
rate	0.0010134976361879944
rate	0.0010761571342783023
rate	0.0011429715374033208
rate	0.0012142957176548112
rate	0.0012905082797225855
rate	0.0013720903429242965
rate	0.001459507623721504
rate	0.0015533001203555325
rate	0.0016542452948010613
rate	4.236690236829036e-05
rate	2.7748923545692674e-06
rate	1.6596630625215434e-06
rate	1.2569703214104199e-06
rate	9.967632501941933e-07
rate	8.981680028451656e-07
rate	7.776641983512839e-07
rate	6.653809176643151e-07
rate	5.996563962150773e-07
rate	5.72272028060471e-07
rate	5.531027594650398e-07
rate	5.804869358816889e-07
rate	6.352561104243739e-07
rate	7.256273274197612e-07
rate	8.543437655198057e-07
rate	1.010454790205978e-06
rate	1.1747914079628266e-06
rate	1.3309207636332065e-06
rate	1.5144526004522553e-06
rate	1.6788194738964308e-06
rate	1.8815533602923571e-06
rate	2.092521590684894e-06
rate	2.295286460397099e-06
rate	2.481626486160444e-06
rate	2.6487953055098886e-06
rate	2.807754270430623e-06
rate	3.0023526260450585e-06
rate	3.216154563204329e-06
rate	3.484800328690676e-06
rate	3.800083429092519e-06
rate	4.13460081837119e-06
rate	4.466409931877184e-06
rate	4.806484728299266e-06
rate	5.1438499151026025e-06
rate	5.516917499271216e-06
rate	5.881807667896242e-06
rate	6.274187715959638e-06
rate	6.729746251689501e-06
rate	7.2100791586965124e-06
rate	7.753644224278305e-06
rate	8.352243071083056e-06
rate	8.997672480797106e-06
rate	9.68172315082136e-06
rate	1.0385184028782598e-05
rate	1.1135559641486323e-05
rate	1.1987885097015764e-05
rate	1.2953261096796223e-05
rate	1.4031808744460573e-05
rate	1.5187876625990584e-05
rate	1.6418807007734395e-05
rate	1.7752259088206105e-05
rate	1.9207688618609618e-05
rate	2.075493378949647e-05
rate	2.2383094983316716e-05
rate	2.4158613005079167e-05
rate	2.6040279596017625e-05
rate	2.8130660689675122e-05
rate	3.051613931283317e-05
rate	3.324189628002935e-05
rate	3.619242724354171e-05
rate	3.9212881529231146e-05
rate	4.233116776158535e-05
rate	4.564225890005922e-05
rate	4.9227620257532545e-05
rate	5.3068751661233094e-05
rate	5.712770474704607e-05
rate	6.122922192418863e-05
rate	6.54601450253785e-05
rate	6.99475317535718e-05
rate	7.483617850029217e-05
rate	8.019034196118954e-05
rate	8.614826095738857e-05
rate	9.281002724833057e-05
rate	9.997894706207286e-05
rate	0.00010744832842503491
rate	0.00011512657007592067
rate	0.0001232820192085868
rate	0.00013236725559250386
rate	0.00014301423391380029
rate	0.00015550156102369183
rate	0.00017008442905396454
rate	0.00018623093096581858
rate	0.00020333440788033335
rate	0.00022022468852284243
rate	0.0002366736042627332
rate	0.00025391099299901704
rate	0.0002737772573843358
rate	0.0002957585942559817
rate	0.0003206425969398427
rate	0.00034895132493374724
rate	0.0003815229100499305
rate	0.0004176144213727151
rate	0.0004544486832653138
rate	0.0004886509890631938
rate	0.0005212568078327992
rate	0.0005576190294337972
rate	0.000602320810370096
rate	0.0006503773491082732
rate	0.0007019762166380491
rate	0.0007522093680411635
rate	0.0008062541603054609
rate	0.000864365296689534
rate	0.0009269310541657025
rate	0.0009943181811895567
rate	0.001067003367624746
rate	0.00114547751003849
rate	0.0012303056519129643
rate	0.0013221566465425733
rate	0.0014218550011442276
rate	0.0015303267321657018
rate	2.112071489150102e-05
rate	1.6103404032268265e-06
rate	1.1884916064520113e-06
rate	8.926888500406294e-07
rate	7.557550931969263e-07
rate	6.681197681203653e-07
rate	6.243032561084095e-07
rate	5.804875110758662e-07
rate	5.25719432114974e-07
rate	4.545221400820175e-07
rate	3.833267652206183e-07
rate	3.9975658086305406e-07
rate	5.804875110758662e-07
rate	9.474642704854183e-07
rate	1.4514529841357609e-06
rate	2.010332233113293e-06
rate	2.530962561847363e-06
rate	2.936574317432475e-06
rate	3.205181387186721e-06
rate	3.364164197840648e-06
rate	3.5176711220832166e-06
rate	3.687637924432047e-06
rate	3.797301757402412e-06
rate	3.835689880815632e-06
rate	3.824732238777418e-06
rate	3.786360477096728e-06
rate	3.7754077757612237e-06
rate	3.8028375433870565e-06
rate	3.912520983020662e-06
rate	4.071557825741306e-06
rate	4.258025486285203e-06
rate	4.444506442090617e-06
rate	4.641966737939703e-06
rate	4.872342304956613e-06
rate	5.1301670450770286e-06
rate	5.3989854702216545e-06
rate	5.700760172834731e-06
rate	6.0080452758207604e-06
rate	6.337312602223922e-06
rate	6.677596563544043e-06
rate	7.056351476280597e-06
rate	7.462615123741339e-06
rate	7.940333591605901e-06
rate	8.506022352656172e-06
rate	9.176217574183869e-06
rate	9.961985542224693e-06
rate	1.0852432581639082e-05
rate	1.1803666120993388e-05
rate	1.2771738750318077e-05
rate	1.3745665893214812e-05
rate	1.4857597088433045e-05
rate	1.616831344111794e-05
rate	1.766155520158808e-05
rate	1.9359667201114702e-05
rate	2.131267355266575e-05
rate	2.344375781594124e-05
rate	2.5836286940909274e-05
rate	2.8529780947811007e-05
rate	3.1541860366186574e-05
rate	3.4807049265308786e-05
rate	3.823155514381395e-05
rate	4.1854702370930686e-05
rate	4.5744335795670954e-05
rate	4.992958287080003e-05
rate	5.4422957005496634e-05
rate	5.911407634042957e-05
rate	6.399829952432191e-05
rate	6.953130443931459e-05
rate	7.593679444053567e-05
rate	8.327768742417967e-05
rate	9.136954341560053e-05
rate	0.00010024698962024667
rate	0.00011004234115915068
rate	0.00012061560731208923
rate	0.00013189490893328147
rate	0.00014415490098954376
rate	0.00015753746349498278
rate	0.00017212799064893596
rate	0.00018824529159486183
rate	0.00020621172528110482
rate	0.000226725338800327
rate	0.0002497106307942433
rate	0.00027434787977114307
rate	0.00029969160283421163
rate	0.0003257595179311304
rate	0.00035511548613769946
rate	0.0003889891806001256
rate	0.000426005238575583
rate	0.00046577851363817813
rate	0.0005084956066798065
rate	0.0005552421530239714
rate	0.0006070385043566427
rate	0.0006626487832469769
rate	0.000720522775189672
rate	0.0007791294198080365
rate	0.0008386038380773969
rate	0.0009042084369854782
rate	0.0009704714624290144
rate	0.0010394050868320493
rate	0.0011132534383815776
rate	0.0011923110654701817
rate	0.0012769778418194682
rate	0.0013676071379505209
rate	0.0014646269492696543
rate	0.0015685319475713694
rate	0.0016798152211994336
rate	0.0017991476570884347
rate	0.001927197214608576
rate	0.0020648358578051816
rate	0.002213160223847171
rate	1.6626112982828e-05
rate	1.4185848057119074e-06
rate	8.817346535718383e-07
rate	6.955050949916127e-07
rate	5.64056545075819e-07
rate	5.092887948050976e-07
rate	4.654750218697503e-07
rate	4.216620158129354e-07
rate	3.942794279253992e-07
rate	3.6689711390162665e-07
rate	3.504676269031571e-07
rate	3.504676269031571e-07
rate	4.216620158129354e-07
rate	5.311951061127159e-07
rate	7.064569357451932e-07
rate	8.981626607416271e-07
rate	1.0624925381503503e-06
rate	1.1994416375431254e-06
rate	1.2542231954374234e-06
rate	1.2706581067433312e-06
rate	1.2761370133957967e-06
rate	1.2925722535625342e-06
rate	1.3090076581648956e-06
rate	1.3090076581648956e-06
rate	1.3199638272470162e-06
rate	1.3199638272470162e-06
rate	1.3309201059396044e-06
rate	1.3857042946891043e-06
rate	1.440489579688046e-06
rate	1.5226695627499837e-06
rate	1.6212892262293114e-06
rate	1.7308703214884462e-06
rate	1.851414164559519e-06
rate	1.9829224006766722e-06
rate	2.125397004441396e-06
rate	2.267879615108802e-06
rate	2.4432530511407464e-06
rate	2.6295999882365117e-06
rate	2.8598104873425445e-06
rate	3.1174499740427762e-06
rate	3.4025261906543215e-06
rate	3.687632159648661e-06
rate	4.0166368357149455e-06
rate	4.3785865947742205e-06
rate	4.773495290220975e-06
rate	5.245268258296903e-06
rate	5.7829716395290175e-06
rate	6.3811578672849365e-06
rate	7.0233904887591005e-06
rate	7.693230268147758e-06
rate	8.462102998371904e-06
rate	9.335592512590913e-06
rate	1.0280819181733921e-05
rate	1.131433927415427e-05
rate	1.2425251679442734e-05
rate	1.3674170872843708e-05
rate	1.507231248095045e-05
rate	1.6630937795732808e-05
rate	1.8344821022113413e-05
rate	2.0192181859317535e-05
rate	2.215117136127208e-05
rate	2.4266198264122284e-05
rate	2.6537674691654793e-05
rate	2.8971531722423904e-05
rate	3.1584823783306436e-05
rate	3.435031491820435e-05
rate	3.715194572745489e-05
rate	4.033427501503648e-05
rate	4.400436527830332e-05
rate	4.824225426905649e-05
rate	5.298360805614679e-05
rate	5.833165646376848e-05
rate	6.43682900150758e-05
rate	7.102491621056654e-05
rate	7.824970189906105e-05
rate	8.604164072840074e-05
rate	9.458719692700664e-05
rate	0.00010433132519443806
rate	0.00011564637460641552
rate	0.00012870077926494243
rate	0.00014339242417874893
rate	0.00015949806090381752
rate	0.000177346005654538
rate	0.0001969935359188919
rate	0.0002187515610819343
rate	0.0002435008886907701
rate	0.0002715637043242086
rate	0.0003022523397768368
rate	0.0003353431697359603
rate	0.000371521797637573
rate	0.00041288607274168475
rate	0.00045968172052776373
rate	0.0005095860217545718
rate	0.0005610852091321725
rate	0.0006150575619220675
rate	0.0006731211412640084
rate	0.0007364010393369561
rate	0.0008019744973409888
rate	0.0008701077181112323
rate	0.0009411845856800074
rate	0.0010180806431477874
rate	0.0011012626131204554
rate	0.0011912293079784067
rate	0.001288517272410649
rate	0.001393779436153169
rate	0.0015077456127454642
rate	0.0016311855043861182
rate	0.0017651103528517995
rate	0.0019106500582127218
rate	0.0020692831408242844
rate	5.014293921116818e-05
rate	3.243585971534928e-06
rate	1.966518745129086e-06
rate	1.5829610538757082e-06
rate	1.2597142689867867e-06
rate	1.117281713147664e-06
rate	1.0131996408872876e-06
rate	9.255555488328844e-07
rate	8.214817514205291e-07
rate	6.626416837897622e-07
rate	5.585790634021585e-07
rate	5.859632945885404e-07
rate	8.598228088190755e-07
rate	1.4678959531281307e-06
rate	2.2843582916437553e-06
rate	3.2052431284252614e-06
rate	4.049667582483469e-06
rate	4.8394850563042695e-06
rate	5.530740879095114e-06
rate	6.139826451939279e-06
rate	6.787468540363526e-06
rate	7.479194135563998e-06
rate	7.9898792594951e-06
rate	8.270001769406211e-06
rate	8.357940527342834e-06
rate	8.369008721530665e-06
rate	8.429508212576345e-06
rate	8.594406313688728e-06
rate	8.92964377918777e-06
rate	9.40781707893678e-06
rate	9.9245548926647e-06
rate	1.0413928770190798e-05
rate	1.0980350304084546e-05
rate	1.1585383220573579e-05
rate	1.226208370739702e-05
rate	1.2982999300476855e-05
rate	1.3770144739675886e-05
rate	1.4568428429703074e-05
rate	1.5383297093317617e-05
rate	1.6214763531123998e-05
rate	1.7085038343462916e-05
rate	1.8043819214472097e-05
rate	1.915179995874868e-05
rate	2.0420180218295532e-05
rate	2.1882335646543916e-05
rate	2.3549607513133754e-05
rate	2.539481040958971e-05
rate	2.7357503125367156e-05
rate	2.932724209434745e-05
rate	3.131511302741735e-05
rate	3.3420873413559835e-05
rate	3.575016822070442e-05
rate	3.8303663215830645e-05
rate	4.122097090427631e-05
rate	4.44976672323593e-05
rate	4.8090202317678577e-05
rate	5.196074342403344e-05
rate	5.601572163057037e-05
rate	6.0127479624428e-05
rate	6.425162843757348e-05
rate	6.835977000418354e-05
rate	7.265395212257437e-05
rate	7.752397010166607e-05
rate	8.319272826510253e-05
rate	8.957451683668054e-05
rate	9.631710803441008e-05
rate	0.0001032462223004147
rate	0.00011050571166796113
rate	0.0001182413425680303
rate	0.0001266240849010503
rate	0.0001359083397016184
rate	0.00014613192415001332
rate	0.00015697318401473049
rate	0.0001679307214083053
rate	0.00017877751911446032
rate	0.00018973657262669598
rate	0.00020138870941104452
rate	0.00021410983352310715
rate	0.00022868940738361615
rate	0.00024552805604491395
rate	0.00026511454843383236
rate	0.00028669240968721895
rate	0.00030895602633118147
rate	0.00032955852147959765
rate	0.00034790318955215484
rate	0.00036635888855045777
rate	0.0003877604580086645
rate	0.00041259713411194427
rate	0.00044273532872756945
rate	0.00047845322624810835
rate	0.0005192553377095517
rate	0.0005632617186758506
rate	0.0006075899394513129
rate	0.0006461209168307677
rate	0.0006781240551849973
rate	0.0007124512667772007
rate	0.0007563857937591784
rate	0.0008030766071823286
rate	0.0008526840355249123
rate	0.0009054067750761788
rate	0.0009614777616414427
rate	0.0010210514943989266
rate	0.0010844695609006313
rate	0.0011519451975144238
rate	0.0012237845561410363
rate	0.0013003335973681882
rate	0.0013820086867113433
rate	0.0014692199818854082
rate	0.0015624281070791453
rate	0.0016623180926869984
rate	4.136108414809102e-05
rate	2.6680162433512034e-06
rate	1.5829610538757082e-06
rate	1.2104070685345135e-06
rate	9.638978664786906e-07
rate	8.598265893386132e-07
rate	7.448014445502624e-07
rate	6.407347151679151e-07
rate	5.804875110758662e-07
rate	5.531033346475285e-07
rate	5.366725329943018e-07
rate	5.64056545075819e-07
rate	6.18825390938378e-07
rate	7.119345818311236e-07
rate	8.379117311817641e-07
rate	9.912830287128881e-07
rate	1.1556184956865014e-06
rate	1.3090076581648956e-06
rate	1.4897987535433104e-06
rate	1.6541641468760334e-06
rate	1.851416960897884e-06
rate	2.0596430510805157e-06
rate	2.2569254769179165e-06
rate	2.4323022597818366e-06
rate	2.5912472067771203e-06
rate	2.739241200151619e-06
rate	2.925612994286458e-06
rate	3.128445980740292e-06
rate	3.3861192820308857e-06
rate	3.687684865117536e-06
rate	4.005739490221143e-06
rate	4.329307623127502e-06
rate	4.6638811883087785e-06
rate	5.0039712372684455e-06
rate	5.3825054088540445e-06
rate	5.750120869643894e-06
rate	6.145225654861097e-06
rate	6.606250897667383e-06
rate	7.1002851510239825e-06
rate	7.660299665632242e-06
rate	8.275353348268303e-06
rate	8.934497541485006e-06
rate	9.626774363627613e-06
rate	1.033571721392445e-05
rate	1.1088828083471097e-05
rate	1.1941138989143821e-05
rate	1.2898246613085578e-05
rate	1.3960262600099569e-05
rate	1.50887728901801e-05
rate	1.628936625953917e-05
rate	1.7589694414162667e-05
rate	1.900644801018596e-05
rate	2.0517728028558917e-05
rate	2.2118155014489388e-05
rate	2.386865223192998e-05
rate	2.574183103251492e-05
rate	2.7837514080960064e-05
rate	3.0206133326905443e-05
rate	3.2870643434764374e-05
rate	3.573205109103726e-05
rate	3.8657637714611694e-05
rate	4.170306069813439e-05
rate	4.495776802192344e-05
rate	4.8511601499590496e-05
rate	5.234893966314836e-05
rate	5.6409618015041406e-05
rate	6.048768494640579e-05
rate	6.471746185404704e-05
rate	6.921204796642421e-05
rate	7.410781310533285e-05
rate	7.945210292609176e-05
rate	8.539994764843703e-05
rate	9.207403780124504e-05
rate	9.931478496716934e-05
rate	0.00010692175554807615
rate	0.00011480112820481557
rate	0.00012319610608422043
rate	0.00013250807010646863
rate	0.00014328833206432145
rate	0.00015578560955395982
rate	0.00017023302498290875
rate	0.00018618111323173638
rate	0.00020312506613758298
rate	0.00022007337932901955
rate	0.00023684675936642944
rate	0.00025451203838428504
rate	0.00027466438654866367
rate	0.00029688197947705505
rate	0.00032185949682260245
rate	0.00035005627118772913
rate	0.00038221250175003545
rate	0.00041771009801191023
rate	0.0004541933877053256
rate	0.0004887917349328931
rate	0.0005224070486121721
rate	0.0005596627128398063
rate	0.0006045008515947757
rate	0.000652669207684153
rate	0.0007043614556804636
rate	0.0007553914603426885
rate	0.0008102203130894731
rate	0.0008690817539270323
rate	0.0009323373688181141
rate	0.001000328203871015
rate	0.001073469561150773
rate	0.0011522082473214147
rate	0.0012370455693691592
rate	0.0013285675777985231
rate	0.0014275018741639505
rate	0.001534644751335227
rate	2.0475248788104822e-05
rate	1.5610309825554661e-06
rate	1.1501455900426039e-06
rate	8.625630017095809e-07
rate	7.256307515575709e-07
rate	6.434733191040383e-07
rate	6.023956301219272e-07
rate	5.613186259366551e-07
rate	5.06550930424404e-07
rate	4.3809240659692113e-07
rate	3.6963566298330457e-07
rate	3.8332717601866766e-07
rate	5.613186259366551e-07
rate	9.173378194354609e-07
rate	1.4103640614565229e-06
rate	1.958275847685481e-06
rate	2.4651949517911683e-06
rate	2.8625750164603784e-06
rate	3.136656656334291e-06
rate	3.301117658378305e-06
rate	3.4655860693791418e-06
rate	3.6437739726884e-06
rate	3.753436048693676e-06
rate	3.7808571957845943e-06
rate	3.7534504618755427e-06
rate	3.698630816116543e-06
rate	3.671229846169248e-06
rate	3.6849514008597903e-06
rate	3.780922536852448e-06
rate	3.931726775004565e-06
rate	4.1099594411088685e-06
rate	4.288204330180416e-06
rate	4.480168997492114e-06
rate	4.713273356244273e-06
rate	4.973825786585711e-06
rate	5.248114755700571e-06
rate	5.549872828859595e-06
rate	5.865371710237748e-06
rate	6.208341493287447e-06
rate	6.565075191004367e-06
rate	6.963027505731599e-06
rate	7.388493393975549e-06
rate	7.88267295052051e-06
rate	8.45933485824187e-06
rate	9.132265601426381e-06
rate	9.915273213662788e-06
rate	1.0794710578815219e-05
rate	1.1729426776088415e-05
rate	1.2678219764938048e-05
rate	1.362735087346295e-05
rate	1.4700699402185797e-05
rate	1.5953513078661745e-05
rate	1.738602599992128e-05
rate	1.9026077103460857e-05
rate	2.0929192019159222e-05
rate	2.3026850669850905e-05
rate	2.5388623077114854e-05
rate	2.802913069442115e-05
rate	3.094929968699448e-05
rate	3.409460471465239e-05
rate	3.742387573903548e-05
rate	4.099316548849151e-05
rate	4.483149537719295e-05
rate	4.8954047596416994e-05
rate	5.337605119260995e-05
rate	5.7987105235818593e-05
rate	6.27881110866548e-05
rate	6.825694316319939e-05
rate	7.459477009595593e-05
rate	8.183619777744563e-05
rate	8.976261630493104e-05
rate	9.845048012071998e-05
rate	0.00010807716363509369
rate	0.000118551409624018
rate	0.00012981072179865365
rate	0.00014209594490535672
rate	0.00015548000878828108
rate	0.00017009448390293354
rate	0.00018622321438816977
rate	0.00020415865942184655
rate	0.00022450242759111628
rate	0.0002472174903872745
rate	0.0002716479658329119
rate	0.0002970397702511812
rate	0.0003234332466344581
rate	0.00035299755314330294
rate	0.0003867976395700949
rate	0.0004237200207990689
rate	0.0004634793248478775
rate	0.0005062754840322643
rate	0.000553050788473914
rate	0.0006047029702724834
rate	0.0006602375160292254
rate	0.0007184085392212872
rate	0.0007779799318393731
rate	0.0008391097248116178
rate	0.0009062288314414108
rate	0.0009748101512510121
rate	0.001046575365633998
rate	0.0011234254364951267
rate	0.0012056416935739707
rate	0.0012935836804906279
rate	0.0013875679975837519
rate	0.0014879758220031599
rate	0.0015952374441394052
rate	0.0017097639303031513
rate	0.001832128889112814
rate	0.001962880886875221
rate	0.0021027401368245106
rate	0.0022526154159524573
rate	1.6201981501550102e-05
rate	1.3692788384267058e-06
rate	8.488702561235922e-07
rate	6.708583994503661e-07
rate	5.47626154269949e-07
rate	4.928587326661736e-07
rate	4.5178350883158715e-07
rate	4.107089697060194e-07
rate	3.8332649136428066e-07
rate	3.5594428688414483e-07
rate	3.4225304771875354e-07
rate	3.4225304771875354e-07
rate	4.107089697060194e-07
rate	5.202416218006964e-07
rate	6.982412883931129e-07
rate	8.899464381072652e-07
rate	1.0542758223527623e-06
rate	1.1912245107309563e-06
rate	1.2460059042079083e-06
rate	1.259701663629498e-06
rate	1.2597023487223358e-06
rate	1.2733983821946168e-06
rate	1.2870945526965847e-06
rate	1.2870945526965847e-06
rate	1.3007897640492355e-06
rate	1.3007897640492355e-06
rate	1.3144851124149706e-06
rate	1.3692689723001678e-06
rate	1.4240539284216452e-06
rate	1.5062334181427072e-06
rate	1.6021130526500345e-06
rate	1.711693380382491e-06
rate	1.8349760462925363e-06
rate	1.9719631068351352e-06
rate	2.122657030174196e-06
rate	2.273359865290875e-06
rate	2.4514739612172716e-06
rate	2.643302465065168e-06
rate	2.8762548586601455e-06
rate	3.1366368985891237e-06
rate	3.4244564097369336e-06
rate	3.712306250142125e-06
rate	4.0413138914730385e-06
rate	4.3977823594943756e-06
rate	4.781723200286046e-06
rate	5.234295897938614e-06
rate	5.755535515774904e-06
rate	6.331762449567968e-06
rate	6.9630043905084604e-06
rate	7.621847703750074e-06
rate	8.37696954057336e-06
rate	9.228455815544658e-06
rate	1.014891429332247e-05
rate	1.1165891144137943e-05
rate	1.2265743326961847e-05
rate	1.3517340986519829e-05
rate	1.492090779937633e-05
rate	1.647669267688505e-05
rate	1.817118783319825e-05
rate	1.9990854083280065e-05
rate	2.193590113244776e-05
rate	2.406180888943672e-05
rate	2.6341408024102055e-05
rate	2.8775090515378512e-05
rate	3.137711815883224e-05
rate	3.4134083437663675e-05
rate	3.6907744994398675e-05
rate	4.007312247512812e-05
rate	4.3728954138002804e-05
rate	4.7932985438821094e-05
rate	5.261799001022738e-05
rate	5.7912199531782695e-05
rate	6.39310947344484e-05
rate	7.062317308917105e-05
rate	7.795110816062126e-05
rate	8.592015999537577e-05
rate	9.464954834579429e-05
rate	0.00010455887973879432
rate	0.00011597485104499294
rate	0.00012905952930803506
rate	0.00014375021892599162
rate	0.00015988409277682903
rate	0.0001777637818965183
rate	0.00019746729664579143
rate	0.00021928546929495004
rate	0.00024398576083306273
rate	0.0002718721196331848
rate	0.00030241439254055733
rate	0.00033546695916643343
rate	0.00037165036983361264
rate	0.00041275555564173385
rate	0.00045903419863586425
rate	0.0005086134740475793
rate	0.0005602789109214797
rate	0.0006148210867778861
rate	0.0006736428802546985
rate	0.0007377380739773574
rate	0.0008047294889110344
rate	0.0008748938971196513
rate	0.0009486022133286542
rate	0.0010283038630886283
rate	0.0011144361818057748
rate	0.0012074571609415686
rate	0.0013078481906414687
rate	0.0014161848119663182
rate	0.001533110308400849
rate	0.0016592692891669973
rate	0.00179552118052037
rate	0.0019428008597863614
rate	0.0021023537259784583
rate	4.901129483786977e-05
rate	3.1366873906051184e-06
rate	1.876107736791959e-06
rate	1.5062590452298732e-06
rate	1.2049331493688347e-06
rate	1.0679811716349138e-06
rate	9.72117294770352e-07
rate	8.899519173697935e-07
rate	7.940953014558928e-07
rate	6.434722234488241e-07
rate	5.476254695333847e-07
rate	5.750095911608509e-07
rate	8.351746340249528e-07
rate	1.4103714612735586e-06
rate	2.191196834817627e-06
rate	3.068197094652519e-06
rate	3.876938565614163e-06
rate	4.644767596129253e-06
rate	5.33048827140229e-06
rate	5.947760105007445e-06
rate	6.6063338472112376e-06
rate	7.3062486304681314e-06
rate	7.814155991790531e-06
rate	8.075040193464486e-06
rate	8.130023123786055e-06
rate	8.102650084459664e-06
rate	8.130194983331591e-06
rate	8.25388781162964e-06
rate	8.542400491002428e-06
rate	8.968323715631427e-06
rate	9.435535094887611e-06
rate	9.87537103503307e-06
rate	1.0397717539990983e-05
rate	1.0961398001926823e-05
rate	1.1593962825236135e-05
rate	1.2267961472116277e-05
rate	1.301089861151484e-05
rate	1.378145194348633e-05
rate	1.4593334722274153e-05
rate	1.5446581637241585e-05
rate	1.6341393489588157e-05
rate	1.7319195283240318e-05
rate	1.8448927838297326e-05
rate	1.9744552046634005e-05
rate	2.1233931488724524e-05
rate	2.2931170914822427e-05
rate	2.479529189194925e-05
rate	2.6757554769057578e-05
rate	2.8707499339227523e-05
rate	3.0658935543990174e-05
rate	3.272263962383258e-05
rate	3.5009754660739013e-05
rate	3.7507061722267846e-05
rate	4.03540781033487e-05
rate	4.3551872396500164e-05
rate	4.7087478491344865e-05
rate	5.0920354689113645e-05
rate	5.492632295714165e-05
rate	5.89525546266492e-05
rate	6.29433183399873e-05
rate	6.691208867925968e-05
rate	7.108323983240849e-05
rate	7.582387326806245e-05
rate	8.137636270769564e-05
rate	8.766068916551499e-05
rate	9.431361048036591e-05
rate	0.00010119506894253378
rate	0.00010844911651499055
rate	0.00011620747671682802
rate	0.0001246040291601103
rate	0.0001338325886387822
rate	0.00014394460984980663
rate	0.00015470193709442266
rate	0.00016570268588551694
rate	0.00017674490767302444
rate	0.00018800642252598875
rate	0.00019996318710005138
rate	0.00021297936907741955
rate	0.0002277105345702519
rate	0.0002445132211457979
rate	0.0002638031197858408
rate	0.00028496369234827474
rate	0.00030691631867318795
rate	0.00032772544238412376
rate	0.0003468994076977461
rate	0.00036643400706623227
rate	0.0003887039524049786
rate	0.00041413546234714054
rate	0.00044430358224165566
rate	0.0004794448240715741
rate	0.0005191792187289231
rate	0.0005619473245622722
rate	0.0006053665451910459
rate	0.0006443644902940445
rate	0.0006783380196668851
rate	0.0007146941519364587
rate	0.0007595111662718089
rate	0.0008071023631892908
rate	0.0008576198651934876
rate	0.0009112498430154073
rate	0.0009681961529747049
rate	0.0010286053526098586
rate	0.00109278198752296
rate	0.0011609188576255265
rate	0.0012332733946272614
rate	0.001310158915013791
rate	0.00139192703049839
rate	0.0014789323400493121
rate	0.001571556093802758
rate	0.0016703908905729352
rate	4.0355265927891675e-05
rate	2.56114013213314e-06
rate	1.5062590452298732e-06
rate	1.163843815658607e-06
rate	9.310324827631876e-07
rate	8.214851758320608e-07
rate	7.119386907492408e-07
rate	6.160885126715151e-07
rate	5.613186259366551e-07
rate	5.33934641234586e-07
rate	5.202423065235636e-07
rate	5.47626154269949e-07
rate	6.023946714523823e-07
rate	6.982418362424861e-07
rate	8.214796968437227e-07
rate	9.721112672197981e-07
rate	1.1364455834101762e-06
rate	1.2870945526965847e-06
rate	1.4651449066343656e-06
rate	1.629508819855636e-06
rate	1.8212805615034109e-06
rate	2.026764511476137e-06
rate	2.218564493438734e-06
rate	2.3829780334032293e-06
rate	2.5336991080443516e-06
rate	2.6707281298726146e-06
rate	2.848873362527857e-06
rate	3.040737398276255e-06
rate	3.2874382353710953e-06
rate	3.5752863011425527e-06
rate	3.876878162071096e-06
rate	4.192205314377819e-06
rate	4.521277648318291e-06
rate	4.8640925594342886e-06
rate	5.248093318436873e-06
rate	5.618434071391545e-06
rate	6.016263593762556e-06
rate	6.482755543645265e-06
rate	6.990491143351453e-06
rate	7.566955106986176e-06
rate	8.19846362545355e-06
rate	8.871322602172905e-06
rate	9.571825576433866e-06
rate	1.0286250399066302e-05
rate	1.1042096525455869e-05
rate	1.189439288127188e-05
rate	1.2843232129374932e-05
rate	1.3888716455738564e-05
rate	1.4989669154369615e-05
rate	1.6159925511343947e-05
rate	1.742712974011923e-05
rate	1.8805207401762303e-05
rate	2.0280522267621368e-05
rate	2.185321504566206e-05
rate	2.3578691458780794e-05
rate	2.544338246901222e-05
rate	2.7544367472245005e-05
rate	2.9896127340977714e-05
rate	3.24993905894994e-05
rate	3.527167493853281e-05
rate	3.8102393899992236e-05
rate	4.107495363468343e-05
rate	4.427327714378766e-05
rate	4.779558274164845e-05
rate	5.162912766506362e-05
rate	5.5691531283036735e-05
rate	5.9746147968622964e-05
rate	6.397477868271558e-05
rate	6.847656417927662e-05
rate	7.337944771037354e-05
rate	7.871386389099397e-05
rate	8.465163433948551e-05
rate	9.133804835415952e-05
rate	9.865062287226582e-05
rate	0.0001063951826711174
rate	0.00011447568633371046
rate	0.0001231101929598541
rate	0.0001326488846204334
rate	0.0001435624302148426
rate	0.00015606965808422782
rate	0.00017038162091185296
rate	0.00018613129549765415
rate	0.0002029157243948326
rate	0.00021992207013519664
rate	0.0002370199144701257
rate	0.0002551130837695531
rate	0.0002755515157129915
rate	0.00029800536469812847
rate	0.0003230763967053622
rate	0.000351161217441711
rate	0.0003829020934501404
rate	0.00041780577465110535
rate	0.00045393809214533745
rate	0.0004889324808025925
rate	0.0005235572893915449
rate	0.0005617063962458156
rate	0.0006066808928194554
rate	0.0006549610662600329
rate	0.000706746694722878
rate	0.0007585735526442134
rate	0.0008141864658734854
rate	0.0008737982111645306
rate	0.0009377436834705256
rate	0.0010063382265524735
rate	0.0010799357546768002
rate	0.0011589389846043394
rate	0.0012437854868253542
rate	0.0013349785090544727
rate	0.0014331487471836734
rate	0.0015389627705047525
rate	1.9829782684708626e-05
rate	1.5117215618841057e-06
rate	1.1117995736331964e-06
rate	8.324371533785325e-07
rate	6.955064099182155e-07
rate	6.188268700877113e-07
rate	5.804880041354448e-07
rate	5.421497407974439e-07
rate	4.87382428733834e-07
rate	4.216626731118248e-07
rate	3.5594456074599083e-07
rate	3.668977711742813e-07
rate	5.421497407974439e-07
rate	8.872113683855034e-07
rate	1.3692751387772844e-06
rate	1.9062194622576686e-06
rate	2.3994273417349733e-06
rate	2.788575715488282e-06
rate	3.0681319254818614e-06
rate	3.238071118915962e-06
rate	3.413501016675067e-06
rate	3.599910020944753e-06
rate	3.70957033998494e-06
rate	3.726024510753557e-06
rate	3.6821686849736677e-06
rate	3.6109011551363576e-06
rate	3.567051916577272e-06
rate	3.567065258332524e-06
rate	3.649324090684234e-06
rate	3.7918957242678244e-06
rate	3.961893395932534e-06
rate	4.131902218270214e-06
rate	4.3183712570445245e-06
rate	4.554204407531933e-06
rate	4.817484528094394e-06
rate	5.097244041179487e-06
rate	5.3989854848844605e-06
rate	5.722698144654735e-06
rate	6.079370384350973e-06
rate	6.452553818464691e-06
rate	6.8697035351826e-06
rate	7.31437166420976e-06
rate	7.825012309435122e-06
rate	8.412647363827568e-06
rate	9.088313628668895e-06
rate	9.868560885100883e-06
rate	1.0736988575991355e-05
rate	1.165518743118344e-05
rate	1.2584700779558018e-05
rate	1.3509035853711087e-05
rate	1.454380171593855e-05
rate	1.573871271620555e-05
rate	1.7110496798254482e-05
rate	1.8692487005807013e-05
rate	2.054571048565269e-05
rate	2.260994352376057e-05
rate	2.4940959213320435e-05
rate	2.752848044103129e-05
rate	3.0356739007802383e-05
rate	3.3382160163996005e-05
rate	3.661619633425701e-05
rate	4.013162860605233e-05
rate	4.391865495871496e-05
rate	4.7978512322033965e-05
rate	5.232914537972327e-05
rate	5.6860134131207614e-05
rate	6.15779226489877e-05
rate	6.698258188708419e-05
rate	7.325274575137618e-05
rate	8.039470813071158e-05
rate	8.815568919426156e-05
rate	9.665397062119328e-05
rate	0.00010611198611103671
rate	0.00011648721193594675
rate	0.0001277265346640258
rate	0.00014003698882116968
rate	0.00015342255408157935
rate	0.00016806097715693112
rate	0.00018420113718147768
rate	0.00020210559356258827
rate	0.00022227951638190558
rate	0.00024472434998030573
rate	0.00026894805189468075
rate	0.00029438793766815076
rate	0.00032110697533778584
rate	0.0003508796201489064
rate	0.0003846060985400642
rate	0.00042143480302255485
rate	0.0004611801360575768
rate	0.0005040553613847221
rate	0.0005508594239238567
rate	0.0006023674361883242
rate	0.0006578262488114737
rate	0.0007162943032529025
rate	0.0007768304438707098
rate	0.0008396156115458388
rate	0.0009082492258973434
rate	0.00097914884007301
rate	0.0010537456444359467
rate	0.0011335974346086757
rate	0.00121897232167776
rate	0.0013101895191617876
rate	0.0014075288572169828
rate	0.0015113246947366656
rate	0.0016219429407074411
rate	0.001739712639406869
rate	0.001865110121137193
rate	0.0019985645591418665
rate	0.00214064441584384
rate	0.0022920706080577437
rate	1.5777850020272206e-05
rate	1.3199728711415043e-06
rate	8.16005858675346e-07
rate	6.462117039091196e-07
rate	5.311957634640792e-07
rate	4.7642867052724967e-07
rate	4.38091995793424e-07
rate	3.997559235991034e-07
rate	3.7237355480316217e-07
rate	3.4499145986666306e-07
rate	3.3403846853435004e-07
rate	3.3403846853435004e-07
rate	3.997559235991034e-07
rate	5.09288137488677e-07
rate	6.900256410410324e-07
rate	8.817302154729033e-07
rate	1.0460591065551743e-06
rate	1.183007383918787e-06
rate	1.237788612978393e-06
rate	1.2487452205156647e-06
rate	1.2432676840488745e-06
rate	1.2542245108266995e-06
rate	1.2651814472282738e-06
rate	1.2651814472282738e-06
rate	1.2816157008514546e-06
rate	1.2816157008514546e-06
rate	1.2980501188903369e-06
rate	1.3528336499112312e-06
rate	1.4076182771552444e-06
rate	1.4897972735354306e-06
rate	1.5829368790707573e-06
rate	1.6925164392765356e-06
rate	1.8185379280255535e-06
rate	1.9610038129935982e-06
rate	2.1199170559069965e-06
rate	2.2788401154729485e-06
rate	2.4596948712937964e-06
rate	2.657004941893824e-06
rate	2.892699229977746e-06
rate	3.155823823135471e-06
rate	3.446386628819546e-06
rate	3.736980340635589e-06
rate	4.0659909472311316e-06
rate	4.416978124214531e-06
rate	4.789951110351118e-06
rate	5.223323537580325e-06
rate	5.728099392020791e-06
rate	6.282367031850999e-06
rate	6.90261829225782e-06
rate	7.550465139352391e-06
rate	8.291836082774815e-06
rate	9.121319118498402e-06
rate	1.0017009404911018e-05
rate	1.1017443014121616e-05
rate	1.210623497448096e-05
rate	1.336051110019595e-05
rate	1.4769503117802208e-05
rate	1.6322447558037293e-05
rate	1.7997554644283088e-05
rate	1.9789526307242596e-05
rate	2.172063090362344e-05
rate	2.3857419514751156e-05
rate	2.6145141356549317e-05
rate	2.8578649308333124e-05
rate	3.1169412534358046e-05
rate	3.3917851957122994e-05
rate	3.666354426134246e-05
rate	3.9811969935219756e-05
rate	4.345354299770228e-05
rate	4.7623716608585705e-05
rate	5.225237196430797e-05
rate	5.749274259979692e-05
rate	6.349389945382099e-05
rate	7.022142996777557e-05
rate	7.765251442218148e-05
rate	8.579867926235081e-05
rate	9.471189976458193e-05
rate	0.00010478643428315057
rate	0.00011630332748357037
rate	0.00012941827935112772
rate	0.0001441080136732343
rate	0.00016027012464984053
rate	0.00017818155813849855
rate	0.00019794105737269092
rate	0.00021981937750796578
rate	0.00024447063297535534
rate	0.00027218053494216095
rate	0.0003025764453042778
rate	0.0003355907485969065
rate	0.00037177894202965227
rate	0.00041262503854178295
rate	0.00045838667674396477
rate	0.0005076409263405868
rate	0.0005594726127107869
rate	0.0006145846116337047
rate	0.0006741646192453885
rate	0.0007390751086177585
rate	0.0008074844804810799
rate	0.0008796800761280703
rate	0.000956019840977301
rate	0.0010385270830294692
rate	0.001127609750491094
rate	0.0012236850139047304
rate	0.001327179108872288
rate	0.0014385901877794673
rate	0.001558475004056234
rate	0.0016873530739478766
rate	0.0018259320081889404
rate	0.001974951661360001
rate	0.0021354243111326317
rate	4.7879650464571366e-05
rate	3.0297888096753086e-06
rate	1.7856967284548322e-06
rate	1.4295570365840382e-06
rate	1.1501520297508828e-06
rate	1.0186806301221637e-06
rate	9.310349486534162e-07
rate	8.543482859067027e-07
rate	7.667088514912563e-07
rate	6.24302763107886e-07
rate	5.366718756646108e-07
rate	5.640558877331612e-07
rate	8.105264592308301e-07
rate	1.3528469694189866e-06
rate	2.098035377991499e-06
rate	2.9311510608797766e-06
rate	3.7042095487448583e-06
rate	4.450050135954235e-06
rate	5.130235663709467e-06
rate	5.7556937580756115e-06
rate	6.425199154058949e-06
rate	7.133303125372266e-06
rate	7.638432724085961e-06
rate	7.880078617522759e-06
rate	7.902105720229276e-06
rate	7.836291447388661e-06
rate	7.830881754086837e-06
rate	7.913369309570554e-06
rate	8.155157202817086e-06
rate	8.528830352326072e-06
rate	8.94651529711052e-06
rate	9.336813299875344e-06
rate	9.815084775897421e-06
rate	1.0337412783280067e-05
rate	1.092584194307525e-05
rate	1.1552923643755698e-05
rate	1.2251652483353797e-05
rate	1.2994475457269582e-05
rate	1.380337235123069e-05
rate	1.4678399743359173e-05
rate	1.55977486357134e-05
rate	1.659457135200854e-05
rate	1.7746055717845972e-05
rate	1.9068923874972474e-05
rate	2.0585527330905136e-05
rate	2.23127343165111e-05
rate	2.4195773374308788e-05
rate	2.6157606412748e-05
rate	2.8087756584107597e-05
rate	3.0002758060562997e-05
rate	3.2024405834105325e-05
rate	3.426934110077361e-05
rate	3.6710460228705046e-05
rate	3.948718530242108e-05
rate	4.260607756064102e-05
rate	4.6084754665011154e-05
rate	4.987996595419386e-05
rate	5.383692428371293e-05
rate	5.77776296288704e-05
rate	6.163500824240113e-05
rate	6.546440735433582e-05
rate	6.951252754224262e-05
rate	7.412377643445884e-05
rate	7.955999715028876e-05
rate	8.574686149434944e-05
rate	9.231011292632174e-05
rate	9.914391558465285e-05
rate	0.00010639252136201997
rate	0.00011417361086562574
rate	0.00012258397341917033
rate	0.000131756837575946
rate	0.0001417572955495999
rate	0.00015243069017411486
rate	0.00016347465036272858
rate	0.00017471229623158857
rate	0.00018627627242528153
rate	0.0001985376647890582
rate	0.00021184890463173196
rate	0.0002267316617568876
rate	0.00024349838624668178
rate	0.0002624916911378493
rate	0.00028323497500933053
rate	0.0003048766110151944
rate	0.0003258923632886498
rate	0.0003458956258433373
rate	0.0003665091255820067
rate	0.00038964744680129276
rate	0.0004156737905823368
rate	0.0004458718357557418
rate	0.00048043642189503984
rate	0.0005191030997482946
rate	0.0005606329304486938
rate	0.0006031431509307788
rate	0.0006426080637573214
rate	0.0006785519841487729
rate	0.0007169370370957166
rate	0.0007626365387844394
rate	0.0008111281191962531
rate	0.000862555694862063
rate	0.0009170929109546359
rate	0.0009749145443079671
rate	0.0010361592108207908
rate	0.0011010944141452888
rate	0.0011698925177366295
rate	0.0012427622331134863
rate	0.0013199842326593937
rate	0.0014018453742854367
rate	0.0014886446982132163
rate	0.001580684080526371
rate	0.0016784636884588722
rate	3.9349447707692336e-05
rate	2.4542640209150762e-06
rate	1.4295570365840382e-06
rate	1.1172805627827007e-06
rate	8.981670990476849e-07
rate	7.831437623255083e-07
rate	6.790759369482193e-07
rate	5.914423101751151e-07
rate	5.421497407974439e-07
rate	5.147659478216434e-07
rate	5.038120800528256e-07
rate	5.311957634640792e-07
rate	5.859639519663864e-07
rate	6.845490906538486e-07
rate	8.050476625056811e-07
rate	9.529395057267083e-07
rate	1.117272671133851e-06
rate	1.2651814472282738e-06
rate	1.4404910597254207e-06
rate	1.6048534928352388e-06
rate	1.7911441621089377e-06
rate	1.993885971871759e-06
rate	2.1802035099595513e-06
rate	2.3336538070246224e-06
rate	2.476151009311583e-06
rate	2.602215059593611e-06
rate	2.772133730769256e-06
rate	2.953028815812218e-06
rate	3.1887571887113044e-06
rate	3.462887737167569e-06
rate	3.748016833921049e-06
rate	4.055103005628137e-06
rate	4.378674108327802e-06
rate	4.724213881600131e-06
rate	5.113681228019701e-06
rate	5.4867472731391965e-06
rate	5.887301532664014e-06
rate	6.3592601896231475e-06
rate	6.880697135678923e-06
rate	7.473610548340112e-06
rate	8.121573902638797e-06
rate	8.808147662860805e-06
rate	9.516876789240121e-06
rate	1.0236783584208155e-05
rate	1.099536496744064e-05
rate	1.1847646773399938e-05
rate	1.2788217645664287e-05
rate	1.3817170311377558e-05
rate	1.489056541855913e-05
rate	1.6030484763148725e-05
rate	1.7264565066075795e-05
rate	1.860396679333864e-05
rate	2.004331650668382e-05
rate	2.158827507683473e-05
rate	2.328873068563161e-05
rate	2.514493390550952e-05
rate	2.7251220863529946e-05
rate	2.9586121355049986e-05
rate	3.212813774423442e-05
rate	3.4811298786028365e-05
rate	3.7547150085372785e-05
rate	4.0446846571232467e-05
rate	4.358878626565188e-05
rate	4.707956398370641e-05
rate	5.090931566697888e-05
rate	5.497344455103207e-05
rate	5.9004610990840136e-05
rate	6.32320955113841e-05
rate	6.774108039212903e-05
rate	7.265108231541422e-05
rate	7.797562485589618e-05
rate	8.390332103053398e-05
rate	9.060205890707399e-05
rate	9.798646077736229e-05
rate	0.00010586860979415865
rate	0.00011415024446260535
rate	0.00012302427983548774
rate	0.00013278969913439815
rate	0.0001438365283653638
rate	0.0001563537066144958
rate	0.00017053021684079714
rate	0.00018608147776357192
rate	0.00020270638265208223
rate	0.00021977076094137373
rate	0.00023719306957382193
rate	0.0002557141291548211
rate	0.00027643864487731935
rate	0.0002991287499192019
rate	0.0003242932965881219
rate	0.00035226616369569296
rate	0.00038359168515024537
rate	0.00041790145129030047
rate	0.00045368279658534934
rate	0.0004890732266722919
rate	0.0005247075301709177
rate	0.0005637500796518248
rate	0.0006088609340441349
rate	0.0006572529248359127
rate	0.0007091319337652924
rate	0.0007617556449457383
rate	0.0008181526186574976
rate	0.0008785146684020288
rate	0.0009431499981229372
rate	0.0010123482492339318
rate	0.0010864019482028273
rate	0.0011656697218872642
rate	0.0012505254042815494
rate	0.0013413894403104226
rate	0.0014387956202033963
rate	0.001543280789674278
rate	1.9184316581312426e-05
rate	1.4624121412127455e-06
rate	1.073453557223789e-06
rate	8.023113050474842e-07
rate	6.6538206827886e-07
rate	5.941804210713842e-07
rate	5.585803781489624e-07
rate	5.229808556582328e-07
rate	4.6821392704326394e-07
rate	4.052329396267284e-07
rate	3.422534585086771e-07
rate	3.5046836632989497e-07
rate	5.229808556582328e-07
rate	8.57084917335546e-07
rate	1.3281862160980464e-06
rate	1.8541630768298562e-06
rate	2.3336597316787787e-06
rate	2.7145764145161857e-06
rate	2.9996071946294315e-06
rate	3.175024579453619e-06
rate	3.3614159639709925e-06
rate	3.5560460692011056e-06
rate	3.6657046312762038e-06
rate	3.67119182572252e-06
rate	3.6108869080717928e-06
rate	3.5231714941561723e-06
rate	3.4628739869852965e-06
rate	3.449179115805258e-06
rate	3.5177256445160197e-06
rate	3.6520646735310835e-06
rate	3.8138273507562e-06
rate	3.9756001063600126e-06
rate	4.156573516596936e-06
rate	4.395135458819594e-06
rate	4.661143269603078e-06
rate	4.9463733266584036e-06
rate	5.248098140909326e-06
rate	5.580024579071722e-06
rate	5.950399275414498e-06
rate	6.340032445925016e-06
rate	6.776379564633603e-06
rate	7.24024993444397e-06
rate	7.767351668349731e-06
rate	8.365959869413266e-06
rate	9.044361655911409e-06
rate	9.821848556538977e-06
rate	1.067926657316749e-05
rate	1.1580948086278467e-05
rate	1.2491181794177988e-05
rate	1.3390720833959223e-05
rate	1.43869040296913e-05
rate	1.5523912353749353e-05
rate	1.6834967596587687e-05
rate	1.835889690815317e-05
rate	2.0162228952146156e-05
rate	2.219303637767023e-05
rate	2.4493295349526016e-05
rate	2.7027830187641428e-05
rate	2.976417832861029e-05
rate	3.266971561333962e-05
rate	3.580851692947853e-05
rate	3.927009172361314e-05
rate	4.300581454023696e-05
rate	4.700297704765094e-05
rate	5.128223956683658e-05
rate	5.573316302659664e-05
rate	6.036773421132059e-05
rate	6.570822061096897e-05
rate	7.191072140679642e-05
rate	7.895321848397753e-05
rate	8.654876208359207e-05
rate	9.485746112166657e-05
rate	0.00010414680858697974
rate	0.0001144230142478755
rate	0.00012564234752939797
rate	0.00013797803273698267
rate	0.00015136509937487761
rate	0.00016602747041092868
rate	0.0001821790599747856
rate	0.00020005252770333
rate	0.00022005660517269488
rate	0.000242231209573337
rate	0.0002662481379564496
rate	0.0002917361050851203
rate	0.0003187807040411135
rate	0.0003487616871545099
rate	0.00038241455751003356
rate	0.0004191495852460408
rate	0.00045888094726727617
rate	0.0005018352387371798
rate	0.0005486680593737994
rate	0.000600031902104165
rate	0.0006554149815937222
rate	0.0007141800672845178
rate	0.0007756809559020465
rate	0.0008401214982800597
rate	0.000910269620353276
rate	0.0009834875288950078
rate	0.0010609159232378954
rate	0.0011437694327222248
rate	0.001232302949781549
rate	0.0013267953578329475
rate	0.0014274897168502136
rate	0.0015346735674701714
rate	0.0016486484372754768
rate	0.001769661348510587
rate	0.0018980913531615722
rate	0.002034248231408512
rate	0.002178548694863169
rate	0.0023315258001630297
rate	1.5353718538994306e-05
rate	1.2706669038563025e-06
rate	7.831414612270999e-07
rate	6.21565008367873e-07
rate	5.147653726582093e-07
rate	4.599986083883257e-07
rate	4.244004827552608e-07
rate	3.888028774921874e-07
rate	3.6142061824204367e-07
rate	3.340386328491813e-07
rate	3.258238893499465e-07
rate	3.258238893499465e-07
rate	3.888028774921874e-07
rate	4.983346531766577e-07
rate	6.818099936889519e-07
rate	8.735139928385415e-07
rate	1.0378423907575866e-06
rate	1.1747902571066178e-06
rate	1.2295713217488776e-06
rate	1.2377887774018315e-06
rate	1.2268330193754136e-06
rate	1.2350506394587823e-06
rate	1.2432683417599629e-06
rate	1.2432683417599629e-06
rate	1.2624416376536739e-06
rate	1.2624416376536739e-06
rate	1.2816151253657031e-06
rate	1.3363983275222947e-06
rate	1.3911826258888436e-06
rate	1.4733611289281541e-06
rate	1.5637607054914803e-06
rate	1.6733394981705802e-06
rate	1.8020998097585709e-06
rate	1.950044519152061e-06
rate	2.117177081639797e-06
rate	2.284320365655022e-06
rate	2.467915781370321e-06
rate	2.6707074187224803e-06
rate	2.9091436012953467e-06
rate	3.1750107476818185e-06
rate	3.4683168479021584e-06
rate	3.7616544311290534e-06
rate	4.090668002989224e-06
rate	4.436173888934687e-06
rate	4.7981790204161886e-06
rate	5.212351177222035e-06
rate	5.700663268266678e-06
rate	6.23297161413403e-06
rate	6.842232194007181e-06
rate	7.479082574954708e-06
rate	8.20670262497627e-06
rate	9.014182421452146e-06
rate	9.885104516499565e-06
rate	1.086899488410529e-05
rate	1.1946726622000074e-05
rate	1.320368121387207e-05
rate	1.4618098436228086e-05
rate	1.616820243918954e-05
rate	1.7823921455367926e-05
rate	1.9588198531205127e-05
rate	2.150536067479912e-05
rate	2.3653030140065593e-05
rate	2.594887468899658e-05
rate	2.838220810128773e-05
rate	3.096170690988386e-05
rate	3.370162047658232e-05
rate	3.641934352828625e-05
rate	3.95508173953114e-05
rate	4.3178131857401766e-05
rate	4.7314447778350316e-05
rate	5.188675391838856e-05
rate	5.7073285667811143e-05
rate	6.305670417319359e-05
rate	6.981968684638007e-05
rate	7.73539206837417e-05
rate	8.567719852932586e-05
rate	9.477425118336957e-05
rate	0.00010501398882750685
rate	0.00011663180392214781
rate	0.00012977702939422035
rate	0.000144465808420477
rate	0.000160656156522852
rate	0.0001785993343804788
rate	0.00019841481809959043
rate	0.00022035328572098152
rate	0.00024495550511764795
rate	0.00027248895025113715
rate	0.0003027384980679983
rate	0.0003357145380273796
rate	0.00037190751422569196
rate	0.0004124945214418321
rate	0.00045773915485206523
rate	0.0005066683786335943
rate	0.0005586663145000942
rate	0.0006143481364895233
rate	0.0006746863582360786
rate	0.0007404121432581596
rate	0.0008102394720511254
rate	0.0008844662551364894
rate	0.000963437468625948
rate	0.0010487503029703099
rate	0.0011407833191764136
rate	0.001239912866867892
rate	0.0013465100271031077
rate	0.0014609955635926162
rate	0.001583839699711619
rate	0.0017154368587287557
rate	0.0018563428358575108
rate	0.0020071024629336404
rate	0.0021684948962868056
rate	4.674800609127296e-05
rate	2.9228902287454992e-06
rate	1.6952857201177054e-06
rate	1.3528550279382031e-06
rate	1.0953709101329309e-06
rate	9.693800886094137e-07
rate	8.899526025364806e-07
rate	8.187446544436118e-07
rate	7.3932240152662e-07
rate	6.051333027669478e-07
rate	5.257182817958368e-07
rate	5.531021843054717e-07
rate	7.858782844367073e-07
rate	1.2953224775644143e-06
rate	2.0048739211653707e-06
rate	2.7941050271070342e-06
rate	3.5314805318755523e-06
rate	4.255332675779218e-06
rate	4.929983056016644e-06
rate	5.563627411143779e-06
rate	6.244064460906661e-06
rate	6.960357620276401e-06
rate	7.462709456381392e-06
rate	7.685117041581032e-06
rate	7.674188316672497e-06
rate	7.569932810317661e-06
rate	7.531568524842085e-06
rate	7.572850807511467e-06
rate	7.767913914631744e-06
rate	8.089336989020718e-06
rate	8.45749549933343e-06
rate	8.798255564717617e-06
rate	9.232452011803857e-06
rate	9.71342756463331e-06
rate	1.0257721060914367e-05
rate	1.0837885815395117e-05
rate	1.1492406355192751e-05
rate	1.2207498971052837e-05
rate	1.3013409980187226e-05
rate	1.3910217849476762e-05
rate	1.4854103781838636e-05
rate	1.5869947420776756e-05
rate	1.7043183597394618e-05
rate	1.8393295703310947e-05
rate	1.9937123173085744e-05
rate	2.1694297718199773e-05
rate	2.3596254856668327e-05
rate	2.555765805643842e-05
rate	2.746801382898767e-05
rate	2.934658057713582e-05
rate	3.132617204437807e-05
rate	3.3528927540808206e-05
rate	3.5913858735142247e-05
rate	3.8620292501493464e-05
rate	4.1660282724781884e-05
rate	4.508203083867745e-05
rate	4.8839577219274065e-05
rate	5.274752561028421e-05
rate	5.660270463109161e-05
rate	6.0326698144814954e-05
rate	6.401672602941196e-05
rate	6.794181525207675e-05
rate	7.242367960085523e-05
rate	7.774363159288188e-05
rate	8.38330338231839e-05
rate	9.030661537227757e-05
rate	9.709276222677193e-05
rate	0.00010433592620904938
rate	0.00011213974501442345
rate	0.00012056391767823037
rate	0.0001296810865131098
rate	0.0001395699812493932
rate	0.00015015944325380705
rate	0.00016124661483994025
rate	0.00017267968479015272
rate	0.0001845461223245743
rate	0.00019711214247806504
rate	0.00021071844018604436
rate	0.00022575278894352335
rate	0.0002424835513475657
rate	0.0002611802624898578
rate	0.0002815062576703864
rate	0.0003028369033572009
rate	0.00032405928419317585
rate	0.0003448918439889285
rate	0.00036658424409778114
rate	0.00039059094119760695
rate	0.0004172121188175331
rate	0.000447440089269828
rate	0.0004814280197185056
rate	0.0005190269807676661
rate	0.0005593185363351154
rate	0.0006009197566705117
rate	0.0006408516372205982
rate	0.0006787659486306607
rate	0.0007191799222549747
rate	0.0007657619112970699
rate	0.0008151538752032153
rate	0.0008674915245306383
rate	0.0009229359788938645
rate	0.0009816329356412293
rate	0.001043713069031723
rate	0.0011094068407676177
rate	0.0011788661778477324
rate	0.0012522510715997114
rate	0.0013298095503049964
rate	0.0014117637180724835
rate	0.0014983570563771205
rate	0.0015898120672499837
rate	0.0016865364863448092
rate	3.8343629487493e-05
rate	2.3473879096970122e-06
rate	1.3528550279382031e-06
rate	1.070717309906794e-06
rate	8.65301715332182e-07
rate	7.448023488189559e-07
rate	6.462131831471978e-07
rate	5.667961076787152e-07
rate	5.229808556582328e-07
rate	4.955972544087009e-07
rate	4.873818535820875e-07
rate	5.147653726582093e-07
rate	5.695332324803906e-07
rate	6.708563450652111e-07
rate	7.886156281676396e-07
rate	9.337677442336183e-07
rate	1.0980997588575259e-06
rate	1.2432683417599629e-06
rate	1.4158372128164758e-06
rate	1.5801981658148414e-06
rate	1.7610077627144646e-06
rate	1.9610074322673806e-06
rate	2.1418425264803688e-06
rate	2.2843295806460155e-06
rate	2.4186029105788147e-06
rate	2.5337019893146066e-06
rate	2.6953940990106556e-06
rate	2.865320233348181e-06
rate	3.090076142051514e-06
rate	3.3504891731925856e-06
rate	3.619155505771002e-06
rate	3.918000696878455e-06
rate	4.236070568337315e-06
rate	4.584335203765974e-06
rate	4.97926913760253e-06
rate	5.355060474886848e-06
rate	5.758339471565473e-06
rate	6.23576483560103e-06
rate	6.770903128006393e-06
rate	7.3802659896940474e-06
rate	8.044684179824043e-06
rate	8.744972723548705e-06
rate	9.461928002046376e-06
rate	1.0187316769350008e-05
rate	1.0948633409425414e-05
rate	1.1800900665527996e-05
rate	1.2733203161953642e-05
rate	1.3745624167016554e-05
rate	1.4791461682748646e-05
rate	1.59010440149535e-05
rate	1.7102000392032357e-05
rate	1.840272618491498e-05
rate	1.9806110745746266e-05
rate	2.1323335108007403e-05
rate	2.2998769912482423e-05
rate	2.4846485342006817e-05
rate	2.695807425481489e-05
rate	2.9276115369122257e-05
rate	3.175688489896945e-05
rate	3.435092263352392e-05
rate	3.699190627075333e-05
rate	3.981873950778151e-05
rate	4.29042953875161e-05
rate	4.636354522576436e-05
rate	5.018950366889414e-05
rate	5.425535781902741e-05
rate	5.82630740130573e-05
rate	6.248941234005264e-05
rate	6.700559660498144e-05
rate	7.19227169204549e-05
rate	7.72373858207984e-05
rate	8.315500772158245e-05
rate	8.986606945998846e-05
rate	9.732229868245877e-05
rate	0.00010534203691719988
rate	0.00011382480259150024
rate	0.00012293836671112138
rate	0.00013293051364836293
rate	0.000144110626515885
rate	0.0001566377551447638
rate	0.00017067881276974136
rate	0.00018603166002948972
rate	0.00020249704090933185
rate	0.00021961945174755085
rate	0.00023736622467751816
rate	0.0002563151745400891
rate	0.0002773257740416472
rate	0.00030025213514027526
rate	0.00032551019647088166
rate	0.0003533711099496749
rate	0.00038428127685035036
rate	0.0004179971279294956
rate	0.0004534275010253612
rate	0.0004892139725419912
rate	0.0005258577709502906
rate	0.0005657937630578339
rate	0.0006110409752688146
rate	0.0006595447834117925
rate	0.0007115171728077068
rate	0.0007649377372472633
rate	0.0008221187714415098
rate	0.000883231125639527
rate	0.0009485563127753487
rate	0.0010183582719153904
rate	0.0010928681417288544
rate	0.001172400459170189
rate	0.0012572653217377443
rate	0.0013478003715663724
rate	0.0014444424932231192
rate	0.0015475988088438032
rate	1.853885047791623e-05
rate	1.4131027205413851e-06
rate	1.0351075408143814e-06
rate	7.721854567164358e-07
rate	6.352577266395044e-07
rate	5.695339720550571e-07
rate	5.3667275216248e-07
rate	5.038119705190217e-07
rate	4.4904542535269387e-07
rate	3.8880320614163203e-07
rate	3.2856235627136336e-07
rate	3.3403896148550857e-07
rate	5.038119705190217e-07
rate	8.269584662855885e-07
rate	1.287097293418808e-06
rate	1.802106691402044e-06
rate	2.2678921216225836e-06
rate	2.640577113544089e-06
rate	2.9310824637770017e-06
rate	3.1119780399912764e-06
rate	3.3093309112669177e-06
rate	3.5121821174574586e-06
rate	3.6218389225674678e-06
rate	3.6163591406914824e-06
rate	3.5396051311699174e-06
rate	3.4354418331759865e-06
rate	3.3586960573933203e-06
rate	3.331292973277991e-06
rate	3.3861271983478055e-06
rate	3.5122336227943426e-06
rate	3.665761305579865e-06
rate	3.81929799444981e-06
rate	3.994775776149346e-06
rate	4.2360665101072545e-06
rate	4.50480201111176e-06
rate	4.79550261213732e-06
rate	5.097210796934191e-06
rate	5.437351013488708e-06
rate	5.821428166478024e-06
rate	6.22751107338534e-06
rate	6.683055594084604e-06
rate	7.16612820467818e-06
rate	7.709691027264341e-06
rate	8.319272374998965e-06
rate	9.000409683153921e-06
rate	9.775136227977074e-06
rate	1.0621544570343626e-05
rate	1.1506708741373493e-05
rate	1.2397662808797957e-05
rate	1.327240581420736e-05
rate	1.4230006343444053e-05
rate	1.5309111991293157e-05
rate	1.655943839492089e-05
rate	1.8025306810499327e-05
rate	1.9778747418639623e-05
rate	2.1776129231579894e-05
rate	2.4045631485731596e-05
rate	2.652717993425157e-05
rate	2.9171617649418192e-05
rate	3.1957271062683224e-05
rate	3.500083752470006e-05
rate	3.8408554841173964e-05
rate	4.209297412175897e-05
rate	4.60274417732679e-05
rate	5.0235333753949895e-05
rate	5.460619192198566e-05
rate	5.915754577365349e-05
rate	6.443385933485378e-05
rate	7.056869706221667e-05
rate	7.75117288372435e-05
rate	8.494183497292259e-05
rate	9.306095162213987e-05
rate	0.00010218163106292276
rate	0.00011235881655980425
rate	0.00012355816039477012
rate	0.00013591907665279563
rate	0.00014930764466817588
rate	0.00016399396366492626
rate	0.0001801569827680935
rate	0.00019799946184407172
rate	0.00021783369396348418
rate	0.00023973806916636822
rate	0.0002635482240182185
rate	0.00028908427250208985
rate	0.0003164544327444412
rate	0.00034664375416011337
rate	0.00038022301648000286
rate	0.0004168643674695268
rate	0.0004565817584769755
rate	0.0004996151160896376
rate	0.000546476694823742
rate	0.0005976963680200058
rate	0.0006530037143759707
rate	0.0007120658313161331
rate	0.0007745314679333832
rate	0.0008406273850142806
rate	0.0009122900148092086
rate	0.0009878262177170055
rate	0.0010680862020398438
rate	0.001153941430835774
rate	0.001245633577885338
rate	0.0013434011965041072
rate	0.0014474505764834446
rate	0.001558022440203677
rate	0.0016753539338435126
rate	0.0017996100576143047
rate	0.0019310725851859512
rate	0.002069931903675157
rate	0.002216452973882498
rate	0.002370980992268316
rate	1.4929587057716406e-05
rate	1.221360936571101e-06
rate	7.502770637788537e-07
rate	5.969183128266264e-07
rate	4.983349818523393e-07
rate	4.4356854624940177e-07
rate	4.107089697170976e-07
rate	3.7784983138527133e-07
rate	3.5046768168092517e-07
rate	3.2308580583169947e-07
rate	3.1760931016554294e-07
rate	3.1760931016554294e-07
rate	3.7784983138527133e-07
rate	4.873811688646383e-07
rate	6.735943463368715e-07
rate	8.652977702041795e-07
rate	1.0296256749599986e-06
rate	1.1665731302944487e-06
rate	1.2213540305193622e-06
rate	1.226832334287998e-06
rate	1.2103983547019523e-06
rate	1.2158767680908647e-06
rate	1.221355236291652e-06
rate	1.221355236291652e-06
rate	1.243267574455893e-06
rate	1.243267574455893e-06
rate	1.2651801318410694e-06
rate	1.319963005133358e-06
rate	1.3747469746224427e-06
rate	1.4569249843208774e-06
rate	1.5445845319122031e-06
rate	1.6541625570646248e-06
rate	1.7856616914915882e-06
rate	1.939085225310524e-06
rate	2.1144371073725976e-06
rate	2.289800615837095e-06
rate	2.476136691446846e-06
rate	2.684409895551136e-06
rate	2.9255879726129473e-06
rate	3.194197672228166e-06
rate	3.4902470669847706e-06
rate	3.7863285216225176e-06
rate	4.115345058747317e-06
rate	4.455369653654842e-06
rate	4.806406930481259e-06
rate	5.201378816863746e-06
rate	5.6732271445125646e-06
rate	6.183576196417061e-06
rate	6.781846095756541e-06
rate	7.407700010557025e-06
rate	8.121569167177724e-06
rate	8.90704572440589e-06
rate	9.753199628088113e-06
rate	1.0720546754088961e-05
rate	1.1787218269519188e-05
rate	1.3046851327548191e-05
rate	1.4466693754653964e-05
rate	1.601395732034178e-05
rate	1.7650288266452767e-05
rate	1.9386870755167657e-05
rate	2.12900904459748e-05
rate	2.344864076538003e-05
rate	2.5752608021443845e-05
rate	2.818576689424234e-05
rate	3.075400128540966e-05
rate	3.3485388996041645e-05
rate	3.617514279523004e-05
rate	3.928966485540304e-05
rate	4.290272071710125e-05
rate	4.700517894811493e-05
rate	5.152113587246915e-05
rate	5.665382873582537e-05
rate	6.26195088925662e-05
rate	6.941794372498458e-05
rate	7.705532694530193e-05
rate	8.55557177963009e-05
rate	9.48366026021572e-05
rate	0.0001052415433718631
rate	0.00011696028036072523
rate	0.00013013577943731298
rate	0.00014482360316771972
rate	0.00016104218839586352
rate	0.0001790171106224591
rate	0.00019888857882648995
rate	0.00022088719393399724
rate	0.00024544037725994055
rate	0.00027279736556011335
rate	0.00030290055083171877
rate	0.00033583832745785275
rate	0.0003720360864217316
rate	0.0004123640043418812
rate	0.00045709163296016574
rate	0.0005056958309266016
rate	0.0005578600162894014
rate	0.000614111661345342
rate	0.0006752080972267687
rate	0.0007417491778985609
rate	0.000812994463621171
rate	0.0008892524341449084
rate	0.0009708550962745948
rate	0.0010589735229111507
rate	0.001153956887861733
rate	0.001256140719831054
rate	0.0013658409453339274
rate	0.0014834009394057654
rate	0.001609204395367004
rate	0.001743520643509635
rate	0.001886753663526081
rate	0.00203925326450728
rate	0.0022015654814409795
rate	4.561636171797456e-05
rate	2.815991647815689e-06
rate	1.604874711780578e-06
rate	1.276153019292368e-06
rate	1.0405897905149787e-06
rate	9.200795470966635e-07
rate	8.488702564195449e-07
rate	7.831410229805208e-07
rate	7.119359515619835e-07
rate	5.859638424260096e-07
rate	5.14764687927063e-07
rate	5.421484808777821e-07
rate	7.612301096425846e-07
rate	1.237797985709842e-06
rate	1.9117124643392428e-06
rate	2.657058993334291e-06
rate	3.3587515150062468e-06
rate	4.060615215604201e-06
rate	4.72973044832382e-06
rate	5.371561064211945e-06
rate	6.0629297677543736e-06
rate	6.7874121151805345e-06
rate	7.286986188676823e-06
rate	7.490155465639307e-06
rate	7.446270913115717e-06
rate	7.303574173246659e-06
rate	7.232255295597331e-06
rate	7.23233230545238e-06
rate	7.380670626446401e-06
rate	7.649843625715364e-06
rate	7.96847570155634e-06
rate	8.25969782955989e-06
rate	8.649819247710295e-06
rate	9.089442345986551e-06
rate	9.589600178753482e-06
rate	1.0122847987034536e-05
rate	1.0733160227031706e-05
rate	1.142052248483609e-05
rate	1.2223447609143758e-05
rate	1.3142035955594348e-05
rate	1.4110458927963877e-05
rate	1.5145323489544977e-05
rate	1.6340311476943267e-05
rate	1.7717667531649416e-05
rate	1.9288719015266352e-05
rate	2.1075861119888446e-05
rate	2.2996736339027866e-05
rate	2.4957709700128843e-05
rate	2.6848271073867743e-05
rate	2.869040309370864e-05
rate	3.0627938254650816e-05
rate	3.27885139808428e-05
rate	3.511725724157945e-05
rate	3.775339970056585e-05
rate	4.071448788892275e-05
rate	4.407930701234374e-05
rate	4.779918848435427e-05
rate	5.165812693685549e-05
rate	5.5427779633312813e-05
rate	5.901838804722878e-05
rate	6.256904470448808e-05
rate	6.637110296191088e-05
rate	7.072358276725162e-05
rate	7.5927266035475e-05
rate	8.191920615201835e-05
rate	8.830311781823341e-05
rate	9.504160886889102e-05
rate	0.00010227933105607879
rate	0.00011010587916322116
rate	0.00011854386193729039
rate	0.00012760533545027363
rate	0.00013738266694918652
rate	0.00014788819633349923
rate	0.0001590185793171519
rate	0.00017064707334871684
rate	0.0001828159722238671
rate	0.0001956866201670719
rate	0.0002095879757403568
rate	0.0002247739161301591
rate	0.0002414687164484496
rate	0.00025986883384186623
rate	0.0002797775403314422
rate	0.0003007971956992074
rate	0.0003222262050977019
rate	0.00034388806213451974
rate	0.0003666593626135556
rate	0.0003915344355939211
rate	0.0004187504470527294
rate	0.00044900834278391414
rate	0.00048241961754197127
rate	0.0005189508617870376
rate	0.0005580041422215369
rate	0.0005986963624102446
rate	0.0006390952106838752
rate	0.0006789799131125486
rate	0.0007214228074142327
rate	0.0007688872838097003
rate	0.0008191796312101776
rate	0.0008724273541992135
rate	0.000928779046833093
rate	0.0009883513269744917
rate	0.0010512669272426552
rate	0.0011177192673899464
rate	0.0011878398379588353
rate	0.0012617399100859365
rate	0.001339634867950599
rate	0.0014216820618595304
rate	0.0015080694145410247
rate	0.0015989400539735965
rate	0.0016946092842307463
rate	3.733781126729366e-05
rate	2.2405117984789486e-06
rate	1.276153019292368e-06
rate	1.0241540570308877e-06
rate	8.324363316166792e-07
rate	7.064609353124035e-07
rate	6.133504293461763e-07
rate	5.421499051823151e-07
rate	5.038119705190217e-07
rate	4.7642856099575833e-07
rate	4.709516271113494e-07
rate	4.983349818523393e-07
rate	5.531025129943947e-07
rate	6.571635994765736e-07
rate	7.72183593829598e-07
rate	9.145959827405283e-07
rate	1.0789268465812007e-06
rate	1.221355236291652e-06
rate	1.3911833659075308e-06
rate	1.555542838794444e-06
rate	1.7308713633199915e-06
rate	1.928128892663002e-06
rate	2.103481543001186e-06
rate	2.2350053542674082e-06
rate	2.361054811846046e-06
rate	2.4651889190356023e-06
rate	2.6186544672520547e-06
rate	2.777611650884144e-06
rate	2.9913950953917235e-06
rate	3.2380906092176024e-06
rate	3.4902941776209546e-06
rate	3.780898388128772e-06
rate	4.093467028346827e-06
rate	4.444456525931816e-06
rate	4.8448570471853585e-06
rate	5.2233736766345e-06
rate	5.629377410466932e-06
rate	6.112269481578912e-06
rate	6.661109120333863e-06
rate	7.286921431047983e-06
rate	7.96779445700929e-06
rate	8.681797784236605e-06
rate	9.406979214852629e-06
rate	1.013784995449186e-05
rate	1.0901901851410186e-05
rate	1.1754154557656054e-05
rate	1.2678188678242997e-05
rate	1.367407802265555e-05
rate	1.469235794693816e-05
rate	1.5771603266758276e-05
rate	1.693943571798892e-05
rate	1.8201485576491323e-05
rate	1.9568904984808717e-05
rate	2.1058395139180078e-05
rate	2.2708809139333237e-05
rate	2.4548036778504117e-05
rate	2.666492764609983e-05
rate	2.8966109383194532e-05
rate	3.1385632053704465e-05
rate	3.389054648101947e-05
rate	3.643666245613388e-05
rate	3.9190632444330544e-05
rate	4.2219804509380315e-05
rate	4.564752646782232e-05
rate	4.94696916708094e-05
rate	5.353727108702274e-05
rate	5.752153703527447e-05
rate	6.174672916872117e-05
rate	6.627011281783387e-05
rate	7.119435152549557e-05
rate	7.64991467857006e-05
rate	8.240669441263092e-05
rate	8.913008001290291e-05
rate	9.665813658755525e-05
rate	0.00010481546404024113
rate	0.00011349936072039514
rate	0.00012285245358675502
rate	0.0001330713281623277
rate	0.00014438472466640615
rate	0.00015692180367503177
rate	0.00017082740869868557
rate	0.0001859818422954075
rate	0.00020228769916658145
rate	0.00021946814255372794
rate	0.0002375393797812144
rate	0.0002569162199253571
rate	0.0002782129032059751
rate	0.0003013755203613487
rate	0.0003267270963536414
rate	0.0003544760562036568
rate	0.0003849708685504553
rate	0.0004180928045686907
rate	0.000453172205465373
rate	0.0004893547184116906
rate	0.0005270080117296634
rate	0.0005678374464638431
rate	0.0006132210164934942
rate	0.0006618366419876723
rate	0.0007139024118501213
rate	0.0007681198295487881
rate	0.000826084924225522
rate	0.0008879475828770253
rate	0.0009539626274277602
rate	0.0010243682945968488
rate	0.0010993343352548814
rate	0.0011791311964531137
rate	0.0012640052391939393
rate	0.0013542113028223223
rate	0.0014500893662428422
rate	0.0015519168280133287
rate	1.789338437452003e-05
rate	1.3637932998700247e-06
rate	9.96761524404974e-07
rate	7.420596083853874e-07
rate	6.051333850001489e-07
rate	5.448875230387301e-07
rate	5.147651261759976e-07
rate	4.846430853798106e-07
rate	4.2987692366212385e-07
rate	3.723734726565357e-07
rate	3.148712540340496e-07
rate	3.1760955664112223e-07
rate	4.846430853798106e-07
rate	7.96832015235631e-07
rate	1.2460083707395698e-06
rate	1.750050305974232e-06
rate	2.202124511566389e-06
rate	2.5665778125719926e-06
rate	2.862557732924572e-06
rate	3.048931500528933e-06
rate	3.2572458585628433e-06
rate	3.4683181657138112e-06
rate	3.5779732138587313e-06
rate	3.5615264556604448e-06
rate	3.4683233542680424e-06
rate	3.3477121721958012e-06
rate	3.2545181278013446e-06
rate	3.213406830750725e-06
rate	3.254528752179591e-06
rate	3.3724025720576017e-06
rate	3.5176952604035307e-06
rate	3.662995882539609e-06
rate	3.832978035701756e-06
rate	4.076997561394915e-06
rate	4.348460752620444e-06
rate	4.644631897616236e-06
rate	4.946323452959055e-06
rate	5.294677447905695e-06
rate	5.6924570575415485e-06
rate	6.114989700845664e-06
rate	6.589731623535607e-06
rate	7.09200647491239e-06
rate	7.652030386178952e-06
rate	8.272584880584663e-06
rate	8.956457710396433e-06
rate	9.728423899415168e-06
rate	1.0563822567519761e-05
rate	1.1432469396468519e-05
rate	1.2304143823417927e-05
rate	1.3154090794455496e-05
rate	1.4073108657196803e-05
rate	1.5094311628836959e-05
rate	1.6283909193254094e-05
rate	1.7691716712845485e-05
rate	1.9395265885133094e-05
rate	2.1359222085489555e-05
rate	2.359796762193718e-05
rate	2.6026529680861707e-05
rate	2.85790569702261e-05
rate	3.1244826512026836e-05
rate	3.4193158119921585e-05
rate	3.754701795873478e-05
rate	4.118013370328097e-05
rate	4.505190649888487e-05
rate	4.9188427941063205e-05
rate	5.347922081737469e-05
rate	5.7947357335986375e-05
rate	6.315949805873856e-05
rate	6.922667271763693e-05
rate	7.607023919050946e-05
rate	8.333490786225309e-05
rate	9.126444212261316e-05
rate	0.00010021645353886578
rate	0.000110294618871733
rate	0.00012147397326014227
rate	0.00013386012056860861
rate	0.00014725018996147418
rate	0.0001619604569189238
rate	0.00017813490556140143
rate	0.00019594639598481345
rate	0.00021561078275427346
rate	0.00023724492875939947
rate	0.0002608483100799873
rate	0.0002864324399190594
rate	0.0003141281614477689
rate	0.00034452582116571684
rate	0.0003780314754499722
rate	0.0004145791496930127
rate	0.00045428256968667487
rate	0.0004973949934420954
rate	0.0005442853302736847
rate	0.0005953608339358466
rate	0.0006505924471582192
rate	0.0007099515953477483
rate	0.0007733819799647198
rate	0.0008411332717485015
rate	0.0009143104092651413
rate	0.0009921649065390034
rate	0.0010752564808417925
rate	0.0011641134289493232
rate	0.001258964205989127
rate	0.001360007035175267
rate	0.0014674114361166754
rate	0.0015813713129371825
rate	0.0017020594304115485
rate	0.0018295587667180226
rate	0.0019640538172103305
rate	0.002105615575941802
rate	0.0022543572529018273
rate	0.002410436184373602
rate	1.4505455576438506e-05
rate	1.1720549692858992e-06
rate	7.174126663306077e-07
rate	5.722716172853799e-07
rate	4.819045910464694e-07
rate	4.2713848411047777e-07
rate	3.970174566789344e-07
rate	3.668967852783553e-07
rate	3.395147451198066e-07
rate	3.1213297881421765e-07
rate	3.0939473098113944e-07
rate	3.0939473098113944e-07
rate	3.668967852783553e-07
rate	4.7642768455261885e-07
rate	6.653786989847911e-07
rate	8.570815475698176e-07
rate	1.0214089591624108e-06
rate	1.1583560034822796e-06
rate	1.2131367392898469e-06
rate	1.2158758911741648e-06
rate	1.1939636900284914e-06
rate	1.1967028967229475e-06
rate	1.199442130823341e-06
rate	1.199442130823341e-06
rate	1.2240935112581122e-06
rate	1.2240935112581122e-06
rate	1.2487451383164357e-06
rate	1.3035276827444214e-06
rate	1.358311323356042e-06
rate	1.440488839713601e-06
rate	1.5254083583329262e-06
rate	1.6349856159586694e-06
rate	1.7692235732246056e-06
rate	1.9281259314689864e-06
rate	2.1116971331053977e-06
rate	2.295280866019168e-06
rate	2.484357601523371e-06
rate	2.6981123723797922e-06
rate	2.942032343930548e-06
rate	3.2133845967745134e-06
rate	3.512177286067383e-06
rate	3.811002612115982e-06
rate	4.140022114505409e-06
rate	4.474565418374998e-06
rate	4.814634840546331e-06
rate	5.190406456505456e-06
rate	5.645791020758451e-06
rate	6.134180778700092e-06
rate	6.721459997505902e-06
rate	7.3363174461593425e-06
rate	8.03643570937918e-06
rate	8.799909027359635e-06
rate	9.62129473967666e-06
rate	1.0572098624072635e-05
rate	1.1627709917038301e-05
rate	1.2890021441224312e-05
rate	1.4315289073079844e-05
rate	1.5859712201494027e-05
rate	1.7476655077537604e-05
rate	1.9185542979130188e-05
rate	2.107482021715048e-05
rate	2.3244251390694465e-05
rate	2.5556341353891107e-05
rate	2.7989325687196947e-05
rate	3.0546295660935474e-05
rate	3.326915751550097e-05
rate	3.593094206217383e-05
rate	3.902851231549469e-05
rate	4.262730957680073e-05
rate	4.669591011787954e-05
rate	5.115551782654974e-05
rate	5.623437180383959e-05
rate	6.21823136119388e-05
rate	6.901620060358908e-05
rate	7.675673320686215e-05
rate	8.543423706327595e-05
rate	9.489895402094484e-05
rate	0.00010546909791621938
rate	0.00011728875679930265
rate	0.00013049452948040563
rate	0.0001451813979149624
rate	0.000161428220268875
rate	0.00017943488686443938
rate	0.00019936233955338944
rate	0.00022142110214701298
rate	0.00024592524940223316
rate	0.00027310578086908954
rate	0.00030306260359543925
rate	0.0003359621168883258
rate	0.0003721646586177713
rate	0.00041223348724193036
rate	0.0004564441110682662
rate	0.0005047232832196091
rate	0.0005570537180787088
rate	0.0006138751862011606
rate	0.0006757298362174588
rate	0.0007430862125389621
rate	0.0008157494551912166
rate	0.0008940386131533275
rate	0.0009782727239232417
rate	0.0010691967428519914
rate	0.0011671304565470525
rate	0.0012723685727942156
rate	0.001385171863564747
rate	0.0015058063152189143
rate	0.001634569091022389
rate	0.0017716044282905141
rate	0.0019171644911946514
rate	0.00207140406608092
rate	0.0022346360665951534
rate	4.4484717344676156e-05
rate	2.7090930668858797e-06
rate	1.5144637034434512e-06
rate	1.1994510106465327e-06
rate	9.858086708970268e-07
rate	8.707790055839134e-07
rate	8.077879103026092e-07
rate	7.475373915174299e-07
rate	6.845495015973471e-07
rate	5.667943820850715e-07
rate	5.038110940582892e-07
rate	5.311947774500926e-07
rate	7.365819348484618e-07
rate	1.1802734938552697e-06
rate	1.8185510075131144e-06
rate	2.5200129595615487e-06
rate	3.1860224981369412e-06
rate	3.865897755429184e-06
rate	4.529477840630996e-06
rate	5.1794947172801124e-06
rate	5.881795074602085e-06
rate	6.614466610084668e-06
rate	7.1112629209722525e-06
rate	7.29519388969758e-06
rate	7.2183535095589384e-06
rate	7.0372155361756574e-06
rate	6.9329420663525775e-06
rate	6.891813803393293e-06
rate	6.9934273382610595e-06
rate	7.21035026241001e-06
rate	7.47945590377925e-06
rate	7.721140094402163e-06
rate	8.067186483616732e-06
rate	8.465457127339797e-06
rate	8.921479296592596e-06
rate	9.40781015867396e-06
rate	9.97391409887066e-06
rate	1.0633545998619345e-05
rate	1.1433485238100295e-05
rate	1.2373854061711937e-05
rate	1.3366814074089115e-05
rate	1.4420699558313195e-05
rate	1.5637439356491912e-05
rate	1.704203935998789e-05
rate	1.864031485744696e-05
rate	2.045742452157712e-05
rate	2.2397217821387405e-05
rate	2.4357761343819265e-05
rate	2.6228528318747817e-05
rate	2.8034225610281464e-05
rate	2.9929704464923557e-05
rate	3.2048100420877406e-05
rate	3.4320655748016654e-05
rate	3.688650689963823e-05
rate	3.976869305306361e-05
rate	4.307658318601003e-05
rate	4.675879974943448e-05
rate	5.0568728263426765e-05
rate	5.425285463553402e-05
rate	5.7710077949642605e-05
rate	6.112136337956423e-05
rate	6.4800390671745e-05
rate	6.902348593364801e-05
rate	7.411090047806811e-05
rate	8.00053784808528e-05
rate	8.629962026418925e-05
rate	9.299045551101009e-05
rate	0.00010022273590310822
rate	0.00010807201331201889
rate	0.00011652380619635041
rate	0.00012552958438743743
rate	0.00013519535264897982
rate	0.0001456169494131914
rate	0.00015679054379436356
rate	0.000168614461907281
rate	0.00018108582212315988
rate	0.00019426109785607875
rate	0.0002084575112946692
rate	0.00022379504331679483
rate	0.00024045388154933354
rate	0.00025855740519387473
rate	0.000278048822992498
rate	0.00029875748804121386
rate	0.000320393126002228
rate	0.0003428842802801109
rate	0.00036673448112933
rate	0.0003924779299902353
rate	0.00042028877528792565
rate	0.00045057659629800035
rate	0.000483411215365437
rate	0.000518874742806409
rate	0.0005566897481079585
rate	0.0005964729681499776
rate	0.000637338784147152
rate	0.0006791938775944364
rate	0.0007236656925734906
rate	0.0007720126563223308
rate	0.0008232053872171398
rate	0.0008773631838677889
rate	0.0009346221147723215
rate	0.0009950697183077539
rate	0.0010588207854535872
rate	0.0011260316940122754
rate	0.0011968134980699383
rate	0.0012712287485721614
rate	0.0013494601855962016
rate	0.0014316004056465772
rate	0.0015177817727049286
rate	0.0016080680406972093
rate	0.0017026820821166833
rate	3.633199304709432e-05
rate	2.133635687260885e-06
rate	1.1994510106465327e-06
rate	9.775908041549813e-07
rate	7.995709479011765e-07
rate	6.68119521805851e-07
rate	5.804876755451548e-07
rate	5.175037026859152e-07
rate	4.846430853798106e-07
rate	4.572598675828158e-07
rate	4.545214006406113e-07
rate	4.819045910464694e-07
rate	5.366717935083989e-07
rate	6.434708538879362e-07
rate	7.557515594915565e-07
rate	8.954242212474384e-07
rate	1.0597539343048757e-06
rate	1.199442130823341e-06
rate	1.366529518998586e-06
rate	1.5308875117740466e-06
rate	1.7007349639255183e-06
rate	1.8952503530586237e-06
rate	2.0651205595220036e-06
rate	2.185681127888801e-06
rate	2.3035067131132773e-06
rate	2.396675848756598e-06
rate	2.541914835493454e-06
rate	2.6899030684201067e-06
rate	2.8927140487319326e-06
rate	3.1256920452426193e-06
rate	3.3614328494709077e-06
rate	3.64379607937909e-06
rate	3.950863488356339e-06
rate	4.304577848097659e-06
rate	4.710444956768187e-06
rate	5.0916868783821516e-06
rate	5.50041534936839e-06
rate	5.988774127556794e-06
rate	6.551315112661333e-06
rate	7.193576872401919e-06
rate	7.890904734194537e-06
rate	8.618622844924505e-06
rate	9.352030427658881e-06
rate	1.0088383139633712e-05
rate	1.085517029339496e-05
rate	1.1707408449784111e-05
rate	1.262317419453235e-05
rate	1.3602531878294543e-05
rate	1.4593254211127676e-05
rate	1.564216251856305e-05
rate	1.6776871043945485e-05
rate	1.8000244968067665e-05
rate	1.9331699223871164e-05
rate	2.079345517035275e-05
rate	2.241884836618405e-05
rate	2.4249588215001414e-05
rate	2.6371781037384773e-05
rate	2.8656103397266804e-05
rate	3.101437920843949e-05
rate	3.343017032851502e-05
rate	3.588141864151443e-05
rate	3.856252538087959e-05
rate	4.153531363124453e-05
rate	4.493150770988027e-05
rate	4.874987967272467e-05
rate	5.281918435501807e-05
rate	5.678000005749164e-05
rate	6.100404599738971e-05
rate	6.553462903068628e-05
rate	7.046598613053626e-05
rate	7.576090775060283e-05
rate	8.165838110367939e-05
rate	8.839409056581739e-05
rate	9.599397449265173e-05
rate	0.00010428889116328237
rate	0.00011317391884929004
rate	0.00012276654046238867
rate	0.00013321214267629245
rate	0.00014465882281692731
rate	0.00015720585220529976
rate	0.00017097600462762978
rate	0.00018593202456132529
rate	0.00020207835742383108
rate	0.00021931683335990506
rate	0.00023771253488491065
rate	0.00025751726531062516
rate	0.00027910003237030295
rate	0.00030249890558242204
rate	0.00032794399623640113
rate	0.0003555810024576387
rate	0.00038566046025056023
rate	0.0004181884812078858
rate	0.0004529169099053849
rate	0.0004894954642813899
rate	0.0005281582525090363
rate	0.0005698811298698523
rate	0.0006154010577181738
rate	0.0006641285005635521
rate	0.0007162876508925357
rate	0.000771301921850313
rate	0.0008300510770095342
rate	0.0008926640401145235
rate	0.0009593689420801717
rate	0.0010303783172783071
rate	0.0011058005287809085
rate	0.0011858619337360384
rate	0.0012707451566501343
rate	0.0013606222340782719
rate	0.001455736239262565
rate	0.001556234847182854
rate	1.7247918271123832e-05
rate	1.3144838791986643e-06
rate	9.584155079955666e-07
rate	7.11933760054339e-07
rate	5.750090433607935e-07
rate	5.20241074022403e-07
rate	4.928575001895152e-07
rate	4.654742002405995e-07
rate	4.107084219715538e-07
rate	3.559437391714393e-07
rate	3.011801517967359e-07
rate	3.011801517967359e-07
rate	4.654742002405995e-07
rate	7.667055641856736e-07
rate	1.2049194480603315e-06
rate	1.6979939205464195e-06
rate	2.136356901510194e-06
rate	2.492578511599896e-06
rate	2.794033002072142e-06
rate	2.9858849610665904e-06
rate	3.2051608058587684e-06
rate	3.4244542139701642e-06
rate	3.5341075051499953e-06
rate	3.5066937706294076e-06
rate	3.3970415773661675e-06
rate	3.259982511215616e-06
rate	3.150340198209369e-06
rate	3.0955206882234586e-06
rate	3.1229303060113767e-06
rate	3.232571521320861e-06
rate	3.3696292152271964e-06
rate	3.5066937706294076e-06
rate	3.671180295254167e-06
rate	3.917928612682575e-06
rate	4.192119494129127e-06
rate	4.493761183095153e-06
rate	4.79543610898392e-06
rate	5.1520038823226826e-06
rate	5.563485948605074e-06
rate	6.002468328305989e-06
rate	6.496407652986608e-06
rate	7.0178847451466e-06
rate	7.594369745093562e-06
rate	8.225897386170361e-06
rate	8.912505737638947e-06
rate	9.681711570853263e-06
rate	1.0506100564695898e-05
rate	1.1358230051563545e-05
rate	1.2210624838037896e-05
rate	1.3035775774703633e-05
rate	1.3916210970949556e-05
rate	1.4879511266380763e-05
rate	1.6008379991587295e-05
rate	1.735812661519164e-05
rate	1.901178435162656e-05
rate	2.094231493939922e-05
rate	2.315030375814276e-05
rate	2.5525879427471848e-05
rate	2.7986496291034005e-05
rate	3.053238196137045e-05
rate	3.3385478715143115e-05
rate	3.66854810762956e-05
rate	4.026729328480298e-05
rate	4.407637122450184e-05
rate	4.814152212817652e-05
rate	5.235224971276371e-05
rate	5.673716889831927e-05
rate	6.188513678262336e-05
rate	6.788464837305718e-05
rate	7.462874954377541e-05
rate	8.172798075158361e-05
rate	8.946793262308647e-05
rate	9.82512760148088e-05
rate	0.00010823042118366176
rate	0.00011938978612551443
rate	0.00013180116448442157
rate	0.00014519273525477245
rate	0.0001599269501729214
rate	0.00017611282835470934
rate	0.00019389333012555517
rate	0.00021338787154506276
rate	0.0002347517883524307
rate	0.00025814839614175615
rate	0.00028378060733602893
rate	0.0003118018901510966
rate	0.0003424078881713203
rate	0.00037583993441994153
rate	0.00041229393191649866
rate	0.0004519833808963742
rate	0.0004951748707945531
rate	0.0005420939657236274
rate	0.0005930252998516874
rate	0.0006481811799404676
rate	0.0007078373593793636
rate	0.0007722324919960565
rate	0.0008416391584827224
rate	0.0009163308037210739
rate	0.000996503595361001
rate	0.0010824267596437412
rate	0.0011742854270628722
rate	0.001272294834092916
rate	0.0013766128738464268
rate	0.0014873722957499064
rate	0.0016047201856706883
rate	0.0017287649269795843
rate	0.0018595074758217403
rate	0.0019970350492347095
rate	0.0021412992482084474
rate	0.0022922615319211563
rate	0.0024498913764788885
rate	1.4081324095160607e-05
rate	1.1227490020006977e-06
rate	6.845482688823615e-07
rate	5.476249217441333e-07
rate	4.654742002405995e-07
rate	4.107084219715538e-07
rate	3.8332594364077125e-07
rate	3.559437391714393e-07
rate	3.2856180855868813e-07
rate	3.011801517967359e-07
rate	3.011801517967359e-07
rate	3.011801517967359e-07
rate	3.559437391714393e-07
rate	4.654742002405995e-07
rate	6.571630516327107e-07
rate	8.488653249354557e-07
rate	1.0131922433648228e-06
rate	1.1501388766701104e-06
rate	1.2049194480603315e-06
rate	1.2049194480603315e-06
rate	1.1775290253550301e-06
rate	1.1775290253550301e-06
rate	1.1775290253550301e-06
rate	1.1775290253550301e-06
rate	1.2049194480603315e-06
rate	1.2049194480603315e-06
rate	1.232310144791802e-06
rate	1.2870923603554849e-06
rate	1.3418756720896411e-06
rate	1.4240526951063243e-06
rate	1.5062321847536492e-06
rate	1.615808674852714e-06
rate	1.752785454957623e-06
rate	1.9171666376274494e-06
rate	2.1089571588381983e-06
rate	2.3007611162012415e-06
rate	2.492578511599896e-06
rate	2.7118148492084485e-06
rate	2.9584767152481485e-06
rate	3.232571521320861e-06
rate	3.5341075051499953e-06
rate	3.835676702609446e-06
rate	4.164699170263502e-06
rate	4.493761183095153e-06
rate	4.822862750611402e-06
rate	5.179434096147167e-06
rate	5.618354897004338e-06
rate	6.084785360983123e-06
rate	6.661073899255262e-06
rate	7.264934881761659e-06
rate	7.951302251580635e-06
rate	8.692772330313379e-06
rate	9.489389851265208e-06
rate	1.0423650494056308e-05
rate	1.1468201564557415e-05
rate	1.2733191554900432e-05
rate	1.4163884391505723e-05
rate	1.570546708264627e-05
rate	1.7303021888622442e-05
rate	1.898421520309272e-05
rate	2.085954998832616e-05
rate	2.30398620160089e-05
rate	2.536007468633837e-05
rate	2.7792884480151555e-05
rate	3.033859003646128e-05
rate	3.30529260349603e-05
rate	3.568674132911762e-05
rate	3.876735977558633e-05
rate	4.235189843650021e-05
rate	4.638664128764415e-05
rate	5.078989978063033e-05
rate	5.5814914871853816e-05
rate	6.17451183313114e-05
rate	6.86144574821936e-05
rate	7.645813946842237e-05
rate	8.531275633025099e-05
rate	9.496130543973248e-05
rate	0.00010569665246057564
rate	0.00011761723323788008
rate	0.00013085327952349826
rate	0.0001455391926622051
rate	0.0001618142521418865
rate	0.00017985266310641964
rate	0.00019983610028028896
rate	0.00022195501036002872
rate	0.00024641012154452577
rate	0.00027341419617806574
rate	0.0003032246563591597
rate	0.00033608590631879895
rate	0.00037229323081381093
rate	0.00041210297014197947
rate	0.0004557965891763667
rate	0.0005037507355126166
rate	0.000556247419868016
rate	0.0006136387110569791
rate	0.0006762515752081489
rate	0.0007444232471793633
rate	0.0008185044467612622
rate	0.0008988247921617465
rate	0.0009856903515718886
rate	0.0010794199627928323
rate	0.0011803040252323718
rate	0.0012885964257573774
rate	0.0014045027817955666
rate	0.0015282116910320634
rate	0.001659933786677774
rate	0.0017996882130713932
rate	0.0019475753188632219
rate	0.0021035548676545594
rate	0.0022677066517493272
rate	4.335307297137775e-05
rate	2.60219448595607e-06
rate	1.4240526951063243e-06
rate	1.1227490020006977e-06
rate	9.310275512790748e-07
rate	8.214784640711634e-07
rate	7.667055641856736e-07
rate	7.11933760054339e-07
rate	6.571630516327107e-07
rate	5.476249217441333e-07
rate	4.928575001895152e-07
rate	5.20241074022403e-07
rate	7.11933760054339e-07
rate	1.1227490020006977e-06
rate	1.7253895506869863e-06
rate	2.3829669257888063e-06
rate	3.0132934812676357e-06
rate	3.671180295254167e-06
rate	4.329225232938173e-06
rate	4.987428370348279e-06
rate	5.700660381449797e-06
rate	6.441521104988803e-06
rate	6.935539653267683e-06
rate	7.100232313755854e-06
rate	6.9904361060021594e-06
rate	6.770856899104656e-06
rate	6.6336288371078245e-06
rate	6.551295301334206e-06
rate	6.606184050075717e-06
rate	6.770856899104656e-06
rate	6.9904361060021594e-06
rate	7.1825823592444365e-06
rate	7.484553719523168e-06
rate	7.84147190869304e-06
rate	8.253358414431713e-06
rate	8.692772330313379e-06
rate	9.214667970709615e-06
rate	9.846569512402598e-06
rate	1.064352286705683e-05
rate	1.1605672167829524e-05
rate	1.2623169220214356e-05
rate	1.3696075627081416e-05
rate	1.4934567236040558e-05
rate	1.636641118832636e-05
rate	1.7991910699627568e-05
rate	1.9838987923265793e-05
rate	2.1797699303746944e-05
rate	2.3757812987509686e-05
rate	2.560878556362789e-05
rate	2.7378048126854286e-05
rate	2.9231470675196302e-05
rate	3.1307686860912e-05
rate	3.3524054254453855e-05
rate	3.601961409871061e-05
rate	3.8822898217204474e-05
rate	4.2073859359676324e-05
rate	4.5718411014514685e-05
rate	4.947932958999805e-05
rate	5.3077929637755224e-05
rate	5.640176785205643e-05
rate	5.967368205464036e-05
rate	6.322967838157913e-05
rate	6.73233891000444e-05
rate	7.229453492066123e-05
rate	7.809155080968724e-05
rate	8.429612271014509e-05
rate	9.093930215312917e-05
rate	9.816614075013763e-05
rate	0.0001060381474608166
rate	0.00011450375045541043
rate	0.00012345383332460123
rate	0.00013300803834877313
rate	0.0001433457024928836
rate	0.0001545625082715752
rate	0.0001665818504658451
rate	0.00017935567202245265
rate	0.00019283557554508558
rate	0.0002073270468489816
rate	0.00022281617050343058
rate	0.00023943904665021747
rate	0.0002572459765458832
rate	0.0002763201056535538
rate	0.00029671778038322034
rate	0.00031856004690675405
rate	0.00034188049842570216
rate	0.00036680959964510446
rate	0.0003934214243865494
rate	0.00042182710352312193
rate	0.0004521448498120865
rate	0.00048440281318890276
rate	0.0005187986238257805
rate	0.00055537535399438
rate	0.0005942495738897105
rate	0.0006355823576104289
rate	0.0006794078420763242
rate	0.0007259085777327486
rate	0.0007751380288349613
rate	0.0008272311432241021
rate	0.0008822990135363642
rate	0.00094046518271155
rate	0.001001788109641016
rate	0.0010663746436645194
rate	0.001134344120634604
rate	0.0012057871581810412
rate	0.0012807175870583865
rate	0.0013592855032418044
rate	0.001441518749433624
rate	0.0015274941308688328
rate	0.0016171960274208221
rate	0.0017107548800026203
rate	3.532617482689498e-05
rate	2.026759576042821e-06
rate	1.1227490020006977e-06
rate	9.310275512790748e-07
rate	7.667055641856736e-07
rate	6.297781082992987e-07
rate	5.476249217441333e-07
rate	4.928575001895152e-07
rate	4.654742002405995e-07
rate	4.3809117416987325e-07
rate	4.3809117416987325e-07
rate	4.654742002405995e-07
rate	5.20241074022403e-07
rate	6.297781082992987e-07
rate	7.393195251535149e-07
rate	8.762524597543484e-07
rate	1.0405810220285505e-06
rate	1.1775290253550301e-06
rate	1.3418756720896411e-06
rate	1.5062321847536492e-06
rate	1.6705985645310452e-06
rate	1.8623718134542452e-06
rate	2.026759576042821e-06
rate	2.136356901510194e-06
rate	2.245958614380509e-06
rate	2.328162778477594e-06
rate	2.4651752037348532e-06
rate	2.60219448595607e-06
rate	2.794033002072142e-06
rate	3.0132934812676357e-06
rate	3.232571521320861e-06
rate	3.5066937706294076e-06
rate	3.8082599483658513e-06
rate	4.164699170263502e-06
rate	4.576032866351015e-06
rate	4.960000080129803e-06
rate	5.3714532882698496e-06
rate	5.865278773534676e-06
rate	6.441521104988803e-06
rate	7.100232313755854e-06
rate	7.814015011379784e-06
rate	8.555447905612406e-06
rate	9.297081640465136e-06
rate	1.0038916324775565e-05
rate	1.0808438735379731e-05
rate	1.166066234191217e-05
rate	1.2568159710821705e-05
rate	1.3530985733933539e-05
rate	1.4494150475317191e-05
rate	1.5512721770367828e-05
rate	1.6614306369902047e-05
rate	1.7799004359644004e-05
rate	1.9094493462933615e-05
rate	2.052851520152542e-05
rate	2.2128887593034863e-05
rate	2.3951139651498714e-05
rate	2.6078634428669715e-05
rate	2.8346097411339075e-05
rate	3.064312636317451e-05
rate	3.2969794176010574e-05
rate	3.532617482689498e-05
rate	3.793441831742863e-05
rate	4.085082275310875e-05
rate	4.4215488951938226e-05
rate	4.8030067674639925e-05
rate	5.210109762301341e-05
rate	5.603846307970881e-05
rate	6.026136282605824e-05
rate	6.479914524353869e-05
rate	6.973762073557694e-05
rate	7.502266871550504e-05
rate	8.091006779472786e-05
rate	8.765810111873186e-05
rate	9.532981239774822e-05
rate	0.00010376231828632362
rate	0.00011284847697818494
rate	0.0001226806273380223
rate	0.00013335295719025722
rate	0.0001449329209674485
rate	0.00015748990073556775
rate	0.000171124600556574
rate	0.00018588220682724306
rate	0.0002018690156810807
rate	0.00021916552416608215
rate	0.00023788568998860688
rate	0.00025811831069589316
rate	0.0002799871615346308
rate	0.00030362229080349546
rate	0.00032916089611916086
rate	0.00035668594871162063
rate	0.0003863500519506652
rate	0.00041828415784708094
rate	0.00045266161434539675
rate	0.0004896362101510892
rate	0.0005293084932884091
rate	0.0005719248132758615
rate	0.0006175810989428534
rate	0.000666420359139432
rate	0.0007186728899349501
rate	0.000774484014151838
rate	0.0008340172297935464
rate	0.0008973804973520218
rate	0.0009647752567325833
rate	0.0010363883399597655
rate	0.0011122667223069356
rate	0.0011925926710189632
rate	0.0012774850741063292
rate	0.0013670331653342217
rate	0.001461383112282288
rate	0.0015605528663523794
rate	1.7052309385468476e-05
rate	1.3911815899122415e-06
rate	9.803260706319356e-07
rate	7.22888033222463e-07
rate	6.078703508492233e-07
rate	5.065492528701582e-07
rate	4.654742002405995e-07
rate	4.326146018204462e-07
rate	3.805877108700887e-07
rate	3.148709459465525e-07
rate	2.68322525157553e-07
rate	2.902275657688909e-07
rate	4.3809117416987325e-07
rate	7.475353080999197e-07
rate	1.174789998155637e-06
rate	1.6514219784216236e-06
rate	2.1034772432086555e-06
rate	2.5035399115452e-06
rate	2.8104769289320265e-06
rate	3.0379613840507157e-06
rate	3.268205861699051e-06
rate	3.490245661671562e-06
rate	3.619091826589553e-06
rate	3.630057737638425e-06
rate	3.5532972826371213e-06
rate	3.443643222902808e-06
rate	3.355923137080797e-06
rate	3.2983583581247294e-06
rate	3.3010995106301334e-06
rate	3.355923137080797e-06
rate	3.4244542139701642e-06
rate	3.514917862164348e-06
rate	3.69585412630447e-06
rate	3.923412161214643e-06
rate	4.244218866069284e-06
rate	4.5979723994265796e-06
rate	4.970971363243358e-06
rate	5.360480400206467e-06
rate	5.7637629285338366e-06
rate	6.186313109984633e-06
rate	6.622650889281427e-06
rate	7.09748735489768e-06
rate	7.632806394689856e-06
rate	8.253358414431713e-06
rate	8.95920135870268e-06
rate	9.742158330147183e-06
rate	1.0577559301089253e-05
rate	1.1446206908576844e-05
rate	1.2320630595272864e-05
rate	1.3203586893825882e-05
rate	1.413636401609877e-05
rate	1.5154802186658533e-05
rate	1.6258996913112576e-05
rate	1.7495893284091283e-05
rate	1.891805037924337e-05
rate	2.057265086057893e-05
rate	2.2460115949865356e-05
rate	2.4578164335190656e-05
rate	2.6896916689298682e-05
rate	2.943625400953261e-05
rate	3.23463856800028e-05
rate	3.568119379249142e-05
rate	3.9264468913577464e-05
rate	4.2991495488818726e-05
rate	4.688792104582011e-05
rate	5.0971198239737516e-05
rate	5.540139880045667e-05
rate	6.06196301357511e-05
rate	6.668369384525875e-05
rate	7.34304582736251e-05
rate	8.058297101647313e-05
rate	8.839037319932007e-05
rate	9.732060751292527e-05
rate	0.0001075184515356715
rate	0.00011892080565505094
rate	0.00013150527425042133
rate	0.00014492714759664903
rate	0.00015967444075400215
rate	0.00017587925821468798
rate	0.00019366999234864577
rate	0.00021318957382193847
rate	0.00023459369600165668
rate	0.00025804911542501004
rate	0.00028373201800679156
rate	0.000311826435070722
rate	0.00034253199464159996
rate	0.0003760597929199929
rate	0.0004126313302725973
rate	0.00045247104607137683
rate	0.0004958245128447103
rate	0.0005429317653710894
rate	0.0005940522927400266
rate	0.0006494407859564476
rate	0.0007093553020956351
rate	0.000774058988370957
rate	0.0008438069154129211
rate	0.000918853408386789
rate	0.0009994364243500718
rate	0.0010857909702444394
rate	0.0011781307532888533
rate	0.0012799460319862408
rate	0.001389733594796958
rate	0.0015089382022694824
rate	0.0016383676028216866
rate	0.0017788988296131001
rate	0.001931484143454021
rate	0.0020971574854685227
rate	0.002277041483235638
rate	0.0024723550578833143
rate	0.0026844216836820157
rate	1.388594131160107e-05
rate	1.1665729329989477e-06
rate	7.557511157007447e-07
rate	5.448865246467013e-07
rate	4.572592636624514e-07
rate	4.243997638369671e-07
rate	3.942789021094278e-07
rate	3.6689658809605136e-07
rate	3.367763589878999e-07
rate	3.0391830514958843e-07
rate	2.792750235559468e-07
rate	2.82013155001327e-07
rate	3.3403817277287757e-07
rate	4.5452095694717225e-07
rate	6.160857393498879e-07
rate	8.105237964316529e-07
rate	9.885425768272475e-07
rate	1.1200100296042904e-06
rate	1.1775290253550301e-06
rate	1.174789998155637e-06
rate	1.1638339167603272e-06
rate	1.1693119519774491e-06
rate	1.174789998155637e-06
rate	1.1912242024546005e-06
rate	1.218614762172605e-06
rate	1.256962006147244e-06
rate	1.2980489350072746e-06
rate	1.3500932633971035e-06
rate	1.4076170931774207e-06
rate	1.4760994188035744e-06
rate	1.5528016571861892e-06
rate	1.648682477084857e-06
rate	1.785660901942388e-06
rate	1.9527838614290925e-06
rate	2.161016904366891e-06
rate	2.3829669257888063e-06
rate	2.6104158609557166e-06
rate	2.8543278834140547e-06
rate	3.106484502409671e-06
rate	3.3696292152271964e-06
rate	3.6492481876612267e-06
rate	3.9453464651723225e-06
rate	4.252445173320011e-06
rate	4.576032866351015e-06
rate	4.929829278259115e-06
rate	5.31658928772456e-06
rate	5.747301254295228e-06
rate	6.2411945419353955e-06
rate	6.795558680747789e-06
rate	7.402194590868783e-06
rate	8.0611370005477e-06
rate	8.769677016880224e-06
rate	9.544337535473947e-06
rate	1.0412657338904488e-05
rate	1.140771668577852e-05
rate	1.2570910160041262e-05
rate	1.3894196640052031e-05
rate	1.5342015824802497e-05
rate	1.6873243081213266e-05
rate	1.8512825719808116e-05
rate	2.040438747483898e-05
rate	2.2584336915568855e-05
rate	2.4890349108228187e-05
rate	2.7239783309152917e-05
rate	2.968256777006926e-05
rate	3.231037085980253e-05
rate	3.500170557000369e-05
rate	3.817594525312059e-05
rate	4.1868128619584147e-05
rate	4.604415289848587e-05
rate	5.061140225764012e-05
rate	5.5800943714898885e-05
rate	6.19075403993693e-05
rate	6.901874317574207e-05
rate	7.711701919222435e-05
rate	8.624500222330506e-05
rate	9.61151811637301e-05
rate	0.00010709420566542657
rate	0.0001193011312204582
rate	0.0001328643349886312
rate	0.00014792805458284616
rate	0.00016465055424206258
rate	0.00018319946909468643
rate	0.00020376186746678298
rate	0.00022654009287882064
rate	0.0002517476488649106
rate	0.0002796202348443992
rate	0.0003104093264187597
rate	0.0003443787429277781
rate	0.0003818137952796023
rate	0.00042301230027991043
rate	0.00046828804513553244
rate	0.0005179714835644057
rate	0.0005723938252745255
rate	0.0006319036514214895
rate	0.0006968538402269143
rate	0.0007675936610531482
rate	0.0008444702492532693
rate	0.0009278295864994279
rate	0.0010179890196767712
rate	0.0011184927281114305
rate	0.0012281085898900258
rate	0.0013484671564278669
rate	0.0014806212471223633
rate	0.001625726861036418
rate	0.0017850532888353872
rate	0.001959994215726164
rate	0.002152079912519788
rate	0.0023629906214571454
rate	0.002594571253888364
rate	4.257991155102046e-05
rate	2.4350318818747376e-06
rate	1.3802246425483214e-06
rate	1.067970074685248e-06
rate	8.543427299825449e-07
rate	7.776600565010605e-07
rate	7.174108911596771e-07
rate	6.653785880460892e-07
rate	5.941780914625092e-07
rate	5.147643373447473e-07
rate	4.5999757311619204e-07
rate	4.901191578701618e-07
rate	6.790712035189665e-07
rate	1.076186843911735e-06
rate	1.6432034826350735e-06
rate	2.284320250473921e-06
rate	2.9338095286047612e-06
rate	3.6053844995430638e-06
rate	4.271639986361644e-06
rate	4.907887085726323e-06
rate	5.596407185689794e-06
rate	6.2658915452328745e-06
rate	6.7379215369262344e-06
rate	6.935539653267683e-06
rate	6.916326154853995e-06
rate	6.814771331663634e-06
rate	6.7461553403273385e-06
rate	6.702242008328849e-06
rate	6.729687758287674e-06
rate	6.82849473629183e-06
rate	6.932794859524699e-06
rate	7.0590582198506236e-06
rate	7.429647358476589e-06
rate	7.657515954381514e-06
rate	8.135277947090397e-06
rate	8.673546496199712e-06
rate	9.247633140918554e-06
rate	9.893281067315448e-06
rate	1.0613289368708767e-05
rate	1.141046596946193e-05
rate	1.2249126350298714e-05
rate	1.3162320910869024e-05
rate	1.4260207883947063e-05
rate	1.5620106770337024e-05
rate	1.7228632267009058e-05
rate	1.90338398703353e-05
rate	2.094783269176442e-05
rate	2.2915620381102887e-05
rate	2.483785537366378e-05
rate	2.6719970071012785e-05
rate	2.871957934209215e-05
rate	3.087293528905553e-05
rate	3.306955270965942e-05
rate	3.535390902586824e-05
rate	3.784003427070283e-05
rate	4.0700760439382796e-05
rate	4.397899302115317e-05
rate	4.751743561903816e-05
rate	5.106045727600176e-05
rate	5.452707385127401e-05
rate	5.800647477388237e-05
rate	6.183192892758066e-05
rate	6.615914305078136e-05
rate	7.122371210668024e-05
rate	7.697621960509431e-05
rate	8.304561642699677e-05
rate	8.958674465814387e-05
rate	9.665401205308904e-05
rate	0.00010439651552280045
rate	0.0001128684484516954
rate	0.00012193912748028624
rate	0.00013166614264390942
rate	0.00014221500995863885
rate	0.00015356327414627876
rate	0.0001656625697124706
rate	0.00017855775152999576
rate	0.00019189862883254745
rate	0.00020620209742584433
rate	0.00022152750042820453
rate	0.00023794243174126727
rate	0.0002555201756198531
rate	0.0002743310407880063
rate	0.0002944546928705394
rate	0.0003159684723165752
rate	0.000338963077154968
rate	0.00036351843190100575
rate	0.0003897319300280683
rate	0.0004176973014811855
rate	0.00044750802500951464
rate	0.00047926420162024494
rate	0.0005130733208465293
rate	0.0005490377491094485
rate	0.0005872615693625632
rate	0.000627854510990944
rate	0.0006709257410893889
rate	0.0007165806022740739
rate	0.0007649350468946524
rate	0.0008160910305290835
rate	0.000870154153494684
rate	0.0009272302581936542
rate	0.0009886649275604494
rate	0.001053861699108917
rate	0.001123357823149671
rate	0.0011974368172774311
rate	0.0012764008954433245
rate	0.00136057220087217
rate	0.0014502941202835724
rate	0.0015459326847783476
rate	0.0016478780631053649
rate	0.0017565461534007423
rate	3.436119966724072e-05
rate	2.0048406374067895e-06
rate	1.0296254776842343e-06
rate	8.598201459881782e-07
rate	6.106088109435014e-07
rate	5.804859005517802e-07
rate	5.092876116229179e-07
rate	4.5999757311619204e-07
rate	4.326146018204462e-07
rate	4.243997638369671e-07
rate	4.353528866257989e-07
rate	4.654742002405995e-07
rate	5.20241074022403e-07
rate	5.996549869998559e-07
rate	7.03718083940425e-07
rate	8.269558143280141e-07
rate	9.638931322160915e-07
rate	1.1172710599479747e-06
rate	1.273396703700524e-06
rate	1.4267919716869954e-06
rate	1.593893025985282e-06
rate	1.766483509893698e-06
rate	1.922646180361025e-06
rate	2.056898403197176e-06
rate	2.1829370933739694e-06
rate	2.33090295978901e-06
rate	2.500799557444822e-06
rate	2.673447222811033e-06
rate	2.8406243846913537e-06
rate	3.0105526169000522e-06
rate	3.188714508306819e-06
rate	3.4025240827294423e-06
rate	3.7177866072483835e-06
rate	4.030343552841346e-06
rate	4.4471416599609705e-06
rate	4.872231397918097e-06
rate	5.313846116556869e-06
rate	5.835097994002052e-06
rate	6.452498326562498e-06
rate	7.149642043814192e-06
rate	7.896386529398998e-06
rate	8.64882776500277e-06
rate	9.37675054608661e-06
rate	1.0066395543985394e-05
rate	1.0753465675509906e-05
rate	1.1473700256161435e-05
rate	1.2273877608379603e-05
rate	1.3178827229414429e-05
rate	1.419690920714905e-05
rate	1.5317236814111848e-05
rate	1.6542689900808718e-05
rate	1.7834828795077475e-05
rate	1.915790547375378e-05
rate	2.051472295398141e-05
rate	2.197984790507673e-05
rate	2.368048614411368e-05
rate	2.5661294081719328e-05
rate	2.7831605747016134e-05
rate	3.006453630181272e-05
rate	3.2318681930107595e-05
rate	3.4641229267653035e-05
rate	3.721274064193558e-05
rate	4.0120041215010966e-05
rate	4.348380889200464e-05
rate	4.7258370060187775e-05
rate	5.129477609242277e-05
rate	5.510527026472216e-05
rate	5.914487719351732e-05
rate	6.350987434415501e-05
rate	6.834777390617359e-05
rate	7.365826201168617e-05
rate	7.969493116952011e-05
rate	8.669994045824075e-05
rate	9.465803307538062e-05
rate	0.0001034097340403661
rate	0.00011289983249012678
rate	0.00012296697446546602
rate	0.00013391354300223092
rate	0.000145807727311255
rate	0.0001587284631114924
rate	0.0001727571716449471
rate	0.0001879839583884308
rate	0.0002045052138180225
rate	0.0002224182214628858
rate	0.00024183353905902054
rate	0.00026286386129826893
rate	0.0002856276411226398
rate	0.0003102560036591218
rate	0.0003368784525067425
rate	0.0003656359633911182
rate	0.0003966791330552836
rate	0.0004301534971642004
rate	0.00046622273269105477
rate	0.0005050443739713015
rate	0.0005467869434222333
rate	0.0005916248576811744
rate	0.0006397294128503438
rate	0.0006912728313745885
rate	0.0007464326447425583
rate	0.000805381827680803
rate	0.0008696549061809325
rate	0.0009387197207142958
rate	0.0010132694104235782
rate	0.0010937395640510162
rate	0.0011806003632049145
rate	0.001274359329598655
rate	0.0013755642904653739
rate	0.0014848065794750597
rate	0.0016027244918567641
rate	0.00173000701391401
rate	1.7625400274050845e-05
rate	1.3090055535062341e-06
rate	8.899461298987486e-07
rate	6.653785880460892e-07
rate	5.613169483152927e-07
rate	4.901191578701618e-07
rate	4.682125179109734e-07
rate	4.408294644523707e-07
rate	3.888024173976905e-07
rate	3.2034728277604817e-07
rate	2.628462923885509e-07
rate	2.792750235559468e-07
rate	4.243997638369671e-07
rate	7.420581167297474e-07
rate	1.1857461233941687e-06
rate	1.6842962082736163e-06
rate	2.158276893080781e-06
rate	2.5747900809218873e-06
rate	2.8872165601933327e-06
rate	3.106484502409671e-06
rate	3.323028829473811e-06
rate	3.53136611934579e-06
rate	3.6410236926092254e-06
rate	3.630057737638425e-06
rate	3.5341075051499953e-06
rate	3.39430032880136e-06
rate	3.2764292368820424e-06
rate	3.202419749406036e-06
rate	3.2161250591121353e-06
rate	3.2983583581247294e-06
rate	3.4080065990716795e-06
rate	3.5258833559724458e-06
rate	3.712303470540584e-06
rate	3.8713188935843845e-06
rate	4.109859346384918e-06
rate	4.37310051948831e-06
rate	4.682989750718917e-06
rate	5.075200745624801e-06
rate	5.555255701186851e-06
rate	6.0957611523400726e-06
rate	6.661073899255262e-06
rate	7.234738669218573e-06
rate	7.83048911672504e-06
rate	8.459324906448012e-06
rate	9.140497788939235e-06
rate	9.885037793831569e-06
rate	1.0684750902853712e-05
rate	1.1523188977562443e-05
rate	1.2381135645824663e-05
rate	1.326686260906947e-05
rate	1.420791756755434e-05
rate	1.5240147992776276e-05
rate	1.6391199696467627e-05
rate	1.7702556286411183e-05
rate	1.9188233476378815e-05
rate	2.087334397309127e-05
rate	2.273340951447066e-05
rate	2.475220986214667e-05
rate	2.6924565631473522e-05
rate	2.92978852134616e-05
rate	3.204165984813266e-05
rate	3.5195827854847605e-05
rate	3.8597974486606314e-05
rate	4.214614680339936e-05
rate	4.588266917170269e-05
rate	4.988637571614202e-05
rate	5.425896623049059e-05
rate	5.9427453327926425e-05
rate	6.540194751143992e-05
rate	7.201624934555048e-05
rate	7.905233911935491e-05
rate	8.676776381280058e-05
rate	9.560197245434888e-05
rate	0.00010571657183241526
rate	0.00011707711866027314
rate	0.00012969615583787472
rate	0.00014323030430793128
rate	0.00015813666786077107
rate	0.00017454245261322944
rate	0.0001925946996893579
rate	0.00021244090742930497
rate	0.00023424473199629443
rate	0.00025818449911318964
rate	0.0002844457604735487
rate	0.00031323199875201644
rate	0.0003447482421133857
rate	0.00037922456991428986
rate	0.0004168905793182106
rate	0.000457996445770261
rate	0.0005027998238138226
rate	0.0005515583050694741
rate	0.0006045449037733259
rate	0.0006620339539861337
rate	0.0007243029570511338
rate	0.0007916307714997863
rate	0.0008642839350661343
rate	0.0009425349475276503
rate	0.0010266354031393298
rate	0.0011168244193929518
rate	0.0012133250521346361
rate	0.0013199384616845277
rate	0.0014350147225069903
rate	0.0015601236827236192
rate	0.001696140023666727
rate	0.0018440146840549008
rate	0.0020047815083445246
rate	0.0021795644747048485
rate	0.002369585553149985
rate	0.0025761732487668124
rate	0.0028007718897675436
rate	1.4064812334641719e-05
rate	1.0789257724673327e-06
rate	6.982409802277549e-07
rate	4.901191578701618e-07
rate	3.915406583842421e-07
rate	3.888024173976905e-07
rate	3.6689658809605136e-07
rate	3.504673311406838e-07
rate	3.2582363055920615e-07
rate	2.984420011820325e-07
rate	2.76536894848672e-07
rate	2.847512891854262e-07
rate	3.4499093406383163e-07
rate	4.709508383198306e-07
rate	6.462090414297284e-07
rate	8.516040260890709e-07
rate	1.0405810220285505e-06
rate	1.180268055294326e-06
rate	1.2377883170219012e-06
rate	1.232310144791802e-06
rate	1.2158756938695332e-06
rate	1.2131366283067453e-06
rate	1.2103975654845393e-06
rate	1.2131366283067453e-06
rate	1.2240929069993174e-06
rate	1.2377883170219012e-06
rate	1.2624402277035834e-06
rate	1.2980489350072746e-06
rate	1.3528324659807895e-06
rate	1.4240526951063243e-06
rate	1.5062321847536492e-06
rate	1.604850828490499e-06
rate	1.747306252172924e-06
rate	1.897988324422356e-06
rate	2.0979973385476614e-06
rate	2.3144619130583723e-06
rate	2.5473859501879223e-06
rate	2.8104769289320265e-06
rate	3.1010025898285977e-06
rate	3.4080065990716795e-06
rate	3.723269754937064e-06
rate	4.0467949068598756e-06
rate	4.37858497974546e-06
rate	4.724128126548748e-06
rate	5.099887233173392e-06
rate	5.514104835205282e-06
rate	5.964054560029172e-06
rate	6.438776806472532e-06
rate	6.9245604948065395e-06
rate	7.4351379450311616e-06
rate	7.97876052573849e-06
rate	8.593898050235005e-06
rate	9.327300607626847e-06
rate	1.021478809378332e-05
rate	1.1262008601074398e-05
rate	1.2471895728844417e-05
rate	1.379513434147038e-05
rate	1.5198851302767486e-05
rate	1.665011530696269e-05
rate	1.8195855039334424e-05
rate	1.998791111215727e-05
rate	2.2065406734043004e-05
rate	2.4290875289900265e-05
rate	2.6598325904384407e-05
rate	2.903500376521803e-05
rate	3.1731428389587264e-05
rate	3.4519232653495176e-05
rate	3.775120519893286e-05
rate	4.142335823901471e-05
rate	4.5529108751720395e-05
rate	5.0042519056428873e-05
rate	5.520025140028037e-05
rate	6.126630934325326e-05
rate	6.833654569390805e-05
rate	7.641027831571403e-05
rate	8.555002516980266e-05
rate	9.546305404512066e-05
rate	0.00010650777264669044
rate	0.00011879785455518205
rate	0.0001324763735875765
rate	0.0001476853181007605
rate	0.00016458949630933714
rate	0.00018336340384154007
rate	0.00020420136135811055
rate	0.00022730749943914713
rate	0.0002529124924773564
rate	0.0002812581390268431
rate	0.0003125997126965072
rate	0.00034722113335293236
rate	0.00038541383358878283
rate	0.0004274893676207456
rate	0.00047377062289868715
rate	0.0005246055613996279
rate	0.0005803353506667082
rate	0.000641327705367238
rate	0.0007079401840624609
rate	0.0007805396194521706
rate	0.0008594866256537244
rate	0.0009451282224749664
rate	0.0010377998846359052
rate	0.0011412296686096634
rate	0.001254110610909284
rate	0.0013781567967045226
rate	0.001514472598972578
rate	0.0016642716260757285
rate	0.0018288875264166492
rate	0.0020097858618003087
rate	0.00220857715521004
rate	0.002427031229161035
rate	0.002667092962284457
rate	4.24770252336317e-05
rate	2.341863712459592e-06
rate	1.413095616190892e-06
rate	1.1117931288559007e-06
rate	9.91281417705436e-07
rate	8.023078244665745e-07
rate	7.146723242372158e-07
rate	6.516860410527586e-07
rate	5.914396478022458e-07
rate	5.421481302885141e-07
rate	5.28456199580282e-07
rate	5.887012068810161e-07
rate	7.721828048647278e-07
rate	1.1117931288559007e-06
rate	1.5911535822118206e-06
rate	2.136356901510194e-06
rate	2.706333726803967e-06
rate	3.333993554763592e-06
rate	3.9864737587374775e-06
rate	4.6281395444742835e-06
rate	5.30835978246698e-06
rate	5.958566922844176e-06
rate	6.4470097102742525e-06
rate	6.7214540044112035e-06
rate	6.82849473629183e-06
rate	6.891623283588255e-06
rate	6.97671188962516e-06
rate	7.026119390552142e-06
rate	7.050823475374379e-06
rate	7.075527783107711e-06
rate	7.075527783107711e-06
rate	7.113957149327853e-06
rate	7.476317695169383e-06
rate	7.66300699793131e-06
rate	8.187452409334324e-06
rate	8.797143499896752e-06
rate	9.426201377707323e-06
rate	1.0052655899905255e-05
rate	1.064352286705683e-05
rate	1.1237266488959212e-05
rate	1.1833888609825201e-05
rate	1.2543405792182513e-05
rate	1.3489714816032447e-05
rate	1.4777660641092827e-05
rate	1.637467399943643e-05
rate	1.815726980985056e-05
rate	2.002376420080249e-05
rate	2.2015727088475218e-05
rate	2.407266625646701e-05
rate	2.618090633753158e-05
rate	2.8481651629461166e-05
rate	3.093385173253646e-05
rate	3.335222162935991e-05
rate	3.570338400643968e-05
rate	3.810931500473976e-05
rate	4.077579056812647e-05
rate	4.3859361684003996e-05
rate	4.7319652172396564e-05
rate	5.1057667887070264e-05
rate	5.4951631286175694e-05
rate	5.908332982439317e-05
rate	6.348745761185306e-05
rate	6.794358727208462e-05
rate	7.236481352936897e-05
rate	7.681290115491586e-05
rate	8.11977196680693e-05
rate	8.597377067636924e-05
rate	9.189328525171066e-05
rate	9.923619969207085e-05
rate	0.00010778328261872688
rate	0.0001170342569874415
rate	0.00012681265349971175
rate	0.00013731689288876812
rate	0.00014852631850591517
rate	0.00016051913256733715
rate	0.0001734658938633395
rate	0.0001870750533020996
rate	0.00020171281067707072
rate	0.00021744873275635315
rate	0.00023436403092601268
rate	0.00025253416418001014
rate	0.000272044040489204
rate	0.0002929825555292452
rate	0.00031544307838989293
rate	0.00033951779888599193
rate	0.000365313692684239
rate	0.00039293152205357356
rate	0.0004224787385133587
rate	0.00045407352468494175
rate	0.00048782301401579327
rate	0.0005238529131613583
rate	0.0005622823430858938
rate	0.000603227286900528
rate	0.0006468215947304302
rate	0.0006931871547930263
rate	0.0007424440488537075
rate	0.0007947216709675008
rate	0.0008501449632543435
rate	0.0009088265090497746
rate	0.0009708886045976409
rate	0.0010379157001848308
rate	0.0011092047274005152
rate	0.0011853902268445834
rate	0.001266808511708837
rate	0.0013538189947877506
rate	0.0014468057750699535
rate	0.0015461793333044062
rate	0.0016523783440262189
rate	0.0017658716120410641
rate	0.0018871601419166426
rate	3.643576198149019e-05
rate	1.77470237575181e-06
rate	1.0652311570896335e-06
rate	7.091951986104332e-07
rate	7.11933760054339e-07
rate	5.996549869998559e-07
rate	5.28456199580282e-07
rate	4.846424814473351e-07
rate	4.5999757311619204e-07
rate	4.5999757311619204e-07
rate	4.764274873545371e-07
rate	5.120259731145471e-07
rate	5.640553618464844e-07
rate	6.379935625385937e-07
rate	7.311037668610787e-07
rate	8.461266265210853e-07
rate	9.775872407133327e-07
rate	1.1200100296042904e-06
rate	1.2706575805906285e-06
rate	1.4185741501673814e-06
rate	1.5747169771310735e-06
rate	1.7363478794993496e-06
rate	1.8815498771707418e-06
rate	2.00758049513979e-06
rate	2.1308769310387734e-06
rate	2.2733597281708107e-06
rate	2.440512461164425e-06
rate	2.618637260643053e-06
rate	2.7995143000514986e-06
rate	2.9804032899523232e-06
rate	3.172268309547048e-06
rate	3.39430032880136e-06
rate	3.709561906304615e-06
rate	3.972764592237357e-06
rate	4.345678382997423e-06
rate	4.737841055856977e-06
rate	5.157489903102192e-06
rate	5.667737890758088e-06
rate	6.276868062653287e-06
rate	6.9602429207833536e-06
rate	7.673989118069892e-06
rate	8.39066768746064e-06
rate	9.12401579919036e-06
rate	9.882290041518898e-06
rate	1.0682002347818919e-05
rate	1.154243483302583e-05
rate	1.2463644687878454e-05
rate	1.3423682641385732e-05
rate	1.4408827920318426e-05
rate	1.5419107514492676e-05
rate	1.6493110365735325e-05
rate	1.7644689073296347e-05
rate	1.886567102767524e-05
rate	2.018924607898293e-05
rate	2.167075441427528e-05
rate	2.3409859389859784e-05
rate	2.5395998194822745e-05
rate	2.7510788921346463e-05
rate	2.9599538183864823e-05
rate	3.1642797286285914e-05
rate	3.375410513626258e-05
rate	3.613058068279638e-05
rate	3.882012126836609e-05
rate	4.192929019779201e-05
rate	4.543167886550011e-05
rate	4.9186628344585354e-05
rate	5.2890909105922564e-05
rate	5.69691786624547e-05
rate	6.150710339685494e-05
rate	6.658831349803799e-05
rate	7.215679408041738e-05
rate	7.838172405665261e-05
rate	8.547658261740422e-05
rate	9.342544915034185e-05
rate	0.00010212489187655605
rate	0.00011157916079131441
rate	0.00012164716333999
rate	0.000132602814227555
rate	0.00014451726938464896
rate	0.00015747250104006556
rate	0.00017155305624474306
rate	0.0001868493397803721
rate	0.00020346104655031023
rate	0.00022148890906664682
rate	0.00024104710149553906
rate	0.0002622491258687287
rate	0.0002852204575340322
rate	0.0003100965570968675
rate	0.00033700850152612057
rate	0.00036610222796134434
rate	0.000397533737144982
rate	0.00043145768808972203
rate	0.0004680346682642379
rate	0.0005074357575853123
rate	0.0005498341680721032
rate	0.0005954063355974754
rate	0.0006443296192463599
rate	0.0006967832128059029
rate	0.000752952664544616
rate	0.000813016454381377
rate	0.0008785636840809749
rate	0.0009490455030747245
rate	0.0010251816495790223
rate	0.001107425735887833
rate	0.0011962677648495847
rate	0.0012922370492599517
rate	0.0013959053654597382
rate	0.0015078903599267635
rate	0.0016288592291578557
rate	0.001759532694765411
rate	1.7484871695466366e-05
rate	1.259701115555228e-06
rate	9.036398685339303e-07
rate	7.201494608214243e-07
rate	5.503633215805116e-07
rate	4.983341930453457e-07
rate	4.6273588530900755e-07
rate	4.326146018204462e-07
rate	3.8332594364077125e-07
rate	3.2034728277604817e-07
rate	2.76536894848672e-07
rate	2.984420011820325e-07
rate	4.408294644523707e-07
rate	7.420581167297474e-07
rate	1.1638339167603272e-06
rate	1.6322455266288277e-06
rate	2.0842976248804975e-06
rate	2.492578511599896e-06
rate	2.8186989293988407e-06
rate	3.062629509092101e-06
rate	3.303840665879998e-06
rate	3.53136611934579e-06
rate	3.651989691502306e-06
rate	3.6465066865653065e-06
rate	3.5478144753447507e-06
rate	3.4025240827294423e-06
rate	3.2791703674319564e-06
rate	3.2051608058587684e-06
rate	3.224348277867117e-06
rate	3.314805314323872e-06
rate	3.435419345463348e-06
rate	3.5642629301618103e-06
rate	3.7589104825839973e-06
rate	3.898736279308767e-06
rate	4.118085249940746e-06
rate	4.367616070217299e-06
rate	4.666534573463813e-06
rate	5.047771576077222e-06
rate	5.511361466131178e-06
rate	6.029907064202708e-06
rate	6.565017385356008e-06
rate	7.113957149327853e-06
rate	7.70693574279827e-06
rate	8.371443974672556e-06
rate	9.104786936555447e-06
rate	9.909767688741505e-06
rate	1.0753465675509906e-05
rate	1.1616670114287489e-05
rate	1.2488397885375026e-05
rate	1.3385164608291734e-05
rate	1.4359287011788108e-05
rate	1.5438380776096513e-05
rate	1.6606042835553203e-05
rate	1.7859630601901775e-05
rate	1.9213047546592965e-05
rate	2.0669200095321393e-05
rate	2.227517517645479e-05
rate	2.4100286691730912e-05
rate	2.622789741441696e-05
rate	2.8714045904631567e-05
rate	3.1651106330335994e-05
rate	3.4957336694534494e-05
rate	3.843970590041298e-05
rate	4.190704946581313e-05
rate	4.540940966403145e-05
rate	4.919499080306389e-05
rate	5.330125447063169e-05
rate	5.809876004091135e-05
rate	6.36135541185946e-05
rate	6.979659953827434e-05
rate	7.647503183972795e-05
rate	8.39629749319487e-05
rate	9.266350816886546e-05
rate	0.00010266206447740212
rate	0.00011384152096853709
rate	0.0001261990459813199
rate	0.00013948538960040628
rate	0.00015413380664594086
rate	0.0001702737173348421
rate	0.00018804554029194459
rate	0.00020760466452859796
rate	0.00022911383577229436
rate	0.0002527503453769326
rate	0.0002787016175878047
rate	0.0003071729726283119
rate	0.00033837748734464175
rate	0.00037254103687740694
rate	0.0004099046864968646
rate	0.00045071456669452763
rate	0.0004952339227934007
rate	0.0005437297492024906
rate	0.0005964818819229735
rate	0.0006537653298263108
rate	0.0007158657480437067
rate	0.0007830713022114162
rate	0.0008556555696768876
rate	0.0009338917082761274
rate	0.001018048583881199
rate	0.0011083690860631996
rate	0.0012050812777499773
rate	0.0013120178906132526
rate	0.0014275329830887732
rate	0.0015532184678166366
rate	0.0016899697851791324
rate	0.001838761213567776
rate	0.0020006528105843413
rate	0.0021767979653718544
rate	0.002368451615881851
rate	0.0025769791896213434
rate	0.002803866331577512
rate	1.3866678975349904e-05
rate	1.024147721951411e-06
rate	7.393195251535149e-07
rate	5.448865246467013e-07
rate	4.682125179109734e-07
rate	3.997553977754189e-07
rate	3.586819472948105e-07
rate	3.2856180855868813e-07
rate	2.984420011820325e-07
rate	2.710606456493285e-07
rate	2.518938597113253e-07
rate	2.6558440740386094e-07
rate	3.2582363055920615e-07
rate	4.4904435173319247e-07
rate	6.188242076613993e-07
rate	8.160011247725936e-07
rate	1.0022368086162815e-06
rate	1.1446608798153087e-06
rate	1.218614762172605e-06
rate	1.2377883170219012e-06
rate	1.2487446943657693e-06
rate	1.2706575805906285e-06
rate	1.2843532235438447e-06
rate	1.2925706422006574e-06
rate	1.2980489350072746e-06
rate	1.3062663947707269e-06
rate	1.3227013882906268e-06
rate	1.3528324659807895e-06
rate	1.3993993292120537e-06
rate	1.4651421315917876e-06
rate	1.5418440629969186e-06
rate	1.6349850115184714e-06
rate	1.7692231291051103e-06
rate	1.897988324422356e-06
rate	2.078817758607707e-06
rate	2.2733597281708107e-06
rate	2.492578511599896e-06
rate	2.7529236170120507e-06
rate	3.0516658705229044e-06
rate	3.37511166569815e-06
rate	3.7040787860688165e-06
rate	4.0358273265303356e-06
rate	4.375842748243424e-06
rate	4.732355875891878e-06
rate	5.1163450152018e-06
rate	5.538795280572822e-06
rate	5.991492910944248e-06
rate	6.457986953854193e-06
rate	6.935539653267683e-06
rate	7.443373845508441e-06
rate	7.992489766086782e-06
rate	8.621362769861645e-06
rate	9.36026713402831e-06
rate	1.0231276651360421e-05
rate	1.1229019167941974e-05
rate	1.2331631414099587e-05
rate	1.3530985733933539e-05
rate	1.485198369671962e-05
rate	1.6325097506829525e-05
rate	1.7989154799069654e-05
rate	1.995757425001608e-05
rate	2.2181329412838644e-05
rate	2.446766498094893e-05
rate	2.667849986155709e-05
rate	2.889112145065814e-05
rate	3.1332611017819204e-05
rate	3.389547129076547e-05
rate	3.6943548071508996e-05
rate	4.049235420305929e-05
rate	4.453270380521646e-05
rate	4.90165972284428e-05
rate	5.415564009411422e-05
rate	6.017740070652752e-05
rate	6.716345127355591e-05
rate	7.511552934654639e-05
rate	8.412954375377648e-05
rate	9.395525056336937e-05
rate	0.00010490853077388172
rate	0.00011710855098015208
rate	0.00013069820231470384
rate	0.00014582216540409498
rate	0.00016264217191660411
rate	0.00018134125255452518
rate	0.00020211070890989783
rate	0.00022516346443233632
rate	0.0002507273168778899
rate	0.00027905023141159435
rate	0.0003103939937564089
rate	0.00034504015067713355
rate	0.0003832904037145471
rate	0.00042546418679833214
rate	0.0004718898307595043
rate	0.0005229181933029201
rate	0.000578900792514671
rate	0.0006402101862850839
rate	0.0007072134027469239
rate	0.0007802884002308426
rate	0.0008597939415168166
rate	0.0009460950487162948
rate	0.0010395323205390542
rate	0.0011438947332356357
rate	0.0012578635615831525
rate	0.0013831873629518016
rate	0.0015209974590738504
rate	0.0016725378878332921
rate	0.0018391766334318565
rate	0.0020224179754419354
rate	0.00222391606822369
rate	0.0024454898732902963
rate	0.0026891395794186312
rate	4.2949778082704256e-05
rate	2.350084305759088e-06
rate	1.4870567498682344e-06
rate	1.1967022924762735e-06
rate	7.940918771565989e-07
rate	7.53012510427781e-07
rate	6.544245449731547e-07
rate	5.804859005517802e-07
rate	5.175027043141322e-07
rate	4.709508383198306e-07
rate	4.6273588530900755e-07
rate	5.311945802441516e-07
rate	7.174108911596771e-07
rate	1.0597533301186493e-06
rate	1.5418440629969186e-06
rate	2.0952573903300895e-06
rate	2.6761877497227735e-06
rate	3.314805314323872e-06
rate	3.972764592237357e-06
rate	4.6061997696565195e-06
rate	5.267212627223217e-06
rate	5.8899723860709135e-06
rate	6.353704916810071e-06
rate	6.608928516399e-06
rate	6.7049865709436315e-06
rate	6.754389168490525e-06
rate	6.823005366185843e-06
rate	6.85594175191425e-06
rate	6.869665362910156e-06
rate	6.880644301236032e-06
rate	6.886133786908675e-06
rate	6.9245604948065395e-06
rate	7.259444636527612e-06
rate	7.333563876140921e-06
rate	7.728900379547916e-06
rate	8.198436633344222e-06
rate	8.720238041818835e-06
rate	9.341036612053693e-06
rate	1.0058151749263121e-05
rate	1.0857915433028361e-05
rate	1.1690907408451545e-05
rate	1.2601165283825516e-05
rate	1.3685069324495565e-05
rate	1.5003388755055034e-05
rate	1.6548198793461068e-05
rate	1.8209635610223198e-05
rate	1.9952058493014314e-05
rate	2.18722131759479e-05
rate	2.3987044677894633e-05
rate	2.627765355140184e-05
rate	2.884685149045041e-05
rate	3.15569386409938e-05
rate	3.412555338472226e-05
rate	3.639414434668256e-05
rate	3.8481354641332176e-05
rate	4.064240509410726e-05
rate	4.31806223695331e-05
rate	4.6163879741031297e-05
rate	4.972187718691575e-05
rate	5.378425672111796e-05
rate	5.831410442849419e-05
rate	6.314282345545893e-05
rate	6.797726721263309e-05
rate	7.25081874852189e-05
rate	7.678474378606463e-05
rate	8.091570773706271e-05
rate	8.566019269244863e-05
rate	9.153090237121388e-05
rate	9.881891211016757e-05
rate	0.00010727642402536085
rate	0.00011636855848524956
rate	0.00012590662723441253
rate	0.00013612826042569724
rate	0.00014703523710135198
rate	0.00015867914195453147
rate	0.00017116540297153378
rate	0.00018412758637174765
rate	0.0001980371982390612
rate	0.00021295577853846644
rate	0.00022895309197964265
rate	0.0002461015828800419
rate	0.00026447066001706487
rate	0.00028413898027272207
rate	0.00030519504204127787
rate	0.0003277162730630545
rate	0.000351796897545836
rate	0.0003775301578152045
rate	0.000405008639238761
rate	0.00043433102195064306
rate	0.00046560279356403444
rate	0.0004989304875993256
rate	0.0005344155196829909
rate	0.0005721744931158358
rate	0.0006123132874438558
rate	0.0006549440403892922
rate	0.000700182457272778
rate	0.0007481412532404039
rate	0.0007989338344573884
rate	0.000852663362287877
rate	0.0009094447209905141
rate	0.0009706164439675795
rate	0.0010355969635587653
rate	0.0011049277782150958
rate	0.0011789001301007287
rate	0.0012578247593671792
rate	0.0013420332094983493
rate	0.0014318792200453767
rate	0.0015277402126018524
rate	0.001630018876261638
rate	0.001739144859219392
rate	3.4294662191397243e-05
rate	1.6651195262225959e-06
rate	1.2514837955526723e-06
rate	8.789911883040596e-07
rate	5.065492528701582e-07
rate	6.106088109435014e-07
rate	5.175027043141322e-07
rate	4.572592636624514e-07
rate	4.2713804042618773e-07
rate	4.243997638369671e-07
rate	4.463060532341768e-07
rate	4.819041473441548e-07
rate	5.311945802441516e-07
rate	5.914396478022458e-07
rate	6.653785880460892e-07
rate	7.53012510427781e-07
rate	8.625588581000444e-07
rate	1.004975663193695e-06
rate	1.1857461233941687e-06
rate	1.3857031107491866e-06
rate	1.602111373752539e-06
rate	1.8130574093194636e-06
rate	1.9829218742500154e-06
rate	2.1007372895069786e-06
rate	2.1856771293395595e-06
rate	2.2788399838376935e-06
rate	2.40488889188437e-06
rate	2.5473859501879223e-06
rate	2.7090742866345705e-06
rate	2.8817350866275484e-06
rate	3.0653704255944207e-06
rate	3.2764292368820424e-06
rate	3.60264304236894e-06
rate	3.895994528381165e-06
rate	4.320998694986682e-06
rate	4.781722891200064e-06
rate	5.264469505527668e-06
rate	5.793942921708157e-06
rate	6.353704916810071e-06
rate	6.938284449762119e-06
rate	7.531224992185849e-06
rate	8.146261961778255e-06
rate	8.824610258463758e-06
rate	9.591043934127844e-06
rate	1.0453881898323961e-05
rate	1.1374725496916349e-05
rate	1.2334381625712894e-05
rate	1.3341144662580968e-05
rate	1.4392314184537814e-05
rate	1.548518783342204e-05
rate	1.6685924712381917e-05
rate	1.796986357283841e-05
rate	1.923786184170718e-05
rate	2.0465071438109136e-05
rate	2.1714908490842657e-05
rate	2.307299407086665e-05
rate	2.466104177767595e-05
rate	2.65347413318529e-05
rate	2.8736179721576214e-05
rate	3.1216300226777745e-05
rate	3.3986947398130185e-05
rate	3.697684881056471e-05
rate	4.0011690976204585e-05
rate	4.29553403667925e-05
rate	4.585204402212108e-05
rate	4.880476995481012e-05
rate	5.1757893688634136e-05
rate	5.534272928216407e-05
rate	5.969326938147245e-05
rate	6.474588072756586e-05
rate	7.028532992870147e-05
rate	7.63736791752319e-05
rate	8.324882011570087e-05
rate	9.093081121454054e-05
rate	9.94093785187905e-05
rate	0.00010874600278042206
rate	0.0001186749089765396
rate	0.00012949234599725202
rate	0.00014127216181050872
rate	0.00015409325726452886
rate	0.00016803995065062258
rate	0.00018320825106443045
rate	0.00019969768122910116
rate	0.0002176117668491461
rate	0.00023706455943748876
rate	0.00025817848191822334
rate	0.00028107306741727837
rate	0.0003058899105507186
rate	0.0003327696087573383
rate	0.0003618555821422034
rate	0.000393310793616447
rate	0.0004272877421998023
rate	0.00046396436340097617
rate	0.0005035072180134773
rate	0.0005460950170254142
rate	0.0005919137252137032
rate	0.0006411443040774512
rate	0.000693977247410335
rate	0.0007505963213971348
rate	0.0008111895654513464
rate	0.0008773807239230957
rate	0.0009486156406853121
rate	0.001025634150849752
rate	0.0011089058268418865
rate	0.0011989383658735297
rate	0.0012962806853105766
rate	0.001401526269354956
rate	0.0015153167874451515
rate	0.0016383460064361831
rate	0.001771364020411175
rate	1.707985908718638e-05
rate	1.246005595919216e-06
rate	8.214784640711634e-07
rate	6.078703508492233e-07
rate	5.394097386689582e-07
rate	4.764274873545371e-07
rate	4.572592636624514e-07
rate	4.326146018204462e-07
rate	3.8332594364077125e-07
rate	3.148709459465525e-07
rate	2.628462923885509e-07
rate	2.76536894848672e-07
rate	4.1618495050178546e-07
rate	7.146723242372158e-07
rate	1.1337049189870501e-06
rate	1.602111373752539e-06
rate	2.0459387912996146e-06
rate	2.4542139573870787e-06
rate	2.7803298051334783e-06
rate	3.0324796086691695e-06
rate	3.2764292368820424e-06
rate	3.5066937706294076e-06
rate	3.6410236926092254e-06
rate	3.660214219496249e-06
rate	3.594418687317245e-06
rate	3.4929870063025046e-06
rate	3.4052653395282267e-06
rate	3.333993554763592e-06
rate	3.3065818238740246e-06
rate	3.3202876550125657e-06
rate	3.355923137080797e-06
rate	3.4134891263923132e-06
rate	3.5560386904009056e-06
rate	3.687629491247092e-06
rate	3.917928612682575e-06
rate	4.1866354073860735e-06
rate	4.499245885065509e-06
rate	4.8804595923517305e-06
rate	5.3220756383051565e-06
rate	5.807661210401955e-06
rate	6.301565387750179e-06
rate	6.8175160070862835e-06
rate	7.385723062433585e-06
rate	8.033677900216499e-06
rate	8.76418375334227e-06
rate	9.552579783220814e-06
rate	1.0379678138288135e-05
rate	1.1264757738445084e-05
rate	1.2207874750737545e-05
rate	1.3211840165055004e-05
rate	1.4326260237446157e-05
rate	1.5526488842679545e-05
rate	1.6735507739270456e-05
rate	1.7903723257686033e-05
rate	1.906140951857799e-05
rate	2.0255441630944256e-05
rate	2.1601765095167856e-05
rate	2.3211048615353187e-05
rate	2.5227438122690895e-05
rate	2.7679489634516634e-05
rate	3.059605944506252e-05
rate	3.383171702332609e-05
rate	3.720996532576807e-05
rate	4.050624745861299e-05
rate	4.3775901055992806e-05
rate	4.7336365713791704e-05
rate	5.116924566107857e-05
rate	5.5638883504194e-05
rate	6.0790383396703016e-05
rate	6.661636619640938e-05
rate	7.300302586678391e-05
rate	8.021080497099097e-05
rate	8.857135092232962e-05
rate	9.813492514971791e-05
rate	0.0001088229210649959
rate	0.00012067417434182633
rate	0.00013347656368439486
rate	0.00014760441072225074
rate	0.00016317972755944873
rate	0.0001803468201519249
rate	0.0001992559651012698
rate	0.0002200673449636109
rate	0.00024295826813974005
rate	0.00026811884903535143
rate	0.0002957446065051463
rate	0.00032605034693396787
rate	0.00035926330174913666
rate	0.00039562232511265196
rate	0.00043537720232113915
rate	0.00047878804628260574
rate	0.0005261313864204091
rate	0.0005776765992115242
rate	0.0006337147792476969
rate	0.0006945346820458613
rate	0.0007604242108306175
rate	0.0008316680080334456
rate	0.0009085479776818511
rate	0.0009913354350902725
rate	0.001080289156594345
rate	0.001175643716406122
rate	0.0012811565324253253
rate	0.0013952505201232548
rate	0.0015195052006790446
rate	0.0016548254392958037
rate	0.0018021966843659208
rate	0.0019626921438442727
rate	0.002137480600716652
rate	0.0023278349244783684
rate	0.0025351413406065055
rate	0.0027609095255293186
rate	1.3905203783374373e-05
rate	1.139182893920767e-06
rate	6.325165903066125e-07
rate	4.791658159800933e-07
rate	4.1344668486733074e-07
rate	3.6415837175726304e-07
rate	3.3951454794144676e-07
rate	3.2308545529822664e-07
rate	2.984420011820325e-07
rate	2.710606456493285e-07
rate	2.518938597113253e-07
rate	2.628462923885509e-07
rate	3.2582363055920615e-07
rate	4.572592636624514e-07
rate	6.379935625385937e-07
rate	8.461266265210853e-07
rate	1.0405810220285505e-06
rate	1.180268055294326e-06
rate	1.2350492295366907e-06
rate	1.229571062787534e-06
rate	1.2103975654845393e-06
rate	1.207658505402302e-06
rate	1.2049194480603315e-06
rate	1.2131366283067453e-06
rate	1.232310144791802e-06
rate	1.256962006147244e-06
rate	1.2843532235438447e-06
rate	1.3254405634690366e-06
rate	1.3774854125591148e-06
rate	1.443227688725734e-06
rate	1.5254077539411407e-06
rate	1.624027088405665e-06
rate	1.7555250604621598e-06
rate	1.8733306905569835e-06
rate	2.0322393381209444e-06
rate	2.2075975157866855e-06
rate	2.413109674423948e-06
rate	2.6597446294008733e-06
rate	2.950254295006583e-06
rate	3.262723625299143e-06
rate	3.575228621606316e-06
rate	3.89051103476231e-06
rate	4.2359925835357285e-06
rate	4.63088202868827e-06
rate	5.069714889731423e-06
rate	5.560742530049905e-06
rate	6.068321756449165e-06
rate	6.559528543494167e-06
rate	7.009650124508363e-06
rate	7.451609770760724e-06
rate	7.921098468070553e-06
rate	8.475802895199984e-06
rate	9.151485837228835e-06
rate	9.981210862157704e-06
rate	1.0943127397175859e-05
rate	1.2001626075574922e-05
rate	1.3137561619640643e-05
rate	1.4392314184537814e-05
rate	1.580459852722287e-05
rate	1.7407721817396013e-05
rate	1.9309548846515637e-05
rate	2.1447235328444695e-05
rate	2.366115477450849e-05
rate	2.5818825678546143e-05
rate	2.7986496291034005e-05
rate	3.0391189345497375e-05
rate	3.291437433901555e-05
rate	3.588368616221785e-05
rate	3.932001744027901e-05
rate	4.323068755430065e-05
rate	4.7609368000460926e-05
rate	5.260900677494734e-05
rate	5.8378431362160946e-05
rate	6.500941003098219e-05
rate	7.256441461551185e-05
rate	8.118361838159364e-05
rate	9.059968514770512e-05
rate	0.00010109063409883042
rate	0.00011276859254094615
rate	0.00012576902921853305
rate	0.00014022589400614196
rate	0.00015630117586345747
rate	0.00017416021120232473
rate	0.00019398737253496147
rate	0.0002159877878009076
rate	0.0002403714838558642
rate	0.00026737614358423337
rate	0.0002972548520126646
rate	0.0003302757524203313
rate	0.00036672821129781586
rate	0.00040691073498588847
rate	0.00045114389600902087
rate	0.0004997617528044163
rate	0.0005531126326346968
rate	0.0006115498333484115
rate	0.0006754350453768704
rate	0.000745134815045338
rate	0.0008210086767226264
rate	0.0009034097722631629
rate	0.0009926885265877973
rate	0.0010923416988281374
rate	0.0012012025371404495
rate	0.0013209122537211394
rate	0.0014525520285565711
rate	0.0015973107901149312
rate	0.0017564959533690283
rate	0.001931545227951394
rate	0.0021240396030892394
rate	0.0023357176265949822
rate	0.0025684911068756967
rate	4.207663961068149e-05
rate	2.0925174448545623e-06
rate	1.2843532235438447e-06
rate	1.0816647037629399e-06
rate	8.379105477155179e-07
rate	7.721828048647278e-07
rate	7.11933760054339e-07
rate	6.516860410527586e-07
rate	5.667937781163512e-07
rate	4.7368916146778467e-07
rate	4.079701618144493e-07
rate	4.2987631975380964e-07
rate	6.023934388772541e-07
rate	9.693707673954292e-07
rate	1.5034928286902814e-06
rate	2.1199170230018866e-06
rate	2.7447018140711607e-06
rate	3.37511166569815e-06
rate	3.953571874461148e-06
rate	4.460853202008042e-06
rate	4.976457021287132e-06
rate	5.483927926579412e-06
rate	5.887228640346316e-06
rate	6.158872806549872e-06
rate	6.331751309866408e-06
rate	6.482685912831011e-06
rate	6.6391178275280565e-06
rate	6.751644556351309e-06
rate	6.814771331663634e-06
rate	6.850452326777288e-06
rate	6.87515482656967e-06
rate	6.930050068533467e-06
rate	7.229248484537265e-06
rate	7.231993575501895e-06
rate	7.509261941239909e-06
rate	7.852454744718298e-06
rate	8.261596776621085e-06
rate	8.76418375334227e-06
rate	9.354772685395457e-06
rate	1.0030672612793945e-05
rate	1.0720482369403792e-05
rate	1.1495695133013131e-05
rate	1.2504900141371847e-05
rate	1.3833658142783058e-05
rate	1.5449394129357156e-05
rate	1.7220366878262197e-05
rate	1.9050381625966284e-05
rate	2.100852870172775e-05
rate	2.307575509353662e-05
rate	2.5268886358580275e-05
rate	2.7693318022780626e-05
rate	3.029706497996892e-05
rate	3.28672683595796e-05
rate	3.528734742031377e-05
rate	3.7623518457256526e-05
rate	4.009225869371485e-05
rate	4.2852439940376686e-05
rate	4.584647584991107e-05
rate	4.912530442952137e-05
rate	5.271506563216008e-05
rate	5.67008318003987e-05
rate	6.107032981640629e-05
rate	6.562627991419612e-05
rate	7.011679235268495e-05
rate	7.448526449963155e-05
rate	7.882126832263424e-05
rate	8.343228084477987e-05
rate	8.885698073005545e-05
rate	9.534115185997304e-05
rate	0.00010282977486681111
rate	0.00011095470208617127
rate	0.00011977017684894062
rate	0.00012964161368948855
rate	0.00014053713851448676
rate	0.00015226626197240768
rate	0.0001647174287784157
rate	0.0001775321953361788
rate	0.0001913084289146526
rate	0.00020611353835885848
rate	0.0002220203302561806
rate	0.00023910141534123406
rate	0.00025743545998949287
rate	0.00027710765387350007
rate	0.00029820108673739483
rate	0.00032080929551186246
rate	0.00034502462284213055
rate	0.0003709479412522539
rate	0.00039867995841510724
rate	0.00042833123415727154
rate	0.000460003739052421
rate	0.0004938170262372677
rate	0.0005298832229107449
rate	0.0005683204898134774
rate	0.0006092470667166794
rate	0.0006527886710672398
rate	0.0006990618657281152
rate	0.0007481880301511561
rate	0.0008002904313464235
rate	0.0008554834291113881
rate	0.0009138907979131028
rate	0.0009769289243579508
rate	0.0010439916880647434
rate	0.0011156580766247452
rate	0.0011922441128294078
rate	0.0012740875133327144
rate	0.0013615491778591923
rate	0.0014550147806408453
rate	0.0015548964711007082
rate	0.0016616346912823696
rate	0.0017757001180397098
rate	3.407011014803724e-05
rate	1.8185367436922722e-06
rate	1.130965935630221e-06
rate	8.214784640711634e-07
rate	6.872868056730386e-07
rate	6.544245449731547e-07
rate	5.804859005517802e-07
rate	5.311945802441516e-07
rate	5.010725435815295e-07
rate	4.928575001895152e-07
rate	5.010725435815295e-07
rate	5.28456199580282e-07
rate	5.777474705866315e-07
rate	6.462090414297284e-07
rate	7.393195251535149e-07
rate	8.516040260890709e-07
rate	9.775872407133327e-07
rate	1.1145320930320493e-06
rate	1.2542228994796258e-06
rate	1.3966600800381393e-06
rate	1.5445834574328942e-06
rate	1.703473024644488e-06
rate	1.8486732787612122e-06
rate	1.9856617100482624e-06
rate	2.1171770528477614e-06
rate	2.265139365238787e-06
rate	2.4322915963438323e-06
rate	2.60219448595607e-06
rate	2.7611454446428957e-06
rate	2.92010563205552e-06
rate	3.0982616376540006e-06
rate	3.303840665879998e-06
rate	3.572487194627611e-06
rate	3.7616520962356414e-06
rate	4.033085438313029e-06
rate	4.318256521162437e-06
rate	4.6610495363562325e-06
rate	5.132802896162206e-06
rate	5.747301254295228e-06
rate	6.452498326562498e-06
rate	7.1770922791505515e-06
rate	7.890895017762878e-06
rate	8.613123325044667e-06
rate	9.365761593687708e-06
rate	1.0168071053236977e-05
rate	1.1017346430112276e-05
rate	1.1913631369449771e-05
rate	1.2865224192932154e-05
rate	1.3877686008041681e-05
rate	1.4951084242831225e-05
rate	1.6124046489342273e-05
rate	1.737465824943799e-05
rate	1.863686771520189e-05
rate	1.9885870275733107e-05
rate	2.116027461382328e-05
rate	2.255121077362361e-05
rate	2.4119621162210793e-05
rate	2.5868574381782686e-05
rate	2.7815010851302865e-05
rate	2.997319115265008e-05
rate	3.240179402079336e-05
rate	3.5095991817847905e-05
rate	3.793441831742863e-05
rate	4.080080106797748e-05
rate	4.369244297211708e-05
rate	4.669575295708278e-05
rate	4.972745324640861e-05
rate	5.32761295175137e-05
rate	5.7469604001796794e-05
rate	6.229963337139969e-05
rate	6.761522956271813e-05
rate	7.352045254718485e-05
rate	8.024463615743927e-05
rate	8.779379699015023e-05
rate	9.610667415795092e-05
rate	0.00010519587016396658
rate	0.00011485205609764086
rate	0.00012537060730154437
rate	0.00013683044095396754
rate	0.0001493097505763854
rate	0.00016289495520763715
rate	0.00017767241966402185
rate	0.00019374639532738474
rate	0.00021121921581916146
rate	0.00023020357030374916
rate	0.0002508173308767625
rate	0.0002731842767086921
rate	0.0002974440727969953
rate	0.00032372899650030183
rate	0.000352192308788013
rate	0.0003829880906768035
rate	0.0004162785218959061
rate	0.00045223204698634445
rate	0.000491021463055342
rate	0.0005328252024647122
rate	0.0005778253669680225
rate	0.0006262124397411848
rate	0.0006781729577410358
rate	0.0007338935630313314
rate	0.0007935653757947124
rate	0.0008587762005099576
rate	0.0009289980980377687
rate	0.001004962021124134
rate	0.0010871374936451642
rate	0.0011760324323172636
rate	0.0012721962860692967
rate	0.001376223432120351
rate	0.0014887568497538861
rate	0.0016104920944953734
rate	0.0017421815972573824
rate	1.7377413531516972e-05
rate	1.3418756720896411e-06
rate	9.638931322160915e-07
rate	6.188242076613993e-07
rate	5.613169483152927e-07
rate	4.873808182893356e-07
rate	4.4904435173319247e-07
rate	4.107084219715538e-07
rate	3.532055337869349e-07
rate	2.82013155001327e-07
rate	2.2998912579754532e-07
rate	2.464176598030141e-07
rate	3.915406583842421e-07
rate	6.900253452029415e-07
rate	1.100837299552308e-06
rate	1.5473228546098117e-06
rate	1.9692227363865723e-06
rate	2.3720060085641016e-06
rate	2.728258282260175e-06
rate	3.043443170407692e-06
rate	3.3696292152271964e-06
rate	3.6739218210567164e-06
rate	3.8713188935843845e-06
rate	3.923412161214643e-06
rate	3.863093731406636e-06
rate	3.7616520962356414e-06
rate	3.6766633496041698e-06
rate	3.6081259594622586e-06
rate	3.5807114837984583e-06
rate	3.5971601362561884e-06
rate	3.6410236926092254e-06
rate	3.69585412630447e-06
rate	3.824709967965861e-06
rate	3.887769292071348e-06
rate	4.038569217493881e-06
rate	4.2113138842363025e-06
rate	4.4416570623692535e-06
rate	4.784465529262012e-06
rate	5.256240156931703e-06
rate	5.815892216611959e-06
rate	6.408589704339667e-06
rate	7.009650124508363e-06
rate	7.63555189030962e-06
rate	8.289058162956471e-06
rate	8.986669743127944e-06
rate	9.717429949131072e-06
rate	1.0495107078482117e-05
rate	1.1349982366155847e-05
rate	1.2304129449910917e-05
rate	1.3357652059281223e-05
rate	1.4529931692957582e-05
rate	1.5771554313548226e-05
rate	1.7016495187673314e-05
rate	1.8198611147963248e-05
rate	1.934263578951874e-05
rate	2.0498172348641353e-05
rate	2.1786660384042976e-05
rate	2.3318735992809486e-05
rate	2.5255070210229972e-05
rate	2.7629708015071267e-05
rate	3.049915951432134e-05
rate	3.3684810667637577e-05
rate	3.694632311762654e-05
rate	3.9989465816186486e-05
rate	4.288303155506541e-05
rate	4.5974546675907576e-05
rate	4.973024128041391e-05
rate	5.414726247017688e-05
rate	5.934911246770274e-05
rate	6.534025932300257e-05
rate	7.18700904742587e-05
rate	7.890016835324825e-05
rate	8.661233777854516e-05
rate	9.527595059353811e-05
rate	0.00010493413405014552
rate	0.00011481208434696127
rate	0.0001257518299527741
rate	0.00013844556396369736
rate	0.00015327081373249689
rate	0.0001701804859343619
rate	0.00018890783241339433
rate	0.00020904932143944082
rate	0.000231076266122735
rate	0.00025559231275605187
rate	0.0002853875777995248
rate	0.0003201106306003472
rate	0.0003584611291995214
rate	0.00040068224705045976
rate	0.0004469793386253925
rate	0.0004975510786689308
rate	0.0005525397066473201
rate	0.0006120530728959951
rate	0.0006761289049687085
rate	0.0007447430704603312
rate	0.0008177920093569167
rate	0.0008950788024036488
rate	0.0009763272222264275
rate	0.0010611617686672116
rate	0.0011491216455980877
rate	0.001239669944214651
rate	0.0013425119604679066
rate	0.0014512417536336193
rate	0.0015687775524588555
rate	0.0016958325536987806
rate	0.0018331777157806766
rate	0.0019816464369109966
rate	0.0021421396120614106
rate	0.0023156310995192495
rate	0.0025031736301728068
rate	0.0027059051953885805
rate	1.4031789112343984e-05
rate	1.046058810640131e-06
rate	6.790712035189665e-07
rate	4.682125179109734e-07
rate	3.8332594364077125e-07
rate	3.915406583842421e-07
rate	3.6963480717372834e-07
rate	3.4772913123298454e-07
rate	3.176091129920573e-07
rate	2.82013155001327e-07
rate	2.5463196377316206e-07
rate	2.5463196377316206e-07
rate	3.0391830514958843e-07
rate	4.189232188746194e-07
rate	5.777474705866315e-07
rate	7.584897237127671e-07
rate	9.25549992812331e-07
rate	1.0597533301186493e-06
rate	1.1364439050839983e-06
rate	1.172050973696445e-06
rate	1.2049194480603315e-06
rate	1.246005595919216e-06
rate	1.273396703700524e-06
rate	1.2898314999078554e-06
rate	1.2980489350072746e-06
rate	1.3062663947707269e-06
rate	1.3227013882906268e-06
rate	1.3583108793698406e-06
rate	1.4158348818087946e-06
rate	1.4980141247861184e-06
rate	1.602111373752539e-06
rate	1.7171708328614983e-06
rate	1.8568923913522147e-06
rate	1.96648291703916e-06
rate	2.1034772432086555e-06
rate	2.251438815199501e-06
rate	2.429551313555647e-06
rate	2.6624851425963498e-06
rate	2.9529950990101077e-06
rate	3.2846526367647363e-06
rate	3.6218333002341863e-06
rate	3.961797308461896e-06
rate	4.326483050874392e-06
rate	4.7268707069158025e-06
rate	5.160232917613918e-06
rate	5.6320723059219205e-06
rate	6.1204568437728874e-06
rate	6.61167298547308e-06
rate	7.09748735489768e-06
rate	7.599860661998425e-06
rate	8.143515953975168e-06
rate	8.761437125706449e-06
rate	9.453674447886306e-06
rate	1.0228528551534911e-05
rate	1.1077822685311226e-05
rate	1.1979627133902617e-05
rate	1.2958751164102997e-05
rate	1.4081324095160607e-05
rate	1.542461414682089e-05
rate	1.7024759960967137e-05
rate	1.8953889460343187e-05
rate	2.1118888530959204e-05
rate	2.3351871422648546e-05
rate	2.5476136950801002e-05
rate	2.7549506198727337e-05
rate	2.9845866635540938e-05
rate	3.2617897264995155e-05
rate	3.575331264541393e-05
rate	3.930890764477597e-05
rate	4.3308568550363865e-05
rate	4.773752131928146e-05
rate	5.2592261015161356e-05
rate	5.805681180664006e-05
rate	6.414322287500236e-05
rate	7.059434243322065e-05
rate	7.716207658942862e-05
rate	8.490605758085748e-05
rate	9.425561133691308e-05
rate	0.00010515603914119083
rate	0.00011796593522368586
rate	0.00013165752445463435
rate	0.00014630732958717608
rate	0.00016335990495809733
rate	0.00018310286928662148
rate	0.00020626999465052283
rate	0.00023583183311659975
rate	0.00026612667932409827
rate	0.0002998593122036871
rate	0.00033730577962629867
rate	0.0003787309130582507
rate	0.0004243834238144671
rate	0.00047448683495424543
rate	0.0005292254498508862
rate	0.0005887344627349094
rate	0.0006530910157270538
rate	0.0007222919078719249
rate	0.000796251951275764
rate	0.0008747930799048273
rate	0.0009576304476358358
rate	0.0010443833680571573
rate	0.0011433447757730213
rate	0.001249446856392555
rate	0.0013653951809013676
rate	0.0014921034780233549
rate	0.0016305702702565912
rate	0.0017818867427122499
rate	0.001947245342179596
rate	0.0021279491741818574
rate	0.0023254222720762896
rate	0.0025412208191239035
rate	4.192651009641411e-05
rate	2.0705979797638976e-06
rate	1.2788749581412128e-06
rate	1.2542228994796258e-06
rate	7.091951986104332e-07
rate	7.502739078941745e-07
rate	6.872868056730386e-07
rate	6.297781082992987e-07
rate	5.503633215805116e-07
rate	4.6273588530900755e-07
rate	4.024936497165393e-07
rate	4.3809117416987325e-07
rate	6.297781082992987e-07
rate	1.0214088481948519e-06
rate	1.5719775525444375e-06
rate	2.1801970601502957e-06
rate	2.777589173975958e-06
rate	3.3915590829812007e-06
rate	3.994699291587407e-06
rate	4.587002610912476e-06
rate	5.237038439734182e-06
rate	5.8899723860709135e-06
rate	6.4003569160685366e-06
rate	6.685774690415494e-06
rate	6.79006937667788e-06
rate	6.825750049863069e-06
rate	6.88338904269668e-06
rate	6.943774051006895e-06
rate	7.034354060725134e-06
rate	7.1551320688636655e-06
rate	7.281405683521436e-06
rate	7.404939855242131e-06
rate	7.745373972750643e-06
rate	7.671243583905323e-06
rate	7.84147190869304e-06
rate	8.0611370005477e-06
rate	8.360459056538775e-06
rate	8.76418375334227e-06
rate	9.288840161853527e-06
rate	9.923506615767947e-06
rate	1.0583056204219047e-05
rate	1.1322490260905526e-05
rate	1.229312874158766e-05
rate	1.3566754366019167e-05
rate	1.509698879725789e-05
rate	1.6752035614448122e-05
rate	1.845494137848548e-05
rate	2.026923257238676e-05
rate	2.2211690925531602e-05
rate	2.4299162051658353e-05
rate	2.660661965314943e-05
rate	2.907650968426013e-05
rate	3.156524742447703e-05
rate	3.395368300545812e-05
rate	3.6263746520720046e-05
rate	3.867572380991882e-05
rate	4.129272066821482e-05
rate	4.4070806662435785e-05
rate	4.711074151326744e-05
rate	5.0508213685607605e-05
rate	5.44628373421638e-05
rate	5.8901493407176625e-05
rate	6.342861456280261e-05
rate	6.751981675800581e-05
rate	7.109445474354007e-05
rate	7.439242524267773e-05
rate	7.817888127026924e-05
rate	8.281703030322844e-05
rate	8.872123215522317e-05
rate	9.642428696907805e-05
rate	0.00010488861728009716
rate	0.00011344483088468567
rate	0.0001222397113268145
rate	0.00013253959317764853
rate	0.00014441625249024125
rate	0.0001553071023791107
rate	0.00016933572109275203
rate	0.0001855774841972301
rate	0.000200864154336688
rate	0.00021791414668481315
rate	0.00023767665157279553
rate	0.0002607580619758075
rate	0.00028415416660265556
rate	0.00030863437462283586
rate	0.00033494702296399674
rate	0.0003631807791855306
rate	0.0003934214243865494
rate	0.00042574883737354647
rate	0.00046023693948302647
rate	0.0004969502678020813
rate	0.0005359434933564865
rate	0.0005772573881112096
rate	0.000620914271508752
rate	0.0006669302940094143
rate	0.0007152897326811725
rate	0.0007659634143120835
rate	0.000818895812510955
rate	0.0008740206352909844
rate	0.0009312282606067391
rate	0.00099039967580291
rate	0.001055253760313532
rate	0.0011233867090478778
rate	0.001195918693234945
rate	0.0012731337386401493
rate	0.0013553342092842554
rate	0.001442841991461343
rate	0.0015359997542034429
rate	0.0016351722911276565
rate	0.0017407479489202633
rate	0.0018531401480515537
rate	3.394813897930539e-05
rate	1.7171708328614983e-06
rate	8.981623648607985e-07
rate	7.311037668610787e-07
rate	8.296944935656948e-07
rate	6.325165903066125e-07
rate	5.722706188736523e-07
rate	5.229794464695652e-07
rate	4.819041473441548e-07
rate	4.5178265297065314e-07
rate	4.353528866257989e-07
rate	4.408294644523707e-07
rate	4.791658159800933e-07
rate	5.503633215805116e-07
rate	6.516860410527586e-07
rate	7.721828048647278e-07
rate	8.981623648607985e-07
rate	1.0296254776842343e-06
rate	1.1638339167603272e-06
rate	1.3035272387759883e-06
rate	1.4624028166410394e-06
rate	1.6322455266288277e-06
rate	1.7884005403436556e-06
rate	1.9171666376274494e-06
rate	2.0294994557109262e-06
rate	2.147316875358297e-06
rate	2.284320250473921e-06
rate	2.440512461164425e-06
rate	2.626858685018531e-06
rate	2.832402318380354e-06
rate	3.070852266831029e-06
rate	3.3285111866295175e-06
rate	3.6218333002341863e-06
rate	3.827451647508553e-06
rate	4.079697911461714e-06
rate	4.34842058428698e-06
rate	4.672019621559888e-06
rate	5.094401327815306e-06
rate	5.629328818640089e-06
rate	6.243938642411441e-06
rate	6.869665362910156e-06
rate	7.501025842558129e-06
rate	8.198436633344222e-06
rate	8.98941659672783e-06
rate	9.868551321321047e-06
rate	1.0797444035101482e-05
rate	1.1748648917840938e-05
rate	1.2749695286449023e-05
rate	1.3808892779712861e-05
rate	1.4923555953537753e-05
rate	1.615434090341973e-05
rate	1.745731791801658e-05
rate	1.8694755903025802e-05
rate	1.9789348660371438e-05
rate	2.079333982884316e-05
rate	2.1800459040627485e-05
rate	2.2965316358508286e-05
rate	2.43847933918743e-05
rate	2.621131223636191e-05
rate	2.8470585727424235e-05
rate	3.117199265368709e-05
rate	3.417822549955082e-05
rate	3.7290450636851806e-05
rate	4.0192277089817634e-05
rate	4.284965890144539e-05
rate	4.55318925137021e-05
rate	4.851214081324426e-05
rate	5.201459501523912e-05
rate	5.6099942036971134e-05
rate	6.062242928367921e-05
rate	6.576930141568267e-05
rate	7.105230692275068e-05
rate	7.700719489299899e-05
rate	8.390933628205461e-05
rate	9.179136021843985e-05
rate	0.00010015900008703642
rate	0.0001093984523581245
rate	0.0001206913417390522
rate	0.00013342194617327194
rate	0.00014577307619908516
rate	0.00015889674198117594
rate	0.0001748517862561089
rate	0.00019225104765510434
rate	0.0002111748547108534
rate	0.00023179428933254461
rate	0.00025423404910308325
rate	0.00027861068215103124
rate	0.0003050450715384295
rate	0.00033366015981814423
rate	0.000364575429018681
rate	0.0003978978162055475
rate	0.00043373750838736656
rate	0.0004721858559508694
rate	0.0005133242956207568
rate	0.0005572204365367767
rate	0.0006039133243298419
rate	0.0006534281520168082
rate	0.0007057568757260325
rate	0.0007608724296690586
rate	0.0008187075069124445
rate	0.0008826659175696481
rate	0.0009507466382895418
rate	0.0010240784788742448
rate	0.001103066462354404
rate	0.0011881468515075354
rate	0.0012797895584044205
rate	0.0013785007398057262
rate	0.0014848255927436148
rate	0.0015993513657287853
rate	0.0017227106022142818
rate	1.6804374544095876e-05
rate	1.1254879771372024e-06
rate	8.379105477155179e-07
rate	6.407320527629683e-07
rate	5.147643373447473e-07
rate	4.819041473441548e-07
rate	4.5178265297065314e-07
rate	4.1344668486733074e-07
rate	3.532055337869349e-07
rate	2.76536894848672e-07
rate	2.1629875609694e-07
rate	2.2451296970246993e-07
rate	3.586819472948105e-07
rate	6.489475398718211e-07
rate	1.0487977090559862e-06
rate	1.4760994188035744e-06
rate	1.8788101455577786e-06
rate	2.2788399838376935e-06
rate	2.6679661772174593e-06
rate	3.0407022758573865e-06
rate	3.435419345463348e-06
rate	3.8082599483658513e-06
rate	4.052278713500514e-06
rate	4.123569199374814e-06
rate	4.060504444055936e-06
rate	3.953571874461148e-06
rate	3.865835449387058e-06
rate	3.7918100276030467e-06
rate	3.7589104825839973e-06
rate	3.767135331775697e-06
rate	3.794551674199667e-06
rate	3.832935014830493e-06
rate	3.937121080595275e-06
rate	4.0001829938834815e-06
rate	4.137279121017469e-06
rate	4.3018035358935984e-06
rate	4.515700056900885e-06
rate	4.814634729274546e-06
rate	5.22057993217906e-06
rate	5.717121775256106e-06
rate	6.257659186046981e-06
rate	6.825750049863069e-06
rate	7.4461191511731855e-06
rate	8.121547990698894e-06
rate	8.838343741079997e-06
rate	9.582801570584746e-06
rate	1.0363188686949614e-05
rate	1.1212524600437869e-05
rate	1.2161123689266585e-05
rate	1.3220093461163752e-05
rate	1.4386809628078737e-05
rate	1.5625613806949468e-05
rate	1.6895281378965043e-05
rate	1.8126953225309242e-05
rate	1.9326092268035044e-05
rate	2.053954904958669e-05
rate	2.1850134780169073e-05
rate	2.3327019812673117e-05
rate	2.5103097179791825e-05
rate	2.725360947671296e-05
rate	2.9843098777015523e-05
rate	3.277305883207828e-05
rate	3.588091219296428e-05
rate	3.891731615362586e-05
rate	4.187646875434106e-05
rate	4.509487654051798e-05
rate	4.8893958388263364e-05
rate	5.313096763614235e-05
rate	5.773523002782718e-05
rate	6.297752653063931e-05
rate	6.865656778994553e-05
rate	7.494669417815955e-05
rate	8.23175936996615e-05
rate	9.091949000405136e-05
rate	0.00010032087714305056
rate	0.00011030188158174154
rate	0.00012133805877084177
rate	0.00013405155096220147
rate	0.00014811879120319918
rate	0.00016423480572693526
rate	0.00018300627288677466
rate	0.00020350528284749462
rate	0.00022543100540229637
rate	0.0002482860659061111
rate	0.0002777105842521639
rate	0.0003107374659753079
rate	0.00034715897304444664
rate	0.0003871951299193482
rate	0.0004310538672525745
rate	0.0004789184915639572
rate	0.0005309399771402754
rate	0.0005872378195098647
rate	0.0006478655017659495
rate	0.0007128305861662267
rate	0.0007820692773243031
rate	0.0008554422666666024
rate	0.000932729017946654
rate	0.0010136284707840029
rate	0.0010977557635327474
rate	0.001184651531186572
rate	0.001283046850087939
rate	0.0013872498891813955
rate	0.0014999158097008638
rate	0.0016217319271282515
rate	0.0017534413774807987
rate	0.001895847650792794
rate	0.0020498194927853577
rate	0.002216296204626863
rate	0.002396293373114969
rate	0.0025909090662371453
rate	1.3742852906695767e-05
rate	1.1035762527681885e-06
rate	6.599015610314322e-07
rate	4.791658159800933e-07
rate	4.1618495050178546e-07
rate	3.778494808380182e-07
rate	3.4772913123298454e-07
rate	3.2034728277604817e-07
rate	2.902275657688909e-07
rate	2.518938597113253e-07
rate	2.2177489576223272e-07
rate	2.2451296970246993e-07
rate	2.76536894848672e-07
rate	3.9701714857294883e-07
rate	5.613169483152927e-07
rate	7.447967110453152e-07
rate	9.14594908755534e-07
rate	1.0487977090559862e-06
rate	1.1282269550135056e-06
rate	1.172050973696445e-06
rate	1.2103975654845393e-06
rate	1.256962006147244e-06
rate	1.2953097872335928e-06
rate	1.3281797413876452e-06
rate	1.3555716713050335e-06
rate	1.3884423489605517e-06
rate	1.4213134212666573e-06
rate	1.459663504430764e-06
rate	1.500753475367773e-06
rate	1.5528016571861892e-06
rate	1.6185481432960409e-06
rate	1.7089521397072918e-06
rate	1.826755765812828e-06
rate	1.944564460964327e-06
rate	2.0897775021210743e-06
rate	2.248698713418677e-06
rate	2.429551313555647e-06
rate	2.6515231062725618e-06
rate	2.925587182443903e-06
rate	3.2407947894738226e-06
rate	3.575228621606316e-06
rate	3.9206703855756055e-06
rate	4.299061381295049e-06
rate	4.715900401931761e-06
rate	5.157489903102192e-06
rate	5.62658533410739e-06
rate	6.10948095341294e-06
rate	6.592461759725921e-06
rate	7.081017659542785e-06
rate	7.5971152021692985e-06
rate	8.159992042107895e-06
rate	8.79165018124973e-06
rate	9.497631933594526e-06
rate	1.027524662371217e-05
rate	1.1108061313864496e-05
rate	1.1974127426103958e-05
rate	1.2903734911777499e-05
rate	1.3962992011847956e-05
rate	1.5242901127591413e-05
rate	1.6790601044550126e-05
rate	1.8686486086970937e-05
rate	2.0831962227287254e-05
rate	2.3034340045846485e-05
rate	2.507270358596704e-05
rate	2.6990924231935302e-05
rate	2.9079276767902484e-05
rate	3.161233100717851e-05
rate	3.454418606415211e-05
rate	3.795107466344151e-05
rate	4.184032835388174e-05
rate	4.6183370652804586e-05
rate	5.106045727600176e-05
rate	5.642971636995031e-05
rate	6.249850198323617e-05
rate	6.895978112707215e-05
rate	7.561365376227958e-05
rate	8.313028279777244e-05
rate	9.206600022056457e-05
rate	0.0001024403614248656
rate	0.00011431248669636322
rate	0.0001275411325388536
rate	0.00014235055305118107
rate	0.00015854859023942312
rate	0.00017677861259481352
rate	0.00019895858305103958
rate	0.00022727180134068725
rate	0.0002565152346528318
rate	0.0002891002771187329
rate	0.0003252979274979541
rate	0.0003653825240183044
rate	0.00040959942054900997
rate	0.0004581841624347594
rate	0.0005113336415174859
rate	0.000569200059963083
rate	0.0006318760625484607
rate	0.0006993870374883519
rate	0.0007716771591547412
rate	0.0008485954684771517
rate	0.0009299013529667827
rate	0.0010152385653872348
rate	0.0011125683888888176
rate	0.0012170901566862819
rate	0.0013314313657447176
rate	0.0014565145169814881
rate	0.0015933487769316755
rate	0.001743038119668762
rate	0.0019067902336292403
rate	0.002085926265201125
rate	0.002281891477687287
rate	0.00249626691163976
rate	3.992556948610117e-05
rate	2.2240379207973495e-06
rate	1.3281797413876452e-06
rate	1.0542755141072453e-06
rate	7.639669479555301e-07
rate	7.667055641856736e-07
rate	7.256266083624947e-07
rate	6.681171056623399e-07
rate	5.558401294698247e-07
rate	4.079701618144493e-07
rate	2.792750235559468e-07
rate	2.628462923885509e-07
rate	4.572592636624514e-07
rate	9.091173831653929e-07
rate	1.5445834574328942e-06
rate	2.2404784245305984e-06
rate	2.892698044733642e-06
rate	3.503952412274485e-06
rate	4.057762531124717e-06
rate	4.573290437078437e-06
rate	5.138288878467165e-06
rate	5.72809609277965e-06
rate	6.2219859156135065e-06
rate	6.545806486982297e-06
rate	6.724198586285462e-06
rate	6.858686468610276e-06
rate	6.998670668850603e-06
rate	7.100232313755854e-06
rate	7.1688571796513775e-06
rate	7.218268148202468e-06
rate	7.256699518039203e-06
rate	7.30885723998461e-06
rate	7.5916242907706036e-06
rate	7.56142447492079e-06
rate	7.778321456523217e-06
rate	8.044661507301023e-06
rate	8.36595151009655e-06
rate	8.769677016880224e-06
rate	9.272357279055125e-06
rate	9.871299059845338e-06
rate	1.0522590876784841e-05
rate	1.1253761205525427e-05
rate	1.2144623505228775e-05
rate	1.3233849009966987e-05
rate	1.4499655247594008e-05
rate	1.5823874502713656e-05
rate	1.7223122005072072e-05
rate	1.8873941384986068e-05
rate	2.0862308779719446e-05
rate	2.3164109289163565e-05
rate	2.5749731756990367e-05
rate	2.8451220506481604e-05
rate	3.109999437670148e-05
rate	3.349079548534034e-05
rate	3.5656230016776295e-05
rate	3.785669004251677e-05
rate	4.023673088317368e-05
rate	4.270782966165122e-05
rate	4.540940966403145e-05
rate	4.848984654183539e-05
rate	5.2134583237200546e-05
rate	5.6323513519736075e-05
rate	6.07847847602701e-05
rate	6.49953918760875e-05
rate	6.87716726025676e-05
rate	7.231983501197575e-05
rate	7.636241799966587e-05
rate	8.133309571370933e-05
rate	8.726235990407718e-05
rate	9.418476856243436e-05
rate	0.00010190323231663906
rate	0.00010967201459782435
rate	0.00011879785455518205
rate	0.0001288580490800098
rate	0.00013937303483716612
rate	0.00015153985621232634
rate	0.00016422317730546
rate	0.00017662091222121737
rate	0.00019159029957082607
rate	0.00020972612027948207
rate	0.00023001893994801625
rate	0.0002523660350495558
rate	0.0002758416292975408
rate	0.0002995110931674143
rate	0.0003249557067471696
rate	0.00035225769725181247
rate	0.00038150535079775735
rate	0.00041278412811209474
rate	0.0004461607209180967
rate	0.00048170824671674
rate	0.0005194803752404377
rate	0.0005595268603384206
rate	0.0006018727825153375
rate	0.0006465407441797529
rate	0.0006935257379960146
rate	0.0007428067349344773
rate	0.0007943447236387673
rate	0.0008480766770590073
rate	0.0009039086854386067
rate	0.0009617392546956293
rate	0.001025082976433244
rate	0.0010916857334540662
rate	0.0011626158740572488
rate	0.0012381545615084964
rate	0.001318601227105565
rate	0.0014042747571078348
rate	0.0014955147567843076
rate	0.0015926828965906407
rate	0.0016961643458114038
rate	0.0018063692993504164
rate	3.368203892537181e-05
rate	1.739087468555817e-06
rate	1.3720069608019094e-06
rate	6.763326749459337e-07
rate	6.900253452029415e-07
rate	6.023934388772541e-07
rate	5.038108968562625e-07
rate	4.326146018204462e-07
rate	3.860641791497674e-07
rate	3.6689658809605136e-07
rate	3.6963480717372834e-07
rate	3.942789021094278e-07
rate	4.463060532341768e-07
rate	5.229794464695652e-07
rate	6.188242076613993e-07
rate	7.283651862421327e-07
rate	8.461266265210853e-07
rate	9.74848413534232e-07
rate	1.1200100296042904e-06
rate	1.2816140894723214e-06
rate	1.470620769716246e-06
rate	1.6705985645310452e-06
rate	1.8514129802167566e-06
rate	1.9966210806592503e-06
rate	2.1062171996523937e-06
rate	2.221297846439797e-06
rate	2.3528245090107904e-06
rate	2.4816171555400396e-06
rate	2.615896791337725e-06
rate	2.763886059340029e-06
rate	2.9392911064303098e-06
rate	3.1448581978167977e-06
rate	3.4052653395282267e-06
rate	3.643765188214844e-06
rate	3.934379291227636e-06
rate	4.2414767691449865e-06
rate	4.589745053920504e-06
rate	5.012114066485033e-06
rate	5.527821721809124e-06
rate	6.114968893092546e-06
rate	6.7214540044112035e-06
rate	7.34454467488772e-06
rate	8.033677900216499e-06
rate	8.805383498533712e-06
rate	9.651488691656821e-06
rate	1.0541829699755889e-05
rate	1.1448956230911495e-05
rate	1.2372884878376754e-05
rate	1.3316383754144687e-05
rate	1.4301490418139225e-05
rate	1.5361288543720273e-05
rate	1.6501373559231894e-05
rate	1.7697045070561825e-05
rate	1.8920807214979882e-05
rate	2.0169939344468077e-05
rate	2.148862637502172e-05
rate	2.289353356957888e-05
rate	2.4387555737763685e-05
rate	2.6039937945867448e-05
rate	2.7942240955721448e-05
rate	3.0216784989905452e-05
rate	3.2864497444852714e-05
rate	3.573112202679321e-05
rate	3.853411062270309e-05
rate	4.117598598509461e-05
rate	4.3831541191975404e-05
rate	4.678208767611257e-05
rate	5.011222877999549e-05
rate	5.3918284008401094e-05
rate	5.831410442849419e-05
rate	6.29999390881444e-05
rate	6.798288057633903e-05
rate	7.349232901892633e-05
rate	7.985842163439113e-05
rate	8.663494465335131e-05
rate	9.406859038039408e-05
rate	0.00010281840434627595
rate	0.00011246334134093602
rate	0.00012404677249707144
rate	0.0001379704288698547
rate	0.00015409615362899898
rate	0.00017044853476824858
rate	0.00018754119596082764
rate	0.00020552321777278816
rate	0.00022508320723914837
rate	0.0002463262435147496
rate	0.00026936620207914893
rate	0.00029431445520554644
rate	0.0003212833811632939
rate	0.00035038073533076456
rate	0.0003817162223492255
rate	0.00041538936975811855
rate	0.000451489345160211
rate	0.0004900978832471544
rate	0.0005312856708274572
rate	0.0005751048713657631
rate	0.0006215875774268648
rate	0.0006707403464181142
rate	0.0007225592494833371
rate	0.0007769955556177862
rate	0.0008370404620104791
rate	0.0009009641708827538
rate	0.0009697696515945553
rate	0.001043829718813769
rate	0.0011235456585873512
rate	0.0012093494026641195
rate	0.0013017058688677707
rate	0.0014011154802012226
rate	0.0015081168763316991
rate	0.0016232898321484814
rate	1.6961397336622167e-05
rate	1.2624402277035834e-06
rate	8.132624592323843e-07
rate	6.325165903066125e-07
rate	5.120259731145471e-07
rate	4.791658159800933e-07
rate	4.463060532341768e-07
rate	4.107084219715538e-07
rate	3.504673311406838e-07
rate	2.76536894848672e-07
rate	2.190368245602899e-07
rate	2.2725104638100694e-07
rate	3.559437391714393e-07
rate	6.297781082992987e-07
rate	1.0077145205109703e-06
rate	1.4048778357815368e-06
rate	1.777442003187413e-06
rate	2.1527968787350673e-06
rate	2.5309436034097523e-06
rate	2.906401804098709e-06
rate	3.312064148096108e-06
rate	3.693112578540099e-06
rate	3.948088265522939e-06
rate	4.027601670115587e-06
rate	3.972764592237357e-06
rate	3.8740606198016035e-06
rate	3.794551674199667e-06
rate	3.734236083258463e-06
rate	3.715045037521838e-06
rate	3.7369776722021993e-06
rate	3.7753602056759554e-06
rate	3.821968291168984e-06
rate	3.917928612682575e-06
rate	3.994699291587407e-06
rate	4.126311178211164e-06
rate	4.28535064949791e-06
rate	4.491018836230257e-06
rate	4.765267120524841e-06
rate	5.121830964529567e-06
rate	5.563485948605074e-06
rate	6.051858250915419e-06
rate	6.586972862843696e-06
rate	7.199052665580969e-06
rate	7.882657770960814e-06
rate	8.613123325044667e-06
rate	9.36026713402831e-06
rate	1.0137842804716365e-05
rate	1.0984359944860401e-05
rate	1.1943879230685512e-05
rate	1.3011017627833204e-05
rate	1.418314881888645e-05
rate	1.541084758676713e-05
rate	1.6661133535668344e-05
rate	1.789545583063633e-05
rate	1.913584895558144e-05
rate	2.0437487651699245e-05
rate	2.1863933756666474e-05
rate	2.344299592256445e-05
rate	2.5219148550810633e-05
rate	2.7206600791881007e-05
rate	2.9422416815233984e-05
rate	3.1828371944239386e-05
rate	3.4408331357685526e-05
rate	3.71738864715948e-05
rate	4.0211725535597806e-05
rate	4.374808141202671e-05
rate	4.787682520899858e-05
rate	5.2349459007412804e-05
rate	5.700551932210654e-05
rate	6.18767354736075e-05
rate	6.70792772227737e-05
rate	7.311268965965846e-05
rate	8.028410640333381e-05
rate	8.849782727954666e-05
rate	9.766105929193792e-05
rate	0.00010724225715907912
rate	0.00011752577777370236
rate	0.0001294291967310741
rate	0.00014360248090664225
rate	0.0001598659974912333
rate	0.00017834442757415874
rate	0.00019828149690989043
rate	0.00021913586405409617
rate	0.0002423749068186556
rate	0.00027285455748596446
rate	0.00030519504204127787
rate	0.00034086013261383003
rate	0.00038006745101940855
rate	0.00042302508147767443
rate	0.0004699193140273885
rate	0.00052090068423262
rate	0.0005760947513057282
rate	0.0006355719978399589
rate	0.0006993446215902426
rate	0.0007673617445185309
rate	0.0008395103193161482
rate	0.000915580978025515
rate	0.0009953022005174087
rate	0.0010783074724863503
rate	0.0011641636605790645
rate	0.0012613225274967453
rate	0.0013643046493525424
rate	0.0014756948644523173
rate	0.001596179661195468
rate	0.0017265015771127264
rate	0.0018674637750616641
rate	0.002019934993050896
rate	0.0021848548981983863
rate	0.002363239877819772
rate	0.002556189303336746
rate	1.3949232799195751e-05
rate	1.1364439050839983e-06
rate	6.379935625385937e-07
rate	4.983341930453457e-07
rate	3.559437391714393e-07
rate	3.805877108700887e-07
rate	3.559437391714393e-07
rate	3.3403817277287757e-07
rate	3.0665646124120374e-07
rate	2.710606456493285e-07
rate	2.436795639562248e-07
rate	2.436795639562248e-07
rate	2.9570385330577686e-07
rate	4.079701618144493e-07
rate	5.613169483152927e-07
rate	7.311037668610787e-07
rate	8.872073903905671e-07
rate	1.0131922433648228e-06
rate	1.092620456345269e-06
rate	1.1419218854979701e-06
rate	1.1912242024546005e-06
rate	1.246005595919216e-06
rate	1.2925706422006574e-06
rate	1.3309189220470665e-06
rate	1.3637893037208625e-06
rate	1.3966600800381393e-06
rate	1.4350098178729623e-06
rate	1.4733600928896624e-06
rate	1.5171896364155206e-06
rate	1.5719775525444375e-06
rate	1.6432034826350735e-06
rate	1.733608293184208e-06
rate	1.8486732787612122e-06
rate	1.9692227363865723e-06
rate	2.1062171996523937e-06
rate	2.2541789197226824e-06
rate	2.424070756207717e-06
rate	2.626858685018531e-06
rate	2.8735128968555544e-06
rate	3.1613042319247625e-06
rate	3.4710563261107854e-06
rate	3.8055182880416203e-06
rate	4.1838933681339044e-06
rate	4.6116846968782256e-06
rate	5.069714889731423e-06
rate	5.544282076448202e-06
rate	6.0244192950241655e-06
rate	6.515618204741145e-06
rate	7.026119390552142e-06
rate	7.569660755297825e-06
rate	8.168230123356145e-06
rate	8.816370201960377e-06
rate	9.497631933594526e-06
rate	1.0201047704990955e-05
rate	1.0945876214369262e-05
rate	1.1737650441212414e-05
rate	1.2623169220214356e-05
rate	1.366580840143617e-05
rate	1.4909791912686006e-05
rate	1.6358148402153618e-05
rate	1.8011202081206695e-05
rate	1.980865271121977e-05
rate	2.1701110265421615e-05
rate	2.366115477450849e-05
rate	2.5766314139139825e-05
rate	2.8243744591688274e-05
rate	3.11636850635593e-05
rate	3.431129640876033e-05
rate	3.757355570105505e-05
rate	4.108426936849888e-05
rate	4.4966846856044155e-05
rate	4.940963597891179e-05
rate	5.46220349298934e-05
rate	6.058883969742124e-05
rate	6.728691122944023e-05
rate	7.41111133836228e-05
rate	8.153053111327597e-05
rate	9.016673455533994e-05
rate	0.00010053104760059686
rate	0.00011248331000523085
rate	0.00012496364621188098
rate	0.00013899855225619305
rate	0.0001560113212444085
rate	0.00017399390908098014
rate	0.0001949220945712567
rate	0.00022170562145396996
rate	0.0002504482922871763
rate	0.0002825084585846876
rate	0.00031816331242892534
rate	0.0003576903910178872
rate	0.00040134788873206665
rate	0.0004493721365209872
rate	0.0005019742133884837
rate	0.0005593152732881212
rate	0.0006215016873562302
rate	0.0006885710840924866
rate	0.0007604784269502088
rate	0.0008370894744527736
rate	0.0009181718080250684
rate	0.0010033794047435121
rate	0.001100625916975541
rate	0.0012051731520874493
rate	0.0013196512131057473
rate	0.0014450034181686666
rate	0.0015822626901581217
rate	0.001732560068154936
rate	0.0018971340273877364
rate	0.002077340684473492
rate	0.0022746649720424986
rate	0.002490732874828613
rate	4.002558179283508e-05
rate	2.0294994557109262e-06
rate	1.3309189220470665e-06
rate	1.024147721951411e-06
rate	7.886145926469522e-07
rate	6.955024324801421e-07
rate	6.379935625385937e-07
rate	5.804859005517802e-07
rate	4.901191578701618e-07
rate	3.751112535448583e-07
rate	2.874894261079456e-07
rate	3.0391830514958843e-07
rate	5.20241074022403e-07
rate	9.74848413534232e-07
rate	1.582935267336712e-06
rate	2.2240379207973495e-06
rate	2.8159582598332853e-06
rate	3.37511166569815e-06
rate	3.906961548566463e-06
rate	4.4361724757648345e-06
rate	5.036799985201456e-06
rate	5.664994367737336e-06
rate	6.167104868702958e-06
rate	6.4470097102742525e-06
rate	6.537573286087025e-06
rate	6.562272963049584e-06
rate	6.608928516399e-06
rate	6.644606828952628e-06
rate	6.699497448465051e-06
rate	6.7763461646542525e-06
rate	6.85594175191425e-06
rate	6.941029249008623e-06
rate	7.223758310865346e-06
rate	7.2429739668836965e-06
rate	7.470827026030889e-06
rate	7.73713716375912e-06
rate	8.055645158449349e-06
rate	8.445593324912147e-06
rate	8.931733249859903e-06
rate	9.514116172689938e-06
rate	1.0168071053236977e-05
rate	1.0901895470451885e-05
rate	1.175964743865265e-05
rate	1.2752445918045645e-05
rate	1.3872182486164472e-05
rate	1.5025412006514159e-05
rate	1.6264505234969034e-05
rate	1.7754913390295276e-05
rate	1.958804309781226e-05
rate	2.173146645314141e-05
rate	2.4086476439268178e-05
rate	2.6529212308376066e-05
rate	2.9032236726321016e-05
rate	3.1512625554937175e-05
rate	3.3986947398130185e-05
rate	3.6646634387777554e-05
rate	3.9497780299741465e-05
rate	4.2335215295614324e-05
rate	4.5139410008107384e-05
rate	4.802728137143311e-05
rate	5.1264090344365665e-05
rate	5.496559810978038e-05
rate	5.893506229831498e-05
rate	6.294390803839049e-05
rate	6.689690899017842e-05
rate	7.089215112094921e-05
rate	7.534628758245013e-05
rate	8.033767407578225e-05
rate	8.601049837542113e-05
rate	9.245110888906805e-05
rate	9.965922957047271e-05
rate	0.0001070201829207438
rate	0.00011455799186374643
rate	0.00012404104300177329
rate	0.00013558160519468036
rate	0.00014638242220321862
rate	0.00015878358780896902
rate	0.0001738859639876505
rate	0.0001895004490663202
rate	0.00020478844647633883
rate	0.000221607653455747
rate	0.00023942111827733432
rate	0.0002597704910099988
rate	0.00028425743588019435
rate	0.00031077120217790056
rate	0.00033942792013775
rate	0.00037034293326429593
rate	0.0004036154544701725
rate	0.0004393505516157746
rate	0.000477637136036249
rate	0.0005185471467489364
rate	0.0005621411411994094
rate	0.0006084605323760644
rate	0.0006575257632547458
rate	0.0007093269216148909
rate	0.0007638274493501275
rate	0.0008209717245297736
rate	0.0008806556853500346
rate	0.000942759008462924
rate	0.0010071144847753496
rate	0.0010781671650687392
rate	0.0011530687631385308
rate	0.0012331738672834225
rate	0.0013188439714657777
rate	0.0014104656830778166
rate	0.001508452467602453
rate	0.0016132465144778657
rate	0.0017253207325859715
rate	0.0018451808843699426
rate	0.0019733678682114777
rate	3.295871011886612e-05
rate	1.7993591213627771e-06
rate	1.1583558925036188e-06
rate	8.105237964316529e-07
rate	6.735941491121045e-07
rate	5.613169483152927e-07
rate	4.6273588530900755e-07
rate	3.9701714857294883e-07
rate	3.614201581567499e-07
rate	3.4772913123298454e-07
rate	3.586819472948105e-07
rate	3.942789021094278e-07
rate	4.5452095694717225e-07
rate	5.394097386689582e-07
rate	6.379935625385937e-07
rate	7.475353080999197e-07
rate	8.625588581000444e-07
rate	9.775872407133327e-07
rate	1.0953594013407018e-06
rate	1.2213538332156618e-06
rate	1.3665285200073923e-06
rate	1.5254077539411407e-06
rate	1.6870357452455295e-06
rate	1.8377145003547906e-06
rate	1.9692227363865723e-06
rate	2.1089571588381983e-06
rate	2.2596591369958348e-06
rate	2.3966681340284706e-06
rate	2.522722467049822e-06
rate	2.648782604049754e-06
rate	2.794033002072142e-06
rate	2.972180803859849e-06
rate	3.218866129286266e-06
rate	3.47928031059644e-06
rate	3.7918100276030467e-06
rate	4.1345371311966235e-06
rate	4.493761183095153e-06
rate	4.874974126648355e-06
rate	5.275442008800014e-06
rate	5.717121775256106e-06
rate	6.169848894921173e-06
rate	6.677541068600986e-06
rate	7.306112071952313e-06
rate	8.083104479101454e-06
rate	8.972935516467268e-06
rate	9.901524365618711e-06
rate	1.0835925679244705e-05
rate	1.1811891015895764e-05
rate	1.2837716868258977e-05
rate	1.3924466390672013e-05
rate	1.5094235809165654e-05
rate	1.6316834845339626e-05
rate	1.7531713753548112e-05
rate	1.869751251392851e-05
rate	1.9838987923265793e-05
rate	2.1036118241992972e-05
rate	2.234142118168165e-05
rate	2.374400446243861e-05
rate	2.530480867058876e-05
rate	2.708770007408363e-05
rate	2.9165057747970135e-05
rate	3.1545860302239804e-05
rate	3.416713654906038e-05
rate	3.6874172832691504e-05
rate	3.96144434490318e-05
rate	4.250483196516881e-05
rate	4.572676288640228e-05
rate	4.923401594702392e-05
rate	5.313375913820342e-05
rate	5.755348312066094e-05
rate	6.188513678262336e-05
rate	6.683518710903265e-05
rate	7.275559549638268e-05
rate	7.862966342830328e-05
rate	8.574211500618479e-05
rate	9.378524963479108e-05
rate	0.0001026194278807004
rate	0.00011308243766790566
rate	0.00012349393144231894
rate	0.00013383591658174836
rate	0.00014740215273566804
rate	0.00016309836100786008
rate	0.00017774837750705275
rate	0.00019545132399083614
rate	0.00021550196669015126
rate	0.0002374228406657664
rate	0.0002613513780060079
rate	0.0002874211850500777
rate	0.0003157718218477923
rate	0.00034653434029534714
rate	0.0003798472704684072
rate	0.00041582912934794587
rate	0.00045459388577662315
rate	0.000496241283602832
rate	0.0005408527579203126
rate	0.0005884866625594743
rate	0.0006391761090807414
rate	0.0006929261921488906
rate	0.0007497105151039911
rate	0.000809459564990519
rate	0.0008758165121775161
rate	0.0009466770629111866
rate	0.001023270798142367
rate	0.0011060615782862268
rate	0.0011955507937702438
rate	0.0012922804015119468
rate	0.0013968362070719408
rate	0.0015098514123593554
rate	0.001632010450374968
rate	0.0017640531302156928
rate	1.658676135239982e-05
rate	1.336397291587456e-06
rate	8.570814366155788e-07
rate	6.708556260177778e-07
rate	4.764274873545371e-07
rate	4.463060532341768e-07
rate	3.9701714857294883e-07
rate	3.504673311406838e-07
rate	2.9296570816796346e-07
rate	2.2998912579754532e-07
rate	1.8618018372285555e-07
rate	2.0534650962540771e-07
rate	3.312999892966781e-07
rate	5.941780914625092e-07
rate	9.447214953907116e-07
rate	1.3090055535062341e-06
rate	1.6541614824995457e-06
rate	2.00758049513979e-06
rate	2.36926578611436e-06
rate	2.733739448557397e-06
rate	3.1311532448574044e-06
rate	3.5094351317295066e-06
rate	3.7698769536638153e-06
rate	3.865835449387058e-06
rate	3.832935014830493e-06
rate	3.7589104825839973e-06
rate	3.709561906304615e-06
rate	3.6739218210567164e-06
rate	3.6739218210567164e-06
rate	3.712303470540584e-06
rate	3.764393712632974e-06
rate	3.821968291168984e-06
rate	3.917928612682575e-06
rate	4.008408567921273e-06
rate	4.140021113584453e-06
rate	4.3045456932389206e-06
rate	4.512957688061011e-06
rate	4.765267120524841e-06
rate	5.072457816304257e-06
rate	5.45100804196359e-06
rate	5.870766223739685e-06
rate	6.3564491300553874e-06
rate	6.9602429207833536e-06
rate	7.682225737082772e-06
rate	8.481295580156292e-06
rate	9.29433447817133e-06
rate	1.0121354809828231e-05
rate	1.101184865497066e-05
rate	1.1996126323585352e-05
rate	1.3079790810840675e-05
rate	1.4257455737133531e-05
rate	1.5479681079261204e-05
rate	1.6718979963867467e-05
rate	1.7953328344255697e-05
rate	1.9215804679388075e-05
rate	2.0556099905056044e-05
rate	2.2037806819658388e-05
rate	2.367496288172715e-05
rate	2.5495481139895e-05
rate	2.748866500866624e-05
rate	2.9668729330839362e-05
rate	3.201395918150838e-05
rate	3.451368748201242e-05
rate	3.719608878712854e-05
rate	4.0150602314063656e-05
rate	4.355613357268852e-05
rate	4.746450625425934e-05
rate	5.178021458769127e-05
rate	5.6396178182713776e-05
rate	6.136430436762028e-05
rate	6.673138526495889e-05
rate	7.296084865449552e-05
rate	8.044199307738958e-05
rate	8.880041800590504e-05
rate	9.776604046343744e-05
rate	0.000107279271283464
rate	0.00011757150512391769
rate	0.0001295354031502273
rate	0.00014354477579441916
rate	0.00015989502240851283
rate	0.00017739197818982837
rate	0.00019598065573079497
rate	0.00021685892686357336
rate	0.00024166307524065396
rate	0.0002729453019355147
rate	0.00030574908594338264
rate	0.0003419673556310897
rate	0.00038182953317468586
rate	0.0004255505383400301
rate	0.0004733214582130276
rate	0.000525302028202933
rate	0.0005816149068700474
rate	0.0006423245158753945
rate	0.0007074473698203643
rate	0.0007769191940639709
rate	0.0008506043796281288
rate	0.000928283011744017
rate	0.0010096509187620833
rate	0.0010943196628072486
rate	0.0011818212837545507
rate	0.0012810021385703044
rate	0.0013861087286330125
rate	0.0014998393443253265
rate	0.0016229015894046865
rate	0.0017560611267182242
rate	0.001900146441967604
rate	0.0020560539983421004
rate	0.0022247538140908268
rate	0.0024072954977363125
rate	0.0026048147784790954
rate	1.3737349655847901e-05
rate	1.1282269550135056e-06
rate	6.215626787123034e-07
rate	4.5178265297065314e-07
rate	4.079701618144493e-07
rate	3.559437391714393e-07
rate	3.2308545529822664e-07
rate	2.9570385330577686e-07
rate	2.68322525157553e-07
rate	2.436795639562248e-07
rate	2.2451296970246993e-07
rate	2.2998912579754532e-07
rate	2.792750235559468e-07
rate	3.751112535448583e-07
rate	5.065492528701582e-07
rate	6.516860410527586e-07
rate	7.831373190953233e-07
rate	8.926848721465614e-07
rate	9.721095890949328e-07
rate	1.0296254776842343e-06
rate	1.0871425745739004e-06
rate	1.1501388766701104e-06
rate	1.207658505402302e-06
rate	1.256962006147244e-06
rate	1.2980489350072746e-06
rate	1.3391364804681312e-06
rate	1.3857031107491866e-06
rate	1.432270533070461e-06
rate	1.4788387474585948e-06
rate	1.5363652823480743e-06
rate	1.6075902859695216e-06
rate	1.7007334712248265e-06
rate	1.8130574093194636e-06
rate	1.9336052987289103e-06
rate	2.0678580589665246e-06
rate	2.2185577748245423e-06
rate	2.391187642504759e-06
rate	2.5967135830047454e-06
rate	2.8406243846913537e-06
rate	3.1311532448574044e-06
rate	3.443643222902808e-06
rate	3.7890683837515673e-06
rate	4.192119494129127e-06
rate	4.6555645102377115e-06
rate	5.149260876055191e-06
rate	5.651276793870309e-06
rate	6.150640769148553e-06
rate	6.652840351723443e-06
rate	7.171602210065333e-06
rate	7.715172460929348e-06
rate	8.316519824739776e-06
rate	8.953707714887555e-06
rate	9.60478126184196e-06
rate	1.0253261549266398e-05
rate	1.0929383352606403e-05
rate	1.1649664218736366e-05
rate	1.2480146794676559e-05
rate	1.3506223108537695e-05
rate	1.4791424017692981e-05
rate	1.630581800214248e-05
rate	1.80167139294818e-05
rate	1.9852776767126354e-05
rate	2.1767342381659144e-05
rate	2.373848107191067e-05
rate	2.5840936101716917e-05
rate	2.8276939681511695e-05
rate	3.11138400521554e-05
rate	3.420872034498363e-05
rate	3.748195968267488e-05
rate	4.1037022613545815e-05
rate	4.49390151081581e-05
rate	4.9627085913039416e-05
rate	5.5018672689288306e-05
rate	6.0989142407743206e-05
rate	6.738231591770888e-05
rate	7.424895258293781e-05
rate	8.200161307598458e-05
rate	9.078929944807242e-05
rate	0.00010110767913733401
rate	0.00011298257395229957
rate	0.00012585789381290073
rate	0.00013977349980695179
rate	0.0001560113212444085
rate	0.00017551726387225218
rate	0.0001974250756301927
rate	0.0002224004042020181
rate	0.00025225795748892314
rate	0.0002853571915379363
rate	0.0003222564374178033
rate	0.00036324643061898086
rate	0.0004086043626958946
rate	0.0004585855308947666
rate	0.0005134035555925982
rate	0.000573224072259671
rate	0.0006381458787925596
rate	0.0007081848514208683
rate	0.0007832753958670203
rate	0.0008632367368964304
rate	0.0009477858814229885
rate	0.0010365122708293508
rate	0.0011380972928917293
rate	0.0012472941580512222
rate	0.001366968119883499
rate	0.0014981244229487452
rate	0.0016418647618693463
rate	0.001799396535410809
rate	0.001972042988462695
rate	0.0021612543271108493
rate	0.0023686199001658986
rate	0.0025958815494712298
rate	3.837306923273779e-05
rate	2.1555368845368413e-06
rate	1.2980489350072746e-06
rate	9.666319484360202e-07
rate	8.570814366155788e-07
rate	7.365809363166124e-07
rate	6.790712035189665e-07
rate	6.133472737771558e-07
rate	5.065492528701582e-07
rate	3.6689658809605136e-07
rate	2.464176598030141e-07
rate	2.3272720795269848e-07
rate	4.243997638369671e-07
rate	8.570814366155788e-07
rate	1.443227688725734e-06
rate	2.0431988951799506e-06
rate	2.585751810018947e-06
rate	3.109225462816464e-06
rate	3.6245747766236182e-06
rate	4.159215138445051e-06
rate	4.778980255885546e-06
rate	5.426318388261361e-06
rate	5.939360279314448e-06
rate	6.197289308365328e-06
rate	6.238450444209712e-06
rate	6.202777424057447e-06
rate	6.197289308365328e-06
rate	6.202777424057447e-06
rate	6.257659186046981e-06
rate	6.3564491300553874e-06
rate	6.4717085702218716e-06
rate	6.575995102091576e-06
rate	6.8202606852604535e-06
rate	6.801047995823296e-06
rate	6.930050068533467e-06
rate	7.091997445437878e-06
rate	7.317092760597483e-06
rate	7.63555189030962e-06
rate	8.074866653988424e-06
rate	8.629602239474646e-06
rate	9.277851562295467e-06
rate	1.0003193752123045e-05
rate	1.0835925679244705e-05
rate	1.1767896358256787e-05
rate	1.279095505056908e-05
rate	1.3839161587220588e-05
rate	1.4984118555349088e-05
rate	1.638844540670195e-05
rate	1.8149001617137683e-05
rate	2.0222343654904705e-05
rate	2.2454595148867582e-05
rate	2.4749447148316342e-05
rate	2.718724450919485e-05
rate	2.9765599874351487e-05
rate	3.249322023471631e-05
rate	3.554805628554356e-05
rate	3.8795128855568004e-05
rate	4.185978851023347e-05
rate	4.453270380521646e-05
rate	4.694640966320589e-05
rate	4.941521140251243e-05
rate	5.23159707650746e-05
rate	5.572829484797411e-05
rate	5.9802401339190046e-05
rate	6.442911843377619e-05
rate	6.952980079506579e-05
rate	7.500297141078918e-05
rate	8.048146616860466e-05
rate	8.592291775259016e-05
rate	9.14431449818398e-05
rate	9.679866366224826e-05
rate	0.00010273881202473594
rate	0.00011043300333858661
rate	0.00011923821657774936
rate	0.0001300435286998242
rate	0.0001427168413580399
rate	0.0001555389239809529
rate	0.00017017465907724324
rate	0.00018641848381362
rate	0.00020355541818169293
rate	0.00022189562998856146
rate	0.00024690145875847695
rate	0.00026802826441217197
rate	0.00029075604262158506
rate	0.0003151758113998826
rate	0.00034136871727746294
rate	0.0003694215717492667
rate	0.00039940846993126515
rate	0.0004314096110571415
rate	0.0004654924526245523
rate	0.0005017111229364357
rate	0.0005401156400731828
rate	0.0005807448789832456
rate	0.0006236222420572594
rate	0.0006687507676814581
rate	0.0007161253501357278
rate	0.0007657135289566628
rate	0.000817470919427191
rate	0.0008713206759704811
rate	0.0009271726373853218
rate	0.0009882732431325063
rate	0.0010525613436639914
rate	0.001121031445376492
rate	0.0011939555913655958
rate	0.001271623521385177
rate	0.0013543438230316017
rate	0.0014424451578135425
rate	0.0015362775669787838
rate	0.0016362138622862902
rate	0.0017426511072492876
rate	3.164556696483385e-05
rate	1.5363652823480743e-06
rate	9.74848413534232e-07
rate	8.926848721465614e-07
rate	5.695321971255067e-07
rate	5.175027043141322e-07
rate	4.2987631975380964e-07
rate	3.6963480717372834e-07
rate	3.367763589878999e-07
rate	3.2308545529822664e-07
rate	3.367763589878999e-07
rate	3.723730289899955e-07
rate	4.3809117416987325e-07
rate	5.311945802441516e-07
rate	6.407320527629683e-07
rate	7.584897237127671e-07
rate	8.762524597543484e-07
rate	9.940202613234586e-07
rate	1.1200100296042904e-06
rate	1.2624402277035834e-06
rate	1.4267919716869954e-06
rate	1.602111373752539e-06
rate	1.7610042796950267e-06
rate	1.8815498771707418e-06
rate	1.96648291703916e-06
rate	2.0486786901609205e-06
rate	2.147316875358297e-06
rate	2.251438815199501e-06
rate	2.36926578611436e-06
rate	2.509020627975157e-06
rate	2.6816688117755804e-06
rate	2.878994353959937e-06
rate	3.1147073918622836e-06
rate	3.3175464832958196e-06
rate	3.54507307581585e-06
rate	3.7890683837515673e-06
rate	4.0769559793087975e-06
rate	4.433430186582582e-06
rate	4.883202329324555e-06
rate	5.42083182878604e-06
rate	6.002468328305989e-06
rate	6.6199064092025855e-06
rate	7.317092760597483e-06
rate	8.08859637628066e-06
rate	8.909758961201702e-06
rate	9.742158330147183e-06
rate	1.0591301579606691e-05
rate	1.1490196397234532e-05
rate	1.2471895728844417e-05
rate	1.3533737150580528e-05
rate	1.46703086781276e-05
rate	1.5840396875437795e-05
rate	1.6994455914194737e-05
rate	1.810214899673948e-05
rate	1.9196504808128083e-05
rate	2.0351979679878375e-05
rate	2.162660104978142e-05
rate	2.3037101029535533e-05
rate	2.4652753920531386e-05
rate	2.6501567358477517e-05
rate	2.864487887996898e-05
rate	3.105568868577285e-05
rate	3.3623832985981474e-05
rate	3.620548566964851e-05
rate	3.8784021189777106e-05
rate	4.152898466221136e-05
rate	4.464123311411999e-05
rate	4.801056361174038e-05
rate	5.1760683791064304e-05
rate	5.599934082567754e-05
rate	6.0457284452299505e-05
rate	6.510473538778271e-05
rate	7.073762370175932e-05
rate	7.726627466062785e-05
rate	8.452765605882299e-05
rate	9.242562208275747e-05
rate	0.00010047992357193818
rate	0.00011008240921537454
rate	0.00012138671180547943
rate	0.00013186436848501286
rate	0.00014441336634802383
rate	0.0001587197593133487
rate	0.0001739413947201882
rate	0.00019459284788850382
rate	0.00021685596333569275
rate	0.00023856666864679243
rate	0.00026223406055672735
rate	0.00028798380951962956
rate	0.00031595003573509013
rate	0.00034626402105090797
rate	0.0003790484782755242
rate	0.00041442405839440204
rate	0.0004525001149507324
rate	0.0004933678394586952
rate	0.0005371091882009857
rate	0.0005837827155672757
rate	0.0006334214677309046
rate	0.0006860337999650451
rate	0.000741596771594073
rate	0.000800052061594958
rate	0.0008648719807458044
rate	0.0009340530627911298
rate	0.0010087679373739764
rate	0.0010894592523822194
rate	0.001176605063094111
rate	0.0012707216644143057
rate	0.0013723666496603423
rate	0.0014821422140213817
rate	0.001600698722260478
rate	0.001728738561797258
rate	1.5851411845981355e-05
rate	1.2021803934586233e-06
rate	7.995691726236994e-07
rate	6.352550750530423e-07
rate	4.846424814473351e-07
rate	4.3809117416987325e-07
rate	3.915406583842421e-07
rate	3.504673311406838e-07
rate	2.984420011820325e-07
rate	2.436795639562248e-07
rate	2.0534650962540771e-07
rate	2.2177489576223272e-07
rate	3.367763589878999e-07
rate	5.667937781163512e-07
rate	8.789911883040596e-07
rate	1.2049194480603315e-06
rate	1.5171896364155206e-06
rate	1.8377145003547906e-06
rate	2.1747170019295867e-06
rate	2.5172417231913524e-06
rate	2.8872165601933327e-06
rate	3.2407947894738226e-06
rate	3.4929870063025046e-06
rate	3.60264304236894e-06
rate	3.60264304236894e-06
rate	3.567004348905516e-06
rate	3.5532972826371213e-06
rate	3.5478144753447507e-06
rate	3.572487194627611e-06
rate	3.627316255758464e-06
rate	3.693112578540099e-06
rate	3.7698769536638153e-06
rate	3.8740606198016035e-06
rate	3.975506420045804e-06
rate	4.109859346384918e-06
rate	4.282608511377748e-06
rate	4.496503532706901e-06
rate	4.754296661689289e-06
rate	5.058743210920426e-06
rate	5.426318388261361e-06
rate	5.83784168748423e-06
rate	6.3180303949193884e-06
rate	6.905347073441199e-06
rate	7.599860661998425e-06
rate	8.363205281940348e-06
rate	9.132256781662157e-06
rate	9.915263251278938e-06
rate	1.0794695366930683e-05
rate	1.1806391645029128e-05
rate	1.2947747825194796e-05
rate	1.4185900891006035e-05
rate	1.5452147474594386e-05
rate	1.67244892112492e-05
rate	1.797813122457891e-05
rate	1.9246133323390788e-05
rate	2.060023600879565e-05
rate	2.209300692666155e-05
rate	2.370534096274286e-05
rate	2.5429158774867494e-05
rate	2.725637471860341e-05
rate	2.9201031216907582e-05
rate	3.128830156240659e-05
rate	3.356839990842301e-05
rate	3.6133354905024105e-05
rate	3.9067280745461096e-05
rate	4.2493709238663894e-05
rate	4.6394995198234257e-05
rate	5.058630197676236e-05
rate	5.494604457668398e-05
rate	5.948341245769644e-05
rate	6.4614125587411e-05
rate	7.047354248384231e-05
rate	7.714236388691013e-05
rate	8.506985953323287e-05
rate	9.377958311896265e-05
rate	0.00010282693223225035
rate	0.00011293977633208138
rate	0.00012503815569037596
rate	0.0001388113301720693
rate	0.00015362698253865295
rate	0.00017046893086260822
rate	0.00018876409819872173
rate	0.00020940395498845823
rate	0.00023251846194935708
rate	0.00026090863762565113
rate	0.00029238234575360174
rate	0.00032716702244375075
rate	0.00036549828971003983
rate	0.00040759060222840245
rate	0.0004536501982499071
rate	0.000503846173953721
rate	0.0005583180116705839
rate	0.0006171557335246751
rate	0.0006803905343319672
rate	0.0007480009273031328
rate	0.0008198744717115034
rate	0.0008958306285363697
rate	0.0009755998847405121
rate	0.0010588310993536422
rate	0.0011450921921396426
rate	0.0012428534325346985
rate	0.0013466702777095634
rate	0.0014591590523814414
rate	0.001581044131877617
rate	0.0017131103993529519
rate	0.0018562083000719194
rate	0.002011259317880074
rate	0.0021792619091309377
rate	0.002361297932279959
rate	0.002558539614549194
rate	1.306603603603511e-05
rate	9.693707673954292e-07
rate	6.626400731690205e-07
rate	4.955958452480094e-07
rate	3.723730289899955e-07
rate	3.4499093406383163e-07
rate	3.0665646124120374e-07
rate	2.76536894848672e-07
rate	2.518938597113253e-07
rate	2.2998912579754532e-07
rate	2.190368245602899e-07
rate	2.3272720795269848e-07
rate	2.847512891854262e-07
rate	3.805877108700887e-07
rate	5.038108968562625e-07
rate	6.407320527629683e-07
rate	7.694441831555057e-07
rate	8.762524597543484e-07
rate	9.529378947344189e-07
rate	1.0077145205109703e-06
rate	1.0624922422343052e-06
rate	1.1227490020006977e-06
rate	1.1857461233941687e-06
rate	1.2487446943657693e-06
rate	1.3117447149822114e-06
rate	1.3774854125591148e-06
rate	1.443227688725734e-06
rate	1.5089715435575782e-06
rate	1.5747169771310735e-06
rate	1.645942978489241e-06
rate	1.7308687096103863e-06
rate	1.8349748126069448e-06
rate	1.9473042583776e-06
rate	2.059638313026624e-06
rate	2.1774570296688365e-06
rate	2.31172174820194e-06
rate	2.4761364939671965e-06
rate	2.6679661772174593e-06
rate	2.8981795402488248e-06
rate	3.1695272860251103e-06
rate	3.46557368351083e-06
rate	3.800034975629873e-06
rate	4.2003456448402756e-06
rate	4.663792053536426e-06
rate	5.160232917613918e-06
rate	5.656763815169369e-06
rate	6.150640769148553e-06
rate	6.669307471547626e-06
rate	7.229248484537265e-06
rate	7.835980507202058e-06
rate	8.506012798825577e-06
rate	9.198185534448074e-06
rate	9.874046801127293e-06
rate	1.0506100564695898e-05
rate	1.1138300276396796e-05
rate	1.1800892285209062e-05
rate	1.2576411066770319e-05
rate	1.353648856999257e-05
rate	1.4730865678182163e-05
rate	1.6132308569028646e-05
rate	1.7688778267589142e-05
rate	1.9345393052817902e-05
rate	2.1094057181526778e-05
rate	2.2945990037883985e-05
rate	2.4973236001536188e-05
rate	2.7342098602525786e-05
rate	3.0078376741794644e-05
rate	3.303907054984181e-05
rate	3.618883993991143e-05
rate	3.9556111252991966e-05
rate	4.3403141309758394e-05
rate	4.79269763444617e-05
rate	5.291603052414832e-05
rate	5.859379774915103e-05
rate	6.50038027604114e-05
rate	7.156936503309718e-05
rate	7.895370895470674e-05
rate	8.766375497910003e-05
rate	9.770361874116124e-05
rate	0.00010883146767445453
rate	0.00012066845190000546
rate	0.00013360305052510178
rate	0.0001495381733501094
rate	0.0001683398160097385
rate	0.00018940656064934093
rate	0.0002152472412911263
rate	0.00024266507614405477
rate	0.0002732115030064333
rate	0.00030713928073424043
rate	0.00034471718984238403
rate	0.00038618926441269063
rate	0.0004317910454027562
rate	0.0004817278339935246
rate	0.00053617326249407
rate	0.0005952498039511955
rate	0.0006590160589938663
rate	0.0007274687155458947
rate	0.0008005178187575594
rate	0.0008779831344279883
rate	0.0009595966190165571
rate	0.0010525092405858966
rate	0.0011525101253552568
rate	0.0012620122824831266
rate	0.0013819184457467004
rate	0.001513217119359143
rate	0.0016569907271802207
rate	0.00181442453619876
rate	0.0019868164278519945
rate	0.0021755875977363544
rate	0.002382294271917926
rate	3.874514471438894e-05
rate	1.7719627510576095e-06
rate	1.3528324659807895e-06
rate	8.543427299825449e-07
rate	6.516860410527586e-07
rate	6.735941491121045e-07
rate	6.160857393498879e-07
rate	5.585785375230746e-07
rate	4.791658159800933e-07
rate	3.805877108700887e-07
rate	3.0391830514958843e-07
rate	3.148709459465525e-07
rate	4.901191578701618e-07
rate	8.543427299825449e-07
rate	1.336397291587456e-06
rate	1.824016089031346e-06
rate	2.2678794834738376e-06
rate	2.720036553389479e-06
rate	3.2051608058587684e-06
rate	3.7369776722021993e-06
rate	4.359389416910573e-06
rate	4.995656910996404e-06
rate	5.503131375402524e-06
rate	5.769250175275404e-06
rate	5.8296106152857204e-06
rate	5.824123247567832e-06
rate	5.851560196139716e-06
rate	5.8899723860709135e-06
rate	5.969542208213694e-06
rate	6.087529304697352e-06
rate	6.2164977614175164e-06
rate	6.337239695098799e-06
rate	6.606184050075717e-06
rate	6.6253953721113965e-06
rate	6.80379265748843e-06
rate	7.0151398688485036e-06
rate	7.281405683521436e-06
rate	7.619078957888616e-06
rate	8.044661507301023e-06
rate	8.566433606117937e-06
rate	9.181703197413966e-06
rate	9.879542291963916e-06
rate	1.0651768424549572e-05
rate	1.1479198958808726e-05
rate	1.236188389379067e-05
rate	1.3247604627881396e-05
rate	1.4238190786899396e-05
rate	1.552924226544923e-05
rate	1.7228632267009058e-05
rate	1.9279219500021162e-05
rate	2.149138580037606e-05
rate	2.3746766161881354e-05
rate	2.615879316865889e-05
rate	2.8744479949063082e-05
rate	3.151816465147112e-05
rate	3.4632911144000204e-05
rate	3.795385073096225e-05
rate	4.114819274651682e-05
rate	4.3984557396614654e-05
rate	4.655372434274018e-05
rate	4.9192203314066354e-05
rate	5.218760296393064e-05
rate	5.5488008482464915e-05
rate	5.919523516103246e-05
rate	6.331373415944481e-05
rate	6.78621957928818e-05
rate	7.289336646628381e-05
rate	7.800704011293428e-05
rate	8.336736256601423e-05
rate	8.898707943045589e-05
rate	9.434062508602346e-05
rate	0.00010022999761747598
rate	0.00010700310103310408
rate	0.00011558021512178012
rate	0.00012535914278084278
rate	0.00013635846370709206
rate	0.0001494109481881485
rate	0.00016161675037705705
rate	0.00017594932716446537
rate	0.00019302946662807147
rate	0.00020770213273080647
rate	0.00022434019680171572
rate	0.00024581404416541353
rate	0.0002683181457567162
rate	0.00029264739679151663
rate	0.00031890762124991924
rate	0.00034720248511220053
rate	0.0003776307244345766
rate	0.00041028949727801324
rate	0.0004452682553382603
rate	0.0004826387971573594
rate	0.000522470833957329
rate	0.0005648184928035879
rate	0.0006097122542207502
rate	0.0006571741995874203
rate	0.0007071921340043797
rate	0.0007597375662266697
rate	0.0008147560781708285
rate	0.0008721676569036307
rate	0.0009318515522348974
rate	0.000997538173366188
rate	0.0010668878953434147
rate	0.0011410588703480713
rate	0.0012203862760865967
rate	0.001305228592111289
rate	0.0013959692197849096
rate	0.0014930182148666358
rate	0.0015968141405488967
rate	0.0017078260493189473
rate	0.0018265556026011724
rate	3.0618208482205645e-05
rate	1.7144312657354826e-06
rate	9.858037386891915e-07
rate	7.940918771565989e-07
rate	6.626400731690205e-07
rate	5.531017241558415e-07
rate	4.682125179109734e-07
rate	4.107084219715538e-07
rate	3.751112535448583e-07
rate	3.614201581567499e-07
rate	3.6963480717372834e-07
rate	3.997553977754189e-07
rate	4.5452095694717225e-07
rate	5.257178216553203e-07
rate	6.133472737771558e-07
rate	7.03718083940425e-07
rate	7.995691726236994e-07
rate	9.063786244796775e-07
rate	1.0323643596602055e-06
rate	1.180268055294326e-06
rate	1.3528324659807895e-06
rate	1.5363652823480743e-06
rate	1.7062125808054093e-06
rate	1.8459335800472187e-06
rate	1.9555236670676264e-06
rate	2.0678580589665246e-06
rate	2.1938972536906164e-06
rate	2.3144619130583723e-06
rate	2.4322915963438323e-06
rate	2.552866754391059e-06
rate	2.6926309688001755e-06
rate	2.8570685913893296e-06
rate	3.068111344840728e-06
rate	3.2462769819638506e-06
rate	3.4710563261107854e-06
rate	3.723269754937064e-06
rate	4.011150431425722e-06
rate	4.3429361844544225e-06
rate	4.729613290030177e-06
rate	5.1821771326448764e-06
rate	5.673224945047837e-06
rate	6.2219859156135065e-06
rate	6.872410093364251e-06
rate	7.621824439742639e-06
rate	8.434608109269848e-06
rate	9.247633140918554e-06
rate	1.0069143481075695e-05
rate	1.0959620341733238e-05
rate	1.1960378204940072e-05
rate	1.3060534145461555e-05
rate	1.4246447177543588e-05
rate	1.5449394129357156e-05
rate	1.6639097122598708e-05
rate	1.7787981550739363e-05
rate	1.8926320894780774e-05
rate	2.0136842402046338e-05
rate	2.1463791671985083e-05
rate	2.2899055255755787e-05
rate	2.4464902554232433e-05
rate	2.6183670496198906e-05
rate	2.8119266589262062e-05
rate	3.0261077107116008e-05
rate	3.2537549195016724e-05
rate	3.488523880541837e-05
rate	3.733485733856126e-05
rate	4.000891282133593e-05
rate	4.306102591161804e-05
rate	4.653980036535564e-05
rate	5.0318579964771346e-05
rate	5.427851485712142e-05
rate	5.894065715352073e-05
rate	6.418806726300111e-05
rate	6.92461801160145e-05
rate	7.493825269303768e-05
rate	8.184927830437424e-05
rate	8.944813111850965e-05
rate	9.64980237843558e-05
rate	0.00010452735475658855
rate	0.0001153146288066315
rate	0.00012799724760972857
rate	0.0001407388899666332
rate	0.00015448139740988363
rate	0.00017215942105203473
rate	0.00018937135332303378
rate	0.00020417481274513142
rate	0.0002248989218471354
rate	0.00024752774192462313
rate	0.00027219221410594655
rate	0.0002990285470183797
rate	0.0003281730372640875
rate	0.0003597534605728352
rate	0.00039389876839090955
rate	0.000430723803982631
rate	0.0004703354106546682
rate	0.0005128256709243202
rate	0.000558260940345463
rate	0.0006067001983804834
rate	0.0006581559061567779
rate	0.0007126281248387152
rate	0.000770073496727149
rate	0.0008338301644042133
rate	0.0009020132228093568
rate	0.0009757716725255126
rate	0.0010555614184211042
rate	0.0011418756451243878
rate	0.0012352478654236592
rate	0.0013362552179379305
rate	0.0014455220344411922
rate	0.0015637236988900296
rate	0.00169159082200749
rate	1.543562744470354e-05
rate	1.0953594013407018e-06
rate	8.050464790489054e-07
rate	6.626400731690205e-07
rate	4.5999757311619204e-07
rate	4.2987631975380964e-07
rate	3.778494808380182e-07
rate	3.312999892966781e-07
rate	2.82013155001327e-07
rate	2.2998912579754532e-07
rate	1.9987040281908057e-07
rate	2.1629875609694e-07
rate	3.2582363055920615e-07
rate	5.421481302885141e-07
rate	8.351718602592891e-07
rate	1.1419218854979701e-06
rate	1.4377491054164899e-06
rate	1.750045852194445e-06
rate	2.0815576903730936e-06
rate	2.421330481647658e-06
rate	2.785811075678776e-06
rate	3.128412262497847e-06
rate	3.380594127147236e-06
rate	3.501211056664126e-06
rate	3.5258833559724458e-06
rate	3.5204006035784434e-06
rate	3.5258833559724458e-06
rate	3.542331679031898e-06
rate	3.5807114837984583e-06
rate	3.638282199748749e-06
rate	3.712303470540584e-06
rate	3.7863267426455275e-06
rate	3.868577170112769e-06
rate	3.953571874461148e-06
rate	4.055020620939781e-06
rate	4.197603591856867e-06
rate	4.386811690731016e-06
rate	4.603457310166134e-06
rate	4.855775083236832e-06
rate	5.1520038823226826e-06
rate	5.481184587742859e-06
rate	5.8899723860709135e-06
rate	6.444265406256142e-06
rate	7.1688571796513775e-06
rate	8.006219075282139e-06
rate	8.87679785890123e-06
rate	9.750401173452202e-06
rate	1.0668259614034923e-05
rate	1.1646914694845784e-05
rate	1.2691932661267955e-05
rate	1.379513434147038e-05
rate	1.494833140144656e-05
rate	1.617361934145517e-05
rate	1.7490382484232864e-05
rate	1.8915293546283114e-05
rate	2.047058822874018e-05
rate	2.2139927892676122e-05
rate	2.3876569178119837e-05
rate	2.5622603497068535e-05
rate	2.7380813494431576e-05
rate	2.920379842640395e-05
rate	3.117199265368709e-05
rate	3.33439074210355e-05
rate	3.5853172655006025e-05
rate	3.8795128855568004e-05
rate	4.2265703302814596e-05
rate	4.6211215053183156e-05
rate	5.041339518334729e-05
rate	5.470582685223455e-05
rate	5.934071893706061e-05
rate	6.442351235154737e-05
rate	7.010555688316041e-05
rate	7.673406125187213e-05
rate	8.430459309735211e-05
rate	9.3017543589718e-05
rate	0.00010229256936302243
rate	0.00011212389632933637
rate	0.00012401812514048163
rate	0.0001372593201032282
rate	0.00015218232476558687
rate	0.0001688872277689909
rate	0.00018817457353386395
rate	0.00020864154963792794
rate	0.00023020357030374916
rate	0.0002597584496599697
rate	0.00029164825787443414
rate	0.00032695414031847896
rate	0.00036592071956209176
rate	0.00040877918692851505
rate	0.00045573514797199856
rate	0.0005069744466418731
rate	0.0005626353796656491
rate	0.0006228143816928347
rate	0.0006875361794394985
rate	0.0007567652978143326
rate	0.0008303810588659321
rate	0.0009081817329843247
rate	0.000989869030097214
rate	0.0010750578553645111
rate	0.001163284180497255
rate	0.001263473783612046
rate	0.0013698707550533914
rate	0.001485227402333461
rate	0.0016102982186492656
rate	0.0017459012329768514
rate	0.0018929233604114224
rate	0.0020523262030589184
rate	0.002225152339419998
rate	0.0024125321434022287
rate	0.00261569117756048
rate	1.2925741280043759e-05
rate	1.0487977090559862e-06
rate	5.585785375230746e-07
rate	4.4356775747390473e-07
rate	3.422527396335235e-07
rate	3.176091129920573e-07
rate	2.847512891854262e-07
rate	2.6010818011161743e-07
rate	2.4094147084777365e-07
rate	2.2725104638100694e-07
rate	2.2451296970246993e-07
rate	2.3820338047765515e-07
rate	2.82013155001327e-07
rate	3.614201581567499e-07
rate	4.6273588530900755e-07
rate	5.722706188736523e-07
rate	6.790712035189665e-07
rate	7.803986864284859e-07
rate	8.762524597543484e-07
rate	9.638931322160915e-07
rate	1.0570144207429646e-06
rate	1.1501388766701104e-06
rate	1.229571062787534e-06
rate	1.2843532235438447e-06
rate	1.3254405634690366e-06
rate	1.3637893037208625e-06
rate	1.4076170931774207e-06
rate	1.4569241949612607e-06
rate	1.5199290061829638e-06
rate	1.596632472500088e-06
rate	1.6842962082736163e-06
rate	1.785660901942388e-06
rate	1.897988324422356e-06
rate	2.013060218831403e-06
rate	2.1390968908590917e-06
rate	2.2898005280798416e-06
rate	2.4651752037348532e-06
rate	2.648782604049754e-06
rate	2.843365078948857e-06
rate	3.05988859533407e-06
rate	3.2928760613475865e-06
rate	3.569745770394216e-06
rate	3.926153939599391e-06
rate	4.370358293479502e-06
rate	4.872231397918097e-06
rate	5.37968298317805e-06
rate	5.884484897371066e-06
rate	6.41956679387774e-06
rate	7.00416039117554e-06
rate	7.63555189030962e-06
rate	8.327504566579815e-06
rate	9.036113529580146e-06
rate	9.72292512561094e-06
rate	1.0365936921942746e-05
rate	1.1006350890869201e-05
rate	1.1685408280592746e-05
rate	1.2474646081358985e-05
rate	1.3434687893231569e-05
rate	1.4607000519263625e-05
rate	1.5953302424401732e-05
rate	1.7421498421892603e-05
rate	1.8975944512666576e-05
rate	2.066092431321652e-05
rate	2.2523605961502412e-05
rate	2.4636178281507385e-05
rate	2.7143002091206942e-05
rate	3.0028551485299855e-05
rate	3.306955270965942e-05
rate	3.615277453932813e-05
rate	3.943667301496239e-05
rate	4.31500274295253e-05
rate	4.752022140342411e-05
rate	5.233550552332562e-05
rate	5.7816321001833686e-05
rate	6.399748368661053e-05
rate	7.08781028133438e-05
rate	7.842398486212938e-05
rate	8.718604496338191e-05
rate	9.72894015513077e-05
rate	0.00010824181420302695
rate	0.0001200190324595029
rate	0.0001336777954959844
rate	0.0001495005834823809
rate	0.00016804868412877182
rate	0.0001906919380071215
rate	0.0002153153632042425
rate	0.0002432933831566102
rate	0.00027452171040726764
rate	0.000309281071815812
rate	0.00034783970531636387
rate	0.00039046437919954517
rate	0.000437400095391862
rate	0.0004888636548696781
rate	0.0005450290572617194
rate	0.0006060134623618112
rate	0.0006718773981247527
rate	0.000742594862972597
rate	0.0008180503849174051
rate	0.0008980417377822525
rate	0.0009822508721057362
rate	0.0010783531310392135
rate	0.0011818021092043142
rate	0.001295175193652753
rate	0.0014194244274812323
rate	0.0015555931855428954
rate	0.0017048249361197446
rate	0.0018683728431230914
rate	0.002047610289455947
rate	0.0022440424099065357
rate	0.002459318730419709
rate	3.486860110062812e-05
rate	1.8596321010324437e-06
rate	1.3528324659807895e-06
rate	8.598201459881782e-07
rate	6.845482688823615e-07
rate	6.188242076613993e-07
rate	5.448865246467013e-07
rate	4.764274873545371e-07
rate	3.888024173976905e-07
rate	2.847512891854262e-07
rate	2.0808456713565684e-07
rate	2.2451296970246993e-07
rate	4.1344668486733074e-07
rate	8.050464790489054e-07
rate	1.3227013882906268e-06
rate	1.8459335800472187e-06
rate	2.322682424082289e-06
rate	2.7967736496902476e-06
rate	3.2819115007262876e-06
rate	3.7918100276030467e-06
rate	4.37310051948831e-06
rate	4.960000080129803e-06
rate	5.407115478199678e-06
rate	5.618354897004338e-06
rate	5.637559288732699e-06
rate	5.585433396010292e-06
rate	5.566229369909244e-06
rate	5.577203082615729e-06
rate	5.667737890758088e-06
rate	5.818635890847736e-06
rate	5.986005218762408e-06
rate	6.1314327781347405e-06
rate	6.2658915452328745e-06
rate	6.386635657296978e-06
rate	6.510129461914067e-06
rate	6.677541068600986e-06
rate	6.899857549244849e-06
rate	7.160622104921933e-06
rate	7.457100401359746e-06
rate	7.814015011379784e-06
rate	8.231389569787516e-06
rate	8.750450642718016e-06
rate	9.431695969688674e-06
rate	1.0291735545402295e-05
rate	1.1303245951485686e-05
rate	1.2359133654550804e-05
rate	1.3484212073983595e-05
rate	1.4810692861172855e-05
rate	1.6393953989004137e-05
rate	1.820687949049638e-05
rate	2.0112019957791377e-05
rate	2.2087486865878983e-05
rate	2.4288113041554543e-05
rate	2.680567716113973e-05
rate	2.964935563342664e-05
rate	3.2875581120587184e-05
rate	3.6310910974888375e-05
rate	3.9667221268758556e-05
rate	4.2666116577576295e-05
rate	4.5356521036481434e-05
rate	4.8119230874492624e-05
rate	5.118877223904924e-05
rate	5.4393016759033606e-05
rate	5.7835895045060045e-05
rate	6.16191078473115e-05
rate	6.583660823696913e-05
rate	7.065333969451015e-05
rate	7.585008350477632e-05
rate	8.140360672199126e-05
rate	8.735563660937186e-05
rate	9.343678072791808e-05
rate	9.975292959353139e-05
rate	0.00010737892718258196
rate	0.00011623715215994804
rate	0.00012564577020138332
rate	0.0001364361616834538
rate	0.00014886741635480045
rate	0.00016093141358188918
rate	0.00017334630235095523
rate	0.00019008732462983403
rate	0.00020960493439177048
rate	0.00022711116565740885
rate	0.000249578398151193
rate	0.00027180516521709366
rate	0.0002957842588682281
rate	0.0003216097475642374
rate	0.00034938208117298595
rate	0.00037918997959138044
rate	0.0004111229093207454
rate	0.0004452618126011785
rate	0.0004816821305656754
rate	0.0005204370991366626
rate	0.0005615864899930423
rate	0.0006051561382747472
rate	0.0006511628379451349
rate	0.0006996061967642188
rate	0.0007504594708132573
rate	0.0008036775234537903
rate	0.0008591868385393742
rate	0.0009168856538973422
rate	0.0009802378559511638
rate	0.0010470715565532663
rate	0.0011184620527423309
rate	0.0011947200318786907
rate	0.0012761773643303492
rate	0.0013631885477538592
rate	0.0014561322498478696
rate	0.0015554129562933116
rate	0.0016614627310519775
rate	0.0017747430966841855
rate	2.88219499524029e-05
rate	1.6322455266288277e-06
rate	9.28288770675849e-07
rate	6.078703508492233e-07
rate	5.010725435815295e-07
rate	4.5178265297065314e-07
rate	3.778494808380182e-07
rate	3.312999892966781e-07
rate	3.093946200712832e-07
rate	3.1213278163952825e-07
rate	3.312999892966781e-07
rate	3.723730289899955e-07
rate	4.243997638369671e-07
rate	4.873808182893356e-07
rate	5.585785375230746e-07
rate	6.297781082992987e-07
rate	7.091951986104332e-07
rate	8.077851363706977e-07
rate	9.33766334622014e-07
rate	1.0871425745739004e-06
rate	1.2624402277035834e-06
rate	1.443227688725734e-06
rate	1.604850828490499e-06
rate	1.7308687096103863e-06
rate	1.832235127600926e-06
rate	1.9363450851752456e-06
rate	2.059638313026624e-06
rate	2.1801970601502957e-06
rate	2.298020965057449e-06
rate	2.421330481647658e-06
rate	2.5501263509180126e-06
rate	2.703593169716632e-06
rate	2.889957301091821e-06
rate	3.1256712828824053e-06
rate	3.4025240827294423e-06
rate	3.723269754937064e-06
rate	4.065988278156331e-06
rate	4.40326518686182e-06
rate	4.7268707069158025e-06
rate	5.061486126501258e-06
rate	5.42083182878604e-06
rate	5.851560196139716e-06
rate	6.386635657296978e-06
rate	7.0453336594832996e-06
rate	7.792049691783014e-06
rate	8.536223035795674e-06
rate	9.302575973321973e-06
rate	1.0190055443606836e-05
rate	1.1240015601485889e-05
rate	1.2425140158818496e-05
rate	1.3693324047286821e-05
rate	1.496484849127465e-05
rate	1.6217684852434028e-05
rate	1.7432519755402276e-05
rate	1.865340707254287e-05
rate	1.997412158769436e-05
rate	2.1419641645030002e-05
rate	2.2915620381102887e-05
rate	2.4431753651037008e-05
rate	2.5984658204892232e-05
rate	2.7646301787646023e-05
rate	2.948053350124806e-05
rate	3.152370375921185e-05
rate	3.385389225231138e-05
rate	3.65189991490227e-05
rate	3.959499924559418e-05
rate	4.307493220807579e-05
rate	4.6798797936192335e-05
rate	5.058630197676236e-05
rate	5.443211606622082e-05
rate	5.85238717402311e-05
rate	6.296912186887648e-05
rate	6.808953667351218e-05
rate	7.412236530303502e-05
rate	7.993171363273337e-05
rate	8.672254805641091e-05
rate	9.432928976695332e-05
rate	0.00010323630199996258
rate	0.00011325649456487755
rate	0.00012440775487503625
rate	0.00013883437219923143
rate	0.0001521967965142064
rate	0.0001659534479608278
rate	0.0001836795914331964
rate	0.00020563536889024853
rate	0.00022888760647341168
rate	0.0002520238040759717
rate	0.00027724701291646954
rate	0.00030469313221099956
rate	0.0003345045955303015
rate	0.0003668064692793163
rate	0.00040173149863031657
rate	0.0004393923393562421
rate	0.000479893766956658
rate	0.0005233291655623568
rate	0.0005697629983401319
rate	0.0006192385961938869
rate	0.0006717724197202149
rate	0.000727350870897656
rate	0.0007859227024197908
rate	0.0008509672778878873
rate	0.0009205039269039071
rate	0.000995722751582872
rate	0.0010770880699602558
rate	0.0011651021417422676
rate	0.0012603082687031443
rate	0.001363294148430876
rate	0.0014746955021237274
rate	0.0015951999988315206
rate	0.0017255515003656568
rate	1.5196098212247703e-05
rate	1.1446608798153087e-06
rate	7.584897237127671e-07
rate	6.270396290313997e-07
rate	4.572592636624514e-07
rate	4.353528866257989e-07
rate	3.915406583842421e-07
rate	3.532055337869349e-07
rate	3.0665646124120374e-07
rate	2.5737007057335895e-07
rate	2.2725104638100694e-07
rate	2.436795639562248e-07
rate	3.4772913123298454e-07
rate	5.531017241558415e-07
rate	8.379105477155179e-07
rate	1.1364439050839983e-06
rate	1.4295312510083725e-06
rate	1.747306252172924e-06
rate	2.0897775021210743e-06
rate	2.440512461164425e-06
rate	2.8077362675969204e-06
rate	3.1475991966408547e-06
rate	3.3915590829812007e-06
rate	3.5094351317295066e-06
rate	3.53136611934579e-06
rate	3.5204006035784434e-06
rate	3.5258833559724458e-06
rate	3.5478144753447507e-06
rate	3.6081259594622586e-06
rate	3.69585412630447e-06
rate	3.797293323542042e-06
rate	3.898736279308767e-06
rate	3.994699291587407e-06
rate	4.079697911461714e-06
rate	4.17018321306703e-06
rate	4.3018035358935984e-06
rate	4.485534150741306e-06
rate	4.704930140904501e-06
rate	4.957257266220824e-06
rate	5.24801083307119e-06
rate	5.566229369909244e-06
rate	5.950335487689969e-06
rate	6.45524263883295e-06
rate	7.1112121767091825e-06
rate	7.896386529398998e-06
rate	8.73397100089688e-06
rate	9.607528735656205e-06
rate	1.0572062408996114e-05
rate	1.1622169104083699e-05
rate	1.2735942169916625e-05
rate	1.388594131160107e-05
rate	1.5063953122852363e-05
rate	1.6297555398836622e-05
rate	1.7619889213512005e-05
rate	1.9058652541260643e-05
rate	2.062506287982627e-05
rate	2.2297257000096253e-05
rate	2.4025712155998853e-05
rate	2.574696803639684e-05
rate	2.744441771963199e-05
rate	2.9187195211379166e-05
rate	3.104738144854336e-05
rate	3.307232383192612e-05
rate	3.540937826666464e-05
rate	3.817872154865998e-05
rate	4.147339129992453e-05
rate	4.527301475728821e-05
rate	4.9498844119023696e-05
rate	5.386243850800834e-05
rate	5.842597832803136e-05
rate	6.36724011426213e-05
rate	6.960000847000058e-05
rate	7.617380019419455e-05
rate	8.345768406853668e-05
rate	9.168094571419042e-05
rate	0.0001005736516870647
rate	0.00011042730226205473
rate	0.00012194771513223594
rate	0.00013523352900657198
rate	0.00015068346592719652
rate	0.00016820589149952713
rate	0.00018669692039548783
rate	0.00020777302087554925
rate	0.00023132353086625435
rate	0.00025617549106141623
rate	0.0002881085149196347
rate	0.0003235225440419291
rate	0.00036267125253678896
rate	0.0004057928157816713
rate	0.0004531106327230016
rate	0.0005048139101623056
rate	0.0005610521142105104
rate	0.0006219208564125136
rate	0.0006874552340072971
rate	0.0007576172830078388
rate	0.0008322764597205324
rate	0.0009112238130530273
rate	0.0009941485699346132
rate	0.001080646662165628
rate	0.0011702229934609332
rate	0.0012721182831717573
rate	0.0013803755625313287
rate	0.0014978455375099866
rate	0.0016253122086024045
rate	0.001763626294753648
rate	0.001913710911100016
rate	0.0020765677298856637
rate	0.002253283665673335
rate	0.002445038129466559
rate	0.0026531109001577476
rate	1.279095505056908e-05
rate	9.638931322160915e-07
rate	5.503633215805116e-07
rate	4.654742002405995e-07
rate	4.079701618144493e-07
rate	3.3951454794144676e-07
rate	3.011801517967359e-07
rate	2.73798768879801e-07
rate	2.4915575838784316e-07
rate	2.2725104638100694e-07
rate	2.1629875609694e-07
rate	2.2451296970246993e-07
rate	2.628462923885509e-07
rate	3.422527396335235e-07
rate	4.463060532341768e-07
rate	5.613169483152927e-07
rate	6.763326749459337e-07
rate	7.831373190953233e-07
rate	8.762524597543484e-07
rate	9.584155079955666e-07
rate	1.0433199149642196e-06
rate	1.1282269550135056e-06
rate	1.2021803934586233e-06
rate	1.2624402277035834e-06
rate	1.3144838791986643e-06
rate	1.3637893037208625e-06
rate	1.4185741501673814e-06
rate	1.4843174129910713e-06
rate	1.566498711594454e-06
rate	1.6651195262225959e-06
rate	1.777442003187413e-06
rate	1.897988324422356e-06
rate	2.00758049513979e-06
rate	2.1034772432086555e-06
rate	2.1938972536906164e-06
rate	2.3062414267168086e-06
rate	2.4542139573870787e-06
rate	2.640561113839317e-06
rate	2.8570685913893296e-06
rate	3.106484502409671e-06
rate	3.3696292152271964e-06
rate	3.6656972518846715e-06
rate	4.016634166671977e-06
rate	4.4361724757648345e-06
rate	4.913372617373458e-06
rate	5.412602010187943e-06
rate	5.925641330714424e-06
rate	6.49915200927039e-06
rate	7.130427042833889e-06
rate	7.803032329553388e-06
rate	8.516998300972796e-06
rate	9.233897605094816e-06
rate	9.918011036683976e-06
rate	1.0563817091549315e-05
rate	1.1215273688120986e-05
rate	1.1905382010746987e-05
rate	1.2700184390253441e-05
rate	1.3649299146661706e-05
rate	1.4777660641092827e-05
rate	1.604142706374643e-05
rate	1.7391189983505612e-05
rate	1.8816049408440905e-05
rate	2.0376804299808523e-05
rate	2.215924852417437e-05
rate	2.424944185733342e-05
rate	2.6780794181154994e-05
rate	2.9707477136948934e-05
rate	3.2839559338504796e-05
rate	3.598077685679884e-05
rate	3.922558561545825e-05
rate	4.2866345177406324e-05
rate	4.7094029349161576e-05
rate	5.19085632888592e-05
rate	5.733260696722463e-05
rate	6.336416886489338e-05
rate	7.001848355764638e-05
rate	7.772535662909268e-05
rate	8.662929291714974e-05
rate	9.677880906731012e-05
rate	0.00010819054598923128
rate	0.00012056258888365908
rate	0.00013412343286328687
rate	0.00014973769744164788
rate	0.0001679933725709936
rate	0.00019035732963864602
rate	0.00021479708690981547
rate	0.0002432784217900397
rate	0.00027513920792293666
rate	0.0003106699948172044
rate	0.00035015981783187216
rate	0.00039388612244344696
rate	0.00044210991149112384
rate	0.0004950567706177526
rate	0.0005529015406905319
rate	0.0006157668954211175
rate	0.0006836991836590993
rate	0.0007566570136027189
rate	0.0008345110825151114
rate	0.0009170081187389243
rate	0.0010037981124654772
rate	0.001103093906266584
rate	0.0012100017447107495
rate	0.0013272707009671656
rate	0.0014559049367875022
rate	0.001597005933618251
rate	0.0017517819244706333
rate	0.0019215582398929164
rate	0.0021077886566366754
rate	0.00231206784619436
rate	0.00253614502980375
rate	3.472163909924084e-05
rate	1.719910402728497e-06
rate	1.2651793425920114e-06
rate	9.118561445907779e-07
rate	8.077851363706977e-07
rate	6.653785880460892e-07
rate	5.777474705866315e-07
rate	4.983341930453457e-07
rate	4.1618495050178546e-07
rate	3.312999892966781e-07
rate	2.76536894848672e-07
rate	3.0391830514958843e-07
rate	4.682125179109734e-07
rate	7.995691726236994e-07
rate	1.2432665002130064e-06
rate	1.6979939205464195e-06
rate	2.133616914903423e-06
rate	2.6104158609557166e-06
rate	3.1338942299610816e-06
rate	3.687629491247092e-06
rate	4.288092790364507e-06
rate	4.85028966699054e-06
rate	5.275442008800014e-06
rate	5.503131375402524e-06
rate	5.574459650315503e-06
rate	5.599150639982397e-06
rate	5.645789783567651e-06
rate	5.678712010334165e-06
rate	5.717121775256106e-06
rate	5.7637629285338366e-06
rate	5.796686573948029e-06
rate	5.8296106152857204e-06
rate	5.8982036397435745e-06
rate	6.027163178238319e-06
rate	6.21375368844484e-06
rate	6.466219915422425e-06
rate	6.768112270457305e-06
rate	7.09748735489768e-06
rate	7.437883242437283e-06
rate	7.803032329553388e-06
rate	8.225897386170361e-06
rate	8.747704028859289e-06
rate	9.382245038826203e-06
rate	1.0157078924250527e-05
rate	1.1066826903186014e-05
rate	1.2012625612697926e-05
rate	1.3055032265944695e-05
rate	1.4364791512912416e-05
rate	1.6008379991587295e-05
rate	1.7911990709700778e-05
rate	1.992999557612928e-05
rate	2.1974328072440383e-05
rate	2.4116859086639785e-05
rate	2.640481223199925e-05
rate	2.888835455717347e-05
rate	3.16040220808055e-05
rate	3.453032303015364e-05
rate	3.761241554375026e-05
rate	4.073966469391281e-05
rate	4.386492581633322e-05
rate	4.7208231170447706e-05
rate	5.073132899810901e-05
rate	5.4138884871874385e-05
rate	5.739691084406591e-05
rate	6.071760201605374e-05
rate	6.439267910447764e-05
rate	6.875482769356695e-05
rate	7.387483375740764e-05
rate	7.953426901698618e-05
rate	8.537489618175283e-05
rate	9.157902858546772e-05
rate	9.814343845999059e-05
rate	0.00010546332203939221
rate	0.00011349049012547936
rate	0.00012171299567250778
rate	0.00013168912461460457
rate	0.00014115396828036172
rate	0.0001513604549864953
rate	0.0001658021874148857
rate	0.0001813588046052855
rate	0.00019806368740269589
rate	0.00021567080937529278
rate	0.00024165709424677355
rate	0.00026313511199156186
rate	0.00028630844148173256
rate	0.0003112742275957776
rate	0.00033812655861979106
rate	0.00036695986141217497
rate	0.00039786298915782755
rate	0.00043091927354172544
rate	0.00046619676383747753
rate	0.0005037704811240307
rate	0.0005436863382422741
rate	0.0005859895458477177
rate	0.000630700345241383
rate	0.0006778292538137613
rate	0.0007273544418730786
rate	0.0007792400818770821
rate	0.0008334306633611176
rate	0.0008898369495169777
rate	0.0009517407836547744
rate	0.0010171047432769012
rate	0.001086957789939174
rate	0.0011616082266050376
rate	0.001241385529968011
rate	0.0013266418046279347
rate	0.0014177533371375877
rate	0.001515122256778643
rate	0.0016191783103969017
rate	0.0017303807591302499
rate	2.8523149160448568e-05
rate	1.5993719217559398e-06
rate	9.74848413534232e-07
rate	6.160857393498879e-07
rate	5.28456199580282e-07
rate	5.092876116229179e-07
rate	4.4356775747390473e-07
rate	3.915406583842421e-07
rate	3.504673311406838e-07
rate	3.2308545529822664e-07
rate	3.148709459465525e-07
rate	3.2582363055920615e-07
rate	3.6415837175726304e-07
rate	4.326146018204462e-07
rate	5.257178216553203e-07
rate	6.270396290313997e-07
rate	7.338423502193383e-07
rate	8.488653249354557e-07
rate	9.775872407133327e-07
rate	1.1145320930320493e-06
rate	1.267918460221126e-06
rate	1.4158348818087946e-06
rate	1.5473228546098117e-06
rate	1.648682477084857e-06
rate	1.7363478794993496e-06
rate	1.826755765812828e-06
rate	1.9418246662927965e-06
rate	2.0842976248804975e-06
rate	2.262399249746121e-06
rate	2.4624348880336686e-06
rate	2.6816688117755804e-06
rate	2.906401804098709e-06
rate	3.117448360501017e-06
rate	3.314805314323872e-06
rate	3.517659231498796e-06
rate	3.7506856581004037e-06
rate	4.027601670115587e-06
rate	4.3374517956083705e-06
rate	4.6692770961384e-06
rate	5.028571320898128e-06
rate	5.407115478199678e-06
rate	5.83784168748423e-06
rate	6.3564491300553874e-06
rate	6.9904361060021594e-06
rate	7.715172460929348e-06
rate	8.467563888427224e-06
rate	9.24488602824095e-06
rate	1.0110362868399689e-05
rate	1.1072324788728603e-05
rate	1.2114373426094947e-05
rate	1.3198084726828199e-05
rate	1.4298738229827003e-05
rate	1.543562744470354e-05
rate	1.6630833513424495e-05
rate	1.7906479072250485e-05
rate	1.9298519954370874e-05
rate	2.0790581106945738e-05
rate	2.2338660899460974e-05
rate	2.3898663921452365e-05
rate	2.5465083189825818e-05
rate	2.711811604526649e-05
rate	2.890772287028726e-05
rate	3.083140212740492e-05
rate	3.2991962424920225e-05
rate	3.549813138953923e-05
rate	3.8495237695766325e-05
rate	4.2034936142049666e-05
rate	4.575738663463357e-05
rate	4.938454671321198e-05
rate	5.327333787028865e-05
rate	5.7209595063144065e-05
rate	6.127750859708844e-05
rate	6.601890585425775e-05
rate	7.166772953285871e-05
rate	7.891707579849059e-05
rate	8.617154102610586e-05
rate	9.336879196594696e-05
rate	0.00010301455244437804
rate	0.00011372450568666072
rate	0.00012525883027243763
rate	0.00013824398142912018
rate	0.00015186685965469193
rate	0.00016790312979663165
rate	0.0001869372779008747
rate	0.00020604269316768734
rate	0.00022692674371706126
rate	0.00024972836018144457
rate	0.00027457618988036296
rate	0.00030160718541826225
rate	0.0003309522992905218
rate	0.0003627462689125752
rate	0.00039710956695731143
rate	0.000434160975184748
rate	0.0004740082543112809
rate	0.0005167345480921885
rate	0.0005624101034490046
rate	0.0006110877560473658
rate	0.0006627837161792213
rate	0.000717487775578716
rate	0.0007751561981398193
rate	0.0008391572523591085
rate	0.0009075819264703367
rate	0.0009815859315282565
rate	0.0010616242047936885
rate	0.0011481887789988017
rate	0.0012418118071026477
rate	0.0013430688336844914
rate	0.0014525823330857712
rate	0.0015710255360512476
rate	0.001699126568393541
rate	1.5094235809165654e-05
rate	1.1473998768724842e-06
rate	7.749214293133455e-07
rate	5.750090433607935e-07
rate	5.010725435815295e-07
rate	4.1344668486733074e-07
rate	3.586819472948105e-07
rate	3.1213278163952825e-07
rate	2.68322525157553e-07
rate	2.2725104638100694e-07
rate	2.0534650962540771e-07
rate	2.2998912579754532e-07
rate	3.2856180855868813e-07
rate	5.175027043141322e-07
rate	7.776600565010605e-07
rate	1.0515366102117905e-06
rate	1.3309189220470665e-06
rate	1.6432034826350735e-06
rate	1.9884015485883343e-06
rate	2.3446039074833423e-06
rate	2.7118148492084485e-06
rate	3.0461840677022454e-06
rate	3.2956172083637807e-06
rate	3.435419345463348e-06
rate	3.4984697037986296e-06
rate	3.536848893699129e-06
rate	3.5861943569709915e-06
rate	3.6327992222635066e-06
rate	3.693112578540099e-06
rate	3.7589104825839973e-06
rate	3.832935014830493e-06
rate	3.906961548566463e-06
rate	3.9837319199457436e-06
rate	4.068730199325213e-06
rate	4.167441190292167e-06
rate	4.3100300161689906e-06
rate	4.499245885065509e-06
rate	4.721385548929314e-06
rate	4.968228538343191e-06
rate	5.245267730614325e-06
rate	5.555255701186851e-06
rate	5.931128901905334e-06
rate	6.392124152553539e-06
rate	6.968477392821205e-06
rate	7.66300699793131e-06
rate	8.41263781021395e-06
rate	9.231150506199173e-06
rate	1.0192803504815467e-05
rate	1.1292249263977976e-05
rate	1.2480146794676559e-05
rate	1.3693324047286821e-05
rate	1.4920803139831644e-05
rate	1.6203914304066262e-05
rate	1.7581312100350497e-05
rate	1.9072437455609544e-05
rate	2.0685751734577865e-05
rate	2.2377305103795502e-05
rate	2.4119621162210793e-05
rate	2.5874102071276798e-05
rate	2.7657364358569787e-05
rate	2.9552489202704226e-05
rate	3.160679172012803e-05
rate	3.3809541973947676e-05
rate	3.6180517112994083e-05
rate	3.8759029106513836e-05
rate	4.15901386645763e-05
rate	4.472750306970409e-05
rate	4.828920626811852e-05
rate	5.230480810865326e-05
rate	5.6801458791468446e-05
rate	6.213438734455563e-05
rate	6.834215979428496e-05
rate	7.531814529283863e-05
rate	8.265054131218592e-05
rate	9.018654125791672e-05
rate	9.845277335518696e-05
rate	0.00010833296006474062
rate	0.00011991033412320275
rate	0.00013288445300498907
rate	0.00014836734673913117
rate	0.0001646127563136245
rate	0.000182239476933372
rate	0.0002030953872004434
rate	0.00022739079681237845
rate	0.0002536723095902157
rate	0.00028144018888082135
rate	0.0003170103408902628
rate	0.0003564458105725013
rate	0.0004000135985991614
rate	0.00044794974983844525
rate	0.0005004650753960481
rate	0.0005577238567436067
rate	0.000619832519492072
rate	0.0006868323861772574
rate	0.0007586826374702885
rate	0.0008352464568926092
rate	0.0009162963684506202
rate	0.0010014881179165403
rate	0.0010903863143531456
rate	0.0011824495063060998
rate	0.0012874945180955304
rate	0.0013991954267177432
rate	0.0015205873226114856
rate	0.0016525109799070254
rate	0.0017958801169165083
rate	0.0019516877246513148
rate	0.0021210129443911575
rate	0.002305028541939813
rate	0.0025050090303349545
rate	0.0027223394972709708
rate	1.2752445918045645e-05
rate	9.447214953907116e-07
rate	6.106088109435014e-07
rate	4.5999757311619204e-07
rate	3.6415837175726304e-07
rate	3.2582363055920615e-07
rate	2.82013155001327e-07
rate	2.5463196377316206e-07
rate	2.3272720795269848e-07
rate	2.190368245602899e-07
rate	2.1629875609694e-07
rate	2.3272720795269848e-07
rate	2.76536894848672e-07
rate	3.4772913123298454e-07
rate	4.4356775747390473e-07
rate	5.531017241558415e-07
rate	6.599015610314322e-07
rate	7.639669479555301e-07
rate	8.570814366155788e-07
rate	9.39243909526751e-07
rate	1.0214088481948519e-06
rate	1.1063152087238238e-06
rate	1.1830070879741386e-06
rate	1.2514837955526723e-06
rate	1.3144838791986643e-06
rate	1.3802246425483214e-06
rate	1.4514455842448507e-06
rate	1.530886512662627e-06
rate	1.6130692091504715e-06
rate	1.703473024644488e-06
rate	1.804838428320875e-06
rate	1.914426870373044e-06
rate	2.013060218831403e-06
rate	2.1034772432086555e-06
rate	2.1966373006251417e-06
rate	2.31172174820194e-06
rate	2.4624348880336686e-06
rate	2.6460421045697957e-06
rate	2.8598093021081765e-06
rate	3.1010025898285977e-06
rate	3.355923137080797e-06
rate	3.638282199748749e-06
rate	3.972764592237357e-06
rate	4.37310051948831e-06
rate	4.836576174456707e-06
rate	5.333048372448886e-06
rate	5.857047618849047e-06
rate	6.438776806472532e-06
rate	7.070037917680485e-06
rate	7.731645971531726e-06
rate	8.41263781021395e-06
rate	9.102039967203472e-06
rate	9.79436342354438e-06
rate	1.0503352189003974e-05
rate	1.1256510334614422e-05
rate	1.2075873808761373e-05
rate	1.2967003697304911e-05
rate	1.3935473655690536e-05
rate	1.4984118555349088e-05
rate	1.6126800513134202e-05
rate	1.7355371352521988e-05
rate	1.871956550106813e-05
rate	2.028578179381438e-05
rate	2.2101287038703838e-05
rate	2.4172101127503122e-05
rate	2.6531976818718767e-05
rate	2.9126317617710133e-05
rate	3.191146915184349e-05
rate	3.4838098904438703e-05
rate	3.7973283282422074e-05
rate	4.1679092379233934e-05
rate	4.618615508009906e-05
rate	5.111903510005607e-05
rate	5.641015237746768e-05
rate	6.235845216064932e-05
rate	6.920967661819617e-05
rate	7.722684789704425e-05
rate	8.605005183310143e-05
rate	9.581178096444313e-05
rate	0.00010753268911435607
rate	0.00011980450041596751
rate	0.0001334190715976053
rate	0.0001486043625695012
rate	0.00016714055158092905
rate	0.00018885503121278855
rate	0.00021277230761404092
rate	0.00024084977999357733
rate	0.0002722436231528709
rate	0.00030724035766031344
rate	0.00034613042484261925
rate	0.00038918587776785537
rate	0.00043666140563657584
rate	0.000488785102136231
rate	0.0005457374231338184
rate	0.0006076468781319894
rate	0.0006745662167045826
rate	0.0007464686044621568
rate	0.0008232341179658724
rate	0.0009046362714175678
rate	0.0009903446410977677
rate	0.0010883314420092529
rate	0.0011938721344828815
rate	0.0013096476114512492
rate	0.001436650388798027
rate	0.0015759692314075205
rate	0.0017287984868894822
rate	0.001896448324439728
rate	0.0020803559666119553
rate	0.0022820980102880254
rate	0.002503403942471542
rate	3.3978631262072196e-05
rate	1.6569009893183248e-06
rate	1.2514837955526723e-06
rate	8.461266265210853e-07
rate	8.187397930522862e-07
rate	6.735941491121045e-07
rate	5.914396478022458e-07
rate	5.20241074022403e-07
rate	4.4356775747390473e-07
rate	3.6415837175726304e-07
rate	3.148709459465525e-07
rate	3.3951454794144676e-07
rate	4.983341930453457e-07
rate	8.160011247725936e-07
rate	1.2487446943657693e-06
rate	1.6952543726095655e-06
rate	2.136356901510194e-06
rate	2.618637260643053e-06
rate	3.142117201736585e-06
rate	3.6656972518846715e-06
rate	4.2113138842363025e-06
rate	4.704930140904501e-06
rate	5.061486126501258e-06
rate	5.250753938276422e-06
rate	5.319332461640451e-06
rate	5.341277951916233e-06
rate	5.387912702823628e-06
rate	5.4592379760086405e-06
rate	5.579946517664983e-06
rate	5.739070454292488e-06
rate	5.8982036397435745e-06
rate	6.046370437737617e-06
rate	6.186313109984633e-06
rate	6.326262935635886e-06
rate	6.479941573052698e-06
rate	6.683030147059615e-06
rate	6.938284449762119e-06
rate	7.226503396324982e-06
rate	7.533970385942102e-06
rate	7.868929081364473e-06
rate	8.258850653136878e-06
rate	8.73397100089688e-06
rate	9.319059038049735e-06
rate	1.0044412146553516e-05
rate	1.091838816662728e-05
rate	1.1855886380498394e-05
rate	1.2909236487261426e-05
rate	1.4213421764355606e-05
rate	1.5807352229698384e-05
rate	1.7625400274050845e-05
rate	1.9510833932556614e-05
rate	2.144171656951309e-05
rate	2.3545169423175944e-05
rate	2.5896212940856748e-05
rate	2.850655007257611e-05
rate	3.1343688493720994e-05
rate	3.431406878814662e-05
rate	3.7379264760539016e-05
rate	4.046456790345486e-05
rate	4.3581169484226385e-05
rate	4.698261752871153e-05
rate	5.0625346957561406e-05
rate	5.4172395418894347e-05
rate	5.748078773583628e-05
rate	6.0689609692511675e-05
rate	6.411519550549956e-05
rate	6.814005943292617e-05
rate	7.285681430880606e-05
rate	7.801830805511456e-05
rate	8.353671782760285e-05
rate	9.007336203030919e-05
rate	9.688091994660297e-05
rate	0.00010378222358973604
rate	0.00011188146137060997
rate	0.00012051967261068354
rate	0.00013031916166812693
rate	0.0001417824704977425
rate	0.0001539629240345734
rate	0.00016834563896313897
rate	0.00018276626022384551
rate	0.00019905868825344808
rate	0.00021932272812424673
rate	0.00023864732207407114
rate	0.00025910829539009343
rate	0.00028268452030312264
rate	0.00030814715394586717
rate	0.0003356030609611181
rate	0.00036514787884872114
rate	0.00039688484669840905
rate	0.0004309032509216376
rate	0.00046728442043996094
rate	0.0005060981699323866
rate	0.0005474054797606417
rate	0.0005912442787582105
rate	0.0006376447324147201
rate	0.000686607210537735
rate	0.0007381063143612431
rate	0.0007921060674284506
rate	0.0008485282813135786
rate	0.0009072701490481714
rate	0.0009719203881710421
rate	0.001040248713785818
rate	0.001113380683956404
rate	0.0011916540063729999
rate	0.0012754301303833505
rate	0.0013650959160880064
rate	0.00146106542077695
rate	0.0015637818109570148
rate	0.001673719408799371
rate	0.001791385882457178
rate	2.7557802829399908e-05
rate	1.4678814492836227e-06
rate	8.351718602592891e-07
rate	7.584897237127671e-07
rate	5.640553618464844e-07
rate	4.955958452480094e-07
rate	4.189232188746194e-07
rate	3.614201581567499e-07
rate	3.2582363055920615e-07
rate	3.0391830514958843e-07
rate	3.0391830514958843e-07
rate	3.2308545529822664e-07
rate	3.6415837175726304e-07
rate	4.2713804042618773e-07
rate	5.092876116229179e-07
rate	5.969165378618122e-07
rate	6.955024324801421e-07
rate	8.160011247725936e-07
rate	9.584155079955666e-07
rate	1.1117931288559007e-06
rate	1.273396703700524e-06
rate	1.4240526951063243e-06
rate	1.5500622545273723e-06
rate	1.6514219784216236e-06
rate	1.7418270603533113e-06
rate	1.8404541908441654e-06
rate	1.958263475447925e-06
rate	2.0842976248804975e-06
rate	2.2130776398212047e-06
rate	2.3391235201780763e-06
rate	2.4706558433652795e-06
rate	2.615896791337725e-06
rate	2.791292357197482e-06
rate	3.0105526169000522e-06
rate	3.2764292368820424e-06
rate	3.5971601362561884e-06
rate	3.950830068619313e-06
rate	4.307287853330716e-06
rate	4.633624515649689e-06
rate	4.943543237893175e-06
rate	5.264469505527668e-06
rate	5.645789783567651e-06
rate	6.117712867057659e-06
rate	6.707731136310011e-06
rate	7.410430392247543e-06
rate	8.149007972335837e-06
rate	8.92898645413271e-06
rate	9.81359712993783e-06
rate	1.0813936102076e-05
rate	1.189438290447453e-05
rate	1.300551584782183e-05
rate	1.413361199377259e-05
rate	1.5311730397747244e-05
rate	1.656472553792646e-05
rate	1.7909234889588527e-05
rate	1.93509075877473e-05
rate	2.085954998832616e-05
rate	2.239386707263043e-05
rate	2.3920758843093233e-05
rate	2.5465083189825818e-05
rate	2.7131941598418012e-05
rate	2.894092601154475e-05
rate	3.080925136547872e-05
rate	3.2748121558594366e-05
rate	3.484087181732288e-05
rate	3.719331348784039e-05
rate	3.995890651574756e-05
rate	4.3308568550363865e-05
rate	4.7007684793033855e-05
rate	5.124735280856649e-05
rate	5.635425602639926e-05
rate	6.163590891008953e-05
rate	6.672577446658142e-05
rate	7.19909520594596e-05
rate	7.781549219083094e-05
rate	8.398838308026529e-05
rate	9.159035252353067e-05
rate	9.952010514884706e-05
rate	0.00010931296976351156
rate	0.00012229696913457075
rate	0.00013418669049741294
rate	0.00014668570180074658
rate	0.00016162255904914136
rate	0.00017890261170705403
rate	0.00020242906913718793
rate	0.00022373999161887374
rate	0.00024708423473476007
rate	0.0002726095624944343
rate	0.00030046116355010805
rate	0.00033079164288870596
rate	0.0003637435568479406
rate	0.0003994591562056018
rate	0.00043806187371252725
rate	0.00047966867256714433
rate	0.000524376760971823
rate	0.000572258849559021
rate	0.0006233609504967805
rate	0.0006777030060638288
rate	0.0007352612800646263
rate	0.0007959736548655337
rate	0.0008636002909955471
rate	0.0009360070000681048
rate	0.0010144844939393503
rate	0.0010995417645044273
rate	0.0011917304789892497
rate	0.0012916485579718335
rate	0.0013999440533951166
rate	0.0015173193517234497
rate	0.0016445357295036746
rate	0.0017824182908774445
rate	1.5333756129653912e-05
rate	1.1200100296042904e-06
rate	7.420581167297474e-07
rate	5.476249217441333e-07
rate	4.6273588530900755e-07
rate	4.189232188746194e-07
rate	3.6963480717372834e-07
rate	3.2856180855868813e-07
rate	2.902275657688909e-07
rate	2.5737007057335895e-07
rate	2.436795639562248e-07
rate	2.68322525157553e-07
rate	3.559437391714393e-07
rate	5.175027043141322e-07
rate	7.420581167297474e-07
rate	9.775872407133327e-07
rate	1.2240929069993174e-06
rate	1.5226683786916036e-06
rate	1.8760704166867302e-06
rate	2.251438815199501e-06
rate	2.6378206225890903e-06
rate	2.9858849610665904e-06
rate	3.2407947894738226e-06
rate	3.380594127147236e-06
rate	3.438160635198532e-06
rate	3.46831500343841e-06
rate	3.514917862164348e-06
rate	3.572487194627611e-06
rate	3.657472707419659e-06
rate	3.7616520962356414e-06
rate	3.879544080472572e-06
rate	3.9892156002750465e-06
rate	4.082439846360957e-06
rate	4.156473126654948e-06
rate	4.230508408911511e-06
rate	4.3319674177484765e-06
rate	4.482791812116936e-06
rate	4.688474831781958e-06
rate	4.9490288409808675e-06
rate	5.256240156931703e-06
rate	5.612867952681301e-06
rate	6.021675414559634e-06
rate	6.493663299453701e-06
rate	7.042588755666033e-06
rate	7.687716830191179e-06
rate	8.387921434512837e-06
rate	9.178956150888512e-06
rate	1.0137842804716365e-05
rate	1.1267506878575937e-05
rate	1.2499399378320962e-05
rate	1.374560453626806e-05
rate	1.4989624312853732e-05
rate	1.6292047010485724e-05
rate	1.7691533865806675e-05
rate	1.920201904317703e-05
rate	2.082644470843747e-05
rate	2.2515324572140114e-05
rate	2.4243917447033686e-05
rate	2.599295009488457e-05
rate	2.77984160561754e-05
rate	2.9743457733655503e-05
rate	3.187546005222289e-05
rate	3.41421865746684e-05
rate	3.6527323004961006e-05
rate	3.9053394790023874e-05
rate	4.175136940054263e-05
rate	4.475533266752664e-05
rate	4.816102712403171e-05
rate	5.214295470473981e-05
rate	5.68070492883046e-05
rate	6.217919884080712e-05
rate	6.829724731360342e-05
rate	7.496357722648533e-05
rate	8.223295245668397e-05
rate	9.010165639858744e-05
rate	9.817749196580438e-05
rate	0.00010803674710779701
rate	0.00011992177585011647
rate	0.00013322073316501736
rate	0.0001477344416042303
rate	0.00016440051609962404
rate	0.0001831262871089328
rate	0.00020324872227242994
rate	0.00022599589998662805
rate	0.00025311969441477986
rate	0.0002828666650303493
rate	0.00031833860662081607
rate	0.00035763423234404186
rate	0.00040101187794150145
rate	0.0004487043936034651
rate	0.0005009154281924105
rate	0.0005578077691116196
rate	0.0006194823294742424
rate	0.0006859845555771316
rate	0.0007572742909839256
rate	0.0008332153730350464
rate	0.0009135849944466597
rate	0.0009980602840488424
rate	0.0010862061896306414
rate	0.0011775035208163747
rate	0.0012815806084459497
rate	0.001392234354605259
rate	0.0015124421244899554
rate	0.001643028827987987
rate	0.0017848905990435495
rate	0.0019390009452575107
rate	0.002106417428454269
rate	0.0022882889220596234
rate	0.0024858634950923613
rate	0.002700496976872485
rate	1.2389386438137406e-05
rate	9.419827010888637e-07
rate	5.394097386689582e-07
rate	4.052319043963156e-07
rate	3.176091129920573e-07
rate	3.011801517967359e-07
rate	2.6558440740386094e-07
rate	2.464176598030141e-07
rate	2.3546529284616794e-07
rate	2.3272720795269848e-07
rate	2.4094147084777365e-07
rate	2.6558440740386094e-07
rate	3.0665646124120374e-07
rate	3.6963480717372834e-07
rate	4.4904435173319247e-07
rate	5.339329636466304e-07
rate	6.270396290313997e-07
rate	7.22888033222463e-07
rate	8.269558143280141e-07
rate	9.28288770675849e-07
rate	1.0351032443763968e-06
rate	1.1364439050839983e-06
rate	1.218614762172605e-06
rate	1.2816140894723214e-06
rate	1.3336581054470015e-06
rate	1.382963875278445e-06
rate	1.443227688725734e-06
rate	1.511710905102681e-06
rate	1.593893025985282e-06
rate	1.6870357452455295e-06
rate	1.7911401814863537e-06
rate	1.9007280752264457e-06
rate	2.010320355614659e-06
rate	2.1226569958978015e-06
rate	2.245958614380509e-06
rate	2.3966681340284706e-06
rate	2.5775305090814786e-06
rate	2.7803298051334783e-06
rate	2.9913666431558694e-06
rate	3.21064292699674e-06
rate	3.4518671250452926e-06
rate	3.723269754937064e-06
rate	4.0358273265303356e-06
rate	4.406007445830323e-06
rate	4.839318867468431e-06
rate	5.302873459371347e-06
rate	5.810404876389227e-06
rate	6.4003569160685366e-06
rate	7.070037917680485e-06
rate	7.775575817731573e-06
rate	8.49228098312704e-06
rate	9.206426740175531e-06
rate	9.926254409446585e-06
rate	1.0671008155272976e-05
rate	1.1462702883997233e-05
rate	1.232613099916115e-05
rate	1.3244853498769526e-05
rate	1.419690920714905e-05
rate	1.5179579727266077e-05
rate	1.6225947214700757e-05
rate	1.7352616092625425e-05
rate	1.863686771520189e-05
rate	2.0164423159613e-05
rate	2.198536774884144e-05
rate	2.4078190321228113e-05
rate	2.642416298375215e-05
rate	2.8976896535647135e-05
rate	3.172588886157135e-05
rate	3.473273029583122e-05
rate	3.8087105282288e-05
rate	4.188480891450374e-05
rate	4.630867268462898e-05
rate	5.12752487584116e-05
rate	5.640456269100727e-05
rate	6.219040182947212e-05
rate	6.864533831121517e-05
rate	7.631455852024802e-05
rate	8.537207161245121e-05
rate	9.559630217721459e-05
rate	0.00010698032534870217
rate	0.00011908951498734649
rate	0.0001322378764578069
rate	0.00014846850952271118
rate	0.00016696303522337753
rate	0.00018903983987016493
rate	0.0002115830040221567
rate	0.00023985740868314088
rate	0.00027151491445422197
rate	0.00030685444765389227
rate	0.00034617081370646134
rate	0.00038975087021095805
rate	0.0004378562555518476
rate	0.0004907233943874989
rate	0.0005485359233769598
rate	0.0006114231821817796
rate	0.0006794359141036304
rate	0.0007525453838450571
rate	0.000830610959290937
rate	0.0009133977066895715
rate	0.0010005409913703205
rate	0.0011003247791079994
rate	0.0012078315736877914
rate	0.0013258422768410059
rate	0.0014553831687739317
rate	0.0015975808019919207
rate	0.001753671798364463
rate	0.0019250136034085878
rate	0.002113096291315264
rate	0.002319555523381193
rate	0.0025461867725390273
rate	3.3141602800166994e-05
rate	1.8568923913522147e-06
rate	1.1172710599479747e-06
rate	7.749214293133455e-07
rate	6.955024324801421e-07
rate	6.462090414297284e-07
rate	5.859627686991191e-07
rate	5.229794464695652e-07
rate	4.408294644523707e-07
rate	3.4772913123298454e-07
rate	2.73798768879801e-07
rate	2.73798768879801e-07
rate	4.107084219715538e-07
rate	7.11933760054339e-07
rate	1.1419218854979701e-06
rate	1.593893025985282e-06
rate	2.0431988951799506e-06
rate	2.5391647644556354e-06
rate	3.062629509092101e-06
rate	3.572487194627611e-06
rate	4.082439846360957e-06
rate	4.534896715692827e-06
rate	4.872231397918097e-06
rate	5.091658379258202e-06
rate	5.2288091735891435e-06
rate	5.344021150569218e-06
rate	5.483927926579412e-06
rate	5.62658533410739e-06
rate	5.782968340243549e-06
rate	5.936616484094893e-06
rate	6.084785360983123e-06
rate	6.2302181675350805e-06
rate	6.370170237542198e-06
rate	6.518362580281202e-06
rate	6.683030147059615e-06
rate	6.894368036055545e-06
rate	7.1551320688636655e-06
rate	7.440628542596476e-06
rate	7.742628367000292e-06
rate	8.066628853661829e-06
rate	8.431861812246444e-06
rate	8.88229134839433e-06
rate	9.45916909500399e-06
rate	1.019829963550737e-05
rate	1.1099814382046627e-05
rate	1.2117123419477942e-05
rate	1.3231097894677407e-05
rate	1.4466626779952716e-05
rate	1.5807352229698384e-05
rate	1.7242407970371287e-05
rate	1.8669946529799022e-05
rate	2.0216827364465226e-05
rate	2.2131647663771533e-05
rate	2.456435167201605e-05
rate	2.7455479474850608e-05
rate	3.0607133941236046e-05
rate	3.381508571945445e-05
rate	3.711560624993575e-05
rate	4.04506748594024e-05
rate	4.385379756298242e-05
rate	4.767344391004612e-05
rate	5.178579484088962e-05
rate	5.561653112448367e-05
rate	5.882316759510925e-05
rate	6.154910452881773e-05
rate	6.419087006163977e-05
rate	6.735706141198125e-05
rate	7.135016543227064e-05
rate	7.655949525966556e-05
rate	8.273519546619648e-05
rate	8.95895735789646e-05
rate	9.706245980248875e-05
rate	0.0001049967208445634
rate	0.00011330215066486116
rate	0.00012165575007620041
rate	0.00013068384375819418
rate	0.00014282068002927399
rate	0.00015462913684849829
rate	0.00016688155615911837
rate	0.00018200245751638598
rate	0.00019714554592148572
rate	0.00021312150478052584
rate	0.00023234857710200223
rate	0.0002564370598267105
rate	0.00028098812070351833
rate	0.0003076079415783672
rate	0.0003364171379526098
rate	0.00036753281006610193
rate	0.00040106259390895873
rate	0.0004371174427279685
rate	0.00047578626141242037
rate	0.0005171479001817279
rate	0.0005612671963233804
rate	0.0006081870081708344
rate	0.0006579226319323373
rate	0.0007104730174369504
rate	0.0007658004430152234
rate	0.0008238332998802335
rate	0.0008844765255927735
rate	0.0009475923693919153
rate	0.0010173755483675738
rate	0.0010912034825311125
rate	0.0011703888914949855
rate	0.0012553205513581242
rate	0.0013464154505509643
rate	0.0014441208371208938
rate	0.0015489164145831463
rate	0.0016613166971180986
rate	0.001781873535678277
rate	0.001911178827407461
rate	2.8595079704170215e-05
rate	1.5199290061829638e-06
rate	8.625588581000444e-07
rate	6.462090414297284e-07
rate	6.297781082992987e-07
rate	5.339329636466304e-07
rate	4.682125179109734e-07
rate	4.1618495050178546e-07
rate	3.751112535448583e-07
rate	3.4499093406383163e-07
rate	3.312999892966781e-07
rate	3.367763589878999e-07
rate	3.614201581567499e-07
rate	4.107084219715538e-07
rate	4.791658159800933e-07
rate	5.585785375230746e-07
rate	6.462090414297284e-07
rate	7.584897237127671e-07
rate	8.954236171337067e-07
rate	1.0405810220285505e-06
rate	1.1884851615544222e-06
rate	1.3281797413876452e-06
rate	1.4514455842448507e-06
rate	1.566498711594454e-06
rate	1.6815566740426202e-06
rate	1.8130574093194636e-06
rate	1.961003286569994e-06
rate	2.1171770528477614e-06
rate	2.265139365238787e-06
rate	2.40488889188437e-06
rate	2.5501263509180126e-06
rate	2.7090742866345705e-06
rate	2.876253624035941e-06
rate	3.054406776049325e-06
rate	3.262723625299143e-06
rate	3.5066937706294076e-06
rate	3.7890683837515673e-06
rate	4.104375424411761e-06
rate	4.4361724757648345e-06
rate	4.784465529262012e-06
rate	5.160232917613918e-06
rate	5.582689955462966e-06
rate	6.057346075093451e-06
rate	6.606184050075717e-06
rate	7.2374837656879145e-06
rate	7.910115356679413e-06
rate	8.643334743933217e-06
rate	9.514116172689938e-06
rate	1.0530836070075733e-05
rate	1.1644165173716136e-05
rate	1.2785453712760467e-05
rate	1.3932721835287049e-05
rate	1.5124518830431908e-05
rate	1.638844540670195e-05
rate	1.773562381448078e-05
rate	1.915790547375378e-05
rate	2.0644372824052444e-05
rate	2.221445107974493e-05
rate	2.3879331011285344e-05
rate	2.5650239573169527e-05
rate	2.7607583141417206e-05
rate	2.9699173989474776e-05
rate	3.177297520697317e-05
rate	3.375964876951892e-05
rate	3.574499114235384e-05
rate	3.7892777895721365e-05
rate	4.0408996150236345e-05
rate	4.3428175822311596e-05
rate	4.704389346891309e-05
rate	5.110229845100893e-05
rate	5.5686382917008826e-05
rate	6.05748441581053e-05
rate	6.565993136004578e-05
rate	7.120685210454264e-05
rate	7.759860851579107e-05
rate	8.370608356564921e-05
rate	9.058553535333748e-05
rate	9.94406086533532e-05
rate	0.0001095608766413008
rate	0.00012195057768887139
rate	0.0001366203434728604
rate	0.00014924614256346845
rate	0.00016368541677047542
rate	0.00018124764351749924
rate	0.00020239958978315103
rate	0.00022335379053367002
rate	0.00024626932774372124
rate	0.00027129120049053883
rate	0.0002985582990596743
rate	0.00032821624863392474
rate	0.0003604029781350438
rate	0.0003952458962710661
rate	0.0004328747370744476
rate	0.0004733995685173874
rate	0.0005169131085383815
rate	0.000563489580266762
rate	0.0006131797062234419
rate	0.0006660047975368058
rate	0.0007219461847642429
rate	0.0007809656525605465
rate	0.0008465896314512866
rate	0.0009168236158060308
rate	0.0009928842868754306
rate	0.0010752550328423248
rate	0.0011644593442919533
rate	0.0012610641411503042
rate	0.0013656833756288153
rate	0.0014789819340732648
rate	0.0016016798625142039
rate	0.0017345569427736074
rate	1.4741876185735262e-05
rate	9.529378947344189e-07
rate	6.982409802277549e-07
rate	5.038108968562625e-07
rate	4.5452095694717225e-07
rate	4.107084219715538e-07
rate	3.6963480717372834e-07
rate	3.3403817277287757e-07
rate	2.9570385330577686e-07
rate	2.628462923885509e-07
rate	2.436795639562248e-07
rate	2.68322525157553e-07
rate	3.559437391714393e-07
rate	5.257178216553203e-07
rate	7.612283344644618e-07
rate	1.0131922433648228e-06
rate	1.273396703700524e-06
rate	1.577456404458712e-06
rate	1.9253859558405106e-06
rate	2.2870603879058192e-06
rate	2.657004118948268e-06
rate	2.9913666431558694e-06
rate	3.2435358843465115e-06
rate	3.399782828675628e-06
rate	3.4820216442480553e-06
rate	3.54507307581585e-06
rate	3.6218333002341863e-06
rate	3.7013372300686717e-06
rate	3.8027766304628607e-06
rate	3.9151868425349374e-06
rate	4.0358273265303356e-06
rate	4.150989111313571e-06
rate	4.257929391885868e-06
rate	4.35390499510548e-06
rate	4.4526262685394214e-06
rate	4.584260170651792e-06
rate	4.754296661689289e-06
rate	4.957257266220824e-06
rate	5.1821771326448764e-06
rate	5.437291540197052e-06
rate	5.747301254295228e-06
rate	6.117712867057659e-06
rate	6.551295301334206e-06
rate	7.056313302273109e-06
rate	7.654770436736279e-06
rate	8.305535126972288e-06
rate	9.058088832401044e-06
rate	9.992202285077108e-06
rate	1.111630827052378e-05
rate	1.2356383418073922e-05
rate	1.360527495394979e-05
rate	1.4854736441231011e-05
rate	1.6181881570740645e-05
rate	1.7633666885658785e-05
rate	1.9221318953308573e-05
rate	2.092024404114089e-05
rate	2.2672675253625316e-05
rate	2.4462140130303158e-05
rate	2.6274889297846798e-05
rate	2.814692787849361e-05
rate	3.0178029975127982e-05
rate	3.239071226292702e-05
rate	3.468559302062428e-05
rate	3.699904952829311e-05
rate	3.935890207956342e-05
rate	4.1806968407650856e-05
rate	4.457166254932582e-05
rate	4.777373964875896e-05
rate	5.159886254997732e-05
rate	5.627041363946575e-05
rate	6.18935381174194e-05
rate	6.81597074244849e-05
rate	7.496357722648533e-05
rate	8.209188953302195e-05
rate	8.963483670963032e-05
rate	9.783697596631909e-05
rate	0.0001074159431547237
rate	0.00011879785455518205
rate	0.00013139037404184264
rate	0.00014600697971739828
rate	0.0001626044017049181
rate	0.00018045794467012684
rate	0.0002004782205946628
rate	0.00022439963021686474
rate	0.0002499203235667629
rate	0.00027735608146354823
rate	0.00031233886051528924
rate	0.00035112451821809194
rate	0.00039397464530233604
rate	0.00044113513456108856
rate	0.000492813834648262
rate	0.0005491816227843198
rate	0.0006103520161235774
rate	0.0006763777560459105
rate	0.0007472274646868554
rate	0.0008227866663913154
rate	0.0009028386092641371
rate	0.0009870642130823208
rate	0.0010750497462894723
rate	0.0011662755661548936
rate	0.001270316234690296
rate	0.0013810318430548785
rate	0.001501396974586051
rate	0.001632252642567469
rate	0.0017745131595879504
rate	0.0019291725260114916
rate	0.002097311375240378
rate	0.0022801045242992887
rate	0.00247882918249763
rate	0.0026948738755255956
rate	1.229037857141315e-05
rate	8.872073903905671e-07
rate	5.28456199580282e-07
rate	3.888024173976905e-07
rate	3.422527396335235e-07
rate	3.1213278163952825e-07
rate	2.792750235559468e-07
rate	2.5737007057335895e-07
rate	2.3546529284616794e-07
rate	2.190368245602899e-07
rate	2.1356069037156948e-07
rate	2.2177489576223272e-07
rate	2.5737007057335895e-07
rate	3.2582363055920615e-07
rate	4.189232188746194e-07
rate	5.229794464695652e-07
rate	6.297781082992987e-07
rate	7.365809363166124e-07
rate	8.379105477155179e-07
rate	9.28288770675849e-07
rate	1.0186699771784914e-06
rate	1.1117931288559007e-06
rate	1.1967022924762735e-06
rate	1.2761358295505142e-06
rate	1.3555716713050335e-06
rate	1.4377491054164899e-06
rate	1.5254077539411407e-06
rate	1.610329746189612e-06
rate	1.6897752849589739e-06
rate	1.766483509893698e-06
rate	1.8486732787612122e-06
rate	1.9418246662927965e-06
rate	2.0459387912996146e-06
rate	2.1637569183948734e-06
rate	2.3007611162012415e-06
rate	2.4651752037348532e-06
rate	2.657004118948268e-06
rate	2.8707721724190754e-06
rate	3.0955206882234586e-06
rate	3.331252369324294e-06
rate	3.5971601362561884e-06
rate	3.895994528381165e-06
rate	4.2113138842363025e-06
rate	4.551351101787983e-06
rate	4.929829278259115e-06
rate	5.335791562856225e-06
rate	5.79943022893737e-06
rate	6.370170237542198e-06
rate	7.0453336594832996e-06
rate	7.781067098068311e-06
rate	8.516998300972796e-06
rate	9.247633140918554e-06
rate	1.0000445881224907e-05
rate	1.080294137972137e-05
rate	1.1666161420067835e-05
rate	1.2606666251343445e-05
rate	1.3588766064187201e-05
rate	1.4584980633232403e-05
rate	1.557605087620737e-05
rate	1.6606042835553203e-05
rate	1.771633437457006e-05
rate	1.898145830350813e-05
rate	2.0445762758442086e-05
rate	2.213716781359201e-05
rate	2.4042284099507826e-05
rate	2.612838785308361e-05
rate	2.841802330353474e-05
rate	3.1003076609016766e-05
rate	3.394259496437935e-05
rate	3.736538736379691e-05
rate	4.14122399052023e-05
rate	4.596340984451637e-05
rate	5.084847181618225e-05
rate	5.6111120177522636e-05
rate	6.183472931522455e-05
rate	6.80698891855209e-05
rate	7.522809190995192e-05
rate	8.353389515406448e-05
rate	9.350477117828896e-05
rate	0.00010556575733658595
rate	0.00011829181164936768
rate	0.00013209708669989183
rate	0.0001472374679829566
rate	0.00016566547834198514
rate	0.00018666174789627352
rate	0.00020700811660303323
rate	0.00023456088552559255
rate	0.00026540562976946734
rate	0.00029983792905673666
rate	0.00033814514514407854
rate	0.00038061168749428865
rate	0.00042750537027428655
rate	0.00047906198855223055
rate	0.0005354740250733521
rate	0.0005968802135591146
rate	0.0006633487889442734
rate	0.0007348709455866337
rate	0.0008113405322375975
rate	0.0008925362744860905
rate	0.0009781464117477765
rate	0.0010760987754469308
rate	0.0011817320318761083
rate	0.0012977345825730896
rate	0.001425124310231706
rate	0.0015650190161276736
rate	0.0017186462284423548
rate	0.0018873539734025602
rate	0.002072622603749489
rate	0.002276077788327549
rate	0.00249950477677227
rate	3.310557751790177e-05
rate	1.6733380877972104e-06
rate	1.1446608798153087e-06
rate	9.74848413534232e-07
rate	8.132624592323843e-07
rate	6.516860410527586e-07
rate	5.585785375230746e-07
rate	4.819041473441548e-07
rate	4.1344668486733074e-07
rate	3.586819472948105e-07
rate	3.3403817277287757e-07
rate	3.778494808380182e-07
rate	5.339329636466304e-07
rate	8.214784640711634e-07
rate	1.2158756938695332e-06
rate	1.624027088405665e-06
rate	2.0459387912996146e-06
rate	2.528203221880199e-06
rate	3.0516658705229044e-06
rate	3.567004348905516e-06
rate	4.068730199325213e-06
rate	4.507472958622235e-06
rate	4.833833484192526e-06
rate	5.034057094352309e-06
rate	5.154746891338347e-06
rate	5.256240156931703e-06
rate	5.374196517157293e-06
rate	5.492157959581835e-06
rate	5.615611423468114e-06
rate	5.741814051543838e-06
rate	5.857047618849047e-06
rate	5.980517537580268e-06
rate	6.128688790419003e-06
rate	6.3235187526464275e-06
rate	6.559528543494167e-06
rate	6.858686468610276e-06
rate	7.185327403419911e-06
rate	7.501025842558129e-06
rate	7.775575817731573e-06
rate	8.03916969825096e-06
rate	8.341235555857502e-06
rate	8.742210809408037e-06
rate	9.272357279055125e-06
rate	9.967471645561075e-06
rate	1.0827679567109604e-05
rate	1.1806391645029128e-05
rate	1.2895482569280257e-05
rate	1.413911604119122e-05
rate	1.5520982005447716e-05
rate	1.701098535267136e-05
rate	1.849353080338832e-05
rate	2.0076165713396204e-05
rate	2.198260782556815e-05
rate	2.435440777103653e-05
rate	2.713747183922699e-05
rate	3.0133739201397424e-05
rate	3.3177628556467255e-05
rate	3.635530179162016e-05
rate	3.966999907692738e-05
rate	4.315559012046026e-05
rate	4.7088458650462235e-05
rate	5.131709321612143e-05
rate	5.531758558775746e-05
rate	5.871407466232997e-05
rate	6.16191078473115e-05
rate	6.44543459458605e-05
rate	6.779483915710991e-05
rate	7.163962502945535e-05
rate	7.649755516359776e-05
rate	8.237966560761383e-05
rate	8.874385645029004e-05
rate	9.592519766459614e-05
rate	0.00010355758642186601
rate	0.00011200410225490339
rate	0.00012102326591232289
rate	0.00012938614124832152
rate	0.0001388487735646855
rate	0.00014985047836042938
rate	0.00016114048119908833
rate	0.00017627925923686212
rate	0.00019270925995362818
rate	0.0002089606702291671
rate	0.00022824771691745964
rate	0.00025019929435266057
rate	0.0002709375278701885
rate	0.0002977370856217046
rate	0.0003256124383391149
rate	0.0003557317579522012
rate	0.0003882076749604434
rate	0.0004231433103856609
rate	0.00046064184852469205
rate	0.000500777355957273
rate	0.0005436262318952104
rate	0.0005892369209712211
rate	0.0006376378206922059
rate	0.0006888281108507184
rate	0.000742792370215546
rate	0.0007994727262590176
rate	0.0008587821779979957
rate	0.0009206041373603452
rate	0.0009889296879855354
rate	0.0010612877491435135
rate	0.001138940108852895
rate	0.0012222741406378293
rate	0.0013117055613895336
rate	0.0014076805051953193
rate	0.0015106777489056374
rate	0.0016212111005415623
rate	0.0017398319624573743
rate	0.0018671320820447812
rate	2.7715443589281353e-05
rate	1.3583108793698406e-06
rate	1.0159311089017153e-06
rate	6.352550750530423e-07
rate	4.846424814473351e-07
rate	4.682125179109734e-07
rate	3.860641791497674e-07
rate	3.3403817277287757e-07
rate	3.0665646124120374e-07
rate	3.093946200712832e-07
rate	3.3403817277287757e-07
rate	3.723730289899955e-07
rate	4.189232188746194e-07
rate	4.682125179109734e-07
rate	5.20241074022403e-07
rate	5.722706188736523e-07
rate	6.462090414297284e-07
rate	7.557511157007447e-07
rate	9.036398685339303e-07
rate	1.0734479180961411e-06
rate	1.2487446943657693e-06
rate	1.4048778357815368e-06
rate	1.5254077539411407e-06
rate	1.610329746189612e-06
rate	1.6733380877972104e-06
rate	1.7363478794993496e-06
rate	1.824016089031346e-06
rate	1.9418246662927965e-06
rate	2.0952573903300895e-06
rate	2.276099854633049e-06
rate	2.4761364939671965e-06
rate	2.684409346916962e-06
rate	2.9009202921218935e-06
rate	3.1256712828824053e-06
rate	3.3696292152271964e-06
rate	3.6465066865653065e-06
rate	3.959055494382737e-06
rate	4.29083493397724e-06
rate	4.633624515649689e-06
rate	4.987428370348279e-06
rate	5.376939748793358e-06
rate	5.810404876389227e-06
rate	6.271379798442084e-06
rate	6.765367644561068e-06
rate	7.322583121435039e-06
rate	7.912861130396685e-06
rate	8.58840513937115e-06
rate	9.43444326981467e-06
rate	1.0462126884695837e-05
rate	1.1608421650302337e-05
rate	1.2768949765660062e-05
rate	1.3927218202777945e-05
rate	1.514654305628624e-05
rate	1.646005784114205e-05
rate	1.7881676841030746e-05
rate	1.9381237728402423e-05
rate	2.0925761749025437e-05
rate	2.2537408332771927e-05
rate	2.4221819917304516e-05
rate	2.5990186128763464e-05
rate	2.7939475021016206e-05
rate	3.002578344208124e-05
rate	3.209429188686506e-05
rate	3.407011014803724e-05
rate	3.6011291786208345e-05
rate	3.8095433907093965e-05
rate	4.052847681414292e-05
rate	4.3247376152671525e-05
rate	4.635601050022614e-05
rate	5.013453626640362e-05
rate	5.452986677716298e-05
rate	5.9393878399057286e-05
rate	6.444313368956935e-05
rate	7.033870232405695e-05
rate	7.610342374482398e-05
rate	8.276905786071449e-05
rate	9.1629986675593e-05
rate	0.00010050264524459633
rate	0.00011041875066951614
rate	0.00012083154617913872
rate	0.00013274937773097992
rate	0.00014698034843948536
rate	0.00015982246069224995
rate	0.0001791452088741197
rate	0.00019780469324469293
rate	0.00021824917510784004
rate	0.00024060763213084728
rate	0.0002650255712906161
rate	0.00029164216668225507
rate	0.00032059382916898834
rate	0.0003520241741945928
rate	0.00038606316314676765
rate	0.00042283336977595374
rate	0.00046245657647103034
rate	0.0005050213267173945
rate	0.0005506140800307989
rate	0.0005992850522679778
rate	0.0006510655964809944
rate	0.0007059552863719901
rate	0.0007639143035540815
rate	0.0008283388804573335
rate	0.0008973302132155591
rate	0.0009720677497414121
rate	0.0010530300843223056
rate	0.001140735672778797
rate	0.001235746152482961
rate	0.001338669938897016
rate	0.001450166121663285
rate	0.0015709486851946978
rate	0.0017017910807931341
rate	1.464239897142284e-05
rate	1.0718351261624713e-06
rate	6.665784179712504e-07
rate	5.71576378870917e-07
rate	4.136363969032697e-07
rate	4.098623314834949e-07
rate	3.6857001884828156e-07
rate	3.31624147398362e-07
rate	2.943515652437875e-07
rate	2.6121320337378576e-07
rate	2.462392794558273e-07
rate	2.7167938959466415e-07
rate	3.630876067690762e-07
rate	5.355373556639227e-07
rate	7.74049624950779e-07
rate	1.0268146275876345e-06
rate	1.291376721506459e-06
rate	1.6085342408368686e-06
rate	1.9782285142606874e-06
rate	2.3700998463207414e-06
rate	2.7748939332135974e-06
rate	3.144911514734814e-06
rate	3.430780831296224e-06
rate	3.6103354680662688e-06
rate	3.7136747836679154e-06
rate	3.7917380627536474e-06
rate	3.882089098880907e-06
rate	3.980413316874416e-06
rate	4.09957424590615e-06
rate	4.233522169587304e-06
rate	4.374268414594654e-06
rate	4.507415364164419e-06
rate	4.626946275972405e-06
rate	4.728479497270819e-06
rate	4.824731911033125e-06
rate	4.9443012639630666e-06
rate	5.098065413507182e-06
rate	5.273801518179804e-06
rate	5.472730591052124e-06
rate	5.70534971604958e-06
rate	6.002145465084967e-06
rate	6.366670765503926e-06
rate	6.776846429799983e-06
rate	7.230130013764908e-06
rate	7.746448820045489e-06
rate	8.299658517461392e-06
rate	8.96079948222052e-06
rate	9.831750591496198e-06
rate	1.0945015075063354e-05
rate	1.2227245624396067e-05
rate	1.3553235129576729e-05
rate	1.4878694245392676e-05
rate	1.6267016838228205e-05
rate	1.773744862972643e-05
rate	1.929588771596859e-05
rate	2.0936819769701514e-05
rate	2.263404118243971e-05
rate	2.4395030555245894e-05
rate	2.623816516470629e-05
rate	2.819681234615872e-05
rate	3.0328777550554476e-05
rate	3.2629920782167685e-05
rate	3.502614667566988e-05
rate	3.744361558827353e-05
rate	3.9890969033600594e-05
rate	4.241919965913392e-05
rate	4.5245780028787673e-05
rate	4.844314632245935e-05
rate	5.2188607750454375e-05
rate	5.671818942360227e-05
rate	6.229199160951414e-05
rate	6.854222899994495e-05
rate	7.509735456750333e-05
rate	8.204348280201945e-05
rate	8.959107390092057e-05
rate	9.794091358091543e-05
rate	0.00010781300967375876
rate	0.00011866214851413339
rate	0.00013127785685397342
rate	0.0001460861799661582
rate	0.00016276488191303493
rate	0.0001818340921261144
rate	0.00020242420468566497
rate	0.00022483241587957083
rate	0.000251341934633917
rate	0.00027667710656945066
rate	0.0003126949995352704
rate	0.0003527543007485189
rate	0.00039713978201772463
rate	0.00044611369149872
rate	0.0004999034855315679
rate	0.0005586885322979753
rate	0.00062258575797669
rate	0.0006916351430262108
rate	0.0007657862299300764
rate	0.0008448859446067514
rate	0.0009286706228273039
rate	0.0010167603909986354
rate	0.0011086601462406472
rate	0.0012037661631743542
rate	0.0013126607295945926
rate	0.0014285092987032502
rate	0.0015545820564860581
rate	0.001691781336349885
rate	0.0018410891069277362
rate	0.002003574000267226
rate	0.0021803989602901808
rate	0.002372829566265294
rate	0.002582243090866924
rate	0.002810138357650779
rate	1.2321621085122598e-05
rate	8.817457212688144e-07
rate	5.590562384695156e-07
rate	3.953223023692879e-07
rate	3.1461867081533384e-07
rate	3.0188469981656867e-07
rate	2.7104507836528176e-07
rate	2.5012032125922794e-07
rate	2.3560672057267923e-07
rate	2.2762697443228254e-07
rate	2.3007570567940332e-07
rate	2.500849990105116e-07
rate	2.9612368358553344e-07
rate	3.72640484514873e-07
rate	4.7237292797355226e-07
rate	5.847610665730763e-07
rate	6.985313129871497e-07
rate	8.081429486577293e-07
rate	9.061992488782999e-07
rate	9.94301638546181e-07
rate	1.0834484792826702e-06
rate	1.1749511236281317e-06
rate	1.259807248993635e-06
rate	1.3379167455925891e-06
rate	1.4134678434556324e-06
rate	1.4882068716393056e-06
rate	1.568544653103269e-06
rate	1.6614225145779734e-06
rate	1.7704866665631972e-06
rate	1.8916968519185462e-06
rate	2.026301991206409e-06
rate	2.1630033837479783e-06
rate	2.2885289147270997e-06
rate	2.3974955525883087e-06
rate	2.501014805186833e-06
rate	2.62060985059305e-06
rate	2.768090179424559e-06
rate	2.9376961335721755e-06
rate	3.1310944556840865e-06
rate	3.350451892246474e-06
rate	3.6079539840687735e-06
rate	3.902037285424399e-06
rate	4.219931368879558e-06
rate	4.559591689369805e-06
rate	4.9324171181634325e-06
rate	5.326279864483479e-06
rate	5.777908386376055e-06
rate	6.336083617824727e-06
rate	7.011717979385797e-06
rate	7.763320267491597e-06
rate	8.528825809585692e-06
rate	9.289571741368344e-06
rate	1.0079091852013728e-05
rate	1.091195112994266e-05
rate	1.1793889469292862e-05
rate	1.2746628867878764e-05
rate	1.3736596675256863e-05
rate	1.4724292343969384e-05
rate	1.5701497937250285e-05
rate	1.671448217413627e-05
rate	1.7802597345906246e-05
rate	1.9046006888448505e-05
rate	2.0509683310142538e-05
rate	2.223121223515977e-05
rate	2.4179657320593325e-05
rate	2.6297723999115474e-05
rate	2.8599723884740228e-05
rate	3.118000261068292e-05
rate	3.4093454083135195e-05
rate	3.751524504307405e-05
rate	4.16819441531653e-05
rate	4.645851380711693e-05
rate	5.151619561051161e-05
rate	5.660199562722396e-05
rate	6.227034635222966e-05
rate	6.872153473935758e-05
rate	7.592163536818353e-05
rate	8.448534615008441e-05
rate	9.467575908741327e-05
rate	0.00010622465495493111
rate	0.00011894900722156084
rate	0.00013265141812715913
rate	0.0001492661304070243
rate	0.00016787220550813453
rate	0.00018901933479577713
rate	0.0002107223667993426
rate	0.00023921029312747185
rate	0.0002711480450277689
rate	0.0003068429741953873
rate	0.00034660040322599607
rate	0.0003907147695475474
rate	0.0004394588970253657
rate	0.0004930715347005613
rate	0.0005517435273602963
rate	0.000615602993881177
rate	0.0006847002624994242
rate	0.0007589934819259849
rate	0.0008383362763563826
rate	0.0009224676677016297
rate	0.001011007772498964
rate	0.0011125335312338121
rate	0.001221941097801213
rate	0.0013421079046846566
rate	0.0014740920254325302
rate	0.0016190555855151866
rate	0.001778274994886273
rate	0.0019531521868234878
rate	0.0021452269620072712
rate	0.002356190546527465
rate	0.0025879004831967875
rate	3.416987562365304e-05
rate	2.1229256338373867e-06
rate	1.1976315777145723e-06
rate	9.462718654993159e-07
rate	7.155627862688398e-07
rate	6.669865686020755e-07
rate	5.86341338121614e-07
rate	5.120858194856445e-07
rate	4.31500339958095e-07
rate	3.512190663695072e-07
rate	2.99651188670089e-07
rate	3.2561793776264513e-07
rate	4.870260167551806e-07
rate	8.161066524347459e-07
rate	1.2732463264494868e-06
rate	1.749617940362554e-06
rate	2.2306810239157163e-06
rate	2.7785186738471596e-06
rate	3.376967859637535e-06
rate	3.9712729643780894e-06
rate	4.5605849043894195e-06
rate	5.076061354200018e-06
rate	5.445603178818984e-06
rate	5.6488286574462035e-06
rate	5.7347046143034524e-06
rate	5.782466244263941e-06
rate	5.849569522441333e-06
rate	5.9256724459268495e-06
rate	6.033117949039929e-06
rate	6.169067283139096e-06
rate	6.304962670306291e-06
rate	6.4412909874067445e-06
rate	6.61276942886716e-06
rate	6.829288091846422e-06
rate	7.083944432400514e-06
rate	7.385043683672551e-06
rate	7.707730928879223e-06
rate	8.014657181986843e-06
rate	8.289783782089146e-06
rate	8.562659023382451e-06
rate	8.902793975017333e-06
rate	9.337000772855384e-06
rate	9.83595630339638e-06
rate	1.0404862368646122e-05
rate	1.1067982764981114e-05
rate	1.1793395229176171e-05
rate	1.2666466101673134e-05
rate	1.3816421748842953e-05
rate	1.528961710497126e-05
rate	1.7006499569631508e-05
rate	1.8786951214052423e-05
rate	2.0613408452079566e-05
rate	2.2637062096429825e-05
rate	2.491948326999959e-05
rate	2.7444180894827756e-05
rate	3.007173283554434e-05
rate	3.277769871873392e-05
rate	3.574475296159531e-05
rate	3.9086733215101154e-05
rate	4.2818522138417825e-05
rate	4.708259717209269e-05
rate	5.160600835454083e-05
rate	5.5858405458468916e-05
rate	5.9370349845532713e-05
rate	6.224262877805914e-05
rate	6.50069663111145e-05
rate	6.825880974334617e-05
rate	7.196233012022906e-05
rate	7.64020814140495e-05
rate	8.181489911697232e-05
rate	8.847089581680652e-05
rate	9.588429021913919e-05
rate	0.00010349740860888077
rate	0.0001116740100865127
rate	0.00012053921025369166
rate	0.0001301362817443884
rate	0.00013989849347635598
rate	0.0001504833381929934
rate	0.0001637437540871998
rate	0.0001779912979192529
rate	0.00019413154110120822
rate	0.0002106826459498948
rate	0.00022754168547505798
rate	0.00024488326321805536
rate	0.0002691324861079509
rate	0.0002933592138100469
rate	0.00032207232625226757
rate	0.000353205114766902
rate	0.0003868852751966477
rate	0.00042323270855852045
rate	0.00046235633119953224
rate	0.0005043507547437657
rate	0.0005492920558870226
rate	0.0005972346428493975
rate	0.0006482068404197911
rate	0.0007022075143846592
rate	0.0007592024049225763
rate	0.0008191212379111387
rate	0.0008818554988048896
rate	0.0009472566588497489
rate	0.0010198379005327961
rate	0.001096799868662473
rate	0.0011795697642434622
rate	0.0012685858819568834
rate	0.0013643195923494047
rate	0.0014672778379002246
rate	0.0015780058174535074
rate	0.0016970898732312464
rate	0.001825160595714285
rate	0.001962896162832863
rate	2.845383309631468e-05
rate	1.4469311784903034e-06
rate	8.829146336400438e-07
rate	6.641884944090723e-07
rate	5.068166673065716e-07
rate	4.942839919364606e-07
rate	4.3129050433598003e-07
rate	3.849497013176548e-07
rate	3.5423653226634553e-07
rate	3.391606319681748e-07
rate	3.4083969921309665e-07
rate	3.6125567573786954e-07
rate	4.024738426466584e-07
rate	4.6503268544505417e-07
rate	5.464523530310649e-07
rate	6.344234966644062e-07
rate	7.342380068121065e-07
rate	8.592547169303626e-07
rate	1.0089885685426445e-06
rate	1.169032684329925e-06
rate	1.334999042179159e-06
rate	1.488502333503714e-06
rate	1.6139572379159161e-06
rate	1.707574795576145e-06
rate	1.7838674140410878e-06
rate	1.8596762467675478e-06
rate	1.9528459415627177e-06
rate	2.071020916142386e-06
rate	2.22345995228264e-06
rate	2.405098616669305e-06
rate	2.6125935199948225e-06
rate	2.832361999658185e-06
rate	3.049454581336256e-06
rate	3.2518857556356786e-06
rate	3.449149548445776e-06
rate	3.6631534347322305e-06
rate	3.912143255999026e-06
rate	4.1965518380921705e-06
rate	4.5250854331791814e-06
rate	4.898515384382437e-06
rate	5.326146057488455e-06
rate	5.7947536536795156e-06
rate	6.284279460527123e-06
rate	6.787392450870465e-06
rate	7.323861033330782e-06
rate	7.897528433487844e-06
rate	8.557165493916178e-06
rate	9.351637538771308e-06
rate	1.0295839398301511e-05
rate	1.1347996955049368e-05
rate	1.2403619243181236e-05
rate	1.348007998041131e-05
rate	1.469196973404365e-05
rate	1.6089634973926152e-05
rate	1.764295944017076e-05
rate	1.9289379491617714e-05
rate	2.094146781087197e-05
rate	2.259092346190075e-05
rate	2.422639640076187e-05
rate	2.5893099543693964e-05
rate	2.7715714942754167e-05
rate	2.9691246391876514e-05
rate	3.168281201315088e-05
rate	3.361369946805635e-05
rate	3.552630492459654e-05
rate	3.753235522152764e-05
rate	3.979551427216848e-05
rate	4.243709410122496e-05
rate	4.5759235321655696e-05
rate	4.971911028512871e-05
rate	5.4416583304655955e-05
rate	5.9526082468639406e-05
rate	6.492999770630714e-05
rate	7.071356463312183e-05
rate	7.705854117399558e-05
rate	8.340019196223375e-05
rate	9.048537481831412e-05
rate	9.903632600521573e-05
rate	0.00010864379421892722
rate	0.00011925906699521453
rate	0.0001310588849636761
rate	0.00014537846247692553
rate	0.0001609472229806598
rate	0.00017746430487829585
rate	0.00019681293055701912
rate	0.0002189292820442204
rate	0.0002424607934891013
rate	0.0002682599240638958
rate	0.00029648836668311424
rate	0.00032730733024186954
rate	0.00036087439777389305
rate	0.0003973404795761263
rate	0.00043684549909441277
rate	0.0004795142683972711
rate	0.0005254516548445925
rate	0.0005747374322448756
rate	0.00062742119037666
rate	0.0006835172048462978
rate	0.0007429996415829567
rate	0.0008057981422853597
rate	0.0008759486144099886
rate	0.0009511658971959674
rate	0.0010328420515831264
rate	0.0011215316977440562
rate	0.0012178370808166397
rate	0.0013224121604367353
rate	0.0014359670514370306
rate	0.0015592728458665808
rate	0.0016931668490747982
rate	0.0018385582654154545
rate	1.477609622032429e-05
rate	1.1050961165370758e-06
rate	6.927403907238549e-07
rate	5.484375475105978e-07
rate	3.941619261168281e-07
rate	4.080844414127202e-07
rate	3.6786302539418656e-07
rate	3.3023789249238846e-07
rate	2.9013032221389384e-07
rate	2.5274401055752155e-07
rate	2.3402910188236092e-07
rate	2.591200187444781e-07
rate	3.567848128580683e-07
rate	5.439666180491795e-07
rate	8.039234241043161e-07
rate	1.0821400624711498e-06
rate	1.3730764362976966e-06
rate	1.7178708828076893e-06
rate	2.117689982907743e-06
rate	2.54476734415092e-06
rate	2.9873607800267463e-06
rate	3.399596834173593e-06
rate	3.7331985334209993e-06
rate	3.9627030338557435e-06
rate	4.114532570607771e-06
rate	4.242564119586261e-06
rate	4.3766818505489e-06
rate	4.50170361568541e-06
rate	4.626346692831128e-06
rate	4.752122827398046e-06
rate	4.874291587508698e-06
rate	4.9931880843447385e-06
rate	5.117279394540044e-06
rate	5.249656470910487e-06
rate	5.3920549376252254e-06
rate	5.5640182778140975e-06
rate	5.7534647271812105e-06
rate	5.931250773964533e-06
rate	6.08968846854685e-06
rate	6.254097665434906e-06
rate	6.472206460174661e-06
rate	6.772989215006183e-06
rate	7.144356693376399e-06
rate	7.582431320250406e-06
rate	8.086044430565918e-06
rate	8.62615609728613e-06
rate	9.253220977709248e-06
rate	1.0047531653590403e-05
rate	1.1053932692511693e-05
rate	1.2242178947072769e-05
rate	1.3501768283426354e-05
rate	1.4805249870797957e-05
rate	1.62293690574166e-05
rate	1.7771091710544137e-05
rate	1.9396141233804286e-05
rate	2.1079711459860497e-05
rate	2.27927452331795e-05
rate	2.4545006910360515e-05
rate	2.637447918797113e-05
rate	2.8331242715397697e-05
rate	3.0462056987043642e-05
rate	3.275858736308011e-05
rate	3.5161935577684875e-05
rate	3.758444899309202e-05
rate	4.00150613180103e-05
rate	4.250055945698827e-05
rate	4.526030737692115e-05
rate	4.839392354756083e-05
rate	5.205899883280379e-05
rate	5.641767733729241e-05
rate	6.172059123444249e-05
rate	6.801415318907696e-05
rate	7.477714627792645e-05
rate	8.158458496742171e-05
rate	8.911597349626132e-05
rate	9.76675147353197e-05
rate	0.00010735361761348309
rate	0.00011784825163800035
rate	0.00012940223176804107
rate	0.00014368744540339156
rate	0.0001594395113946964
rate	0.00017601851718766152
rate	0.00019568317655651012
rate	0.00021929761492257396
rate	0.0002444797559863209
rate	0.0002741219158537949
rate	0.000308053838668156
rate	0.00034670604570802093
rate	0.0003894621649297115
rate	0.00043657192720965467
rate	0.0004882550945511786
rate	0.0005446898566885719
rate	0.0006059998125219295
rate	0.0006722410766827001
rate	0.0007433898593511702
rate	0.000819331113146804
rate	0.0008998501622954128
rate	0.0009846269794328113
rate	0.0010732350625552033
rate	0.0011651452043677612
rate	0.0012700801003114905
rate	0.001381817017652035
rate	0.0015033841328625454
rate	0.001635646270143139
rate	0.001779544337706381
rate	0.001936102021365361
rate	0.0021064330669987082
rate	0.0022917492036997715
rate	0.0024933687639749525
rate	0.0027127260623149843
rate	1.2233781904479973e-05
rate	8.828155570385221e-07
rate	5.845811461638548e-07
rate	4.0793644998772445e-07
rate	3.866335383896119e-07
rate	3.33452791245163e-07
rate	2.984354480530429e-07
rate	2.724813684644927e-07
rate	2.521654463690137e-07
rate	2.379209640635207e-07
rate	2.3420196672298365e-07
rate	2.489064155651855e-07
rate	2.913195421543153e-07
rate	3.6637070119829276e-07
rate	4.6651677508528073e-07
rate	5.804798407288414e-07
rate	6.968004191704569e-07
rate	8.112404643326773e-07
rate	9.175970048849488e-07
rate	1.017654397972661e-06
rate	1.1206266223023236e-06
rate	1.2278953544095745e-06
rate	1.3311407172233243e-06
rate	1.4288719828339012e-06
rate	1.5234915898468095e-06
rate	1.616648250127982e-06
rate	1.7135808284670249e-06
rate	1.8198847200241893e-06
rate	1.9400152012079098e-06
rate	2.072267447161994e-06
rate	2.2155632876652765e-06
rate	2.3618657322069306e-06
rate	2.5036393763334415e-06
rate	2.6356017311260714e-06
rate	2.7633149593717446e-06
rate	2.9091723852217267e-06
rate	3.073175312939713e-06
rate	3.2357970876222915e-06
rate	3.395235691912804e-06
rate	3.5657674011853817e-06
rate	3.770474434716589e-06
rate	4.024482845807152e-06
rate	4.322344940701161e-06
rate	4.659088338858098e-06
rate	5.030603122421154e-06
rate	5.421260210279656e-06
rate	5.856691724468769e-06
rate	6.376314298503422e-06
rate	7.002074125311693e-06
rate	7.717821551113847e-06
rate	8.467174469086165e-06
rate	9.23775196554547e-06
rate	1.0068924064290365e-05
rate	1.0959680280483454e-05
rate	1.189284812521324e-05
rate	1.2877535947901106e-05
rate	1.3882859849520466e-05
rate	1.4878319942761331e-05
rate	1.5872105778124967e-05
rate	1.69153388426566e-05
rate	1.804468133246822e-05
rate	1.931943120874661e-05
rate	2.078362639314159e-05
rate	2.2445784398930587e-05
rate	2.427274782701593e-05
rate	2.6211342873523946e-05
rate	2.8319355486478637e-05
rate	3.075626518268974e-05
rate	3.368007634552518e-05
rate	3.694984985703357e-05
rate	4.064902308306122e-05
rate	4.5554666096895636e-05
rate	5.1398798588475674e-05
rate	5.650398600086238e-05
rate	6.121011562783209e-05
rate	6.692125564233775e-05
rate	7.431884633870282e-05
rate	8.300656869599802e-05
rate	9.211644526438862e-05
rate	0.00010262838016599223
rate	0.00011556030475118289
rate	0.00012920527520028443
rate	0.00014442041163910966
rate	0.00016398045121411215
rate	0.00018617702214837175
rate	0.0002098123466301693
rate	0.00023698596404299904
rate	0.0002673173106308055
rate	0.0003010780461378842
rate	0.00033853897317938185
rate	0.00037996286128598363
rate	0.00042559612251612407
rate	0.00047565870661173343
rate	0.0005303335414991193
rate	0.0005897539443679196
rate	0.0006539920352116567
rate	0.0007230461671143775
rate	0.0007968302832998339
rate	0.0008751646650763722
rate	0.0009577699130436633
rate	0.0010519790505180832
rate	0.001153497147550041
rate	0.0012648119454002466
rate	0.0013868688454279478
rate	0.0015207044821275706
rate	0.0016674555273100123
rate	0.0018283683439051378
rate	0.0020048095713756948
rate	0.002198277732644955
rate	0.0024104159611162707
rate	3.28375083695784e-05
rate	1.68522833563592e-06
rate	1.2303772860824742e-06
rate	1.0644851854252926e-06
rate	7.621161373846977e-07
rate	7.230069557279039e-07
rate	6.405753392319853e-07
rate	5.570753798401454e-07
rate	4.5558400558054185e-07
rate	3.4391234034877014e-07
rate	2.5806182225287757e-07
rate	2.6110225560312044e-07
rate	4.285675040715333e-07
rate	8.020101776519698e-07
rate	1.328512486584444e-06
rate	1.8819769264620312e-06
rate	2.4305981528991087e-06
rate	3.0347365992911627e-06
rate	3.6810411461622394e-06
rate	4.325529275419694e-06
rate	4.97962320775618e-06
rate	5.566175345357267e-06
rate	5.983122997273639e-06
rate	6.190532273154397e-06
rate	6.2474433907625556e-06
rate	6.246931622444063e-06
rate	6.2713931050165575e-06
rate	6.330478907638377e-06
rate	6.464198971633307e-06
rate	6.66365771203264e-06
rate	6.890690392212292e-06
rate	7.1121624325511274e-06
rate	7.333266333958859e-06
rate	7.532007922730568e-06
rate	7.714832396171686e-06
rate	7.91466612186362e-06
rate	8.154409380336942e-06
rate	8.429485443655705e-06
rate	8.75762538914839e-06
rate	9.15279132569363e-06
rate	9.642452264498438e-06
rate	1.0210280301977256e-05
rate	1.0813660219687873e-05
rate	1.1419238808317451e-05
rate	1.2049120070656947e-05
rate	1.2732064241051153e-05
rate	1.3549860350801578e-05
rate	1.4565425971931589e-05
rate	1.5829075182812785e-05
rate	1.731412239765684e-05
rate	1.8866451262851233e-05
rate	2.0514373014712055e-05
rate	2.2452291132933724e-05
rate	2.474712201692213e-05
rate	2.7335648472320924e-05
rate	3.0029683676111533e-05
rate	3.27823875499731e-05
rate	3.57811755791866e-05
rate	3.914331058765886e-05
rate	4.289893288042306e-05
rate	4.713013096672384e-05
rate	5.161565860595562e-05
rate	5.597543693217682e-05
rate	5.9824501805921375e-05
rate	6.320379372075654e-05
rate	6.659683437585448e-05
rate	7.036555590094239e-05
rate	7.420377377415592e-05
rate	7.846378044844888e-05
rate	8.343926508707334e-05
rate	8.940770905375991e-05
rate	9.585155625336921e-05
rate	0.00010326276905713873
rate	0.00011146214568502882
rate	0.00011987713943475482
rate	0.0001285773007685663
rate	0.00013809098077787135
rate	0.00014777275900280178
rate	0.0001600842834950436
rate	0.00017509317736108155
rate	0.00018952085934417662
rate	0.0002072643183584762
rate	0.00022740204111273404
rate	0.0002469665874779924
rate	0.0002678600655306345
rate	0.00029414671425598255
rate	0.00032268764388889814
rate	0.00035361236618387424
rate	0.00038704546677529526
rate	0.000423103858922013
rate	0.00046189401653128135
rate	0.0005035082169434561
rate	0.0005480211918096539
rate	0.0005954865331239568
rate	0.0006459328747082248
rate	0.0006993600944383384
rate	0.0007557365930793045
rate	0.0008149955658823798
rate	0.0008770336363183398
rate	0.000941708628939571
rate	0.0010134246845825482
rate	0.0010894514843460162
rate	0.0011711817906158955
rate	0.001259043478648936
rate	0.0013534965227685121
rate	0.0014550354044264614
rate	0.0015641917009169644
rate	0.00168153686829492
rate	0.0018076852330679842
rate	0.0019432972083243882
rate	2.8131683746896205e-05
rate	1.3940472074158798e-06
rate	1.078996723968528e-06
rate	6.078988898793822e-07
rate	6.438810029192534e-07
rate	5.701039878150977e-07
rate	5.017009012703671e-07
rate	4.4694557695464727e-07
rate	4.0263538169926295e-07
rate	3.692670110519617e-07
rate	3.5154468858568596e-07
rate	3.5807327874631947e-07
rate	3.9904653927070147e-07
rate	4.795683428728004e-07
rate	5.913929450920127e-07
rate	7.158330583869972e-07
rate	8.481420752933291e-07
rate	9.962280919739761e-07
rate	1.157253000223297e-06
rate	1.3234805257178398e-06
rate	1.4954229747346046e-06
rate	1.6610351847421063e-06
rate	1.8046276434658426e-06
rate	1.920304251959418e-06
rate	2.017923623449563e-06
rate	2.1158796442569074e-06
rate	2.2235427293404406e-06
rate	2.3381310655547118e-06
rate	2.466671341630839e-06
rate	2.6147063107040465e-06
rate	2.7783798864887046e-06
rate	2.9636267526941854e-06
rate	3.1828795093845785e-06
rate	3.4336692551552766e-06
rate	3.703817213222754e-06
rate	4.006102288391436e-06
rate	4.321151334887295e-06
rate	4.612370823744474e-06
rate	4.872299182890064e-06
rate	5.130051429050789e-06
rate	5.4269703645145805e-06
rate	5.797064855436115e-06
rate	6.2437038424449026e-06
rate	6.770701472550048e-06
rate	7.367624878034585e-06
rate	7.994825412390674e-06
rate	8.68425230532046e-06
rate	9.502340076740462e-06
rate	1.0477753661739828e-05
rate	1.1580606258755111e-05
rate	1.2729146457744093e-05
rate	1.3901337588125189e-05
rate	1.5152162912482707e-05
rate	1.6489339751180783e-05
rate	1.7900029457276853e-05
rate	1.935409650398337e-05
rate	2.0842469323057266e-05
rate	2.2408070840270254e-05
rate	2.409554493559935e-05
rate	2.5931615346680165e-05
rate	2.7936129502212236e-05
rate	3.007078155994581e-05
rate	3.2274966863648886e-05
rate	3.4466527593089414e-05
rate	3.664758461240951e-05
rate	3.895956642653565e-05
rate	4.1494930795003234e-05
rate	4.417509027744902e-05
rate	4.704997977496285e-05
rate	5.032868704129167e-05
rate	5.4568736133427926e-05
rate	5.941696134489713e-05
rate	6.452125803349476e-05
rate	7.035266850707585e-05
rate	7.612414473540586e-05
rate	8.274181060817713e-05
rate	8.989373706776754e-05
rate	9.74863667029415e-05
rate	0.00010667682679080172
rate	0.0001186410594977861
rate	0.00013249956310323915
rate	0.0001464463049045717
rate	0.00016112261280772615
rate	0.0001766498320975703
rate	0.00019382794932102092
rate	0.00021470731499407825
rate	0.00023763106283375667
rate	0.000262754621091883
rate	0.0002902356290554276
rate	0.0003202316509879212
rate	0.0003528975637035297
rate	0.00038838248510785124
rate	0.0004268257977262233
rate	0.0004683533986961399
rate	0.0005130728508701349
rate	0.0005610689137000848
rate	0.0006123983594105375
rate	0.0006670849935899325
rate	0.000725115117272357
rate	0.0007864332090680275
rate	0.0008548708977814957
rate	0.0009282803006363761
rate	0.0010079935096466597
rate	0.0010945518447318596
rate	0.001188543109990734
rate	0.0012906055853868777
rate	0.00140143236120799
rate	0.0015217760447334984
rate	0.0016524538710727236
rate	0.0017943532528805362
rate	1.4475846039753156e-05
rate	1.064177652951895e-06
rate	7.464283374924585e-07
rate	5.449017520895028e-07
rate	4.021093238722983e-07
rate	3.905393048309075e-07
rate	3.436874895071975e-07
rate	3.066834408074018e-07
rate	2.7409353497092925e-07
rate	2.4982772236327613e-07
rate	2.473578956711093e-07
rate	2.8811674603826907e-07
rate	3.9671410900413075e-07
rate	5.877818582881081e-07
rate	8.464201734392634e-07
rate	1.1292118945564895e-06
rate	1.4248551948591953e-06
rate	1.7595244499399206e-06
rate	2.1309848684889847e-06
rate	2.5215244585057468e-06
rate	2.9248794424735697e-06
rate	3.3117903736281994e-06
rate	3.645119987514904e-06
rate	3.902808110935416e-06
rate	4.1002895852813794e-06
rate	4.276202031876517e-06
rate	4.449654815150297e-06
rate	4.6086657537948856e-06
rate	4.7611208328759975e-06
rate	4.9113141775044614e-06
rate	5.060309699737688e-06
rate	5.2066357098372456e-06
rate	5.350247708858676e-06
rate	5.489034249768179e-06
rate	5.625613221248279e-06
rate	5.785056592948271e-06
rate	5.959586581633996e-06
rate	6.1202524193903805e-06
rate	6.263305061506492e-06
rate	6.4148510720766605e-06
rate	6.614384174957502e-06
rate	6.895776051898151e-06
rate	7.261374608706801e-06
rate	7.708216121710465e-06
rate	8.223072706310076e-06
rate	8.782138091706718e-06
rate	9.414993640543843e-06
rate	1.017434599729665e-05
rate	1.1102651268831278e-05
rate	1.2197837679538806e-05
rate	1.3377402393507384e-05
rate	1.4635227601953682e-05
rate	1.604783078661541e-05
rate	1.7601946318646874e-05
rate	1.924177324465623e-05
rate	2.090765085786651e-05
rate	2.2594566498663494e-05
rate	2.4356737025931312e-05
rate	2.6251091136645814e-05
rate	2.830523206225134e-05
rate	3.05542861435248e-05
rate	3.2921133623287476e-05
rate	3.5310537305742466e-05
rate	3.764824918632135e-05
rate	3.999501709143928e-05
rate	4.244588598646063e-05
rate	4.539572338998712e-05
rate	4.868129988271403e-05
rate	5.2429483738035376e-05
rate	5.695019088491993e-05
rate	6.121060061741177e-05
rate	6.751710701094685e-05
rate	7.310082951217478e-05
rate	8.003527166877256e-05
rate	8.708905597774272e-05
rate	9.608397694225663e-05
rate	0.00010614167882833286
rate	0.00011829094165642023
rate	0.00013050120366410304
rate	0.00014485695631645757
rate	0.00016070519611424672
rate	0.00017793369835179297
rate	0.00019842473195814475
rate	0.0002226340706030478
rate	0.00024845983387435875
rate	0.000277983368180693
rate	0.00030822124050578723
rate	0.000348985378192591
rate	0.00039430149915133914
rate	0.0004444572695883924
rate	0.0004997023253178398
rate	0.0005602329716492995
rate	0.000626175493354851
rate	0.0006975697283119192
rate	0.0007743533337957432
rate	0.0008563485534004058
rate	0.0009432520820218568
rate	0.0010346311461327962
rate	0.0011299242830907115
rate	0.0012284508191810165
rate	0.0013416969982106598
rate	0.0014622245612226784
rate	0.0015935793776793944
rate	0.0017367340833350357
rate	0.001892748687931638
rate	0.002062778424194622
rate	0.002248082301920757
rate	0.002450032430498458
rate	0.0026701241788903906
rate	0.002909987248309435
rate	1.2006597698528186e-05
rate	8.09309916672957e-07
rate	4.941344019254195e-07
rate	4.132870184977878e-07
rate	3.163763184081732e-07
rate	3.064913858143355e-07
rate	2.795904716668009e-07
rate	2.597869799860457e-07
rate	2.439823652018792e-07
rate	2.3294682917125608e-07
rate	2.3141969479233327e-07
rate	2.4746432052567354e-07
rate	2.90491997070418e-07
rate	3.657987872522025e-07
rate	4.6647569204311823e-07
rate	5.809895945639878e-07
rate	6.983585981569188e-07
rate	8.16069031344371e-07
rate	9.287557610993641e-07
rate	1.0376165590767919e-06
rate	1.1512428466897312e-06
rate	1.2694487545996778e-06
rate	1.3814947647802178e-06
rate	1.4833870049939084e-06
rate	1.5778874691610927e-06
rate	1.6674699060794875e-06
rate	1.7608534427481114e-06
rate	1.8669920425435396e-06
rate	1.9936476330419287e-06
rate	2.1384403036678642e-06
rate	2.2978041685427335e-06
rate	2.458590223356137e-06
rate	2.6093878876163035e-06
rate	2.7396125455307196e-06
rate	2.855836450148154e-06
rate	2.9844977148650497e-06
rate	3.1308484353804336e-06
rate	3.2781215474877084e-06
rate	3.4293670971627304e-06
rate	3.5984820046319042e-06
rate	3.8033185143117794e-06
rate	4.056070088773554e-06
rate	4.352879591043997e-06
rate	4.683839267903407e-06
rate	5.0415942502363995e-06
rate	5.4227120190584405e-06
rate	5.845909092155684e-06
rate	6.3331898940443665e-06
rate	6.907922751804433e-06
rate	7.571393871528253e-06
rate	8.276676986516046e-06
rate	9.0273987053912e-06
rate	9.873655738674194e-06
rate	1.0810444970640898e-05
rate	1.1800490016191053e-05
rate	1.282581665621666e-05
rate	1.3860166486814702e-05
rate	1.4893613836126065e-05
rate	1.5941507293981638e-05
rate	1.7045227954266442e-05
rate	1.8250358663297314e-05
rate	1.9573628313826735e-05
rate	2.101634758264908e-05
rate	2.2588758723932678e-05
rate	2.4314852724830672e-05
rate	2.6176174894673655e-05
rate	2.8325760259236486e-05
rate	3.080249778982036e-05
rate	3.382984453851912e-05
rate	3.731462784128697e-05
rate	4.0899417271040125e-05
rate	4.5747500347660325e-05
rate	5.038646335937586e-05
rate	5.544105215199705e-05
rate	6.0731107814668304e-05
rate	6.758103358067545e-05
rate	7.50108928040706e-05
rate	8.329481507121682e-05
rate	9.347663668919348e-05
rate	0.00010386022701789786
rate	0.00011675501644965452
rate	0.00013015298862068623
rate	0.0001463945512445306
rate	0.00016711376737947825
rate	0.00018798846403087
rate	0.00020989277675564967
rate	0.00023362740694973233
rate	0.0002660010877156099
rate	0.00030233620579754746
rate	0.0003429704046868262
rate	0.0003882301603837629
rate	0.0004384185055233596
rate	0.0004938004390071853
rate	0.0005545866377914297
rate	0.0006209159757338528
rate	0.0006928380034294165
rate	0.0007702958217455635
rate	0.0008531118393187025
rate	0.0009409770964774962
rate	0.001033446123571578
rate	0.0011399585144283152
rate	0.001254888570805468
rate	0.0013814058189020315
rate	0.0015206784736843484
rate	0.001673992528976712
rate	0.0018427636318678658
rate	0.002028550154289298
rate	0.002233067582463665
rate	0.002458204357090283
rate	0.0027060393105303496
rate	3.2726627879933984e-05
rate	1.7028610640370493e-06
rate	1.1112266967775084e-06
rate	9.494229428721343e-07
rate	6.333474616213062e-07
rate	6.313135485269844e-07
rate	5.770368928074526e-07
rate	5.268485053288846e-07
rate	4.622188387130495e-07
rate	3.8975663692439886e-07
rate	3.4356500298528527e-07
rate	3.8268223292264687e-07
rate	5.7692587246366e-07
rate	9.648058194327636e-07
rate	1.4960402094668532e-06
rate	2.0746557294559816e-06
rate	2.642714460658232e-06
rate	3.2107816271927256e-06
rate	3.752304316341524e-06
rate	4.258229987139555e-06
rate	4.7574455741385194e-06
rate	5.231830039633277e-06
rate	5.6210965054774655e-06
rate	5.902524933586064e-06
rate	6.099602548826031e-06
rate	6.2676669412338425e-06
rate	6.429911185880419e-06
rate	6.569751205595402e-06
rate	6.700534528129557e-06
rate	6.8364652449988876e-06
rate	6.9698630041948345e-06
rate	7.121260869491338e-06
rate	7.333249076496926e-06
rate	7.617942968999021e-06
rate	7.947537258911424e-06
rate	8.320606322520393e-06
rate	8.697610450901942e-06
rate	9.028380431525746e-06
rate	9.298812377896191e-06
rate	9.552676316612471e-06
rate	9.855727202344067e-06
rate	1.0265106586692173e-05
rate	1.0787477553034549e-05
rate	1.1428155692517036e-05
rate	1.2166771686879552e-05
rate	1.2982155955217551e-05
rate	1.3891021048927473e-05
rate	1.4927925742279132e-05
rate	1.6129448163065507e-05
rate	1.7513068913502732e-05
rate	1.8969306672808117e-05
rate	2.0569532558608984e-05
rate	2.2521387894853356e-05
rate	2.4890352949365115e-05
rate	2.757226401114138e-05
rate	3.0354632114400687e-05
rate	3.316790301046012e-05
rate	3.61642637071434e-05
rate	3.9429513169425795e-05
rate	4.29952936808904e-05
rate	4.688588182293275e-05
rate	5.096630944840842e-05
rate	5.50876945656673e-05
rate	5.9098461773457704e-05
rate	6.30346282675968e-05
rate	6.72915203491268e-05
rate	7.193172378113816e-05
rate	7.648796831669037e-05
rate	8.068833322720635e-05
rate	8.480613438629827e-05
rate	8.860092317178482e-05
rate	9.510754767343038e-05
rate	0.00010070166238409896
rate	0.00010903717265992159
rate	0.00011711189975947732
rate	0.0001257942193844741
rate	0.00013689567374641624
rate	0.00014665894632132887
rate	0.00016131360297618884
rate	0.00017534878874564747
rate	0.00018885528381417136
rate	0.00020491457273046272
rate	0.00022736777391789558
rate	0.0002510136890610172
rate	0.0002703599936511934
rate	0.0002912177489174157
rate	0.00031974934585280373
rate	0.0003506906517872721
rate	0.0003841698825804721
rate	0.00042030775411112963
rate	0.00045921415878729684
rate	0.0005009848035144816
rate	0.0005456975857478316
rate	0.0005934085861815561
rate	0.0006441483962817098
rate	0.0006979182006047716
rate	0.0007546864716270159
rate	0.0008143857706333016
rate	0.0008769106695264771
rate	0.0009421156191362869
rate	0.001014480783252713
rate	0.0010912332411670642
rate	0.001173792551111679
rate	0.0012625980414340478
rate	0.0013581222786967747
rate	0.001460873582377458
rate	0.0015713987298229394
rate	0.0016902858658519658
rate	0.0018181676324893418
rate	0.0019557245354860065
rate	2.6615800665362158e-05
rate	1.60967356524563e-06
rate	9.713567163440695e-07
rate	5.846514007984295e-07
rate	6.793036045317311e-07
rate	5.39206632534544e-07
rate	4.6766638325610376e-07
rate	4.145094844889867e-07
rate	3.795983514102987e-07
rate	3.628850284083585e-07
rate	3.6440635879288694e-07
rate	3.8417974606277003e-07
rate	4.220365542193965e-07
rate	4.775800503432415e-07
rate	5.505283033877751e-07
rate	6.329753405719368e-07
rate	7.311856105775711e-07
rate	8.58401533799288e-07
rate	1.0181091525074123e-06
rate	1.199272229840152e-06
rate	1.3910820093311899e-06
rate	1.577674117360038e-06
rate	1.7459347620897222e-06
rate	1.8847680326158751e-06
rate	2.0009982345788824e-06
rate	2.1134091902194947e-06
rate	2.23126796111068e-06
rate	2.3522548310155706e-06
rate	2.4866490951361927e-06
rate	2.6425464884297347e-06
rate	2.8226460723824427e-06
rate	3.0256332259006506e-06
rate	3.2488121228331105e-06
rate	3.47757360917131e-06
rate	3.705554078430451e-06
rate	3.94598745342141e-06
rate	4.207878627618753e-06
rate	4.48687885700058e-06
rate	4.796731283612643e-06
rate	5.151068559901669e-06
rate	5.571986086249726e-06
rate	6.045062774256456e-06
rate	6.532147076706138e-06
rate	6.9993394693609885e-06
rate	7.459188620666087e-06
rate	7.938636817941739e-06
rate	8.498034815130883e-06
rate	9.179092039703846e-06
rate	1.0024747857937186e-05
rate	1.1023337936302859e-05
rate	1.20732454430741e-05
rate	1.3179714394110016e-05
rate	1.4454894663453031e-05
rate	1.5916498899175954e-05
rate	1.7508403593443028e-05
rate	1.9161348184781203e-05
rate	2.0821332997487223e-05
rate	2.249867166313953e-05
rate	2.4207316346345214e-05
rate	2.5985162042157615e-05
rate	2.786484295397738e-05
rate	2.9853373485021248e-05
rate	3.194996844227812e-05
rate	3.415238109894791e-05
rate	3.646610349612581e-05
rate	3.901568078869658e-05
rate	4.175926130675036e-05
rate	4.4555358453224896e-05
rate	4.7282009098629516e-05
rate	5.02508002818247e-05
rate	5.325674274758307e-05
rate	5.720264542960782e-05
rate	6.269199274922664e-05
rate	6.834965966154921e-05
rate	7.489574922097494e-05
rate	8.233477573753514e-05
rate	8.933007776391228e-05
rate	9.946840098918531e-05
rate	0.00010930126439556567
rate	0.0001187099934909135
rate	0.00013182300333616694
rate	0.00014420578307434217
rate	0.00015769729747787083
rate	0.0001736238748383579
rate	0.000192437637919674
rate	0.00020997091869138482
rate	0.0002335849531460448
rate	0.000259823008108677
rate	0.0002886790140715678
rate	0.0003203395828664869
rate	0.0003549881202341538
rate	0.00039280062595918494
rate	0.00043394086986891514
rate	0.0004785548492137282
rate	0.0005267647990742128
rate	0.000578662705650156
rate	0.0006343038642438101
rate	0.0006937000886186503
rate	0.0007568140648079075
rate	0.000823553935506284
rate	0.0008985137497909951
rate	0.000979105322143067
rate	0.0010669255001071176
rate	0.0011626226484881563
rate	0.0012669032867261196
rate	0.001380537305035818
rate	0.0015043636484049748
rate	0.0016392965104145521
rate	0.001786332082609529
rate	0.0019465559092498455
rate	1.3932820507815603e-05
rate	1.1138789520069604e-06
rate	8.232325904495642e-07
rate	6.053202491148028e-07
rate	4.927118228468751e-07
rate	4.297252649891731e-07
rate	3.709727539828748e-07
rate	3.2645415990862967e-07
rate	2.906965224896648e-07
rate	2.670087713277817e-07
rate	2.6748872260978875e-07
rate	3.1128224546998524e-07
rate	4.199570934930619e-07
rate	6.053651199698208e-07
rate	8.52122627445569e-07
rate	1.12484336667915e-06
rate	1.408083510490107e-06
rate	1.7164203994222393e-06
rate	2.046516234663819e-06
rate	2.3902410238316515e-06
rate	2.744286267162445e-06
rate	3.094892055859468e-06
rate	3.4202384770656955e-06
rate	3.7036276326328237e-06
rate	3.94881641356338e-06
rate	4.177408798851628e-06
rate	4.398377649895102e-06
rate	4.604758594552445e-06
rate	4.8048884319408855e-06
rate	5.0059279281859435e-06
rate	5.20872160351649e-06
rate	5.413274956398879e-06
rate	5.62128877395057e-06
rate	5.82870321892421e-06
rate	6.032637525005051e-06
rate	6.264869766061264e-06
rate	6.504462844547706e-06
rate	6.700864261211084e-06
rate	6.842148316220299e-06
rate	6.965422676995353e-06
rate	7.122450903308017e-06
rate	7.371537260476945e-06
rate	7.732358888606813e-06
rate	8.21186452016956e-06
rate	8.777799063254184e-06
rate	9.415568047591359e-06
rate	1.0110883387104608e-05
rate	1.0859776163776976e-05
rate	1.1686092178464419e-05
rate	1.2629081693144046e-05
rate	1.3633334175193212e-05
rate	1.4772423836052065e-05
rate	1.6181762124603335e-05
rate	1.7865072019396837e-05
rate	1.9697170365789914e-05
rate	2.152669071264704e-05
rate	2.3320882253903337e-05
rate	2.51705428199299e-05
rate	2.713694749810769e-05
rate	2.9247446294767638e-05
rate	3.153442768550612e-05
rate	3.390629486351156e-05
rate	3.627639455577641e-05
rate	3.859668717922585e-05
rate	4.095005843563098e-05
rate	4.345570076493962e-05
rate	4.650950687870122e-05
rate	4.9778649818825224e-05
rate	5.346122266895853e-05
rate	5.7747129409727205e-05
rate	6.21008420984791e-05
rate	6.656130316653233e-05
rate	7.339751595955811e-05
rate	7.942590170879574e-05
rate	8.760102071611772e-05
rate	9.588529368667976e-05
rate	0.0001065697124801951
rate	0.00011840416005835347
rate	0.00012964142153061014
rate	0.00014360974298569827
rate	0.00015861466800542887
rate	0.00017663193611094636
rate	0.0001966668885535091
rate	0.0002185428377131308
rate	0.00024831594692491433
rate	0.00027683490476281697
rate	0.00030644426271080147
rate	0.00034708936095374587
rate	0.00039229086579370046
rate	0.0004423394199777244
rate	0.0004974880426432078
rate	0.0005579365466153219
rate	0.0006238149124108737
rate	0.0006951665827636882
rate	0.0007719324916732934
rate	0.0008539375173572625
rate	0.0009408806781166354
rate	0.0010323300169526434
rate	0.0011277242357745048
rate	0.001226381017897936
rate	0.0013398081739289165
rate	0.0014605616280556864
rate	0.0015921982794694133
rate	0.0017356990026638594
rate	0.0018921330758203427
rate	0.002062666148404014
rate	0.0022485689268590433
rate	0.002451226643123103
rate	0.0026721493765146263
rate	0.002912983305905144
rate	1.1357005782387942e-05
rate	6.902943340890463e-07
rate	5.332523088047409e-07
rate	3.457952626611119e-07
rate	2.845171162367725e-07
rate	2.7352552518335675e-07
rate	2.433624841034403e-07
rate	2.2083733736939614e-07
rate	2.02240704313682e-07
rate	1.885606488001731e-07
rate	1.8549376012195608e-07
rate	2.0251676289725369e-07
rate	2.5041509171806214e-07
rate	3.348347643505581e-07
rate	4.470191353981909e-07
rate	5.754926902890452e-07
rate	7.052797131531101e-07
rate	8.296434238374477e-07
rate	9.419560782732351e-07
rate	1.0470735451100406e-06
rate	1.1555335345650638e-06
rate	1.273402655432732e-06
rate	1.3951405223772598e-06
rate	1.5185975157592773e-06
rate	1.6415094628013701e-06
rate	1.7602208395394973e-06
rate	1.8791674837228999e-06
rate	2.0078141166652305e-06
rate	2.1537234829389086e-06
rate	2.316528145618245e-06
rate	2.4925265184410125e-06
rate	2.6712467589721036e-06
rate	2.844905462080483e-06
rate	3.0038385392288303e-06
rate	3.1511029046884973e-06
rate	3.3157968472667546e-06
rate	3.493538278067502e-06
rate	3.6547635137470524e-06
rate	3.7975041850615855e-06
rate	3.943794955464162e-06
rate	4.120053582785513e-06
rate	4.355702906180151e-06
rate	4.6587706645981565e-06
rate	5.024064857621217e-06
rate	5.429606364788289e-06
rate	5.8699868918644265e-06
rate	6.341993110929786e-06
rate	6.844085279319718e-06
rate	7.39328013534979e-06
rate	8.010532903693586e-06
rate	8.663484607860058e-06
rate	9.385533372974494e-06
rate	1.0242365129651862e-05
rate	1.1227472014933835e-05
rate	1.2274982342590203e-05
rate	1.3329519617795554e-05
rate	1.4367518886742687e-05
rate	1.5409368398837072e-05
rate	1.6483021608122265e-05
rate	1.762268954263118e-05
rate	1.8876457931836477e-05
rate	2.0222401238497364e-05
rate	2.162377741854934e-05
rate	2.3076017045481953e-05
rate	2.4635704206083976e-05
rate	2.632089140989085e-05
rate	2.835204420201629e-05
rate	3.0739021953281056e-05
rate	3.3652003949472716e-05
rate	3.7022916319315075e-05
rate	4.0915259681269323e-05
rate	4.476811585421338e-05
rate	5.015270611275163e-05
rate	5.504331604311089e-05
rate	6.104884310453129e-05
rate	6.734811911122108e-05
rate	7.528397263765929e-05
rate	8.388772590154451e-05
rate	9.336688218261468e-05
rate	0.00010377518267027203
rate	0.00011566493066752998
rate	0.0001302910114271655
rate	0.00014634529471956246
rate	0.00016483666893806756
rate	0.00018772037536420223
rate	0.0002116814157926753
rate	0.000232501881802747
rate	0.0002649332304390532
rate	0.00030136120291722517
rate	0.0003421295357577284
rate	0.0003875707955084115
rate	0.0004379937272157011
rate	0.00049366851834973
rate	0.0005548098075963349
rate	0.0006215587525682987
rate	0.0006939651697357062
rate	0.0007719697025486916
rate	0.0008553893262776775
rate	0.0009439063579248972
rate	0.0010370635068836843
rate	0.001144455270000327
rate	0.001260363601314621
rate	0.0013880109158991483
rate	0.0015285861164553475
rate	0.001683398515570329
rate	0.0018538900306093228
rate	0.0020416486136844575
rate	0.0022484230417861685
rate	0.00247613920483199
rate	0.002726918043339061
rate	3.303775647215722e-05
rate	1.9235451191723896e-06
rate	1.4384906450272824e-06
rate	9.790730750980889e-07
rate	8.097242259069485e-07
rate	7.826592362937536e-07
rate	7.151198779925239e-07
rate	6.367004188147936e-07
rate	5.236170216274539e-07
rate	3.8726606337866477e-07
rate	2.75676137448111e-07
rate	2.67812163322363e-07
rate	4.546502967125002e-07
rate	8.874104673662229e-07
rate	1.503814413218859e-06
rate	2.1809379158851335e-06
rate	2.838482170944189e-06
rate	3.4913129524196044e-06
rate	4.106466537389242e-06
rate	4.674611001696376e-06
rate	5.248966378322331e-06
rate	5.793605719203861e-06
rate	6.192235577184802e-06
rate	6.39791892595571e-06
rate	6.465257093576759e-06
rate	6.481738545771282e-06
rate	6.51932984177548e-06
rate	6.589800136280073e-06
rate	6.729167137722581e-06
rate	6.939260169947963e-06
rate	7.185069652994476e-06
rate	7.449198665602937e-06
rate	7.761988677435305e-06
rate	8.104119300286327e-06
rate	8.45649217184026e-06
rate	8.84052411345748e-06
rate	9.255254949837458e-06
rate	9.668609269915423e-06
rate	1.0087756126799929e-05
rate	1.0542294074075356e-05
rate	1.1083842946175398e-05
rate	1.171442679175532e-05
rate	1.2383739007541134e-05
rate	1.3050155851739063e-05
rate	1.3723578456429967e-05
rate	1.4444310735572416e-05
rate	1.5281013275422704e-05
rate	1.627504278874791e-05
rate	1.7487113359996988e-05
rate	1.8926500811660983e-05
rate	2.0473566046275013e-05
rate	2.216138762001079e-05
rate	2.4160124845466822e-05
rate	2.6492847146477086e-05
rate	2.9063463087403743e-05
rate	3.167855842004534e-05
rate	3.4345139442516227e-05
rate	3.726732360372502e-05
rate	4.057380499997654e-05
rate	4.426916634731121e-05
rate	4.8254720745260406e-05
rate	5.2381925425219277e-05
rate	5.666429338161373e-05
rate	6.106125396176925e-05
rate	6.561714661995418e-05
rate	7.07397719955095e-05
rate	7.616366996872105e-05
rate	8.132145105601941e-05
rate	8.566015742662476e-05
rate	8.927551483266602e-05
rate	9.307816441492829e-05
rate	9.754923181888541e-05
rate	0.00010379807489115244
rate	0.00011228500609318062
rate	0.0001198211651572774
rate	0.0001310107381061771
rate	0.00014176185148315348
rate	0.00015315485032942077
rate	0.00016604428312482243
rate	0.00017834576002589037
rate	0.0001928966920450745
rate	0.0002103842843472277
rate	0.0002294751396076478
rate	0.0002529054253248888
rate	0.0002715118930130843
rate	0.0002975613964420194
rate	0.00032579160484603846
rate	0.0003563239295442049
rate	0.0003892751184700933
rate	0.0004247546500904069
rate	0.00046286201084329883
rate	0.000503683667061262
rate	0.0005472896681699048
rate	0.0005937306196799059
rate	0.0006430340681418627
rate	0.000695201344834541
rate	0.000750204642586253
rate	0.0008079842021052239
rate	0.0008684463302037241
rate	0.0009314618717873201
rate	0.0010011945875140862
rate	0.0010750625118635202
rate	0.0011543803960067259
rate	0.0012395503368215477
rate	0.0013310040978082051
rate	0.0014292052978864078
rate	0.0015346517616814357
rate	0.0016478780432138606
rate	0.0017694581357865268
rate	0.00190000838180644
rate	2.591718247511949e-05
rate	1.5889055655643985e-06
rate	1.069069001689519e-06
rate	6.685521827021719e-07
rate	5.750892156706464e-07
rate	6.048922226386706e-07
rate	5.499236349620906e-07
rate	5.102258151795949e-07
rate	4.853103192061586e-07
rate	4.754688683554914e-07
rate	4.81763129090339e-07
rate	5.059219524861829e-07
rate	5.499936496134806e-07
rate	6.152316251606189e-07
rate	7.002724097961386e-07
rate	7.988473141566781e-07
rate	9.111865235049639e-07
rate	1.042885298089519e-06
rate	1.194052215639667e-06
rate	1.3592758100401347e-06
rate	1.5323157106082672e-06
rate	1.707969786236353e-06
rate	1.8790690886925587e-06
rate	2.036026575604194e-06
rate	2.1783608633277486e-06
rate	2.3155879004303627e-06
rate	2.453011309993874e-06
rate	2.5934829275408164e-06
rate	2.75042697969614e-06
rate	2.934994888649772e-06
rate	3.1490265554278174e-06
rate	3.3906601061026285e-06
rate	3.659133048282603e-06
rate	3.935504079731586e-06
rate	4.208120594887602e-06
rate	4.497137992652272e-06
rate	4.805125662663414e-06
rate	5.1109443316980225e-06
rate	5.422657089191821e-06
rate	5.7614011470513425e-06
rate	6.15288671345352e-06
rate	6.602880966954392e-06
rate	7.09365376401097e-06
rate	7.602457624339529e-06
rate	8.125275316138495e-06
rate	8.679433822251063e-06
rate	9.294469332409673e-06
rate	9.98666439044365e-06
rate	1.0788898291622716e-05
rate	1.1713529247090048e-05
rate	1.2700272354495976e-05
rate	1.377359002452159e-05
rate	1.5026952876277264e-05
rate	1.6467455900100295e-05
rate	1.803204814707328e-05
rate	1.9613936489737693e-05
rate	2.121229985013423e-05
rate	2.2926159705129503e-05
rate	2.481679647383961e-05
rate	2.688534965048446e-05
rate	2.911692933135369e-05
rate	3.141521222705021e-05
rate	3.3719354950793665e-05
rate	3.597753384296777e-05
rate	3.824684909543939e-05
rate	4.069075946480362e-05
rate	4.338334580472638e-05
rate	4.6173294823688066e-05
rate	4.90907809937196e-05
rate	5.2468668374730216e-05
rate	5.6479247272289354e-05
rate	6.067686680889396e-05
rate	6.658434092307217e-05
rate	7.06650806274363e-05
rate	7.717553822113013e-05
rate	8.386878551287373e-05
rate	9.171266549183512e-05
rate	9.840765205692368e-05
rate	0.00010842637038400546
rate	0.00011848581525362115
rate	0.00012920366068545008
rate	0.00014417139117157396
rate	0.0001635248878227364
rate	0.00017714786612528714
rate	0.00019487473307512748
rate	0.00021274891668516364
rate	0.00023912516834585893
rate	0.00026508003836690086
rate	0.0002935314644359181
rate	0.00032464957936497986
rate	0.00035860103190595905
rate	0.0003955455727486171
rate	0.00043563135859121674
rate	0.00047899082764195225
rate	0.0005257348471809718
rate	0.0005759476535604224
rate	0.0006296810074295683
rate	0.0006869485743304581
rate	0.0007477208823728789
rate	0.0008119203965376127
rate	0.0008837775441965158
rate	0.0009609012411870404
rate	0.0010447552117362736
rate	0.0011359267796362872
rate	0.0012350545220544745
rate	0.0013428327422086261
rate	0.0014600163323542745
rate	0.0015874260611453356
rate	0.0017259543224013285
rate	0.0018765713855463132
rate	1.3550647030068303e-05
rate	1.1332889118714687e-06
rate	6.756895325182663e-07
rate	5.425433754958414e-07
rate	4.220039991270633e-07
rate	3.946288897369148e-07
rate	3.5051259539487837e-07
rate	3.2006082144296163e-07
rate	3.015113886097922e-07
rate	2.97650873978513e-07
rate	3.1595082745034217e-07
rate	3.677403784054026e-07
rate	4.6554628301735126e-07
rate	6.161614038004839e-07
rate	8.115462945789806e-07
rate	1.022818995063652e-06
rate	1.2517021095824804e-06
rate	1.5264454507405669e-06
rate	1.8539751224676815e-06
rate	2.2184936523807285e-06
rate	2.6032956650888004e-06
rate	2.978511228545045e-06
rate	3.3167749319247063e-06
rate	3.5938786325437333e-06
rate	3.820039926348929e-06
rate	4.028305228197201e-06
rate	4.236789398559638e-06
rate	4.4377156714331765e-06
rate	4.641564268517722e-06
rate	4.853145032395555e-06
rate	5.0673423556902685e-06
rate	5.283042661932961e-06
rate	5.5074860845346405e-06
rate	5.738905314870873e-06
rate	5.9738903506374554e-06
rate	6.233764961817271e-06
rate	6.501520380991458e-06
rate	6.7401979964494325e-06
rate	6.941577450651518e-06
rate	7.134442663917365e-06
rate	7.372311300534561e-06
rate	7.685127686479364e-06
rate	8.05555123029323e-06
rate	8.47677680668949e-06
rate	8.948054013052233e-06
rate	9.492775720083083e-06
rate	1.0122420538123316e-05
rate	1.0831417114938e-05
rate	1.1641885389821937e-05
rate	1.2580285996960142e-05
rate	1.3587376491062102e-05
rate	1.4727516037972634e-05
rate	1.612009018410022e-05
rate	1.7760892749860978e-05
rate	1.953453543303812e-05
rate	2.1287270545646837e-05
rate	2.3014175470881996e-05
rate	2.4838749737031113e-05
rate	2.6836731799434186e-05
rate	2.9015881147328776e-05
rate	3.137372017177836e-05
rate	3.379089477846662e-05
rate	3.619026903550812e-05
rate	3.85259991591382e-05
rate	4.0889406136676306e-05
rate	4.3422608430923115e-05
rate	4.6513713551263025e-05
rate	4.981462863129854e-05
rate	5.3387567993451794e-05
rate	5.729777428674798e-05
rate	6.137604965700152e-05
rate	6.619955377567093e-05
rate	7.081074455074805e-05
rate	7.876654906309397e-05
rate	8.575013433799221e-05
rate	9.50834291553974e-05
rate	0.00010441414985089116
rate	0.00011651084088878149
rate	0.0001286898121962192
rate	0.0001422374318107
rate	0.00015721132242264624
rate	0.00017432292106179002
rate	0.00019440954377192271
rate	0.00021696702342002982
rate	0.00024373249898809198
rate	0.0002746267602131859
rate	0.00030325289941750977
rate	0.0003430672365502158
rate	0.0003873105153730945
rate	0.00043626699640070336
rate	0.0004901861093697014
rate	0.0005492684218239791
rate	0.0006136495941371287
rate	0.0006833847208126304
rate	0.0007584328977360497
rate	0.0008386441684415777
rate	0.0009237492110081074
rate	0.001013354011708316
rate	0.0011069399130708443
rate	0.001203870145606437
rate	0.0013151459084378213
rate	0.0014336896963320126
rate	0.0015629187090047954
rate	0.0017037960844712191
rate	0.0018573717754699637
rate	0.0020247903747138353
rate	0.0022072996454877442
rate	0.0024062598211723072
rate	0.002623153743002009
rate	0.002859597911614184
rate	1.0965183112840155e-05
rate	7.229705314616362e-07
rate	4.276250778811789e-07
rate	3.2677866349905713e-07
rate	3.0221647227504634e-07
rate	2.5100899571741687e-07
rate	2.2611195567663917e-07
rate	2.1083801879187558e-07
rate	2.0255531188981358e-07
rate	2.0152849441388496e-07
rate	2.1099480509682383e-07
rate	2.3665158042794284e-07
rate	2.8503783214613673e-07
rate	3.592640423546248e-07
rate	4.532606522413546e-07
rate	5.60491205251e-07
rate	6.707659698205185e-07
rate	7.781985648942984e-07
rate	8.785755122746213e-07
rate	9.761170945515699e-07
rate	1.078294688547646e-06
rate	1.1900832832478989e-06
rate	1.3082840919278598e-06
rate	1.4310254759872325e-06
rate	1.5556123871231646e-06
rate	1.6776526247728146e-06
rate	1.8010824911328257e-06
rate	1.9348776591761226e-06
rate	2.0856436091806134e-06
rate	2.2524384551688226e-06
rate	2.429386390396554e-06
rate	2.608455836669145e-06
rate	2.7870153450468306e-06
rate	2.9588154554734806e-06
rate	3.1246258202391506e-06
rate	3.3093185211321697e-06
rate	3.502952130855706e-06
rate	3.6729285166095843e-06
rate	3.8131924016164448e-06
rate	3.9463621795545586e-06
rate	4.101912426395439e-06
rate	4.3126039321557764e-06
rate	4.58933466059431e-06
rate	4.935953715014844e-06
rate	5.3345011831852555e-06
rate	5.7855561376620085e-06
rate	6.271194401710154e-06
rate	6.7695889146889315e-06
rate	7.284372545743851e-06
rate	7.845049684827486e-06
rate	8.440489265680986e-06
rate	9.124006721075932e-06
rate	9.95942056098083e-06
rate	1.0944192023617705e-05
rate	1.2006223788346844e-05
rate	1.3053430096292716e-05
rate	1.4083918957403551e-05
rate	1.5171888909177512e-05
rate	1.6363273364978487e-05
rate	1.7665117020900942e-05
rate	1.9115278356548317e-05
rate	2.0619136249640744e-05
rate	2.2067942177696617e-05
rate	2.3412786290419492e-05
rate	2.4752440359912055e-05
rate	2.615811611613925e-05
rate	2.7944285044819883e-05
rate	3.015834670377703e-05
rate	3.304725374962953e-05
rate	3.647873417165923e-05
rate	4.030179494566053e-05
rate	4.46086434425276e-05
rate	4.8656673266004115e-05
rate	5.459995535194668e-05
rate	5.9643505366456234e-05
rate	6.645783682138789e-05
rate	7.32354034894522e-05
rate	8.223125812075259e-05
rate	9.161110234529135e-05
rate	0.00010256431827914046
rate	0.00011410752001516958
rate	0.00012738692985959146
rate	0.00014470499272079657
rate	0.00016397054285410262
rate	0.00018264663081334574
rate	0.00020771050493830504
rate	0.0002324126129974227
rate	0.00026384573066461596
rate	0.00029903849764996394
rate	0.0003383060478449027
rate	0.000381954326738663
rate	0.00043026911780061935
rate	0.0004835035776720696
rate	0.0005418637126755459
rate	0.000605493154758472
rate	0.0006744572547968759
rate	0.0007487279522663327
rate	0.0008281700386067146
rate	0.0009125310849131563
rate	0.001001434894976883
rate	0.0011035107667979123
rate	0.0012136644576115116
rate	0.0013348138142264215
rate	0.0014680564364191102
rate	0.001614599487615128
rate	0.0017757706316562853
rate	0.0019530300612882541
rate	0.0021479837273454235
rate	0.002362397888487886
rate	0.0025982151133096265
rate	3.141042514612779e-05
rate	1.9137821817845874e-06
rate	1.2143314231239816e-06
rate	7.747054334588257e-07
rate	6.677073080895744e-07
rate	7.253572385109743e-07
rate	7.122307341490006e-07
rate	6.683366701117241e-07
rate	5.652500721440763e-07
rate	4.1757240592991024e-07
rate	2.840851753228664e-07
rate	2.602333010247198e-07
rate	4.557625626942142e-07
rate	9.343184970509398e-07
rate	1.624698978445621e-06
rate	2.3906086784588225e-06
rate	3.1258055026652064e-06
rate	3.831594644511823e-06
rate	4.462589105887288e-06
rate	5.019419493192701e-06
rate	5.585183418813768e-06
rate	6.128743176159895e-06
rate	6.505656444129653e-06
rate	6.662998893879976e-06
rate	6.669097600665297e-06
rate	6.618720415114943e-06
rate	6.6030592465008405e-06
rate	6.649644920532779e-06
rate	6.801551009740183e-06
rate	7.051672272705805e-06
rate	7.3450774942527666e-06
rate	7.650790727284881e-06
rate	8.007682801505843e-06
rate	8.39807789250675e-06
rate	8.805925170753126e-06
rate	9.260272087547654e-06
rate	9.75128800716912e-06
rate	1.0223101391121681e-05
rate	1.0662109875113833e-05
rate	1.1096540117904395e-05
rate	1.1590299542165334e-05
rate	1.216394030534839e-05
rate	1.277543557369628e-05
rate	1.3406707705914186e-05
rate	1.4069115267049066e-05
rate	1.4803516845260543e-05
rate	1.5646220969032615e-05
rate	1.6609072985768098e-05
rate	1.773317558512455e-05
rate	1.9048293356848637e-05
rate	2.0459343029483526e-05
rate	2.205042970560642e-05
rate	2.4017917295423905e-05
rate	2.639468397057967e-05
rate	2.9043297871560096e-05
rate	3.1719309609726134e-05
rate	3.4407061909391646e-05
rate	3.7316155465663624e-05
rate	4.056639070250475e-05
rate	4.4161040300074536e-05
rate	4.800208825527309e-05
rate	5.1945154290244905e-05
rate	5.602564462950691e-05
rate	6.0246303403303124e-05
rate	6.467744579934655e-05
rate	6.966065797957231e-05
rate	7.49541511350852e-05
rate	7.998059436222834e-05
rate	8.449053198640287e-05
rate	8.808897156272658e-05
rate	9.263224182568482e-05
rate	9.713741122986848e-05
rate	0.00010225834550131413
rate	0.00010952415042701835
rate	0.00011716047346295247
rate	0.00012522928153121572
rate	0.00013566107292574205
rate	0.00014676832933532879
rate	0.00015932047535221458
rate	0.0001758247257409342
rate	0.0001891548274240802
rate	0.00020634308524990138
rate	0.00022792960168773726
rate	0.00024657618798706215
rate	0.0002707907759711662
rate	0.0002958307285458085
rate	0.0003228936526758547
rate	0.00035208890152724817
rate	0.0003835219604653095
rate	0.0004172923166207966
rate	0.0004534914015376336
rate	0.0004921994983844352
rate	0.0005334838442292691
rate	0.0005773952656737546
rate	0.0006239656044000904
rate	0.0006732050538823065
rate	0.0007250992731915304
rate	0.0007796072205336592
rate	0.0008366593269034217
rate	0.0008961555928253824
rate	0.0009617628540834308
rate	0.0010312234443529363
rate	0.0011057006284533463
rate	0.0011855567156245713
rate	0.0012711801818622423
rate	0.0013629875597373179
rate	0.0014614254647025413
rate	0.001566972767743128
rate	0.0016801429249409818
rate	0.0018014864752850567
rate	2.693080365454535e-05
rate	1.7511384468441733e-06
rate	1.061867254572577e-06
rate	7.976283828344947e-07
rate	6.809430693600965e-07
rate	6.502778273595828e-07
rate	5.788542239494846e-07
rate	5.193533052020366e-07
rate	4.7054961064156817e-07
rate	4.3405893321825795e-07
rate	4.142895290306319e-07
rate	4.1795394145549494e-07
rate	4.527441481017484e-07
rate	5.235567307070276e-07
rate	6.265932612414685e-07
rate	7.4116160361546e-07
rate	8.701813668869836e-07
rate	1.036420079974774e-06
rate	1.2441798135988828e-06
rate	1.4774533889678674e-06
rate	1.736570961039419e-06
rate	1.984238649463038e-06
rate	2.1655298635224184e-06
rate	2.2509031562155596e-06
rate	2.2739659061461208e-06
rate	2.27744994570326e-06
rate	2.311788483766473e-06
rate	2.3998223906930906e-06
rate	2.5700258801515755e-06
rate	2.816156469863054e-06
rate	3.107439592931205e-06
rate	3.410860650687596e-06
rate	3.7265104876630585e-06
rate	4.026027438766755e-06
rate	4.307126266130987e-06
rate	4.609286085277568e-06
rate	4.940634380511819e-06
rate	5.264811088507714e-06
rate	5.581352794024516e-06
rate	5.908197761692634e-06
rate	6.273258105563157e-06
rate	6.689057157766837e-06
rate	7.143043299710942e-06
rate	7.62529861829885e-06
rate	8.135000489060966e-06
rate	8.685335585893415e-06
rate	9.293827790339336e-06
rate	9.972317249222151e-06
rate	1.0747670293448563e-05
rate	1.1636442653569596e-05
rate	1.2601214067143213e-05
rate	1.3665414938380028e-05
rate	1.4891891009571197e-05
rate	1.6270523218958385e-05
rate	1.7743652897048257e-05
rate	1.919736854144092e-05
rate	2.0677414284463338e-05
rate	2.2336514196977502e-05
rate	2.4266437421863512e-05
rate	2.6440225088171417e-05
rate	2.87952739992496e-05
rate	3.117460729179326e-05
rate	3.350404459195236e-05
rate	3.571169169874453e-05
rate	3.787436666452534e-05
rate	4.019744801231831e-05
rate	4.2715120389427546e-05
rate	4.5470164090329456e-05
rate	4.829036811339221e-05
rate	5.140089269274522e-05
rate	5.497196017548874e-05
rate	5.894758893498948e-05
rate	6.297407963693856e-05
rate	6.930554418743581e-05
rate	7.443389229884038e-05
rate	8.161874600215514e-05
rate	8.918790872365023e-05
rate	9.774871234651657e-05
rate	0.00010663153519731265
rate	0.00011642925521651435
rate	0.00013105072133689442
rate	0.0001433534878939251
rate	0.0001575430638393317
rate	0.00017574029838854542
rate	0.00019112979405611465
rate	0.0002121112184063274
rate	0.00023518861342420358
rate	0.00026052497635403125
rate	0.0002882860437633305
rate	0.0003186377493331502
rate	0.0003517432732848858
rate	0.0003877596997479785
rate	0.00042683414172617394
rate	0.0004690989933701899
rate	0.0005146673873679419
rate	0.000563627693066111
rate	0.0006160382087268978
rate	0.0006719218252570054
rate	0.0007312608646302152
rate	0.0007939923213373283
rate	0.000864138408896904
rate	0.000939446452497906
rate	0.001021317451029068
rate	0.0011103233537185957
rate	0.0012070859540985373
rate	0.0013122812338424979
rate	0.001426644085160656
rate	0.0015509734447426904
rate	0.0016861378751141837
rate	0.0018330816323978033
rate	1.3017259903098735e-05
rate	9.990864482232244e-07
rate	7.310259650160039e-07
rate	5.925652801191341e-07
rate	4.4380157297649847e-07
rate	3.940835476417678e-07
rate	3.464481793746567e-07
rate	3.1456671221715397e-07
rate	2.930223278205795e-07
rate	2.8470082213663596e-07
rate	3.010473097368709e-07
rate	3.607108981372721e-07
rate	4.847411697759433e-07
rate	6.838313034668295e-07
rate	9.419668390374463e-07
rate	1.2254956935689293e-06
rate	1.5214765881603526e-06
rate	1.8438725998936605e-06
rate	2.1909340255462936e-06
rate	2.55532116251018e-06
rate	2.9378451392460944e-06
rate	3.320066277121361e-06
rate	3.673572891947998e-06
rate	3.980578338884166e-06
rate	4.250968291733346e-06
rate	4.500006471097018e-06
rate	4.754294261610065e-06
rate	5.030597055455955e-06
rate	5.3454651088614104e-06
rate	5.689270259033633e-06
rate	6.047522404039811e-06
rate	6.3914144538895465e-06
rate	6.704303456300732e-06
rate	6.9708197077597875e-06
rate	7.204748556814372e-06
rate	7.450674561077678e-06
rate	7.717251974931142e-06
rate	7.974151169285814e-06
rate	8.221345760321246e-06
rate	8.477844019360973e-06
rate	8.786461139420725e-06
rate	9.156890462209064e-06
rate	9.562993153174808e-06
rate	9.998494680593202e-06
rate	1.048233534797785e-05
rate	1.105931282745052e-05
rate	1.1752003576234076e-05
rate	1.2544091315588748e-05
rate	1.3438451424584685e-05
rate	1.4445861538625083e-05
rate	1.5517208533938836e-05
rate	1.6722651818643216e-05
rate	1.8172656579349878e-05
rate	1.9888421785871437e-05
rate	2.1783582072549605e-05
rate	2.3678041258681085e-05
rate	2.558045765980895e-05
rate	2.766145182643269e-05
rate	2.999154584550925e-05
rate	3.2534680131760634e-05
rate	3.527161555001098e-05
rate	3.8039773996781366e-05
rate	4.072608073683916e-05
rate	4.3284476737011475e-05
rate	4.5851462663706966e-05
rate	4.858845807140072e-05
rate	5.1998754812992206e-05
rate	5.567246140161294e-05
rate	5.989044865346424e-05
rate	6.439919310427327e-05
rate	6.912888321008614e-05
rate	7.450629696515462e-05
rate	8.08903445755473e-05
rate	8.703526417157148e-05
rate	9.859661126383897e-05
rate	0.00010740074561560036
rate	0.00012026742479832623
rate	0.00013198657273088958
rate	0.00014801815618232752
rate	0.0001625776327434363
rate	0.00017938951488180108
rate	0.00019862980241613188
rate	0.0002193189854075492
rate	0.0002479424166797147
rate	0.000276784553693369
rate	0.0003114726414347516
rate	0.0003378710191961672
rate	0.0003840105632602861
rate	0.00043535896022563203
rate	0.0004922098019805715
rate	0.0005547967176629979
rate	0.0006232726743311646
rate	0.0006976896356758017
rate	0.0007779791835784769
rate	0.000863935488854187
rate	0.0009552036216121052
rate	0.0010512747056959306
rate	0.0011514883135030295
rate	0.0012550441010376462
rate	0.0013610236724780162
rate	0.0014835582742891537
rate	0.0016131975400237642
rate	0.0017541652041849626
rate	0.0019074511876133549
rate	0.0020741319143986153
rate	0.002255377870879965
rate	0.0024524618251823764
rate	0.002666767765008801
rate	0.0028998006164524825
rate	0.0031531968120780277
rate	1.09773395602542e-05
rate	6.714971511982025e-07
rate	4.083269098794175e-07
rate	3.711665268933254e-07
rate	2.585093383523548e-07
rate	2.4685435993552836e-07
rate	2.2081275350656057e-07
rate	2.024872186309718e-07
rate	1.893083162437978e-07
rate	1.8217580027321722e-07
rate	1.855510553228099e-07
rate	2.0688365997658393e-07
rate	2.546499203173629e-07
rate	3.331296216986715e-07
rate	4.3556655582975943e-07
rate	5.529243441827953e-07
rate	6.753605242807888e-07
rate	7.992632956168166e-07
rate	9.206542320616099e-07
rate	1.0425575211197674e-06
rate	1.169740083989838e-06
rate	1.3067407922962204e-06
rate	1.4526686067432307e-06
rate	1.6067017553225924e-06
rate	1.7652485002326575e-06
rate	1.9252939323916765e-06
rate	2.085653337786184e-06
rate	2.2474862977354218e-06
rate	2.412419219604328e-06
rate	2.5821998222732884e-06
rate	2.755045524368273e-06
rate	2.9328389359271106e-06
rate	3.120998387713799e-06
rate	3.3217492876251807e-06
rate	3.5331119102818493e-06
rate	3.7679405688865544e-06
rate	4.0098454847762205e-06
rate	4.230210892067672e-06
rate	4.4193760758260885e-06
rate	4.598122694201914e-06
rate	4.802542626696962e-06
rate	5.0585694203363904e-06
rate	5.3635595783208555e-06
rate	5.722799470416111e-06
rate	6.133514366914531e-06
rate	6.609555275455342e-06
rate	7.138931838358495e-06
rate	7.69164801780415e-06
rate	8.256588205910591e-06
rate	8.853763431219104e-06
rate	9.483785178529955e-06
rate	1.019986633045111e-05
rate	1.1051852581313911e-05
rate	1.2049130314931327e-05
rate	1.3141517199113533e-05
rate	1.4234211957752187e-05
rate	1.533500464438821e-05
rate	1.6536662157129185e-05
rate	1.7881878893091044e-05
rate	1.9357746791919124e-05
rate	2.0986672927982392e-05
rate	2.2664304463707526e-05
rate	2.4286091564892906e-05
rate	2.5815011658009606e-05
rate	2.736296081110053e-05
rate	2.899687849570568e-05
rate	3.105898960742891e-05
rate	3.360223842945464e-05
rate	3.6822164621642795e-05
rate	4.0511983571556055e-05
rate	4.4672737121182494e-05
rate	4.921032209046582e-05
rate	5.438132946061833e-05
rate	5.912087403476873e-05
rate	6.717366968633682e-05
rate	7.386177570406091e-05
rate	8.254324176170591e-05
rate	9.129421368749014e-05
rate	0.00010298501520544699
rate	0.00011480185981627359
rate	0.00012844110666011626
rate	0.00014310974429811637
rate	0.00016093439424099258
rate	0.00018184558040697222
rate	0.00020716037923268366
rate	0.0002337748340615759
rate	0.0002589182722821161
rate	0.0002956662868787095
rate	0.0003369455929371938
rate	0.00038311955054600306
rate	0.0004345268661782448
rate	0.0004914646248206094
rate	0.0005541692736506026
rate	0.0006227963065919801
rate	0.0006973989825517252
rate	0.0007779088808694158
rate	0.0008641187333747473
rate	0.0009556705774989913
rate	0.0010520503340178456
rate	0.0011525906824899224
rate	0.0012689283585576852
rate	0.0013938065703008478
rate	0.001530974339340922
rate	0.0016816411097950658
rate	0.0018471353500086646
rate	0.002028916266008407
rate	0.0022285866677036847
rate	0.0024479071012810535
rate	0.002688811372400683
rate	0.00295342359706696
rate	3.0725785972439294e-05
rate	2.178176811022288e-06
rate	1.28045205753465e-06
rate	8.391471168138831e-07
rate	6.670164566119961e-07
rate	7.119117640563745e-07
rate	6.914840466667725e-07
rate	6.473680297354006e-07
rate	5.49377704047949e-07
rate	4.1473342466582813e-07
rate	3.0885402177451337e-07
rate	3.3657100776625316e-07
rate	6.186932709027079e-07
rate	1.229013714105354e-06
rate	2.0965690145010607e-06
rate	3.0517401736868445e-06
rate	3.993923768770612e-06
rate	4.961827272135384e-06
rate	5.907791464153684e-06
rate	6.797139712310228e-06
rate	7.717359369757874e-06
rate	8.572082648605894e-06
rate	9.125414444617959e-06
rate	9.286948652263673e-06
rate	9.186265121846346e-06
rate	8.987762206455766e-06
rate	8.865573478536393e-06
rate	8.880666264915592e-06
rate	9.107761989145651e-06
rate	9.508292869362223e-06
rate	9.974875097476635e-06
rate	1.042101305666502e-05
rate	1.0877951913724124e-05
rate	1.1314385342038093e-05
rate	1.1742069006838916e-05
rate	1.223456436381954e-05
rate	1.2804954756168268e-05
rate	1.337627625787534e-05
rate	1.3918303388589143e-05
rate	1.4451704613553957e-05
rate	1.5029819268406816e-05
rate	1.570294174404588e-05
rate	1.6477526913345412e-05
rate	1.7379803762828837e-05
rate	1.841303156124468e-05
rate	1.959414764494837e-05
rate	2.0894051223912726e-05
rate	2.2272861590746278e-05
rate	2.371326718327237e-05
rate	2.5259214942664328e-05
rate	2.690345185150447e-05
rate	2.8775876057170232e-05
rate	3.102643102595698e-05
rate	3.3711081512130016e-05
rate	3.67262017386725e-05
rate	3.975744195843309e-05
rate	4.286878440305026e-05
rate	4.644002769165367e-05
rate	5.064683811751015e-05
rate	5.540173648506719e-05
rate	6.0477665598736836e-05
rate	6.561041373995764e-05
rate	7.085234928563665e-05
rate	7.623023703676627e-05
rate	8.18997422017763e-05
rate	8.825870207591262e-05
rate	9.511835038853621e-05
rate	0.0001017366676097959
rate	0.00010797564950085914
rate	0.00011386639803648727
rate	0.0001202129558480887
rate	0.00012597427057143895
rate	0.00013443352040543526
rate	0.00014205252660760205
rate	0.0001544234379696802
rate	0.00016272834026010715
rate	0.0001781998507075423
rate	0.00019374590977611468
rate	0.00020946559034411798
rate	0.0002217193975038388
rate	0.00024140419311230503
rate	0.00026044519868041933
rate	0.0002860353143318813
rate	0.00030851269433747574
rate	0.00033969031836976395
rate	0.00037259733720440086
rate	0.00040817320245462317
rate	0.000446535025193703
rate	0.0004877864848450964
rate	0.0005320136251035622
rate	0.0005792815730206043
rate	0.0006296298151105996
rate	0.0006830686178122769
rate	0.0007395751659623226
rate	0.0007990900343914837
rate	0.0008615149709997842
rate	0.0009267107943049396
rate	0.0009944961869815928
rate	0.00106464829356442
rate	0.0011369044542275267
rate	0.001217149287507456
rate	0.0013014950923560548
rate	0.0013916858784806371
rate	0.0014881266904021243
rate	0.0015912506413479361
rate	0.0017015208583524533
rate	0.0018194325621487199
rate	0.0019455152911921282
rate	0.0020803352798041256
rate	0.002224498001116107
rate	2.6076911006797678e-05
rate	1.637733465219022e-06
rate	1.0084770610758567e-06
rate	8.363012023070586e-07
rate	5.475283140740872e-07
rate	5.948791080654467e-07
rate	5.3082580097169e-07
rate	4.769397739933884e-07
rate	4.287650665435031e-07
rate	3.891859134922541e-07
rate	3.6840035315347554e-07
rate	3.82608636361096e-07
rate	4.5061206531157287e-07
rate	5.842970592339214e-07
rate	7.733215246582522e-07
rate	9.876750412830342e-07
rate	1.214782383897008e-06
rate	1.4675987643071978e-06
rate	1.7396920118775623e-06
rate	2.019000601502643e-06
rate	2.316037527393408e-06
rate	2.605358041688349e-06
rate	2.8359989405846408e-06
rate	2.9839623063774087e-06
rate	3.0753565839686825e-06
rate	3.1449619316041433e-06
rate	3.2359895077628812e-06
rate	3.3701278253702455e-06
rate	3.5725843075886924e-06
rate	3.835856261067234e-06
rate	4.137811169114972e-06
rate	4.447137879190211e-06
rate	4.759002394108187e-06
rate	5.0586578712077184e-06
rate	5.358556602036391e-06
rate	5.683147544486245e-06
rate	6.059759893639216e-06
rate	6.492447006222611e-06
rate	6.987505515279835e-06
rate	7.533266530773895e-06
rate	8.139635158931016e-06
rate	8.776447155131058e-06
rate	9.39321295621983e-06
rate	9.965939913105182e-06
rate	1.0525890545644669e-05
rate	1.1141935004564948e-05
rate	1.1850397323934465e-05
rate	1.2634692908143948e-05
rate	1.3510713733498103e-05
rate	1.449508012622849e-05
rate	1.5549278042663708e-05
rate	1.673093051922938e-05
rate	1.8139161286631468e-05
rate	1.979305958516938e-05
rate	2.1622214834253015e-05
rate	2.3468402884987507e-05
rate	2.5353309815700112e-05
rate	2.7446372654852724e-05
rate	2.9829209505380883e-05
rate	3.2469430200088074e-05
rate	3.527157680675118e-05
rate	3.8119876444987866e-05
rate	4.1035031890078214e-05
rate	4.4023902625411556e-05
rate	4.715630551616612e-05
rate	5.060068217955688e-05
rate	5.4323047429994646e-05
rate	5.813429859400662e-05
rate	6.186758484372966e-05
rate	6.548603864314382e-05
rate	6.98639864611249e-05
rate	7.482061945133736e-05
rate	8.01439626641617e-05
rate	8.57576167616916e-05
rate	9.436872410696333e-05
rate	0.00010132655574866421
rate	0.00011329712309491468
rate	0.00012494749684509125
rate	0.00013663663692465696
rate	0.0001493515117585154
rate	0.00016261025430761903
rate	0.00018181107211068446
rate	0.00019651818051559357
rate	0.00021663368856074012
rate	0.0002362744606089845
rate	0.0002655371866062999
rate	0.00029557352577366276
rate	0.00032857162421569844
rate	0.0003647246847782774
rate	0.0004042167059166196
rate	0.00044721681648612264
rate	0.0004938732912501869
rate	0.0005443063489609894
rate	0.0005986013114815819
rate	0.000656801141000412
rate	0.0007188995832782854
rate	0.0007848344742262916
rate	0.0008544827194710785
rate	0.0009276564116078685
rate	0.0010041006015522227
rate	0.0010901347646561377
rate	0.001181860628112663
rate	0.0012813044676393296
rate	0.001389115687366822
rate	0.0015059983334357386
rate	0.0016327156916717692
rate	0.0017700952721173566
rate	0.0019190342129706852
rate	0.0020805051392216
rate	0.0022555625142435176
