dim	110	2	51
dimid	age	sex	year
type	2	1	4
dimnames	age	0	1	2	3	4	5	6	7	8	9	10	11	12	13	14	15	16	17	18	19	20	21	22	23	24	25	26	27	28	29	30	31	32	33	34	35	36	37	38	39	40	41	42	43	44	45	46	47	48	49	50	51	52	53	54	55	56	57	58	59	60	61	62	63	64	65	66	67	68	69	70	71	72	73	74	75	76	77	78	79	80	81	82	83	84	85	86	87	88	89	90	91	92	93	94	95	96	97	98	99	100	101	102	103	104	105	106	107	108	109
dimnames	sex	male	female
dimnames	year	1970	1971	1972	1973	1974	1975	1976	1977	1978	1979	1980	1981	1982	1983	1984	1985	1986	1987	1988	1989	1990	1991	1992	1993	1994	1995	1996	1997	1998	1999	2000	2001	2002	2003	2004	2005	2006	2007	2008	2009	2010	2011	2012	2013	2014	2015	2016	2017	2018	2019	2020
cutpoints	age	0	365.25	730.5	1095.75	1461	1826.25	2191.5	2556.75	2922	3287.25	3652.5	4017.75	4383	4748.25	5113.5	5478.75	5844	6209.25	6574.5	6939.75	7305	7670.25	8035.5	8400.75	8766	9131.25	9496.5	9861.75	10227	10592.25	10957.5	11322.75	11688	12053.25	12418.5	12783.75	13149	13514.25	13879.5	14244.75	14610	14975.25	15340.5	15705.75	16071	16436.25	16801.5	17166.75	17532	17897.25	18262.5	18627.75	18993	19358.25	19723.5	20088.75	20454	20819.25	21184.5	21549.75	21915	22280.25	22645.5	23010.75	23376	23741.25	24106.5	24471.75	24837	25202.25	25567.5	25932.75	26298	26663.25	27028.5	27393.75	27759	28124.25	28489.5	28854.75	29220	29585.25	29950.5	30315.75	30681	31046.25	31411.5	31776.75	32142	32507.25	32872.5	33237.75	33603	33968.25	34333.5	34698.75	35064	35429.25	35794.5	36159.75	36525	36890.25	37255.5	37620.75	37986	38351.25	38716.5	39081.75	39447	39812.25
cutpoints	sex
cutpoints	year	0	365	730	1096	1461	1826	2191	2557	2922	3287	3652	4018	4383	4748	5113	5479	5844	6209	6574	6940	7305	7670	8035	8401	8766	9131	9496	9862	10227	10592	10957	11323	11688	12053	12418	12784	13149	13514	13879	14245	14610	14975	15340	15706	16071	16436	16801	17167	17532	17897	18262
rate	5.461365587870247e-05
rate	3.3696292152271964e-06
rate	2.328162778477594e-06
rate	1.9993609301666773e-06
rate	1.58841414117909e-06
rate	1.4514455842448507e-06
rate	1.3692677390342035e-06
rate	1.3144838791986643e-06
rate	1.2049194480603315e-06
rate	1.0405810220285505e-06
rate	9.036398685339303e-07
rate	8.762524597543484e-07
rate	1.0405810220285505e-06
rate	1.5062321847536492e-06
rate	2.1637569183948734e-06
rate	2.931068743807425e-06
rate	3.671180295254167e-06
rate	4.329225232938173e-06
rate	4.822862750611402e-06
rate	5.179434096147167e-06
rate	5.563485948605074e-06
rate	6.029907064202708e-06
rate	6.1945452546449866e-06
rate	5.9475916814713605e-06
rate	5.344021150569218e-06
rate	4.603457310166134e-06
rate	3.9453464651723225e-06
rate	3.47928031059644e-06
rate	3.3696292152271964e-06
rate	3.47928031059644e-06
rate	3.6985956768137895e-06
rate	3.917928612682575e-06
rate	4.109859346384918e-06
rate	4.246960965739935e-06
rate	4.356647204634737e-06
rate	4.521184802821331e-06
rate	4.822862750611402e-06
rate	5.261726386580824e-06
rate	5.865278773534676e-06
rate	6.578739538152813e-06
rate	7.374742098530202e-06
rate	8.225897386170361e-06
rate	9.187197298733405e-06
rate	1.0286239227138366e-05
rate	1.1550683098211503e-05
rate	1.2925741280043759e-05
rate	1.4411580219299137e-05
rate	1.5953302424401732e-05
rate	1.752344744976921e-05
rate	1.9204776164866287e-05
rate	2.0914726344376697e-05
rate	2.2901816103019978e-05
rate	2.530480867058876e-05
rate	2.8290771087724523e-05
rate	3.17231191017663e-05
rate	3.5520320119814756e-05
rate	3.943389544351469e-05
rate	4.321399905765498e-05
rate	4.674866746191897e-05
rate	5.020424833293379e-05
rate	5.372003763770079e-05
rate	5.7687695056240094e-05
rate	6.236125308689513e-05
rate	6.802498117098494e-05
rate	7.468502024128298e-05
rate	8.226398727528169e-05
rate	9.040159468099723e-05
rate	9.862022608956451e-05
rate	0.00010640814845138163
rate	0.00011384722915900091
rate	0.00012102040432507217
rate	0.0001289871926466605
rate	0.0001389927913857719
rate	0.00015218811345585513
rate	0.000168240827696708
rate	0.00018617524134359687
rate	0.00020446391150331984
rate	0.00022299437539086484
rate	0.0002413819826514858
rate	0.00026025519931825193
rate	0.0002819287491521687
rate	0.00030705045863721274
rate	0.00033373438548371204
rate	0.00036058724434614157
rate	0.00038767454382219145
rate	0.0004214119268260187
rate	0.0004623690530545127
rate	0.0005060224148174486
rate	0.0005493790431544171
rate	0.0005919035293701432
rate	0.0006362385562796504
rate	0.0006861885738079112
rate	0.0007400070393512033
rate	0.0007962958954002394
rate	0.0008502906235142892
rate	0.0008979505227103763
rate	0.0009411600785001668
rate	0.0009818080149368383
rate	0.0010203249072778876
rate	0.0010565708749272938
rate	0.0010906105754469252
rate	0.0011224373470142533
rate	0.0011520517163750212
rate	0.0011795878342164587
rate	0.0012050642708282733
rate	0.001228592036877336
rate	0.0012502913971636843
rate	0.0012702476147884664
rate	0.001288552591740339
rate	0.0013053484657821652
rate	3.960055471819975e-05
rate	2.3007611162012415e-06
rate	1.944564460964327e-06
rate	1.4240526951063243e-06
rate	1.067970074685248e-06
rate	1.0405810220285505e-06
rate	9.310275512790748e-07
rate	8.488653249354557e-07
rate	7.667055641856736e-07
rate	7.11933760054339e-07
rate	6.297781082992987e-07
rate	6.023934388772541e-07
rate	6.571630516327107e-07
rate	8.214784640711634e-07
rate	1.0405810220285505e-06
rate	1.3144838791986643e-06
rate	1.58841414117909e-06
rate	1.752785454957623e-06
rate	1.807578085912268e-06
rate	1.7801816333644242e-06
rate	1.6979939205464195e-06
rate	1.6705985645310452e-06
rate	1.615808674852714e-06
rate	1.615808674852714e-06
rate	1.6432034826350735e-06
rate	1.6979939205464195e-06
rate	1.6979939205464195e-06
rate	1.752785454957623e-06
rate	1.8349748126069448e-06
rate	1.9719625584757766e-06
rate	2.1089571588381983e-06
rate	2.3007611162012415e-06
rate	2.4651752037348532e-06
rate	2.5747900809218873e-06
rate	2.7118148492084485e-06
rate	2.8214396017081943e-06
rate	3.0132934812676357e-06
rate	3.232571521320861e-06
rate	3.561521514163093e-06
rate	3.917928612682575e-06
rate	4.3018035358935984e-06
rate	4.7131578325542395e-06
rate	5.179434096147167e-06
rate	5.700660381449797e-06
rate	6.276868062653287e-06
rate	6.908091839666611e-06
rate	7.594369745093562e-06
rate	8.308281297282455e-06
rate	9.022379054886437e-06
rate	9.791615762232454e-06
rate	1.0588553118384933e-05
rate	1.1495695133013131e-05
rate	1.245814400771541e-05
rate	1.3558500024830545e-05
rate	1.4796929387706407e-05
rate	1.614607875724567e-05
rate	1.7633666885658785e-05
rate	1.9204776164866287e-05
rate	2.0831962227287254e-05
rate	2.2570534307716394e-05
rate	2.4531201564712234e-05
rate	2.674208777290123e-05
rate	2.912078335813545e-05
rate	3.161233100717851e-05
rate	3.438337918520403e-05
rate	3.7379264760539016e-05
rate	4.085082275310875e-05
rate	4.516167701354553e-05
rate	5.042733887479271e-05
rate	5.6513563635496754e-05
rate	6.303355826841838e-05
rate	6.99342216856871e-05
rate	7.766902340987463e-05
rate	8.652756366050056e-05
rate	9.660579654832449e-05
rate	0.00010763235423830484
rate	0.00011950418379346038
rate	0.0001327781165928797
rate	0.0001477344416042303
rate	0.000164516810069574
rate	0.00018359761336602098
rate	0.00020475894170728554
rate	0.00022745327150545895
rate	0.00025138748827148406
rate	0.00027731972479840927
rate	0.00031051359079999497
rate	0.00034973981259673324
rate	0.0003902307318872602
rate	0.0004285745593982956
rate	0.00046561252974278654
rate	0.0005068130061731663
rate	0.0005559790623204826
rate	0.0006094967531238722
rate	0.000664849239315389
rate	0.0007194561298731532
rate	0.0007724866034065495
rate	0.0008189844313919068
rate	0.0008608810671063672
rate	0.0008992430197389001
rate	0.000935721442706838
rate	0.0009701158850282205
rate	0.001002419778631029
rate	0.001032633097750355
rate	0.0010608027647247276
rate	0.0010869838776878889
rate	0.0011112394092936241
rate	0.0011336398503317801
rate	0.0011543045422496275
rate	0.0011733186347246997
rate	0.0011907733463729872
rate	5.23772326690104e-05
rate	3.2572621551425274e-06
rate	2.276104309221061e-06
rate	1.9555268253108204e-06
rate	1.5528037415403612e-06
rate	1.4103591280232206e-06
rate	1.32818251593034e-06
rate	1.2706607372542326e-06
rate	1.1610980596728656e-06
rate	9.995007306556253e-07
rate	8.652999890827775e-07
rate	8.406513211811539e-07
rate	1.0131934762442629e-06
rate	1.4761009110843174e-06
rate	2.1281390351466128e-06
rate	2.878998810510147e-06
rate	3.594428370402582e-06
rate	4.230524422399192e-06
rate	4.710436043231641e-06
rate	5.061508985920798e-06
rate	5.440059877038384e-06
rate	5.890004560651264e-06
rate	6.051891703390686e-06
rate	5.824148296579648e-06
rate	5.258995153821811e-06
rate	4.562323528562433e-06
rate	3.9453464651723225e-06
rate	3.5039534128267476e-06
rate	3.3915598734719573e-06
rate	3.482021656599737e-06
rate	3.6739228216369397e-06
rate	3.865839909150935e-06
rate	4.0358363332691455e-06
rate	4.1674515816704705e-06
rate	4.279876063938744e-06
rate	4.449892317375783e-06
rate	4.7460785376442394e-06
rate	5.168476271216559e-06
rate	5.741839099050035e-06
rate	6.414122790806582e-06
rate	7.1689268174496376e-06
rate	7.987091816301747e-06
rate	8.909885393220809e-06
rate	9.967638535800115e-06
rate	1.11825076965268e-05
rate	1.2502444385070722e-05
rate	1.393859335445455e-05
rate	1.5455308635770956e-05
rate	1.7025168241851634e-05
rate	1.8719952024917262e-05
rate	2.0451632154812967e-05
rate	2.2432873665990432e-05
rate	2.4788563656663086e-05
rate	2.766354268346557e-05
rate	3.094315926367326e-05
rate	3.456233162940585e-05
rate	3.830575191615085e-05
rate	4.1965217912322215e-05
rate	4.545669522896022e-05
rate	4.892730100473282e-05
rate	5.24859223913977e-05
rate	5.648241492030349e-05
rate	6.117622802968538e-05
rate	6.68235349094364e-05
rate	7.341903445666355e-05
rate	8.089341968902247e-05
rate	8.890028536882383e-05
rate	9.69902449925574e-05
rate	0.00010468301187411477
rate	0.00011207487506269503
rate	0.0001192718478307578
rate	0.00012725637071492427
rate	0.0001371726609506992
rate	0.00015007473397118766
rate	0.00016567343083890838
rate	0.000183074808843339
rate	0.0002009056607193487
rate	0.0002191044753657277
rate	0.00023733344073261387
rate	0.00025615513002942683
rate	0.0002776797789019736
rate	0.0003024793457435997
rate	0.00032881797741740333
rate	0.0003554296539788618
rate	0.0003824197383837327
rate	0.00041602683323965393
rate	0.0004565130475594247
rate	0.0004995324001896579
rate	0.0005422579904446523
rate	0.0005843449716665109
rate	0.0006285549599463115
rate	0.0006785467572487845
rate	0.000732501730675302
rate	0.0007888541529519972
rate	0.0008429680258106524
rate	0.0008911453776647931
rate	0.0009348548351033365
rate	0.0009760649698578278
rate	0.0010151518664684306
rate	0.001051978263950148
rate	0.0010865951454960198
rate	0.0011189897513752634
rate	0.0011491604188538435
rate	0.001177234853058737
rate	0.0012032336626462059
rate	0.0012272573111200909
rate	0.0012494282520779216
rate	0.0012698255869327006
rate	0.001288548208408814
rate	0.0013057324344730088
rate	3.812400850372066e-05
rate	2.2240475941946065e-06
rate	1.8733390293470744e-06
rate	1.380227799464611e-06
rate	1.0460595997102688e-06
rate	1.0186707662328118e-06
rate	9.145953525697347e-07
rate	8.324336193301463e-07
rate	7.530128185970361e-07
rate	6.955028762233184e-07
rate	6.133477174934288e-07
rate	5.85963212406516e-07
rate	6.407324964883911e-07
rate	7.995699615517724e-07
rate	1.0131934762442629e-06
rate	1.2788770420783545e-06
rate	1.539108667195251e-06
rate	1.6979988542678938e-06
rate	1.7555295133565896e-06
rate	1.7363510372369458e-06
rate	1.6678605364955915e-06
rate	1.6486832665024257e-06
rate	1.5993723657919276e-06
rate	1.5993723657919276e-06
rate	1.6158099082749865e-06
rate	1.659642916411644e-06
rate	1.6541646400473005e-06
rate	1.7007379239410408e-06
rate	1.7747083458254305e-06
rate	1.9034755386637474e-06
rate	2.0322490101633426e-06
rate	2.21309027409175e-06
rate	2.369280901836733e-06
rate	2.481631421093206e-06
rate	2.618651527624046e-06
rate	2.7364918973849525e-06
rate	2.931079854090675e-06
rate	3.153091586203581e-06
rate	3.4765508476676284e-06
rate	3.827465099541081e-06
rate	4.205844895059075e-06
rate	4.611701616980194e-06
rate	5.072476621170942e-06
rate	5.58271282358695e-06
rate	6.145181264400939e-06
rate	6.759914494526086e-06
rate	7.429691938731341e-06
rate	8.129838301515616e-06
rate	8.832909354768067e-06
rate	9.585618783162382e-06
rate	1.0366018334740475e-05
rate	1.125111042702913e-05
rate	1.219698655818413e-05
rate	1.328624259027196e-05
rate	1.451354925330068e-05
rate	1.585430555973636e-05
rate	1.7322467641831035e-05
rate	1.8871367363486422e-05
rate	2.0470802692384748e-05
rate	2.2176065030192967e-05
rate	2.4092317261374208e-05
rate	2.6253168452601586e-05
rate	2.859553339185588e-05
rate	3.107554617575475e-05
rate	3.383775039872548e-05
rate	3.683303919002106e-05
rate	4.027617161265298e-05
rate	4.448614804857511e-05
rate	4.956140988572567e-05
rate	5.539785937559522e-05
rate	6.16558340694805e-05
rate	6.831001119380982e-05
rate	7.579394884901689e-05
rate	8.43883649599512e-05
rate	9.416904822674666e-05
rate	0.00010485298776532649
rate	0.0001163648100988376
rate	0.0001292771927184183
rate	0.00014389229442015843
rate	0.00016033891849938427
rate	0.000179001784315702
rate	0.0001996524063717722
rate	0.00022184372089535312
rate	0.00024533261034092473
rate	0.00027083480182863416
rate	0.000303471881860765
rate	0.0003418804411874563
rate	0.00038158824208584343
rate	0.0004194588301820906
rate	0.00045639981826183727
rate	0.0004976954976405541
rate	0.00054682884366522
rate	0.0006001689550324872
rate	0.0006551892885920965
rate	0.0007095569516978476
rate	0.0007626423782048303
rate	0.0008094306893410979
rate	0.0008519545066415591
rate	0.0008911433205998767
rate	0.000928462464821374
rate	0.000963713880084198
rate	0.0009968813138828347
rate	0.0010279505963873337
rate	0.0010569617202601154
rate	0.0010839667420260298
rate	0.0011090134688169209
rate	0.00113217741241122
rate	0.0011535668069384412
rate	0.0011732682069345837
rate	0.0011913746067627547
rate	5.0140809459318324e-05
rate	3.144895095057859e-06
rate	2.224045839964529e-06
rate	1.9116927204549635e-06
rate	1.5171933419016324e-06
rate	1.3692726718015907e-06
rate	1.2870972928264761e-06
rate	1.2268375953098012e-06
rate	1.1172766712854e-06
rate	9.584204392827001e-07
rate	8.269601096316249e-07
rate	8.050501826079593e-07
rate	9.858059304599752e-07
rate	1.4459696374149857e-06
rate	2.092521151898352e-06
rate	2.826928877212869e-06
rate	3.517676445550997e-06
rate	4.131823611860211e-06
rate	4.598009335851879e-06
rate	4.943583875694429e-06
rate	5.316633805471694e-06
rate	5.750102057099821e-06
rate	5.9092381521363854e-06
rate	5.7007049116879365e-06
rate	5.173969157074405e-06
rate	4.521189746958733e-06
rate	3.9453464651723225e-06
rate	3.528626515057055e-06
rate	3.413490531716718e-06
rate	3.4847630026030336e-06
rate	3.64924996646009e-06
rate	3.8137512056192935e-06
rate	3.961813320153374e-06
rate	4.087942197601006e-06
rate	4.203104923242751e-06
rate	4.378599831930235e-06
rate	4.669294324677078e-06
rate	5.075226155852293e-06
rate	5.618399424565395e-06
rate	6.249506043460352e-06
rate	6.963111536369073e-06
rate	7.748286246433135e-06
rate	8.632573487708212e-06
rate	9.649037844461863e-06
rate	1.0814332294842098e-05
rate	1.2079147490097683e-05
rate	1.3465606489609962e-05
rate	1.495731484714018e-05
rate	1.6526889033934053e-05
rate	1.8235127884968237e-05
rate	1.9988537965249234e-05
rate	2.196393122896089e-05
rate	2.4272318642737407e-05
rate	2.7036314279206616e-05
rate	3.0163199425580212e-05
rate	3.360434313899694e-05
rate	3.717760838878701e-05
rate	4.071643676698945e-05
rate	4.416472299600148e-05
rate	4.7650353676531854e-05
rate	5.125180714509461e-05
rate	5.527713478436689e-05
rate	5.999120297247564e-05
rate	6.562208864788785e-05
rate	7.215304867204412e-05
rate	7.952285210276324e-05
rate	8.739897605665044e-05
rate	9.536026389555029e-05
rate	0.0001029578752968479
rate	0.00011030252096638917
rate	0.00011752329133644345
rate	0.00012552554878318803
rate	0.0001353525305156265
rate	0.0001479613544865202
rate	0.00016310603398110877
rate	0.0001799743763430811
rate	0.00019734740993537756
rate	0.0002152145753405906
rate	0.00023328489881374196
rate	0.00025205506074060173
rate	0.0002734308086517785
rate	0.0002979082328499867
rate	0.0003239015693510946
rate	0.000350272063611582
rate	0.0003771649329452739
rate	0.0004106417396532891
rate	0.00045065704206433664
rate	0.0004930423855618672
rate	0.0005351369377348875
rate	0.0005767864139628787
rate	0.0006208713636129726
rate	0.0006709049406896578
rate	0.0007249964219994007
rate	0.000781412410503755
rate	0.0008356454281070154
rate	0.0008843402326192099
rate	0.0009285495917065063
rate	0.0009703219247788174
rate	0.0010099788256589736
rate	0.0010473856529730023
rate	0.0010825797155451142
rate	0.0011155421557362735
rate	0.0011462691213326658
rate	0.0011748818719010154
rate	0.0012014030544641383
rate	0.001225922585362846
rate	0.0012485651069921591
rate	0.001269403559076935
rate	0.001288543825077289
rate	0.0013061164031638525
rate	3.664746228924157e-05
rate	2.1473340721879715e-06
rate	1.802113597729822e-06
rate	1.3364029038228977e-06
rate	1.0241491247352896e-06
rate	9.96760510437073e-07
rate	8.981631538603946e-07
rate	8.160019137248369e-07
rate	7.393200730083986e-07
rate	6.790719923922979e-07
rate	5.969173266875588e-07
rate	5.695329859357779e-07
rate	6.243019413440716e-07
rate	7.776614590323815e-07
rate	9.858059304599752e-07
rate	1.2432702049580448e-06
rate	1.4898031932114124e-06
rate	1.6432122535781647e-06
rate	1.7034809408009113e-06
rate	1.6925204411094676e-06
rate	1.6377271524447635e-06
rate	1.6267679684738064e-06
rate	1.5829360567311413e-06
rate	1.5829360567311413e-06
rate	1.5884163339148995e-06
rate	1.6212919122768685e-06
rate	1.6103353595481812e-06
rate	1.6486903929244588e-06
rate	1.7144418790439161e-06
rate	1.8349885188517182e-06
rate	1.955540861488487e-06
rate	2.1254194319822582e-06
rate	2.2733865999386124e-06
rate	2.3884727612645244e-06
rate	2.5254882060396437e-06
rate	2.6515441930617106e-06
rate	2.8488662269137144e-06
rate	3.0736116510863013e-06
rate	3.391580181172164e-06
rate	3.737001586399587e-06
rate	4.1098862542245515e-06
rate	4.510245401406149e-06
rate	4.965519146194717e-06
rate	5.464765265724104e-06
rate	6.01349446614859e-06
rate	6.6117371493855615e-06
rate	7.265014132369122e-06
rate	7.95139530574878e-06
rate	8.643439654649699e-06
rate	9.379621804092309e-06
rate	1.0143483551096016e-05
rate	1.1006525721045128e-05
rate	1.1935829108652848e-05
rate	1.3013985155713377e-05
rate	1.4230169118894954e-05
rate	1.5562532362227053e-05
rate	1.7011268398003286e-05
rate	1.8537958562106557e-05
rate	2.010964315748224e-05
rate	2.178159575266954e-05
rate	2.3653432958036185e-05
rate	2.5764249132301942e-05
rate	2.807028342557631e-05
rate	3.0538761344330995e-05
rate	3.3292121612246924e-05
rate	3.62868136195031e-05
rate	3.970152047219722e-05
rate	4.381061908360468e-05
rate	4.869548089665863e-05
rate	5.428215511569369e-05
rate	6.027810987054263e-05
rate	6.668580070193255e-05
rate	7.391887428815916e-05
rate	8.224916625940184e-05
rate	9.173229990516884e-05
rate	0.00010207362129234812
rate	0.00011322543640421484
rate	0.0001257762688439569
rate	0.00014005014723608654
rate	0.00015616102692919456
rate	0.000174405955265383
rate	0.00019454587103625887
rate	0.0002162341702852473
rate	0.0002392777324103654
rate	0.0002643498788588591
rate	0.0002964301729215351
rate	0.0003340210697781793
rate	0.00037294575228442666
rate	0.0004103431009658856
rate	0.000447187106780888
rate	0.000488577989107942
rate	0.0005376786250099575
rate	0.0005908411569411023
rate	0.000645529337868804
rate	0.0006996577735225419
rate	0.0007527981530031111
rate	0.0007998769472902889
rate	0.0008430279461767512
rate	0.0008830436214608533
rate	0.0009212034869359101
rate	0.0009573118751401754
rate	0.0009913428491346403
rate	0.0010232680950243123
rate	0.0010531206757955032
rate	0.0010809496063641708
rate	0.0011067875283402178
rate	0.00113071497449066
rate	0.001152829071627255
rate	0.0011732177791444677
rate	0.001191975867152522
rate	4.790438624962626e-05
rate	3.03252803497319e-06
rate	2.171987370707996e-06
rate	1.8678586155991065e-06
rate	1.4815829422629035e-06
rate	1.3281862155799606e-06
rate	1.2460120697226123e-06
rate	1.1830144533653695e-06
rate	1.073455282897934e-06
rate	9.173401479097749e-07
rate	7.886202301804721e-07
rate	7.694490440347648e-07
rate	9.584183846756875e-07
rate	1.415838363745654e-06
rate	2.0569032686500916e-06
rate	2.7748589439155915e-06
rate	3.440924520699412e-06
rate	4.033122801321231e-06
rate	4.485582628472118e-06
rate	4.8256587654680616e-06
rate	5.1932077339050036e-06
rate	5.610199553548377e-06
rate	5.766584600882085e-06
rate	5.577261526796224e-06
rate	5.088943160326998e-06
rate	4.480055965355032e-06
rate	3.9453464651723225e-06
rate	3.553299617287363e-06
rate	3.435421189961479e-06
rate	3.4875043486063305e-06
rate	3.6245771112832403e-06
rate	3.7616625020876527e-06
rate	3.8877903070376014e-06
rate	4.008432813531542e-06
rate	4.126333782546758e-06
rate	4.307307346484687e-06
rate	4.592510111709916e-06
rate	4.9819760404880284e-06
rate	5.494959750080754e-06
rate	6.084889296114122e-06
rate	6.75729625528851e-06
rate	7.509480676564522e-06
rate	8.355261582195616e-06
rate	9.330437153123613e-06
rate	1.0446156893157394e-05
rate	1.1655850595124645e-05
rate	1.2992619624765375e-05
rate	1.4459321058509404e-05
rate	1.6028609826016476e-05
rate	1.7750303745019213e-05
rate	1.9525443775685504e-05
rate	2.1494988791931344e-05
rate	2.375607362881173e-05
rate	2.6409085874947663e-05
rate	2.938323958748717e-05
rate	3.264635464858803e-05
rate	3.604946486142317e-05
rate	3.946765562165669e-05
rate	4.2872750763042736e-05
rate	4.637340634833089e-05
rate	5.001769189879153e-05
rate	5.4071854648430285e-05
rate	5.88061779152659e-05
rate	6.442064238633931e-05
rate	7.08870628874247e-05
rate	7.815228451650402e-05
rate	8.589766674447705e-05
rate	9.373028279854318e-05
rate	0.00010123273871958104
rate	0.00010853016687008331
rate	0.00011577473484212907
rate	0.00012379472685145182
rate	0.00013353240008055382
rate	0.00014584797500185272
rate	0.00016053863712330916
rate	0.00017687394384282323
rate	0.0001937891591514064
rate	0.00021132467531545347
rate	0.00022923635689487006
rate	0.00024795499145177657
rate	0.00026918183840158336
rate	0.0002933371199563736
rate	0.0003189851612847859
rate	0.0003451144732443022
rate	0.00037191012750681515
rate	0.0004052566460669243
rate	0.00044480103656924865
rate	0.0004865523709340765
rate	0.0005280158850251227
rate	0.0005692278562592464
rate	0.0006131877672796337
rate	0.0006632631241305311
rate	0.0007174911133234995
rate	0.0007739706680555127
rate	0.0008283228304033786
rate	0.0008775350875736267
rate	0.000922244348309676
rate	0.0009645788796998069
rate	0.0010048057848495166
rate	0.0010427930419958569
rate	0.0010785642855942088
rate	0.0011120945600972835
rate	0.001143377823811488
rate	0.001172528890743294
rate	0.0011995724462820709
rate	0.001224587859605601
rate	0.0012477019619063965
rate	0.0012689815312211692
rate	0.0012885394417457639
rate	0.0013065003718546963
rate	3.517091607476248e-05
rate	2.070620550181336e-06
rate	1.7308881661125695e-06
rate	1.2925780081811846e-06
rate	1.0022386497603104e-06
rate	9.748502546413343e-07
rate	8.817309551510544e-07
rate	7.995702081195274e-07
rate	7.256273274197612e-07
rate	6.626411085612773e-07
rate	5.804869358816889e-07
rate	5.531027594650398e-07
rate	6.078713861997521e-07
rate	7.557529565129906e-07
rate	9.584183846756875e-07
rate	1.207663367837735e-06
rate	1.4404977192275735e-06
rate	1.5884256528884355e-06
rate	1.651432368245233e-06
rate	1.6486898449819892e-06
rate	1.6075937683939355e-06
rate	1.6048526704451869e-06
rate	1.566499747670355e-06
rate	1.566499747670355e-06
rate	1.5610227595548126e-06
rate	1.582940908142093e-06
rate	1.5665060790490621e-06
rate	1.5966428619078766e-06
rate	1.6541754122624018e-06
rate	1.766501499039689e-06
rate	1.8788327128136312e-06
rate	2.037748589872766e-06
rate	2.177492298040492e-06
rate	2.295314101435843e-06
rate	2.4323248844552413e-06
rate	2.566596488738469e-06
rate	2.7666525997367537e-06
rate	2.994131715969022e-06
rate	3.3066095146766995e-06
rate	3.646538073258093e-06
rate	4.013927613390028e-06
rate	4.408789185832104e-06
rate	4.858561671218492e-06
rate	5.346817707861257e-06
rate	5.881807667896242e-06
rate	6.463559804245036e-06
rate	7.100336326006902e-06
rate	7.772952309981941e-06
rate	8.45396995453133e-06
rate	9.173624825022236e-06
rate	9.920948767451557e-06
rate	1.0761941015061127e-05
rate	1.1674671659121567e-05
rate	1.2741727721154792e-05
rate	1.3946788984489226e-05
rate	1.527075916471774e-05
rate	1.6700069154175532e-05
rate	1.820454976072669e-05
rate	1.9748483622579736e-05
rate	2.1387126475146115e-05
rate	2.3214548654698163e-05
rate	2.5275329812002298e-05
rate	2.754503345929674e-05
rate	3.000197651290724e-05
rate	3.274649282576837e-05
rate	3.574058804898515e-05
rate	3.912686933174145e-05
rate	4.313509011863426e-05
rate	4.782955190759159e-05
rate	5.316645085579216e-05
rate	5.8900385671604755e-05
rate	6.506159021005527e-05
rate	7.204379972730142e-05
rate	8.010996755885247e-05
rate	8.929555158359101e-05
rate	9.929425481936976e-05
rate	0.00011008606270959205
rate	0.00012227534496949552
rate	0.00013620800005201467
rate	0.00015198313535900483
rate	0.000169810126215064
rate	0.0001894393357007455
rate	0.00021062461967514144
rate	0.00023322285447980608
rate	0.000257864955889084
rate	0.0002893884639823051
rate	0.0003261616983689024
rate	0.0003643032624830099
rate	0.0004012273717496806
rate	0.0004379743952999387
rate	0.0004794604805753297
rate	0.0005285284063546949
rate	0.0005815133588497173
rate	0.0006358693871455117
rate	0.0006897585953472364
rate	0.0007429539278013919
rate	0.00079032320523948
rate	0.0008341013857119431
rate	0.0008749439223218299
rate	0.0009139445090504461
rate	0.0009509098701961528
rate	0.000985804384386446
rate	0.0010185855936612912
rate	0.0010492796313308912
rate	0.0010779324707023115
rate	0.0011045615878635146
rate	0.0011292525365700998
rate	0.0011520913363160688
rate	0.0011731673513543518
rate	0.0011925771275422895
rate	4.5667963039934184e-05
rate	2.920160974888521e-06
rate	2.1199289014514634e-06
rate	1.8240245107432496e-06
rate	1.4459725426241747e-06
rate	1.2870997593583305e-06
rate	1.2049268466187488e-06
rate	1.1391913114209379e-06
rate	1.0296338945104684e-06
rate	8.762598565368497e-07
rate	7.502803507293194e-07
rate	7.338479054615702e-07
rate	9.310308388913998e-07
rate	1.3857070900763221e-06
rate	2.021285385401831e-06
rate	2.7227890106183135e-06
rate	3.3641725958478267e-06
rate	3.93442199078225e-06
rate	4.373155921092357e-06
rate	4.707733655241693e-06
rate	5.069781662338313e-06
rate	5.470297049996933e-06
rate	5.623931049627784e-06
rate	5.4538181419045124e-06
rate	5.003917163579592e-06
rate	4.4389221837513314e-06
rate	3.9453464651723225e-06
rate	3.5779727195176702e-06
rate	3.4573518482062393e-06
rate	3.490245694609627e-06
rate	3.5999042561063905e-06
rate	3.709573798556012e-06
rate	3.8137672939218294e-06
rate	3.928923429462078e-06
rate	4.049562641850764e-06
rate	4.236014861039139e-06
rate	4.515725898742753e-06
rate	4.888725925123764e-06
rate	5.371520075596114e-06
rate	5.920272548767891e-06
rate	6.551480974207945e-06
rate	7.2706751066959085e-06
rate	8.077949676683019e-06
rate	9.01183646178536e-06
rate	1.007798149147269e-05
rate	1.1232553700151606e-05
rate	1.2519632759920788e-05
rate	1.3961327269878627e-05
rate	1.5530330618098896e-05
rate	1.7265479605070188e-05
rate	1.9062349586121774e-05
rate	2.1026046354901798e-05
rate	2.3239828614886052e-05
rate	2.578185747068871e-05
rate	2.8603279749394125e-05
rate	3.168836615817912e-05
rate	3.492132133405933e-05
rate	3.8218874476323926e-05
rate	4.158077853008399e-05
rate	4.509645902012992e-05
rate	4.878357665248844e-05
rate	5.286657451249368e-05
rate	5.762115285805615e-05
rate	6.321919612479077e-05
rate	6.962107710280528e-05
rate	7.67817169302448e-05
rate	8.439635743230365e-05
rate	9.210030170153607e-05
rate	9.950760214231417e-05
rate	0.00010675781277377743
rate	0.00011402617834781472
rate	0.00012206390491971558
rate	0.0001317122696454811
rate	0.00014373459551718525
rate	0.00015797124026550955
rate	0.00017377351134256535
rate	0.00019023090836743525
rate	0.00020743477529031637
rate	0.00022518781497599813
rate	0.00024385492216295147
rate	0.00026493286815138824
rate	0.00028876600706276057
rate	0.0003140687532184772
rate	0.0003399568828770224
rate	0.0003666553220683564
rate	0.0003998715524805595
rate	0.00043894503107416065
rate	0.0004800623563062858
rate	0.000520894832315358
rate	0.0005616692985556141
rate	0.0006055041709462948
rate	0.0006556213075714044
rate	0.0007099858046475981
rate	0.0007665289256072706
rate	0.0008210002326997418
rate	0.0008707299425280435
rate	0.0009159391049128457
rate	0.0009588358346207965
rate	0.0009996327440400597
rate	0.0010382004310187111
rate	0.0010745488556433034
rate	0.0011086469644582936
rate	0.0011404865262903104
rate	0.0011701759095855723
rate	0.0011977418381000032
rate	0.0012232531338483561
rate	0.001246838816820634
rate	0.0012685595033654037
rate	0.0012885350584142389
rate	0.0013068843405455398
rate	3.369436986028339e-05
rate	1.993907028174701e-06
rate	1.659662734495317e-06
rate	1.2487531125394712e-06
rate	9.803281747853311e-07
rate	9.529399988455957e-07
rate	8.652987564417143e-07
rate	7.83138502514218e-07
rate	7.119345818311236e-07
rate	6.462102247302567e-07
rate	5.64056545075819e-07
rate	5.366725329943018e-07
rate	5.914408310554325e-07
rate	7.338444539935997e-07
rate	9.310308388913998e-07
rate	1.1720565307174253e-06
rate	1.3911922452437346e-06
rate	1.5336390521987063e-06
rate	1.5993837956895548e-06
rate	1.604859248854511e-06
rate	1.5774603843431074e-06
rate	1.5829373724165674e-06
rate	1.5500634386095687e-06
rate	1.5500634386095687e-06
rate	1.5336291851947256e-06
rate	1.5445899040073173e-06
rate	1.5226767985499429e-06
rate	1.5445953308912944e-06
rate	1.5939089454808875e-06
rate	1.6980144792276598e-06
rate	1.8021245641387754e-06
rate	1.9500777477632746e-06
rate	2.0815979961423715e-06
rate	2.2021554416071616e-06
rate	2.3391615628708385e-06
rate	2.481648784415227e-06
rate	2.684438972559793e-06
rate	2.9146517808517423e-06
rate	3.221638848181235e-06
rate	3.5560745601165993e-06
rate	3.917968972555505e-06
rate	4.30733297025806e-06
rate	4.7516041962422674e-06
rate	5.2288701499984105e-06
rate	5.750120869643894e-06
rate	6.315382459104511e-06
rate	6.935658519644681e-06
rate	7.5945093142151044e-06
rate	8.26450025441296e-06
rate	8.967627845952163e-06
rate	9.698413983807098e-06
rate	1.0517356309077125e-05
rate	1.1413514209590285e-05
rate	1.246947028659621e-05
rate	1.3663408850083498e-05
rate	1.4978985967208432e-05
rate	1.6388869910347783e-05
rate	1.7871140959346824e-05
rate	1.938732408767723e-05
rate	2.099265719762269e-05
rate	2.2775664351360137e-05
rate	2.4786410491702654e-05
rate	2.701978349301717e-05
rate	2.9465191681483487e-05
rate	3.220086403928982e-05
rate	3.519436247846719e-05
rate	3.855221819128569e-05
rate	4.2459561153663834e-05
rate	4.6963622918524546e-05
rate	5.2050746595890625e-05
rate	5.752266147266688e-05
rate	6.3437379718178e-05
rate	7.01687251664437e-05
rate	7.79707688583031e-05
rate	8.685880326201318e-05
rate	9.651488834639141e-05
rate	0.00010694668901496928
rate	0.00011877442109503413
rate	0.0001323658528679428
rate	0.0001478052437888151
rate	0.00016521429716474502
rate	0.00018433280036523218
rate	0.0002050150690650356
rate	0.00022716797654924676
rate	0.00025138003291930893
rate	0.00028234675504307515
rate	0.00031830232695962546
rate	0.0003556607726815931
rate	0.0003921116425334756
rate	0.00042876168381898944
rate	0.0004703429720427175
rate	0.0005193781876994324
rate	0.0005721855607583324
rate	0.0006262094364222192
rate	0.0006798594171719308
rate	0.0007331097025996727
rate	0.0007807694631886711
rate	0.0008251748252471352
rate	0.0008668442231828065
rate	0.0009066855311649821
rate	0.0009445078652521302
rate	0.0009802659196382515
rate	0.00101390309229827
rate	0.001045438586866279
rate	0.0010749153350404525
rate	0.0011023356473868113
rate	0.0011277900986495398
rate	0.0011513536010048827
rate	0.0011731169235642358
rate	0.001193178387932057
rate	4.343153983024211e-05
rate	2.8077939148038527e-06
rate	2.0678704321949307e-06
rate	1.7801904058873925e-06
rate	1.410362142985446e-06
rate	1.2460133031367006e-06
rate	1.1638416235148852e-06
rate	1.0953681694765064e-06
rate	9.858125061230025e-07
rate	8.351795651639245e-07
rate	7.119404712781666e-07
rate	6.982467668883757e-07
rate	9.036432931071121e-07
rate	1.3555758164069904e-06
rate	1.985667502153571e-06
rate	2.670719077321036e-06
rate	3.287420670996242e-06
rate	3.8357211802432684e-06
rate	4.260729213712596e-06
rate	4.589808545015324e-06
rate	4.946355590771624e-06
rate	5.330394546445489e-06
rate	5.481277498373485e-06
rate	5.3303747570128e-06
rate	4.918891166832185e-06
rate	4.397788402147631e-06
rate	3.9453464651723225e-06
rate	3.6026458217479776e-06
rate	3.4792825064510003e-06
rate	3.492987040612924e-06
rate	3.5752314009295412e-06
rate	3.6574850950243712e-06
rate	3.7397442808060574e-06
rate	3.849414045392613e-06
rate	3.972791501154771e-06
rate	4.164722375593591e-06
rate	4.438941685775592e-06
rate	4.795475809759498e-06
rate	5.248080401111473e-06
rate	5.755655801421661e-06
rate	6.345665693127381e-06
rate	7.031869536827295e-06
rate	7.800637771170422e-06
rate	8.69323577044711e-06
rate	9.709806089787989e-06
rate	1.0809256805178569e-05
rate	1.20466458950762e-05
rate	1.3463333481247851e-05
rate	1.503205141018132e-05
rate	1.6780655465121164e-05
rate	1.8599255396558044e-05
rate	2.0557103917872252e-05
rate	2.2723583600960376e-05
rate	2.5154629066429756e-05
rate	2.782331991130108e-05
rate	3.073037766777021e-05
rate	3.379317780669549e-05
rate	3.697009333099116e-05
rate	4.028880629712525e-05
rate	4.381951169192895e-05
rate	4.754946140618535e-05
rate	5.166129437655707e-05
rate	5.643612780084641e-05
rate	6.201774986324223e-05
rate	6.835509131818585e-05
rate	7.541114934398557e-05
rate	8.289504812013026e-05
rate	9.047032060452897e-05
rate	9.778246556504731e-05
rate	0.00010498545867747156
rate	0.00011227762185350036
rate	0.00012033308298797934
rate	0.0001298921392104084
rate	0.0001416212160325178
rate	0.00015540384340770994
rate	0.00017067307884230748
rate	0.0001866726575834641
rate	0.00020354487526517924
rate	0.0002211392730571262
rate	0.00023975485287412637
rate	0.0002606838979011931
rate	0.00028419489416914756
rate	0.0003091523451521685
rate	0.0003347992925097426
rate	0.0003614005166298976
rate	0.00039448645889419466
rate	0.0004330890255790726
rate	0.0004735723416784951
rate	0.0005137737796055931
rate	0.0005541107408519819
rate	0.0005978205746129558
rate	0.0006479794910122777
rate	0.0007024804959716969
rate	0.0007590871831590283
rate	0.0008136776349961048
rate	0.0008639247974824603
rate	0.0009096338615160154
rate	0.0009530927895417861
rate	0.0009944597032306027
rate	0.0010336078200415654
rate	0.0010705334256923978
rate	0.0011051993688193037
rate	0.0011375952287691327
rate	0.0011678229284278507
rate	0.0011959112299179358
rate	0.001221918408091111
rate	0.0012459756717348714
rate	0.0012681374755096379
rate	0.0012885306750827139
rate	0.0013072683092363833
rate	3.2217823645804304e-05
rate	1.917193506168066e-06
rate	1.5884373028780643e-06
rate	1.204928216897758e-06
rate	9.58417699810352e-07
rate	9.31029743049857e-07
rate	8.488665577323742e-07
rate	7.667067969089086e-07
rate	6.982418362424861e-07
rate	6.297793408992361e-07
rate	5.47626154269949e-07
rate	5.202423065235636e-07
rate	5.75010275911113e-07
rate	7.119359514742087e-07
rate	9.036432931071121e-07
rate	1.1364496935971154e-06
rate	1.3418867712598957e-06
rate	1.4788524515089774e-06
rate	1.5473352231338765e-06
rate	1.5610286527270327e-06
rate	1.5473270002922794e-06
rate	1.561022074387948e-06
rate	1.5336271295487823e-06
rate	1.5336271295487823e-06
rate	1.5062356108346386e-06
rate	1.506238899872542e-06
rate	1.4788475180508238e-06
rate	1.4925477998747125e-06
rate	1.5336424786993732e-06
rate	1.6295274594156306e-06
rate	1.7254164154639197e-06
rate	1.862406905653783e-06
rate	1.9857036942442512e-06
rate	2.1089967817784806e-06
rate	2.245998241286436e-06
rate	2.396701080091985e-06
rate	2.6022253453828324e-06
rate	2.8351718457344625e-06
rate	3.1366681816857706e-06
rate	3.465611046975105e-06
rate	3.822010331720981e-06
rate	4.205876754684015e-06
rate	4.644646721266043e-06
rate	5.110922592135564e-06
rate	5.618434071391545e-06
rate	6.167205113963986e-06
rate	6.770980713282461e-06
rate	7.416066318448266e-06
rate	8.075030554294592e-06
rate	8.76163086688209e-06
rate	9.475879200162641e-06
rate	1.0272771603093125e-05
rate	1.1152356760059004e-05
rate	1.2197212852037625e-05
rate	1.3380028715677772e-05
rate	1.4687212769699124e-05
rate	1.6077670666520033e-05
rate	1.753773215796696e-05
rate	1.9026164552774724e-05
rate	2.0598187920099263e-05
rate	2.233678004802211e-05
rate	2.429749117140301e-05
rate	2.64945335267376e-05
rate	2.892840685005973e-05
rate	3.165523525281127e-05
rate	3.4648136907949236e-05
rate	3.797756705082992e-05
rate	4.1784032188693414e-05
rate	4.6097693929457505e-05
rate	5.09350423359891e-05
rate	5.6144937273729e-05
rate	6.181316922630072e-05
rate	6.829365060558596e-05
rate	7.583157015775375e-05
rate	8.442205494043535e-05
rate	9.373552187341304e-05
rate	0.00010380731532034651
rate	0.00011527349722057273
rate	0.00012852370568387092
rate	0.00014362735221862537
rate	0.00016061846811442603
rate	0.00017922626502971884
rate	0.00019940551845492978
rate	0.00022111309861868743
rate	0.0002448951099495338
rate	0.00027530504610384524
rate	0.0003104429555503485
rate	0.00034701828288017636
rate	0.00038299591331727057
rate	0.0004195489723380402
rate	0.0004612254635101053
rate	0.0005102279690441698
rate	0.0005628577626669473
rate	0.0006165494856989267
rate	0.0006699602389966252
rate	0.0007232654773979535
rate	0.0007712157211378621
rate	0.0008162482647823271
rate	0.000858744524043783
rate	0.0008994265532795182
rate	0.0009381058603081076
rate	0.0009747274548900573
rate	0.0010092205909352486
rate	0.0010415975424016668
rate	0.0010718981993785934
rate	0.0011001097069101083
rate	0.0011263276607289797
rate	0.0011506158656936964
rate	0.0011730664957741196
rate	0.0011937796483218245
rate	4.119511662055004e-05
rate	2.695426854719184e-06
rate	2.0158119629383984e-06
rate	1.7363563010315357e-06
rate	1.3747517433467172e-06
rate	1.2049268469150707e-06
rate	1.1227564004110214e-06
rate	1.0515450275320747e-06
rate	9.419911177355368e-07
rate	7.940992737909993e-07
rate	6.736005918270139e-07
rate	6.626456283151811e-07
rate	8.762557473228244e-07
rate	1.3254445427376586e-06
rate	1.9500496189053103e-06
rate	2.618649144023758e-06
rate	3.210668746144657e-06
rate	3.737020369704288e-06
rate	4.148302506332834e-06
rate	4.4718834347889555e-06
rate	4.822929519204934e-06
rate	5.190492042894045e-06
rate	5.338623947119184e-06
rate	5.2069313721210875e-06
rate	4.833865170084779e-06
rate	4.356654620543929e-06
rate	3.9453464651723225e-06
rate	3.627318923978285e-06
rate	3.5012131646957613e-06
rate	3.495728386616221e-06
rate	3.5505585457526915e-06
rate	3.6053963914927305e-06
rate	3.665721267690285e-06
rate	3.7699046613231494e-06
rate	3.896020360458777e-06
rate	4.093429890148043e-06
rate	4.36215747280843e-06
rate	4.702225694395233e-06
rate	5.124640726626832e-06
rate	5.591039054075432e-06
rate	6.139850412046817e-06
rate	6.793063966958682e-06
rate	7.523325865657826e-06
rate	8.374635079108859e-06
rate	9.341630688103285e-06
rate	1.0385959910205531e-05
rate	1.1573659030231612e-05
rate	1.2965339692617075e-05
rate	1.4533772202263741e-05
rate	1.629583132517214e-05
rate	1.813616120699431e-05
rate	2.008816148084271e-05
rate	2.22073385870347e-05
rate	2.4527400662170803e-05
rate	2.7043360073208038e-05
rate	2.9772389177361306e-05
rate	3.2665034279331645e-05
rate	3.5721312185658406e-05
rate	3.8996834064166505e-05
rate	4.2542564363727985e-05
rate	4.631534615988226e-05
rate	5.0456014240620476e-05
rate	5.525110274363667e-05
rate	6.081630360169369e-05
rate	6.708910553356642e-05
rate	7.404058175772635e-05
rate	8.139373880795688e-05
rate	8.884033950752186e-05
rate	9.605732898778045e-05
rate	0.0001032131045811657
rate	0.000110529065359186
rate	0.0001186022610562431
rate	0.0001280720087753357
rate	0.00013950783654785034
rate	0.00015283644654991033
rate	0.0001675726463420496
rate	0.00018311440679949297
rate	0.0001996549752400421
rate	0.0002170907311382543
rate	0.00023565478358530126
rate	0.00025643492765099795
rate	0.0002796237812755345
rate	0.00030423593708585973
rate	0.0003296417021424628
rate	0.00035614571119143884
rate	0.00038910136530782987
rate	0.0004272330200839846
rate	0.0004670823270507044
rate	0.0005066527268958283
rate	0.0005465521831483496
rate	0.0005901369782796169
rate	0.000640337674453151
rate	0.0006949751872957956
rate	0.000751645440710786
rate	0.000806355037292468
rate	0.0008571196524368771
rate	0.0009033286181191852
rate	0.0009473497444627757
rate	0.000989286662421146
rate	0.0010290152090644197
rate	0.0010665179957414924
rate	0.0011017517731803138
rate	0.001134703931247955
rate	0.001165469947270129
rate	0.0011940806217358684
rate	0.001220583682333866
rate	0.0012451125266491087
rate	0.001267715447653872
rate	0.0012885262917511889
rate	0.001307652277927227
rate	3.0741277431325216e-05
rate	1.8404799841614312e-06
rate	1.517211871260812e-06
rate	1.1611033212560446e-06
rate	9.365072248353727e-07
rate	9.091194872541182e-07
rate	8.324343590230341e-07
rate	7.502750913035992e-07
rate	6.845490906538486e-07
rate	6.133484570682156e-07
rate	5.311957634640792e-07
rate	5.038120800528256e-07
rate	5.585797207667934e-07
rate	6.900274489548178e-07
rate	8.762557473228244e-07
rate	1.1008428564768056e-06
rate	1.292581297276057e-06
rate	1.4240658508192482e-06
rate	1.4952866505781982e-06
rate	1.5171980565995543e-06
rate	1.5171936162414514e-06
rate	1.5391067763593286e-06
rate	1.517190820487996e-06
rate	1.517190820487996e-06
rate	1.4788420364745514e-06
rate	1.4678878957377663e-06
rate	1.4350182375517048e-06
rate	1.4405002688581305e-06
rate	1.4733760119178592e-06
rate	1.5610404396036016e-06
rate	1.648708266789064e-06
rate	1.7747360635442913e-06
rate	1.889809392346131e-06
rate	2.015838121949799e-06
rate	2.1528349197020337e-06
rate	2.311753375768744e-06
rate	2.5200117182058717e-06
rate	2.7556919106171827e-06
rate	3.051697515190306e-06
rate	3.3751475338336113e-06
rate	3.726051690886458e-06
rate	4.1044205391099696e-06
rate	4.537689246289817e-06
rate	4.992975034272718e-06
rate	5.4867472731391965e-06
rate	6.019027768823461e-06
rate	6.606302906920241e-06
rate	7.237623322681429e-06
rate	7.885560854176222e-06
rate	8.555633887812017e-06
rate	9.253344416518183e-06
rate	1.0028186897109123e-05
rate	1.0891199310527724e-05
rate	1.192495541747904e-05
rate	1.3096648581272044e-05
rate	1.4395439572189814e-05
rate	1.5766471422692283e-05
rate	1.7204323356587095e-05
rate	1.866500501787222e-05
rate	2.0203718642575833e-05
rate	2.1897895744684088e-05
rate	2.3808571851103366e-05
rate	2.596928356045803e-05
rate	2.8391622018635973e-05
rate	3.1109606466332716e-05
rate	3.410191133743128e-05
rate	3.7402915910374154e-05
rate	4.110850322372299e-05
rate	4.5231764940390457e-05
rate	4.9819338076087563e-05
rate	5.4767213074791134e-05
rate	6.018895873442344e-05
rate	6.641857604472822e-05
rate	7.369237145720438e-05
rate	8.198530661885752e-05
rate	9.095615540043468e-05
rate	0.00010066794162572374
rate	0.00011177257334611134
rate	0.00012468155849979906
rate	0.00013944946064843567
rate	0.00015602263906410704
rate	0.0001741197296942055
rate	0.00019379596784482395
rate	0.00021505822068812813
rate	0.00023841018697975873
rate	0.00026826333716461527
rate	0.00030258358414107155
rate	0.0003383757930787596
rate	0.00037388018410106555
rate	0.00041033626085709094
rate	0.0004521079549774931
rate	0.0005010777503889073
rate	0.0005535299645755623
rate	0.0006068895349756342
rate	0.0006600610608213195
rate	0.0007134212521962342
rate	0.0007616619790870531
rate	0.0008073217043175191
rate	0.0008506448249047596
rate	0.0008921675753940542
rate	0.0009317038553640851
rate	0.0009691889901418629
rate	0.0010045380895722274
rate	0.0010377564979370546
rate	0.0010688810637167344
rate	0.001097883766433405
rate	0.0011248652228084198
rate	0.0011498781303825101
rate	0.0011730160679840037
rate	0.0011943809087115917
rate	3.8958693410857964e-05
rate	2.5830597946345153e-06
rate	1.9637534936818657e-06
rate	1.6925221961756788e-06
rate	1.3391413437079884e-06
rate	1.1638403906934406e-06
rate	1.0816711773071576e-06
rate	1.0077218855876433e-06
rate	8.98169729348071e-07
rate	7.530189824180742e-07
rate	6.352607123758612e-07
rate	6.270444897419867e-07
rate	8.488682015385368e-07
rate	1.2953132690683268e-06
rate	1.9144317356570497e-06
rate	2.56657921072648e-06
rate	3.133916821293072e-06
rate	3.6383195591653072e-06
rate	4.035875798953073e-06
rate	4.353958324562588e-06
rate	4.6995034476382435e-06
rate	5.050589539342602e-06
rate	5.1959703958648835e-06
rate	5.083487987229376e-06
rate	4.748839173337372e-06
rate	4.315520838940229e-06
rate	3.9453464651723225e-06
rate	3.6519920262085925e-06
rate	3.523143822940522e-06
rate	3.4984697326195173e-06
rate	3.5258856905758418e-06
rate	3.5533076879610897e-06
rate	3.591698254574513e-06
rate	3.6903952772536855e-06
rate	3.819249219762784e-06
rate	4.022137404702495e-06
rate	4.285373259841267e-06
rate	4.608975579030968e-06
rate	5.001201052142192e-06
rate	5.426422306729201e-06
rate	5.9340351309662524e-06
rate	6.554258397090069e-06
rate	7.246013960145229e-06
rate	8.056034387770608e-06
rate	8.973455286418582e-06
rate	9.962663015232492e-06
rate	1.1100672165387025e-05
rate	1.2467345903986299e-05
rate	1.4035492994346162e-05
rate	1.5811007185223114e-05
rate	1.767306701743058e-05
rate	1.9619219043813164e-05
rate	2.169109357310902e-05
rate	2.390017225791185e-05
rate	2.6263400235114994e-05
rate	2.8814400686952397e-05
rate	3.153689075196781e-05
rate	3.447253104032564e-05
rate	3.770486183120776e-05
rate	4.126561703552702e-05
rate	4.5081230913579176e-05
rate	4.9250734104683866e-05
rate	5.406607768642692e-05
rate	5.961485734014514e-05
rate	6.582311974894699e-05
rate	7.267001417146712e-05
rate	7.989242949578349e-05
rate	8.721035841051475e-05
rate	9.433219241051358e-05
rate	0.00010144075048485984
rate	0.00010878050886487164
rate	0.00011687143912450687
rate	0.000126251878340263
rate	0.00013739445706318287
rate	0.00015026904969211072
rate	0.00016447221384179172
rate	0.00017955615601552183
rate	0.000195765075214905
rate	0.0002130421892193824
rate	0.00023155471429647613
rate	0.00025218595740080283
rate	0.00027505266838192145
rate	0.000299319529019551
rate	0.000324484111775183
rate	0.0003508909057529801
rate	0.0003837162717214651
rate	0.0004213770145888966
rate	0.0004605923124229137
rate	0.0004995316741860635
rate	0.0005389936254447174
rate	0.000582453381946278
rate	0.0006326958578940243
rate	0.0006874698786198943
rate	0.0007442036982625438
rate	0.0007990324395888311
rate	0.0008503145073912939
rate	0.000897023374722355
rate	0.0009416066993837653
rate	0.000984113621611689
rate	0.001024422598087274
rate	0.001062502565790587
rate	0.001098304177541324
rate	0.0011318126337267773
rate	0.0011631169661124074
rate	0.0011922500135538008
rate	0.0012192489565766211
rate	0.0012442493815633462
rate	0.0012672934197981065
rate	0.0012885219084196639
rate	0.0013080362466180709
rate	2.926473121684613e-05
rate	1.7637664621547962e-06
rate	1.4459864396435594e-06
rate	1.1172784256143313e-06
rate	9.145967498603935e-07
rate	8.872092314583796e-07
rate	8.16002160313694e-07
rate	7.338433856982897e-07
rate	6.708563450652111e-07
rate	5.96917573237195e-07
rate	5.147653726582093e-07
rate	4.873818535820875e-07
rate	5.421491656224738e-07
rate	6.681189464354269e-07
rate	8.488682015385368e-07
rate	1.065236019356496e-06
rate	1.2432758232922182e-06
rate	1.369279250129519e-06
rate	1.44323807802252e-06
rate	1.473367460472076e-06
rate	1.4870602321906234e-06
rate	1.517191478330709e-06
rate	1.5007545114272097e-06
rate	1.5007545114272097e-06
rate	1.4514484621144645e-06
rate	1.429536891602991e-06
rate	1.3911889570525855e-06
rate	1.3884527378415483e-06
rate	1.4131095451363449e-06
rate	1.4925534197915724e-06
rate	1.5720001181142084e-06
rate	1.6870652214347996e-06
rate	1.7939150904480103e-06
rate	1.9226794621211177e-06
rate	2.0596715981176313e-06
rate	2.226805671445502e-06
rate	2.437798091028911e-06
rate	2.6762119754999034e-06
rate	2.9667268486948418e-06
rate	3.2846840206921175e-06
rate	3.630093050051935e-06
rate	4.0029643235359244e-06
rate	4.430731771313593e-06
rate	4.875027476409871e-06
rate	5.355060474886848e-06
rate	5.870850423682936e-06
rate	6.441625100558021e-06
rate	7.059180326914591e-06
rate	7.696091154057852e-06
rate	8.349636908741944e-06
rate	9.030809632873724e-06
rate	9.783602191125122e-06
rate	1.0630041860996442e-05
rate	1.1652697982920457e-05
rate	1.2813268446866316e-05
rate	1.4103666374680503e-05
rate	1.5455272178864533e-05
rate	1.687091455520723e-05
rate	1.8303845482969715e-05
rate	1.9809249365052407e-05
rate	2.1459011441346066e-05
rate	2.331965253080372e-05
rate	2.544403359417846e-05
rate	2.785483718721222e-05
rate	3.056397767985416e-05
rate	3.355568576691332e-05
rate	3.682826476991839e-05
rate	4.0432974258752566e-05
rate	4.4365835951323415e-05
rate	4.870363381618603e-05
rate	5.338948887585326e-05
rate	5.8564748242546166e-05
rate	6.454350148387048e-05
rate	7.155317275665501e-05
rate	7.95485582972797e-05
rate	8.817678892745633e-05
rate	9.752856793110097e-05
rate	0.00010827164947164994
rate	0.00012083941131572718
rate	0.00013527156907824594
rate	0.00015142681001378806
rate	0.00016901319435869217
rate	0.00018818641723471812
rate	0.0002090033427575688
rate	0.00023192526400998365
rate	0.0002612216282253853
rate	0.00029472421273179464
rate	0.0003297333032773428
rate	0.0003647644548848605
rate	0.00040112354937614167
rate	0.0004429904464448809
rate	0.0004919275317336447
rate	0.0005442021664841774
rate	0.0005972295842523417
rate	0.000650161882646014
rate	0.000703577026994515
rate	0.0007521082370362442
rate	0.0007983951438527111
rate	0.0008425451257657362
rate	0.0008849085975085901
rate	0.0009253018504200625
rate	0.0009636505253936685
rate	0.0009998555882092062
rate	0.0010339154534724424
rate	0.0010658639280548754
rate	0.0010956578259567018
rate	0.0011234027848878597
rate	0.001149140395071324
rate	0.0011729656401938877
rate	0.0011949821691013592
rate	3.672227020116589e-05
rate	2.4706927345498464e-06
rate	1.911695024425333e-06
rate	1.648688091319822e-06
rate	1.3035309440692595e-06
rate	1.1227539344718105e-06
rate	1.040585954203294e-06
rate	9.638987436432116e-07
rate	8.543483409606052e-07
rate	7.119386910451489e-07
rate	5.969208329247084e-07
rate	5.914433511687921e-07
rate	8.21480655754249e-07
rate	1.265181995398995e-06
rate	1.878813852408789e-06
rate	2.5145092774292025e-06
rate	3.057164896441487e-06
rate	3.5396187486263264e-06
rate	3.923449091573312e-06
rate	4.236033214336219e-06
rate	4.576077376071553e-06
rate	4.9106870357911575e-06
rate	5.053316844610583e-06
rate	4.9600446023376635e-06
rate	4.663813176589966e-06
rate	4.274387057336528e-06
rate	3.9453464651723225e-06
rate	3.6766651284389003e-06
rate	3.5450744811852828e-06
rate	3.501211078622814e-06
rate	3.501212835398992e-06
rate	3.501218984429449e-06
rate	3.517675241458741e-06
rate	3.610885893184221e-06
rate	3.742478079066791e-06
rate	3.950844919256947e-06
rate	4.208589046874105e-06
rate	4.5157254636667026e-06
rate	4.877761377657551e-06
rate	5.26180555938297e-06
rate	5.728219849885689e-06
rate	6.315452827221456e-06
rate	6.968702054632632e-06
rate	7.737433696432356e-06
rate	8.605279884733879e-06
rate	9.539366120259455e-06
rate	1.0627685300542437e-05
rate	1.1969352115355521e-05
rate	1.3537213786428586e-05
rate	1.532618304527409e-05
rate	1.720997282786685e-05
rate	1.915027660678362e-05
rate	2.1174848559183346e-05
rate	2.32729438536529e-05
rate	2.548344039702195e-05
rate	2.7856412196543485e-05
rate	3.0408747224603963e-05
rate	3.322374989499288e-05
rate	3.641288959824901e-05
rate	3.998866970732605e-05
rate	4.384711566727608e-05
rate	4.804545396874726e-05
rate	5.288105262921718e-05
rate	5.84134110785966e-05
rate	6.455713396432756e-05
rate	7.12994465852079e-05
rate	7.83911201836101e-05
rate	8.558037731350764e-05
rate	9.260705583324672e-05
rate	9.966839638855396e-05
rate	0.00010703195237055727
rate	0.00011514061719277063
rate	0.0001244317479051903
rate	0.0001352810775785154
rate	0.0001477016528343111
rate	0.00016137178134153384
rate	0.00017599790523155066
rate	0.00019187517518976787
rate	0.00020899364730051046
rate	0.00022745464500765103
rate	0.0002479369871506077
rate	0.0002704815554883084
rate	0.0002944031209532423
rate	0.0003193265214079032
rate	0.0003456361003145213
rate	0.0003783311781351003
rate	0.0004155210090938086
rate	0.00045410229779512304
rate	0.0004924106214762987
rate	0.0005314350677410851
rate	0.0005747697856129391
rate	0.0006250540413348976
rate	0.0006799645699439931
rate	0.0007367619558143016
rate	0.0007917098418851943
rate	0.0008435093623457107
rate	0.0008907181313255247
rate	0.0009358636543047548
rate	0.000978940580802232
rate	0.0010198299871101285
rate	0.0010584871358396816
rate	0.001094856581902334
rate	0.0011289213362055996
rate	0.001160763984954686
rate	0.0011904194053717334
rate	0.001217914230819376
rate	0.0012433862364775836
rate	0.0012668713919423407
rate	0.0012885175250881389
rate	0.0013084202153089144
rate	2.7788185002367035e-05
rate	1.6870529401481608e-06
rate	1.374761008026307e-06
rate	1.0734535299726181e-06
rate	8.926862748854141e-07
rate	8.652989756626408e-07
rate	7.995699616043538e-07
rate	7.174116800929803e-07
rate	6.571635994765736e-07
rate	5.804866894061744e-07
rate	4.983349818523393e-07
rate	4.709516271113494e-07
rate	5.257186104781543e-07
rate	6.46210443916036e-07
rate	8.21480655754249e-07
rate	1.029629182236186e-06
rate	1.1939703493083793e-06
rate	1.3144926494397899e-06
rate	1.3911895054668414e-06
rate	1.4295368643445977e-06
rate	1.4569268481397953e-06
rate	1.4952761803020895e-06
rate	1.4843182023664234e-06
rate	1.4843182023664234e-06
rate	1.4240548877543775e-06
rate	1.3911858874682153e-06
rate	1.3473596765534664e-06
rate	1.3364052068249661e-06
rate	1.3528430783548303e-06
rate	1.424066399979543e-06
rate	1.4952919694393525e-06
rate	1.5993943793253076e-06
rate	1.69802078854989e-06
rate	1.8295208022924363e-06
rate	1.966508276533229e-06
rate	2.14185796712226e-06
rate	2.3555844638519504e-06
rate	2.5967320403826237e-06
rate	2.8817561821993773e-06
rate	3.1942205075506237e-06
rate	3.5341344092174117e-06
rate	3.901508107961879e-06
rate	4.323774296337368e-06
rate	4.757079918547024e-06
rate	5.2233736766345e-06
rate	5.7226730785424105e-06
rate	6.276947294195801e-06
rate	6.880737331147753e-06
rate	7.506621453939484e-06
rate	8.143639929671871e-06
rate	8.808274849229265e-06
rate	9.53901748514112e-06
rate	1.0368884411465161e-05
rate	1.1380440548361872e-05
rate	1.2529888312460589e-05
rate	1.3811893177171195e-05
rate	1.5144072935036782e-05
rate	1.6537505753827362e-05
rate	1.794268594806721e-05
rate	1.941478008752898e-05
rate	2.102012713800804e-05
rate	2.2830733210504078e-05
rate	2.491878362789889e-05
rate	2.7318052355788462e-05
rate	3.0018348893375612e-05
rate	3.300946019639537e-05
rate	3.6253613629462625e-05
rate	3.9757445293782146e-05
rate	4.3499906962256374e-05
rate	4.7587929556284495e-05
rate	5.201176467691538e-05
rate	5.6940537750668885e-05
rate	6.266842692301275e-05
rate	6.941397405610564e-05
rate	7.711180997570187e-05
rate	8.539742245447797e-05
rate	9.438919423647819e-05
rate	0.00010477072559718854
rate	0.0001169972641316553
rate	0.0001310936775080562
rate	0.00014683098096346904
rate	0.00016390665902317881
rate	0.00018257686662461226
rate	0.00020294846482700948
rate	0.00022544034104020853
rate	0.0002541799192861554
rate	0.0002868648413225177
rate	0.00032109081347592606
rate	0.00035564872566865556
rate	0.0003919108378951924
rate	0.0004338729379122687
rate	0.00048277731307838216
rate	0.0005348743683927924
rate	0.0005875696335290493
rate	0.0006402627044707083
rate	0.0006937328017927957
rate	0.0007425544949854353
rate	0.0007894685833879031
rate	0.0008344454266267129
rate	0.0008776496196231261
rate	0.0009188998454760399
rate	0.0009581120606454742
rate	0.000995173086846185
rate	0.0010300744090078304
rate	0.001062846792393016
rate	0.0010934318854799985
rate	0.0011219403469672996
rate	0.0011484026597601378
rate	0.0011729152124037717
rate	0.0011955834294911268
rate	3.448584699147382e-05
rate	2.3583256744651775e-06
rate	1.8596365551688004e-06
rate	1.6048539864639649e-06
rate	1.2679205444305307e-06
rate	1.0816674782501806e-06
rate	9.995007310994304e-07
rate	9.200756016987799e-07
rate	8.105269525731394e-07
rate	6.708583996722239e-07
rate	5.585809534735557e-07
rate	5.558422125955975e-07
rate	7.940931099699613e-07
rate	1.2350507217296633e-06
rate	1.8431959691605285e-06
rate	2.4624393441319245e-06
rate	2.9804129715899017e-06
rate	3.4409179380873456e-06
rate	3.8110223841935507e-06
rate	4.11810810410985e-06
rate	4.452651304504863e-06
rate	4.770784532239713e-06
rate	4.910663293356282e-06
rate	4.836601217445951e-06
rate	4.578787179842559e-06
rate	4.233253275732827e-06
rate	3.9453464651723225e-06
rate	3.7013382306692077e-06
rate	3.5670051394300433e-06
rate	3.5039524246261107e-06
rate	3.4765399802221423e-06
rate	3.449130280897808e-06
rate	3.4436522283429684e-06
rate	3.531376509114757e-06
rate	3.6657069383707974e-06
rate	3.879552433811399e-06
rate	4.131804833906944e-06
rate	4.422475348302438e-06
rate	4.754321703172911e-06
rate	5.097188812036741e-06
rate	5.522404568805125e-06
rate	6.076647257352843e-06
rate	6.691390149120035e-06
rate	7.418833005094105e-06
rate	8.237104483049177e-06
rate	9.116069225286416e-06
rate	1.015469843569785e-05
rate	1.1471358326724745e-05
rate	1.3038934578511005e-05
rate	1.4841358905325065e-05
rate	1.6746878638303118e-05
rate	1.8681334169754076e-05
rate	2.0658603545257667e-05
rate	2.2645715449393943e-05
rate	2.4703480558928907e-05
rate	2.689842370613458e-05
rate	2.9280603697240124e-05
rate	3.197496874966012e-05
rate	3.512091736529027e-05
rate	3.871172237912508e-05
rate	4.2613000420972996e-05
rate	4.684017383281066e-05
rate	5.169602757200743e-05
rate	5.7211964817048064e-05
rate	6.329114817970814e-05
rate	6.992887899894867e-05
rate	7.68898108714367e-05
rate	8.395039621650053e-05
rate	9.088191925597985e-05
rate	9.789604229224809e-05
rate	0.00010528339587624291
rate	0.0001134097952610344
rate	0.00012261161747011758
rate	0.00013316769809384793
rate	0.0001451342559765115
rate	0.00015827134884127596
rate	0.00017243965444757952
rate	0.00018798527516463077
rate	0.00020494510538163853
rate	0.0002233545757188259
rate	0.0002436880169004126
rate	0.0002659104425946954
rate	0.0002894867128869336
rate	0.00031416893104062343
rate	0.00034038129487606254
rate	0.00037294608454873545
rate	0.0004096650035987206
rate	0.0004476122831673323
rate	0.0004852895687665339
rate	0.0005238765100374529
rate	0.0005670861892796002
rate	0.0006174122247757709
rate	0.0006724592612680917
rate	0.0007293202133660594
rate	0.0007843872441815573
rate	0.0008367042173001275
rate	0.0008844128879286943
rate	0.0009301206092257444
rate	0.000973767539992775
rate	0.0010152373761329828
rate	0.001054471705888776
rate	0.001091408986263344
rate	0.0011260300386844219
rate	0.0011584110037969643
rate	0.0011885887971896658
rate	0.0012165795050621312
rate	0.0012425230913918211
rate	0.0012664493640865751
rate	0.0012885131417566139
rate	0.001308804183999758
rate	2.6311638787887948e-05
rate	1.6103394181415258e-06
rate	1.3035355764090544e-06
rate	1.0296286343309048e-06
rate	8.707757999104349e-07
rate	8.433887198669021e-07
rate	7.831377628950137e-07
rate	7.009799744876709e-07
rate	6.434708538879362e-07
rate	5.640558055751539e-07
rate	4.819045910464694e-07
rate	4.545214006406113e-07
rate	5.092880553338348e-07
rate	6.24301941396645e-07
rate	7.940931099699613e-07
rate	9.940223451158764e-07
rate	1.1446648753245407e-06
rate	1.2597060487500607e-06
rate	1.3391409329111631e-06
rate	1.3857062682171195e-06
rate	1.4267934640889673e-06
rate	1.4733608822734702e-06
rate	1.467881893305637e-06
rate	1.467881893305637e-06
rate	1.3966613133942905e-06
rate	1.3528348833334398e-06
rate	1.3035303960543471e-06
rate	1.284357675808384e-06
rate	1.2925766115733162e-06
rate	1.355579380167514e-06
rate	1.4185838207644968e-06
rate	1.511723537215816e-06
rate	1.6021264866517694e-06
rate	1.7363621424637549e-06
rate	1.8733449549488266e-06
rate	2.0569102627990184e-06
rate	2.2733708366749898e-06
rate	2.517252105265344e-06
rate	2.796785515703913e-06
rate	3.1037569944091295e-06
rate	3.4381757683828883e-06
rate	3.8000518923878346e-06
rate	4.216816821361143e-06
rate	4.639132360684178e-06
rate	5.0916868783821516e-06
rate	5.574495733401886e-06
rate	6.11226948783358e-06
rate	6.7022943353809154e-06
rate	7.317151753821114e-06
rate	7.937642950601798e-06
rate	8.585740065584807e-06
rate	9.294432779157119e-06
rate	1.0107726961933879e-05
rate	1.1108183113803288e-05
rate	1.2246508178054863e-05
rate	1.3520119979661886e-05
rate	1.483287369120903e-05
rate	1.6204096952447497e-05
rate	1.7581526413164703e-05
rate	1.9020310810005555e-05
rate	2.0581242834670014e-05
rate	2.2341813890204433e-05
rate	2.439353366161932e-05
rate	2.6781267524364708e-05
rate	2.947272010689706e-05
rate	3.246323462587741e-05
rate	3.567896248900686e-05
rate	3.908191632881172e-05
rate	4.263397797318933e-05
rate	4.647222529638297e-05
rate	5.063404047797751e-05
rate	5.531632725879161e-05
rate	6.079335236215501e-05
rate	6.727477535555628e-05
rate	7.467506165412404e-05
rate	8.26180559814996e-05
rate	9.124982054185542e-05
rate	0.00010126980172272714
rate	0.00011315511694758344
rate	0.0001269157859378665
rate	0.00014223515191315005
rate	0.00015880012368766548
rate	0.00017696731601450643
rate	0.00019689358689645015
rate	0.00021895541807043345
rate	0.0002471382103469254
rate	0.00027900546991324073
rate	0.0003124483236745093
rate	0.00034653299645245054
rate	0.0003826981264142431
rate	0.00042475542937965647
rate	0.0004736270944231196
rate	0.0005255465703014074
rate	0.0005779096828057569
rate	0.0006303635262954028
rate	0.0006838885765910765
rate	0.0007330007529346264
rate	0.0007805420229230951
rate	0.0008263457274876895
rate	0.0008703906417376622
rate	0.0009124978405320173
rate	0.0009525735958972798
rate	0.0009904905854831636
rate	0.0010262333645432182
rate	0.001059829656731157
rate	0.0010912059450032955
rate	0.0011204779090467395
rate	0.0011476649244489517
rate	0.0011728647846136558
rate	0.001196184689880894
rate	3.224942378178175e-05
rate	2.245958614380509e-06
rate	1.807578085912268e-06
rate	1.561019881608108e-06
rate	1.232310144791802e-06
rate	1.0405810220285505e-06
rate	9.584155079955666e-07
rate	8.762524597543484e-07
rate	7.667055641856736e-07
rate	6.297781082992987e-07
rate	5.20241074022403e-07
rate	5.20241074022403e-07
rate	7.667055641856736e-07
rate	1.2049194480603315e-06
rate	1.807578085912268e-06
rate	2.410369410834647e-06
rate	2.903661046738317e-06
rate	3.342217127548365e-06
rate	3.6985956768137895e-06
rate	4.0001829938834815e-06
rate	4.329225232938173e-06
rate	4.63088202868827e-06
rate	4.768009742101982e-06
rate	4.7131578325542395e-06
rate	4.493761183095153e-06
rate	4.192119494129127e-06
rate	3.9453464651723225e-06
rate	3.726011332899515e-06
rate	3.5889357976748043e-06
rate	3.5066937706294076e-06
rate	3.4518671250452926e-06
rate	3.3970415773661675e-06
rate	3.3696292152271964e-06
rate	3.4518671250452926e-06
rate	3.5889357976748043e-06
rate	3.8082599483658513e-06
rate	4.055020620939781e-06
rate	4.329225232938173e-06
rate	4.63088202868827e-06
rate	4.93257206469051e-06
rate	5.31658928772456e-06
rate	5.83784168748423e-06
rate	6.414078243607439e-06
rate	7.100232313755854e-06
rate	7.868929081364473e-06
rate	8.692772330313379e-06
rate	9.681711570853263e-06
rate	1.0973364538093969e-05
rate	1.2540655370593428e-05
rate	1.435653476537604e-05
rate	1.6283784448739388e-05
rate	1.821239173272453e-05
rate	2.014235853133199e-05
rate	2.201848704513499e-05
rate	2.3923520720835863e-05
rate	2.594043521572567e-05
rate	2.8152460169876282e-05
rate	3.0726187604327354e-05
rate	3.3828945132331524e-05
rate	3.7434775050924117e-05
rate	4.137888517466991e-05
rate	4.5634893696874057e-05
rate	5.051100251479769e-05
rate	5.601051855549952e-05
rate	6.202516239508871e-05
rate	6.855831141268945e-05
rate	7.538850155926331e-05
rate	8.232041511949342e-05
rate	8.915678267871299e-05
rate	9.612368819594222e-05
rate	0.00010353483938192855
rate	0.00011167897332929817
rate	0.00012079148703504489
rate	0.00013105431860918046
rate	0.00014256685911871188
rate	0.00015517091634101809
rate	0.00016888140366360838
rate	0.00018409537513949364
rate	0.00020089656346276662
rate	0.0002192545064300008
rate	0.00023943904665021747
rate	0.0002613393297010823
rate	0.0002845703048206249
rate	0.00030901134067334363
rate	0.00033512648943760377
rate	0.00036756099096237066
rate	0.0004038089981036326
rate	0.00044112226853954163
rate	0.0004781685160567691
rate	0.0005163179523338206
rate	0.0005594025929462613
rate	0.0006097704082166442
rate	0.0006649539525921905
rate	0.0007218784709178171
rate	0.0007770646464779205
rate	0.0008298990722545443
rate	0.0008781076445318641
rate	0.000924377564146734
rate	0.0009685944991833181
rate	0.0010106447651558371
rate	0.0010504562759378706
rate	0.0010879613906243542
rate	0.0011231387411632441
rate	0.0011560580226392426
rate	0.0011867581890075984
rate	0.0012152447793048861
rate	0.0012416599463060585
rate	0.0012660273362308093
rate	0.0012885087584250888
rate	0.0013091881526906017
rate	2.483509257340886e-05
rate	1.5336258961348908e-06
rate	1.232310144791802e-06
rate	9.858037386891915e-07
rate	8.488653249354557e-07
rate	8.214784640711634e-07
rate	7.667055641856736e-07
rate	6.845482688823615e-07
rate	6.297781082992987e-07
rate	5.476249217441333e-07
rate	4.654742002405995e-07
rate	4.3809117416987325e-07
rate	4.928575001895152e-07
rate	6.023934388772541e-07
rate	7.667055641856736e-07
rate	9.584155079955666e-07
rate	1.0953594013407018e-06
rate	1.2049194480603315e-06
rate	1.2870923603554849e-06
rate	1.3418756720896411e-06
rate	1.3966600800381393e-06
rate	1.4514455842448507e-06
rate	1.4514455842448507e-06
rate	1.4514455842448507e-06
rate	1.3692677390342035e-06
rate	1.3144838791986643e-06
rate	1.259701115555228e-06
rate	1.232310144791802e-06
rate	1.232310144791802e-06
rate	1.2870923603554849e-06
rate	1.3418756720896411e-06
rate	1.4240526951063243e-06
rate	1.5062321847536492e-06
rate	1.6432034826350735e-06
rate	1.7801816333644242e-06
rate	1.9719625584757766e-06
rate	2.191157209498029e-06
rate	2.437772170148064e-06
rate	2.7118148492084485e-06
rate	3.0132934812676357e-06
rate	3.342217127548365e-06
rate	3.6985956768137895e-06
rate	4.109859346384918e-06
rate	4.521184802821331e-06
rate	4.960000080129803e-06
rate	5.426318388261361e-06
rate	5.9475916814713605e-06
rate	6.523851339614078e-06
rate	7.1276820537027455e-06
rate	7.731645971531726e-06
rate	8.363205281940348e-06
rate	9.049848073173117e-06
rate	9.846569512402598e-06
rate	1.0835925679244705e-05
rate	1.1963128043649135e-05
rate	1.3228346782152576e-05
rate	1.452167444738128e-05
rate	1.5870688151067632e-05
rate	1.7220366878262197e-05
rate	1.862584153248213e-05
rate	2.014235853133199e-05
rate	2.185289456990479e-05
rate	2.3868283695339748e-05
rate	2.624448269294095e-05
rate	2.8927091320418508e-05
rate	3.1917009055359455e-05
rate	3.5104311348551095e-05
rate	3.84063873638413e-05
rate	4.176804898412229e-05
rate	4.5356521036481434e-05
rate	4.925631627903963e-05
rate	5.3692116766914334e-05
rate	5.891827780129728e-05
rate	6.513557665500691e-05
rate	7.223831333254621e-05
rate	7.983868950852125e-05
rate	8.811044684723265e-05
rate	9.776887784826575e-05
rate	0.00010931296976351156
rate	0.00012273789436767677
rate	0.00013763932286283106
rate	0.00015369358835215215
rate	0.0001713577654044006
rate	0.00019083870896589083
rate	0.00021247049510065836
rate	0.00024009650140769547
rate	0.00027114609850396377
rate	0.0003038058338730925
rate	0.0003374172672362455
rate	0.00037348541493329384
rate	0.0004156379208470443
rate	0.00046447687576785707
rate	0.0005162187722100224
rate	0.0005682497320824644
rate	0.0006204643481200971
rate	0.0006740443513893573
rate	0.0007234470108838174
rate	0.0007716154624582871
rate	0.0008182460283486661
rate	0.0008631316638521982
rate	0.0009060958355879947
rate	0.0009470351311490854
rate	0.0009858080841201424
rate	0.001022392320078606
rate	0.001056812521069298
rate	0.0010889800045265922
rate	0.0011190154711261794
rate	0.0011469271891377654
rate	0.0011728143568235398
rate	0.0011967859502706615
rate	3.1287055919267454e-05
rate	2.174725342555947e-06
rate	1.730878379523896e-06
rate	1.4898044259408429e-06
rate	1.1802725063180557e-06
rate	9.995007306556253e-07
rate	9.228133010837353e-07
rate	8.461281181149928e-07
rate	7.420591151693465e-07
rate	6.106094148863561e-07
rate	5.038113405373067e-07
rate	5.038113405373067e-07
rate	7.393207577860578e-07
rate	1.1665753496614148e-06
rate	1.752790388876564e-06
rate	2.3473506330876244e-06
rate	2.840630914881566e-06
rate	3.2764363494852246e-06
rate	3.6245837806572256e-06
rate	3.91519871431607e-06
rate	4.227783241076743e-06
rate	4.515721856879087e-06
rate	4.644619518406783e-06
rate	4.592511426361756e-06
rate	4.381347986308357e-06
rate	4.0989057958377755e-06
rate	3.865845838476027e-06
rate	3.6629622684319096e-06
rate	3.5395942867296695e-06
rate	3.4710584133874036e-06
rate	3.4299375646728494e-06
rate	3.3860767971843424e-06
rate	3.3723704514410934e-06
rate	3.4628325639570725e-06
rate	3.605384944258947e-06
rate	3.827452252917615e-06
rate	4.0742146554197965e-06
rate	4.345678827953871e-06
rate	4.641852190815512e-06
rate	4.93531486623444e-06
rate	5.305616817431593e-06
rate	5.8049193287164034e-06
rate	6.3591982966001624e-06
rate	7.020640037253796e-06
rate	7.767355877025008e-06
rate	8.574695828579309e-06
rate	9.541622385581348e-06
rate	1.0786506777940116e-05
rate	1.2282237865726594e-05
rate	1.400722257874549e-05
rate	1.5843469412242757e-05
rate	1.7702983014244892e-05
rate	1.9583042547813785e-05
rate	2.1439508474721193e-05
rate	2.3344139575210038e-05
rate	2.5368901874582338e-05
rate	2.7591507082964913e-05
rate	3.0164707483924876e-05
rate	3.324193428136167e-05
rate	3.679437425080196e-05
rate	4.065992810669835e-05
rate	4.482320858686974e-05
rate	4.957833466448651e-05
rate	5.4950686030380474e-05
rate	6.084307098887322e-05
rate	6.723088637352811e-05
rate	7.391497341331387e-05
rate	8.075057128460167e-05
rate	8.758021308175393e-05
rate	9.461360626124285e-05
rate	0.00010214229305439111
rate	0.00011040999858540537
rate	0.00011961514303713152
rate	0.0001298935851844616
rate	0.00014133232705533066
rate	0.00015380381620214837
rate	0.00016737420613816426
rate	0.00018245169921929908
rate	0.00019919887553447306
rate	0.00021761618554116757
rate	0.00023799662617080754
rate	0.0002601701346974677
rate	0.00028366958047132895
rate	0.0003082217167322872
rate	0.00033425835464133093
rate	0.0003664142356849421
rate	0.00040249537670994525
rate	0.00043979066544267765
rate	0.0004770654936700135
rate	0.0005156014747497615
rate	0.0005590803664531467
rate	0.000609650704302194
rate	0.0006647655299418789
rate	0.0007214013320202617
rate	0.0007763927363531097
rate	0.0008293620461513209
rate	0.0008784776601400695
rate	0.0009254888328191199
rate	0.0009709169659816232
rate	0.00101480679828932
rate	0.0010571268507049228
rate	0.0010978706357456106
rate	0.0011370626581136347
rate	0.001174828839328564
rate	0.0012112718087646619
rate	0.0012464792808435986
rate	0.001280675462922331
rate	0.0013139948615447483
rate	0.0013467232507994107
rate	0.0013790936897143564
rate	2.408464072739503e-05
rate	1.5226685760320341e-06
rate	1.1994431171660148e-06
rate	9.556781917085085e-07
rate	8.187412846163234e-07
rate	7.886163676829986e-07
rate	7.338441251840936e-07
rate	6.571642841912807e-07
rate	6.023946713865128e-07
rate	5.257186104255888e-07
rate	4.4904479539621314e-07
rate	4.244000719325595e-07
rate	4.791661240877077e-07
rate	5.887015150135886e-07
rate	7.502743516548317e-07
rate	9.392445136145773e-07
rate	1.078926216334539e-06
rate	1.191224510722823e-06
rate	1.2733970119869473e-06
rate	1.3254410074161802e-06
rate	1.3774860168403586e-06
rate	1.4295320402995458e-06
rate	1.4295320402995458e-06
rate	1.4267929706263988e-06
rate	1.3500938676662862e-06
rate	1.298049378945809e-06
rate	1.246005904199775e-06
rate	1.218615070446692e-06
rate	1.218615070446692e-06
rate	1.2679190644540066e-06
rate	1.3199630050807468e-06
rate	1.3966613132627029e-06
rate	1.4761009110843174e-06
rate	1.6130707015805303e-06
rate	1.755526059641471e-06
rate	1.950044848123961e-06
rate	2.1692377443958037e-06
rate	2.415850730615712e-06
rate	2.687150884661089e-06
rate	2.9804050678325683e-06
rate	3.303843086318343e-06
rate	3.6547343602539723e-06
rate	4.055025563162735e-06
rate	4.455375695679862e-06
rate	4.883212021529736e-06
rate	5.341289836070326e-06
rate	5.854318206859308e-06
rate	6.422328015633267e-06
rate	7.017904554752742e-06
rate	7.6218442580893356e-06
rate	8.258868547710297e-06
rate	8.953722903483872e-06
rate	9.758656745671716e-06
rate	1.0739737791432964e-05
rate	1.1853156529191276e-05
rate	1.3096325283359276e-05
rate	1.43785864706871e-05
rate	1.5738539205575864e-05
rate	1.7123954466070028e-05
rate	1.858174044249034e-05
rate	2.0150632858628026e-05
rate	2.189429456676482e-05
rate	2.3904189754107392e-05
rate	2.6233426030363183e-05
rate	2.8838563834992795e-05
rate	3.172871690783676e-05
rate	3.482436322972422e-05
rate	3.807895295747176e-05
rate	4.146242633176667e-05
rate	4.511723731424463e-05
rate	4.910861582533303e-05
rate	5.361394988690739e-05
rate	5.8851148249464614e-05
rate	6.49870172974625e-05
rate	7.194050400453789e-05
rate	7.936552929175391e-05
rate	8.747220023766775e-05
rate	9.697273098948446e-05
rate	0.00010837996620274432
rate	0.00012168619256331268
rate	0.00013645859998828751
rate	0.00015237909619377743
rate	0.00016992168408162895
rate	0.0001892931368511554
rate	0.00021080974735166456
rate	0.0002382051678636851
rate	0.0002689662359223956
rate	0.0003014088037831361
rate	0.0003349569955928906
rate	0.0003710828579297407
rate	0.000413315139705128
rate	0.00046217036505601913
rate	0.0005139372852719684
rate	0.0005660984386693339
rate	0.0006186672789081708
rate	0.0006728283188687326
rate	0.0007231690130451023
rate	0.0007723968494012283
rate	0.0008202504587831603
rate	0.0008665945475740372
rate	0.0009117146450585068
rate	0.0009555669838350399
rate	0.0009980925045947973
rate	0.0010393446452480444
rate	0.001079430405767186
rate	0.001118382293546265
rate	0.0011564315318368884
rate	0.0011937317545789358
rate	0.0012305593936038262
rate	0.0012672533117663296
rate	3.0324688056753157e-05
rate	2.1034920707313855e-06
rate	1.6541786731355244e-06
rate	1.4185889702735775e-06
rate	1.1282348678443093e-06
rate	9.584204392827001e-07
rate	8.87211094171904e-07
rate	8.160037764756374e-07
rate	7.174126661530195e-07
rate	5.914407214734136e-07
rate	4.873816070522102e-07
rate	4.873816070522102e-07
rate	7.119359513864419e-07
rate	1.1282312512624979e-06
rate	1.69800269184086e-06
rate	2.2843318553406025e-06
rate	2.777600783024816e-06
rate	3.2106555714220845e-06
rate	3.5505718845006613e-06
rate	3.830214434748659e-06
rate	4.126341249215313e-06
rate	4.400561685069904e-06
rate	4.5212292947115845e-06
rate	4.471865020169273e-06
rate	4.268934789521561e-06
rate	4.005692097546424e-06
rate	3.786345211779732e-06
rate	3.599913203964304e-06
rate	3.4902527757845352e-06
rate	3.4354230561454e-06
rate	3.408008004300406e-06
rate	3.3751120170025178e-06
rate	3.3751116876549905e-06
rate	3.4737980028688528e-06
rate	3.6218340908430896e-06
rate	3.846644557469378e-06
rate	4.093408689899812e-06
rate	4.362132422969569e-06
rate	4.652822352942754e-06
rate	4.938057667778368e-06
rate	5.294644347138625e-06
rate	5.771996969948578e-06
rate	6.304318349592886e-06
rate	6.941047760751737e-06
rate	7.665782672685543e-06
rate	8.456619326845239e-06
rate	9.401533200309431e-06
rate	1.0599649017786264e-05
rate	1.2023820360859757e-05
rate	1.365791039211494e-05
rate	1.5403154375746122e-05
rate	1.7193574295765257e-05
rate	1.9023726564295582e-05
rate	2.0860529904307395e-05
rate	2.2764758429584212e-05
rate	2.4797368533439002e-05
rate	2.7030553996053547e-05
rate	2.9603227363522402e-05
rate	3.2654923430391814e-05
rate	3.6153973450679796e-05
rate	3.99409710387268e-05
rate	4.4011523476865434e-05
rate	4.8645666814175334e-05
rate	5.3890853505261435e-05
rate	5.966097958265773e-05
rate	6.590346133436677e-05
rate	7.244144526736445e-05
rate	7.918072744970991e-05
rate	8.600364348479486e-05
rate	9.310352432654347e-05
rate	0.00010074974672685366
rate	0.00010914102384151258
rate	0.00011843879903921815
rate	0.00012873285175974276
rate	0.00014009779499194944
rate	0.00015243671606327867
rate	0.00016586700861272015
rate	0.00018080802329910453
rate	0.00019750118760617953
rate	0.00021597786465233436
rate	0.0002365542056913976
rate	0.00025900093969385307
rate	0.000282768856122033
rate	0.0003074320927912307
rate	0.0003333902198450581
rate	0.00036526748040751353
rate	0.00040118175531625796
rate	0.0004384590623458136
rate	0.0004759624712832579
rate	0.0005148849971657024
rate	0.000558758139960032
rate	0.0006095310003877438
rate	0.0006645771072915673
rate	0.0007209241931227065
rate	0.0007757208262282988
rate	0.0008288250200480975
rate	0.0008788476757482748
rate	0.0009266001014915058
rate	0.0009732394327799283
rate	0.001018968831422803
rate	0.0010637974254719747
rate	0.0011077798808668668
rate	0.0011509865750640254
rate	0.0011935996560178857
rate	0.0012357854285217251
rate	0.0012777137823823108
rate	0.001319690979538603
rate	0.0013619623868586872
rate	0.0014049377431737326
rate	0.0014489992267381112
rate	2.3334188881381205e-05
rate	1.5117112559291775e-06
rate	1.1665760895402276e-06
rate	9.255526447278255e-07
rate	7.886172442971912e-07
rate	7.557542712948337e-07
rate	7.009826861825135e-07
rate	6.297802995001999e-07
rate	5.750112344737268e-07
rate	5.038122991070443e-07
rate	4.3261539055182674e-07
rate	4.107089696952458e-07
rate	4.6547474798590004e-07
rate	5.750095911499232e-07
rate	7.338431391239897e-07
rate	9.200735192335879e-07
rate	1.0624930313283763e-06
rate	1.1775295733853148e-06
rate	1.25970166361841e-06
rate	1.309006342742719e-06
rate	1.3583119536425777e-06
rate	1.4076184963542409e-06
rate	1.4076184963542409e-06
rate	1.402140357007947e-06
rate	1.3309199962983688e-06
rate	1.2816148786929535e-06
rate	1.232310692844322e-06
rate	1.204919996101582e-06
rate	1.204919996101582e-06
rate	1.2487457685525283e-06
rate	1.2980503380718525e-06
rate	1.3692699314190815e-06
rate	1.4459696374149857e-06
rate	1.582937920525987e-06
rate	1.7308704859185174e-06
rate	1.928127137772146e-06
rate	2.1473182792935788e-06
rate	2.3939292910833596e-06
rate	2.6624869201137293e-06
rate	2.947516654397501e-06
rate	3.2654690450883216e-06
rate	3.6108730436941547e-06
rate	4.000191779940553e-06
rate	4.389566588538392e-06
rate	4.8064239629296675e-06
rate	5.256261283879292e-06
rate	5.761044732247255e-06
rate	6.320804691652457e-06
rate	6.908127055802738e-06
rate	7.5120425446469455e-06
rate	8.154531813480247e-06
rate	8.857597733794625e-06
rate	9.670743978940836e-06
rate	1.0643549903621223e-05
rate	1.1743185014733417e-05
rate	1.2964303784565975e-05
rate	1.4235498493992919e-05
rate	1.5606390260084095e-05
rate	1.702754205387786e-05
rate	1.853763935249855e-05
rate	2.015890718592406e-05
rate	2.1935694563624852e-05
rate	2.3940095812875037e-05
rate	2.6222369367785416e-05
rate	2.8750036349567078e-05
rate	3.1540424760314066e-05
rate	3.454441511089734e-05
rate	3.775151855110222e-05
rate	4.1156803679411036e-05
rate	4.487795359200784e-05
rate	4.8960915371626424e-05
rate	5.3535783006900435e-05
rate	5.8784018697631956e-05
rate	6.483845793991809e-05
rate	7.164269467652956e-05
rate	7.889236907498656e-05
rate	8.683395362810284e-05
rate	9.617658413070317e-05
rate	0.00010744696264197706
rate	0.00012063449075894857
rate	0.00013527787711374397
rate	0.00015106460403540269
rate	0.00016848560275885732
rate	0.00018774756473641997
rate	0.00020914899960267078
rate	0.00023631383431967472
rate	0.0002667863733408274
rate	0.00029901177369317974
rate	0.0003324967239495357
rate	0.00036868030092618753
rate	0.00041099235856321167
rate	0.0004598638543441812
rate	0.0005116557983339143
rate	0.0005639471452562035
rate	0.0006168702096962445
rate	0.000671612286348108
rate	0.0007228910152063871
rate	0.0007731782363441696
rate	0.0008222548892176546
rate	0.0008700574312958762
rate	0.0009173334545290188
rate	0.0009640988365209944
rate	0.001010376925069452
rate	0.001056296970417483
rate	0.001102048290465074
rate	0.001147784582565938
rate	0.0011938475925475974
rate	0.001240536320020106
rate	0.0012883044303841126
rate	0.0013377206732619977
rate	2.936232019423886e-05
rate	2.0322587989068236e-06
rate	1.5774789667471528e-06
rate	1.3473735146063124e-06
rate	1.0761972293705631e-06
rate	9.173401479097749e-07
rate	8.516088872600729e-07
rate	7.858794348362819e-07
rate	6.927662171366924e-07
rate	5.72272028060471e-07
rate	4.709518735671139e-07
rate	4.709518735671139e-07
rate	6.845511449868261e-07
rate	1.0898871528635811e-06
rate	1.643214994805156e-06
rate	2.22131307759358e-06
rate	2.714570651168065e-06
rate	3.144874793358944e-06
rate	3.476559988344097e-06
rate	3.7452301551812476e-06
rate	4.024899257353882e-06
rate	4.2854015132607205e-06
rate	4.397839071016386e-06
rate	4.3512186139767895e-06
rate	4.156521592734766e-06
rate	3.912478399255073e-06
rate	3.7068445850834362e-06
rate	3.536864139496698e-06
rate	3.4409112648394005e-06
rate	3.399787698903396e-06
rate	3.386078443927963e-06
rate	3.3641472368206927e-06
rate	3.3778529238688876e-06
rate	3.4847634417806327e-06
rate	3.6382832374272324e-06
rate	3.865836862021141e-06
rate	4.112602724379828e-06
rate	4.3785860179852665e-06
rate	4.6637925150699965e-06
rate	4.940800469322298e-06
rate	5.283671876845657e-06
rate	5.739074611180752e-06
rate	6.24943840258561e-06
rate	6.861455484249679e-06
rate	7.564209468346078e-06
rate	8.338542825111169e-06
rate	9.261444015037516e-06
rate	1.0412791257632413e-05
rate	1.1765402855992922e-05
rate	1.3308598205484392e-05
rate	1.496283933924949e-05
rate	1.6684165577285618e-05
rate	1.8464410580777376e-05
rate	2.0281551333893596e-05
rate	2.2185377283958387e-05
rate	2.422583519229567e-05
rate	2.6469600909142182e-05
rate	2.9041747243119925e-05
rate	3.206791257942196e-05
rate	3.551357265055764e-05
rate	3.9222013970755235e-05
rate	4.3199838366861126e-05
rate	4.771299896386416e-05
rate	5.28310209801424e-05
rate	5.8478888176442235e-05
rate	6.457603629520543e-05
rate	7.096791712141501e-05
rate	7.761088361481817e-05
rate	8.442707388783579e-05
rate	9.159344239184408e-05
rate	9.93572003993162e-05
rate	0.00010787204909761978
rate	0.00011726245504130477
rate	0.0001275721183350239
rate	0.00013886326292856822
rate	0.00015106961592440896
rate	0.00016435981108727603
rate	0.00017916434737890997
rate	0.00019580349967788596
rate	0.00021433954376350113
rate	0.00023511178521198764
rate	0.0002578317446902384
rate	0.000281868131772737
rate	0.00030664246885017427
rate	0.00033252208504878526
rate	0.000364120725130085
rate	0.0003998681339225706
rate	0.00043712745924894957
rate	0.0004748594488965023
rate	0.0005141685195816433
rate	0.0005584359134669173
rate	0.0006094112964732936
rate	0.0006643886846412556
rate	0.0007204470542251511
rate	0.000775048916103488
rate	0.000828287993944874
rate	0.0008792176913564802
rate	0.0009277113701638917
rate	0.0009755618995782334
rate	0.001023130864556286
rate	0.0010704680002390269
rate	0.0011176891259881232
rate	0.0011649104920144159
rate	0.001212370472707207
rate	0.0012602990482787886
rate	0.0013089482839210233
rate	0.0013587064961548755
rate	0.001409929912172626
rate	0.0014631522355480545
rate	0.0015189047637618658
rate	2.2583737035367376e-05
rate	1.5007539358263208e-06
rate	1.1337090619144405e-06
rate	8.954270977471424e-07
rate	7.58493203978059e-07
rate	7.228921749066689e-07
rate	6.681212471809335e-07
rate	6.023963148091191e-07
rate	5.476277975609409e-07
rate	4.819059877884998e-07
rate	4.161859857074404e-07
rate	3.9701786745793204e-07
rate	4.517833718840924e-07
rate	5.613176672862577e-07
rate	7.174119265931477e-07
rate	9.009025248525987e-07
rate	1.0460598463222137e-06
rate	1.1638346360478066e-06
rate	1.2460063152498725e-06
rate	1.2925716780692577e-06
rate	1.339137890444797e-06
rate	1.3857049524089362e-06
rate	1.3857049524089362e-06
rate	1.377487743389495e-06
rate	1.3117461249304516e-06
rate	1.2651803784400981e-06
rate	1.2186154814888689e-06
rate	1.1912249217564718e-06
rate	1.1912249217564718e-06
rate	1.22957247265105e-06
rate	1.2761376710629582e-06
rate	1.3418785495754602e-06
rate	1.415838363745654e-06
rate	1.5528051394714438e-06
rate	1.7062149121955642e-06
rate	1.9062094274203304e-06
rate	2.1253988141913534e-06
rate	2.3720078515510078e-06
rate	2.6378229555663698e-06
rate	2.9146282409624335e-06
rate	3.2270950038583e-06
rate	3.5670117271343375e-06
rate	3.94535799671837e-06
rate	4.3237574813969224e-06
rate	4.7296359043296e-06
rate	5.1712327316882574e-06
rate	5.667771257635202e-06
rate	6.219281367671646e-06
rate	6.798349556852735e-06
rate	7.4022408312045555e-06
rate	8.050195079250196e-06
rate	8.76147256410538e-06
rate	9.582831212209953e-06
rate	1.0547362015809481e-05
rate	1.1633213500275558e-05
rate	1.2832282285772677e-05
rate	1.409241051729874e-05
rate	1.5474241314592323e-05
rate	1.6931129641685687e-05
rate	1.849353826250676e-05
rate	2.0167181513220092e-05
rate	2.1977094560484886e-05
rate	2.397600187164268e-05
rate	2.621131270520765e-05
rate	2.8661508864141365e-05
rate	3.135213261279137e-05
rate	3.426446699207047e-05
rate	3.742408414473268e-05
rate	4.085118102705541e-05
rate	4.463866986977104e-05
rate	4.881321491791982e-05
rate	5.345761612689349e-05
rate	5.871688914579929e-05
rate	6.468989858237366e-05
rate	7.134488534852122e-05
rate	7.841920885821922e-05
rate	8.619570701853794e-05
rate	9.538043727192188e-05
rate	0.00010651395908120982
rate	0.00011958278895458446
rate	0.0001340971542392004
rate	0.00014975011187702797
rate	0.00016704952143608567
rate	0.00018620199262168457
rate	0.00020748825185367697
rate	0.00023442250077566434
rate	0.0002646065107592593
rate	0.0002966147436032233
rate	0.00033003645230618076
rate	0.0003662777439226344
rate	0.00040866957742129536
rate	0.00045755734363234327
rate	0.0005093743113958603
rate	0.0005617958518430731
rate	0.0006150731404843181
rate	0.0006703962538274833
rate	0.000722613017367672
rate	0.000773959623287111
rate	0.0008242593196521489
rate	0.0008735203150177153
rate	0.0009229522639995309
rate	0.0009726306892069489
rate	0.0010226613455441066
rate	0.0010732492955869216
rate	0.0011246661751629621
rate	0.0011771868715856107
rate	0.0012312636532583062
rate	0.0012873408854612764
rate	0.001346049467164399
rate	0.0014081880347576658
rate	2.8399952331724565e-05
rate	1.9610255270822616e-06
rate	1.500779260358781e-06
rate	1.276158058939047e-06
rate	1.0241595908968167e-06
rate	8.762598565368497e-07
rate	8.160066803482416e-07
rate	7.557550931969263e-07
rate	6.681197681203653e-07
rate	5.531033346475285e-07
rate	4.545221400820175e-07
rate	4.545221400820175e-07
rate	6.571663385872103e-07
rate	1.0515430544646642e-06
rate	1.588427297769452e-06
rate	2.1582942998465577e-06
rate	2.6515405193113143e-06
rate	3.0790940152958037e-06
rate	3.402548092187533e-06
rate	3.6602458756138365e-06
rate	3.923457265492452e-06
rate	4.170241341451538e-06
rate	4.274448847321187e-06
rate	4.230572207784307e-06
rate	4.0441083959479705e-06
rate	3.819264700963722e-06
rate	3.627343958387141e-06
rate	3.4738150750290924e-06
rate	3.391569753894266e-06
rate	3.3641523416613923e-06
rate	3.36414888355552e-06
rate	3.3531824566388676e-06
rate	3.3805941600827846e-06
rate	3.4957288806924126e-06
rate	3.6547323840113753e-06
rate	3.885029166572904e-06
rate	4.131796758859843e-06
rate	4.395039613000965e-06
rate	4.674762677197238e-06
rate	4.943543270866227e-06
rate	5.272699406552689e-06
rate	5.7061522524129266e-06
rate	6.1945584555783335e-06
rate	6.781863207747621e-06
rate	7.4626362640066125e-06
rate	8.220466323377098e-06
rate	9.1213548297656e-06
rate	1.022593349747856e-05
rate	1.1506985351126088e-05
rate	1.2959286018853842e-05
rate	1.4522524302752858e-05
rate	1.6174756858805983e-05
rate	1.790509459725917e-05
rate	1.9702572763479798e-05
rate	2.160599613833256e-05
rate	2.3654301851152334e-05
rate	2.5908647822230813e-05
rate	2.8480267122717448e-05
rate	3.1480901728452104e-05
rate	3.4873171850435476e-05
rate	3.850305690278368e-05
rate	4.238815325685681e-05
rate	4.678033111355298e-05
rate	5.177118845502335e-05
rate	5.729679677022674e-05
rate	6.32486112560441e-05
rate	6.949438897546558e-05
rate	7.604103977992641e-05
rate	8.285050429087672e-05
rate	9.008336045714471e-05
rate	9.796465407177877e-05
rate	0.00010660307435372699
rate	0.0001160861110433914
rate	0.00012641138491030507
rate	0.000137628730865187
rate	0.00014970251578553926
rate	0.0001628526135618319
rate	0.00017752067145871542
rate	0.00019410581174959243
rate	0.0002127012228746679
rate	0.0002336693647325777
rate	0.00025666254968662375
rate	0.00028096740742344104
rate	0.0003058528449091178
rate	0.0003316539502525124
rate	0.0003629739698526564
rate	0.00039855451252888334
rate	0.0004357958561520856
rate	0.00047375642650974666
rate	0.0005134520419975842
rate	0.0005581136869738027
rate	0.0006092915925588434
rate	0.000664200261990944
rate	0.0007199699153275958
rate	0.0007743770059786771
rate	0.0008277509678416506
rate	0.0008795877069646855
rate	0.0009288226388362777
rate	0.0009778843663765385
rate	0.001027292897689769
rate	0.0010771385750060788
rate	0.0011275983711093796
rate	0.0011788344089648064
rate	0.0012311412893965287
rate	0.0012848126680358519
rate	0.0013401827854597355
rate	0.001397722012771148
rate	0.0014578974374865649
rate	0.0015213667279223764
rate	0.0015888103007856205
rate	2.183328518935355e-05
rate	1.4897966157234642e-06
rate	1.1008420342886533e-06
rate	8.653015507664595e-07
rate	7.283691636589268e-07
rate	6.900300785185041e-07
rate	6.352598081793535e-07
rate	5.750123301180384e-07
rate	5.202443606481549e-07
rate	4.5999967646995525e-07
rate	3.9975658086305406e-07
rate	3.833267652206183e-07
rate	4.3809199578228486e-07
rate	5.476257434225922e-07
rate	7.009807140623058e-07
rate	8.817315304716094e-07
rate	1.029626661316051e-06
rate	1.1501396987102981e-06
rate	1.232310966881335e-06
rate	1.2761370133957967e-06
rate	1.3199638272470162e-06
rate	1.3637914084636312e-06
rate	1.3637914084636312e-06
rate	1.3528351297710431e-06
rate	1.2925722535625342e-06
rate	1.2487458781872428e-06
rate	1.2049202701334159e-06
rate	1.1775298474113619e-06
rate	1.1775298474113619e-06
rate	1.2103991767495717e-06
rate	1.2542250040540638e-06
rate	1.3144871677318388e-06
rate	1.3857070900763221e-06
rate	1.5226723584169005e-06
rate	1.6815593384726107e-06
rate	1.884291717068515e-06
rate	2.103479349089128e-06
rate	2.3500864120186555e-06
rate	2.61315899101901e-06
rate	2.881739827527366e-06
rate	3.1887209626282783e-06
rate	3.52315041057452e-06
rate	3.8905242134961876e-06
rate	4.257948374255453e-06
rate	4.652847845729532e-06
rate	5.0862041794972224e-06
rate	5.57449778302315e-06
rate	6.1177580436908355e-06
rate	6.688572057902731e-06
rate	7.2924391177621655e-06
rate	7.945858345020146e-06
rate	8.665347394416133e-06
rate	9.494918445479073e-06
rate	1.045117412799774e-05
rate	1.1523241985817699e-05
rate	1.2700260786979377e-05
rate	1.394932254060456e-05
rate	1.5342092369100554e-05
rate	1.6834717229493517e-05
rate	1.8449437172514975e-05
rate	2.0175455840516127e-05
rate	2.2018494557344918e-05
rate	2.4011907930410326e-05
rate	2.620025604262988e-05
rate	2.8572981378715648e-05
rate	3.1163840465268677e-05
rate	3.398451887324359e-05
rate	3.709664973836314e-05
rate	4.054555837469978e-05
rate	4.439938614753424e-05
rate	4.866551446421322e-05
rate	5.337944924688654e-05
rate	5.8649759593966625e-05
rate	6.454133922482925e-05
rate	7.10470760205129e-05
rate	7.794604864145188e-05
rate	8.555746040897303e-05
rate	9.458429041314059e-05
rate	0.00010558095552044257
rate	0.00011853108715022037
rate	0.00013291643136465684
rate	0.00014843561971865322
rate	0.000165613440113314
rate	0.00018465642050694914
rate	0.00020582750410468316
rate	0.00023253116723165397
rate	0.0002624266481776911
rate	0.0002942177135132669
rate	0.00032757618066282584
rate	0.00036387518691908123
rate	0.00040634679627937905
rate	0.00045525083292050533
rate	0.0005070928244578063
rate	0.0005596445584299427
rate	0.0006132760712723918
rate	0.0006691802213068586
rate	0.0007223350195289567
rate	0.0007747410102300523
rate	0.0008262637500866431
rate	0.0008769831987395542
rate	0.0009285710734700429
rate	0.0009811625418929034
rate	0.0010349457660187614
rate	0.00109020162075636
rate	0.0011472840598608502
rate	0.0012065891606052837
rate	0.0012686797139690152
rate	0.001334145450902447
rate	0.0014037945039446853
rate	0.001478655396253334
rate	2.7437584469210268e-05
rate	1.8897922552576999e-06
rate	1.4240795539704091e-06
rate	1.204942603271782e-06
rate	9.721219524230705e-07
rate	8.351795651639245e-07
rate	7.804044734364103e-07
rate	7.256307515575709e-07
rate	6.434733191040383e-07
rate	5.33934641234586e-07
rate	4.3809240659692113e-07
rate	4.3809240659692113e-07
rate	6.297815321875944e-07
rate	1.0131989560657475e-06
rate	1.533639600733748e-06
rate	2.0952755220995357e-06
rate	2.588510387454564e-06
rate	3.0133132372326635e-06
rate	3.328536196030969e-06
rate	3.5752615960464254e-06
rate	3.822015273631022e-06
rate	4.055081169642355e-06
rate	4.151058623625988e-06
rate	4.109925801591824e-06
rate	3.931695199161174e-06
rate	3.726051002672371e-06
rate	3.547843331690846e-06
rate	3.410766010561487e-06
rate	3.3422282429491315e-06
rate	3.3285169844193882e-06
rate	3.3422193231830767e-06
rate	3.342217676457043e-06
rate	3.383335396296682e-06
rate	3.506694319604193e-06
rate	3.6711815305955178e-06
rate	3.904221471124667e-06
rate	4.150990793339858e-06
rate	4.411493208016663e-06
rate	4.685732839324481e-06
rate	4.946286072410157e-06
rate	5.261726936259722e-06
rate	5.6732298936451e-06
rate	6.139678508571058e-06
rate	6.702270931245562e-06
rate	7.361063059667147e-06
rate	8.102389821643028e-06
rate	8.981265644493684e-06
rate	1.0039075737324708e-05
rate	1.1248567846259253e-05
rate	1.2609973832223292e-05
rate	1.4082209266256225e-05
rate	1.5665348140326344e-05
rate	1.7345778613740963e-05
rate	1.9123594193066e-05
rate	2.1026614992706735e-05
rate	2.3082768510009e-05
rate	2.5347694735319444e-05
rate	2.7918787002314974e-05
rate	3.089389087748225e-05
rate	3.423277105031332e-05
rate	3.7784099834812126e-05
rate	4.15764681468525e-05
rate	4.58476632632418e-05
rate	5.071135592990431e-05
rate	5.611470536401125e-05
rate	6.192118621688275e-05
rate	6.802086082951614e-05
rate	7.447119594503465e-05
rate	8.127393469391766e-05
rate	8.857327852244534e-05
rate	9.657210774424133e-05
rate	0.0001053340996098342
rate	0.00011490976704547803
rate	0.00012525065148558622
rate	0.00013639419880180577
rate	0.00014833541564666954
rate	0.00016134541603638776
rate	0.00017587699553852086
rate	0.00019240812382129887
rate	0.0002110629019858347
rate	0.00023222694425316777
rate	0.0002554933546830091
rate	0.0002800666830741451
rate	0.00030506322096806134
rate	0.00033078581545623964
rate	0.00036182721457522787
rate	0.000397240891135196
rate	0.0004344642530552216
rate	0.000472653404122991
rate	0.0005127355644135251
rate	0.0005577914604806881
rate	0.0006091718886443932
rate	0.0006640118393406324
rate	0.0007194927764300404
rate	0.0007737050958538663
rate	0.0008272139417384272
rate	0.0008799577225728908
rate	0.0009299339075086636
rate	0.0009802068331748437
rate	0.001031454930823252
rate	0.001083809149773131
rate	0.0011375076162306358
rate	0.001192758325915197
rate	0.0012499121060858501
rate	0.0013093262877929153
rate	0.001371417286998448
rate	0.0014367375293874202
rate	0.0015058649628005038
rate	0.001579581220296698
rate	0.0016587158378093753
rate	2.108283334333972e-05
rate	1.4788392956206076e-06
rate	1.0679750066628661e-06
rate	8.351760037857765e-07
rate	6.982451233397945e-07
rate	6.571679821303392e-07
rate	6.023983691777734e-07
rate	5.476283454269576e-07
rate	4.92860923735369e-07
rate	4.380933651514107e-07
rate	3.8332717601866766e-07
rate	3.6963566298330457e-07
rate	4.244006196804773e-07
rate	5.339338195589268e-07
rate	6.845495015314639e-07
rate	8.6256053609062e-07
rate	1.0131934763098882e-06
rate	1.1364447613727897e-06
rate	1.2186156185127977e-06
rate	1.2597023487223358e-06
rate	1.3007897640492355e-06
rate	1.3418778645183263e-06
rate	1.3418778645183263e-06
rate	1.3281825161525912e-06
rate	1.2733983821946168e-06
rate	1.2323113779343874e-06
rate	1.1912250587779629e-06
rate	1.163834773066252e-06
rate	1.163834773066252e-06
rate	1.1912258808480934e-06
rate	1.2323123370451695e-06
rate	1.2870957858882174e-06
rate	1.3555758164069904e-06
rate	1.4925395773623573e-06
rate	1.6569037647496575e-06
rate	1.8623740067166997e-06
rate	2.0815598839869026e-06
rate	2.328164972486303e-06
rate	2.588495026471651e-06
rate	2.8488514140922987e-06
rate	3.1503469213982567e-06
rate	3.4792890940147027e-06
rate	3.835690430274006e-06
rate	4.192139267113983e-06
rate	4.576059787129465e-06
rate	5.0011756273061874e-06
rate	5.481224308411098e-06
rate	6.016234719710024e-06
rate	6.578794558952727e-06
rate	7.1826374043197755e-06
rate	7.841521610790095e-06
rate	8.569222224726888e-06
rate	9.40700567874819e-06
rate	1.0354986240185999e-05
rate	1.1413270471359838e-05
rate	1.2568239288186077e-05
rate	1.3806234563910378e-05
rate	1.5209943423608786e-05
rate	1.673830481730135e-05
rate	1.8405336082523184e-05
rate	2.0183730167812162e-05
rate	2.205989455420495e-05
rate	2.404781398917797e-05
rate	2.618919938005211e-05
rate	2.8484453893289934e-05
rate	3.097554831774598e-05
rate	3.370457075441672e-05
rate	3.67692153319936e-05
rate	4.023993572234416e-05
rate	4.416010242529744e-05
rate	4.851781401050662e-05
rate	5.330128236687959e-05
rate	5.858263004213396e-05
rate	6.439277986728483e-05
rate	7.074926669250457e-05
rate	7.747288842468455e-05
rate	8.491921379940813e-05
rate	9.37881435543593e-05
rate	0.00010464795195967533
rate	0.00011747938534585628
rate	0.0001317357084901133
rate	0.0001471211275602785
rate	0.00016417735879054236
rate	0.00018311084839221371
rate	0.00020416675635568938
rate	0.0002306398336876436
rate	0.00026024678559612293
rate	0.0002918206834233105
rate	0.000325115909019471
rate	0.0003614726299155281
rate	0.00040402401513746274
rate	0.0004529443222086674
rate	0.0005048113375197521
rate	0.0005574932650168123
rate	0.0006114790020604656
rate	0.0006679641887862339
rate	0.0007220570216902416
rate	0.0007755223971729936
rate	0.0008282681805211374
rate	0.0008804460824613932
rate	0.000934189882940555
rate	0.000989694394578858
rate	0.0010472301864934163
rate	0.0011071539459257987
rate	0.0011699019445587382
rate	0.0012359914496249565
rate	0.0013060957746797242
rate	0.0013809500163436171
rate	0.0014615395407249717
rate	0.001549122757749002
rate	2.6475216606695972e-05
rate	1.8185589834331381e-06
rate	1.3473798475820375e-06
rate	1.1337271476045166e-06
rate	9.200843139493243e-07
rate	7.940992737909993e-07
rate	7.448022665245791e-07
rate	6.955064099182155e-07
rate	6.188268700877113e-07
rate	5.147659478216434e-07
rate	4.216626731118248e-07
rate	4.216626731118248e-07
rate	6.023967257879786e-07
rate	9.748548576668307e-07
rate	1.4788519036980441e-06
rate	2.0322567443525133e-06
rate	2.5254802555978133e-06
rate	2.9475324591695233e-06
rate	3.254524299874405e-06
rate	3.490277316479014e-06
rate	3.7205732817695925e-06
rate	3.939920997833172e-06
rate	4.02766839993079e-06
rate	3.9892793953993404e-06
rate	3.819282002374379e-06
rate	3.6328373043810204e-06
rate	3.4683427049945503e-06
rate	3.3477169460938813e-06
rate	3.2928867320039967e-06
rate	3.292881627177384e-06
rate	3.3202897628106335e-06
rate	3.331252896275218e-06
rate	3.386076632510579e-06
rate	3.517659758515973e-06
rate	3.6876306771796606e-06
rate	3.92341377567643e-06
rate	4.170184827819873e-06
rate	4.427946803032361e-06
rate	4.696703001451723e-06
rate	4.949028873954086e-06
rate	5.250754465966754e-06
rate	5.640307534877274e-06
rate	6.084798561563782e-06
rate	6.622678654743504e-06
rate	7.259489855327681e-06
rate	7.984313319908958e-06
rate	8.841176459221769e-06
rate	9.852217977170856e-06
rate	1.0990150341392416e-05
rate	1.2260661645592742e-05
rate	1.3641894229759592e-05
rate	1.5155939421846709e-05
rate	1.678646263022276e-05
rate	1.8544615622652205e-05
rate	2.044723384708091e-05
rate	2.251123516886567e-05
rate	2.4786741648408078e-05
rate	2.7357306881912496e-05
rate	3.0306880026512394e-05
rate	3.359237025019116e-05
rate	3.706514276684057e-05
rate	4.076478303684819e-05
rate	4.491499541293062e-05
rate	4.965152340478527e-05
rate	5.493261395779576e-05
rate	6.059376117772142e-05
rate	6.65473326835667e-05
rate	7.29013521101429e-05
rate	7.96973650969586e-05
rate	8.706319658774595e-05
rate	9.517956141670387e-05
rate	0.0001040651248659414
rate	0.00011373342304756466
rate	0.00012408991806086737
rate	0.00013515966673842452
rate	0.00014696831550779982
rate	0.00015983821851094364
rate	0.00017423331961832634
rate	0.0001907104358930053
rate	0.00020942458109700146
rate	0.00023078452377375784
rate	0.0002543241596793945
rate	0.00027916595872484913
rate	0.0003042735970270049
rate	0.0003299176806599668
rate	0.00036068045929779933
rate	0.00039592726974150866
rate	0.00043313264995835756
rate	0.0004715503817362354
rate	0.0005120190868294659
rate	0.0005574692339875733
rate	0.0006090521847299429
rate	0.0006638234166903208
rate	0.0007190156375324851
rate	0.0007730331857290554
rate	0.0008266769156352038
rate	0.0008803277381810961
rate	0.0009310451761810495
rate	0.0009825292999731487
rate	0.0010356169639567348
rate	0.0010904797245401832
rate	0.0011474168613518922
rate	0.0012066822428655876
rate	0.0012686829227751715
rate	0.0013338399075499788
rate	0.0014026517885371605
rate	0.0014757530460036926
rate	0.0015538324881144427
rate	0.00163779571267102
rate	0.00172862137483313
rate	2.033238149732589e-05
rate	1.467881975517751e-06
rate	1.035107979037079e-06
rate	8.050504568050935e-07
rate	6.681210830206622e-07
rate	6.243058857421745e-07
rate	5.695369301761934e-07
rate	5.202443607358769e-07
rate	4.65477486822583e-07
rate	4.161870538328662e-07
rate	3.668977711742813e-07
rate	3.5594456074599083e-07
rate	4.107092435786697e-07
rate	5.202418956952613e-07
rate	6.681182890006219e-07
rate	8.433895417096308e-07
rate	9.967602913037257e-07
rate	1.1227498240352814e-06
rate	1.2049202701442602e-06
rate	1.2432676840488745e-06
rate	1.2816157008514546e-06
rate	1.3199643205730214e-06
rate	1.3199643205730214e-06
rate	1.3035299025341391e-06
rate	1.2542245108266995e-06
rate	1.215876877681532e-06
rate	1.1775298474225099e-06
rate	1.1501396987211418e-06
rate	1.1501396987211418e-06
rate	1.172052584946615e-06
rate	1.210399670036275e-06
rate	1.259704404044596e-06
rate	1.3254445427376586e-06
rate	1.4624067963078142e-06
rate	1.6322481910267042e-06
rate	1.8404562963648845e-06
rate	2.0596404188846777e-06
rate	2.306243532953951e-06
rate	2.5638310619242915e-06
rate	2.8159630006572318e-06
rate	3.111972880168235e-06
rate	3.4354277774548855e-06
rate	3.780856647051823e-06
rate	4.126330159972514e-06
rate	4.4992717285293975e-06
rate	4.916147075115153e-06
rate	5.387950833799045e-06
rate	5.9147113957292134e-06
rate	6.469017060002723e-06
rate	7.072835690877385e-06
rate	7.737184876560045e-06
rate	8.473097055037643e-06
rate	9.319092912017308e-06
rate	1.0258798352374258e-05
rate	1.1303298956901979e-05
rate	1.2436217789392776e-05
rate	1.3663146587216198e-05
rate	1.5077794478117017e-05
rate	1.664189240510918e-05
rate	1.8361234992531394e-05
rate	2.0192004495108196e-05
rate	2.210129455106498e-05
rate	2.408372004794561e-05
rate	2.6178142717474343e-05
rate	2.839592640786422e-05
rate	3.078725617022329e-05
rate	3.3424622635589846e-05
rate	3.6441780925624065e-05
rate	3.9934313069988534e-05
rate	4.392081870306064e-05
rate	4.837011355680002e-05
rate	5.3223115486872644e-05
rate	5.85155004903013e-05
rate	6.424422050974042e-05
rate	7.045145736449624e-05
rate	7.69997282079172e-05
rate	8.428096718984323e-05
rate	9.299199669557802e-05
rate	0.00010371494839890809
rate	0.00011642768354149217
rate	0.00013055498561556975
rate	0.0001458066354019038
rate	0.00016274127746777073
rate	0.00018156527627747829
rate	0.00020250600860669557
rate	0.0002287485001436332
rate	0.00025806692301455475
rate	0.00028942365333335413
rate	0.00032265563737611606
rate	0.000359070072911975
rate	0.00040170123399554643
rate	0.00045063781149682947
rate	0.0005025298505816981
rate	0.0005553419716036818
rate	0.0006096819328485392
rate	0.0006667481562656093
rate	0.0007217790238515265
rate	0.0007763037841159348
rate	0.0008302726109556315
rate	0.0008839089661832323
rate	0.000939808692411067
rate	0.0009982262472648124
rate	0.001059514606968071
rate	0.0011241062710952371
rate	0.0011925198292566264
rate	0.0012653937386446293
rate	0.0013435118353904332
rate	0.0014277545817847877
rate	0.0015192845775052581
rate	0.00161959011924467
rate	2.5512848744181676e-05
rate	1.7473257116085762e-06
rate	1.2706801411936659e-06
rate	1.0625116919372514e-06
rate	8.680466754755779e-07
rate	7.530189824180742e-07
rate	7.092000596127479e-07
rate	6.6538206827886e-07
rate	5.941804210713842e-07
rate	4.955972544087009e-07
rate	4.052329396267284e-07
rate	4.052329396267284e-07
rate	5.750119193883627e-07
rate	9.365107592679138e-07
rate	1.42406420666234e-06
rate	1.969237966605491e-06
rate	2.4624501237410625e-06
rate	2.881751681106383e-06
rate	3.1805124037178406e-06
rate	3.4052930369116027e-06
rate	3.619131289908162e-06
rate	3.824760826023989e-06
rate	3.904278176235592e-06
rate	3.868632989206857e-06
rate	3.7068688055875832e-06
rate	3.5396236060896693e-06
rate	3.3888420782982547e-06
rate	3.2846678816262758e-06
rate	3.2435452210588624e-06
rate	3.2572462699353805e-06
rate	3.2983602024381904e-06
rate	3.320288116093393e-06
rate	3.3888178687244763e-06
rate	3.5286251974277527e-06
rate	3.7040798237638035e-06
rate	3.9426060802281926e-06
rate	4.1893788622998885e-06
rate	4.444400398048059e-06
rate	4.707673163578965e-06
rate	4.951771675498015e-06
rate	5.239781995673786e-06
rate	5.607385176109449e-06
rate	6.029918614556505e-06
rate	6.543086378241446e-06
rate	7.157916650988216e-06
rate	7.866236818174888e-06
rate	8.701087273949852e-06
rate	9.665360217017005e-06
rate	1.0731732836525582e-05
rate	1.1911349458962193e-05
rate	1.3201579193262959e-05
rate	1.464653070336707e-05
rate	1.6227146646704554e-05
rate	1.7965637052238406e-05
rate	1.9867852701455084e-05
rate	2.1939701827722333e-05
rate	2.4225788561496713e-05
rate	2.679582676151002e-05
rate	2.971986917554254e-05
rate	3.2951969450069e-05
rate	3.6346185698869016e-05
rate	3.995309792684388e-05
rate	4.3982327562619444e-05
rate	4.859169087966623e-05
rate	5.3750522551580266e-05
rate	5.9266336138560086e-05
rate	6.507380453761728e-05
rate	7.133150827525115e-05
rate	7.812079549999954e-05
rate	8.555311465304656e-05
rate	9.378701508916642e-05
rate	0.0001027961501220486
rate	0.00011255707904965129
rate	0.00012292918463614852
rate	0.0001339251346750433
rate	0.00014560121536893013
rate	0.00015833102098549952
rate	0.00017258964369813178
rate	0.00018901274796471177
rate	0.00020778626020816822
rate	0.0002293421032943479
rate	0.00025315496467577986
rate	0.0002782652343755532
rate	0.0003034839730859484
rate	0.00032904954586369397
rate	0.00035953370402037074
rate	0.0003946136483478214
rate	0.0004318010468614935
rate	0.0004704473593494798
rate	0.0005113026092454068
rate	0.0005571470074944586
rate	0.0006089324808154927
rate	0.0006636349940400092
rate	0.0007185384986349298
rate	0.0007723612756042446
rate	0.0008261398895319803
rate	0.0008806977537893014
rate	0.0009321564448534354
rate	0.0009848517667714538
rate	0.0010397789970902178
rate	0.001097150299307235
rate	0.0011573261064731486
rate	0.001220606159815978
rate	0.0012874537394644931
rate	0.001358353527307042
rate	0.0014338862900758727
rate	0.001514768562619965
rate	0.0016018000134283817
rate	0.0016960102050453418
rate	0.0017985269118568846
rate	1.9581929651312065e-05
rate	1.4569246554148943e-06
rate	1.0022409514112918e-06
rate	7.749249098244105e-07
rate	6.3799704270153e-07
rate	5.914437893540097e-07
rate	5.366754911746133e-07
rate	4.928603760447961e-07
rate	4.3809404990979713e-07
rate	3.942807425143217e-07
rate	3.5046836632989497e-07
rate	3.422534585086771e-07
rate	3.9701786747686206e-07
rate	5.065499718315958e-07
rate	6.5168707646978e-07
rate	8.242185473286415e-07
rate	9.80327106297563e-07
rate	1.1090548866977732e-06
rate	1.1912249217757227e-06
rate	1.2268330193754136e-06
rate	1.2624416376536739e-06
rate	1.2980507766277167e-06
rate	1.2980507766277167e-06
rate	1.2788772889156872e-06
rate	1.2350506394587823e-06
rate	1.1994423774286766e-06
rate	1.1638346360670569e-06
rate	1.1364446243760317e-06
rate	1.1364446243760317e-06
rate	1.1528792890451366e-06
rate	1.1884870030273807e-06
rate	1.2323130222009747e-06
rate	1.2953132690683268e-06
rate	1.4322740152532708e-06
rate	1.6075926173037508e-06
rate	1.8185385860130691e-06
rate	2.0377209537824523e-06
rate	2.2843220934215987e-06
rate	2.539167097376932e-06
rate	2.7830745872221644e-06
rate	3.0735988389382134e-06
rate	3.391566460895068e-06
rate	3.7260228638296404e-06
rate	4.060521052831044e-06
rate	4.422483669929329e-06
rate	4.831118522924119e-06
rate	5.294677359186992e-06
rate	5.813188071748403e-06
rate	6.35923956105272e-06
rate	6.963033977434995e-06
rate	7.632848142329994e-06
rate	8.376971885348396e-06
rate	9.231180145286428e-06
rate	1.0162610464562517e-05
rate	1.119332744244412e-05
rate	1.2304196290599476e-05
rate	1.3520058610522017e-05
rate	1.4945645532625247e-05
rate	1.654547999291701e-05
rate	1.8317133902539607e-05
rate	2.020027882240423e-05
rate	2.214269454792501e-05
rate	2.4119626106713256e-05
rate	2.6167086054896575e-05
rate	2.8307398922438504e-05
rate	3.059896402270059e-05
rate	3.3144674516762967e-05
rate	3.611434651925453e-05
rate	3.96286904176329e-05
rate	4.3681534980823846e-05
rate	4.822241310309341e-05
rate	5.31449486068657e-05
rate	5.8448370938468635e-05
rate	6.409566115219601e-05
rate	7.015364803648792e-05
rate	7.652656799114986e-05
rate	8.364272058027832e-05
rate	9.219584983679673e-05
rate	0.00010278194483814084
rate	0.00011537598173712807
rate	0.0001293742627410262
rate	0.00014449214324352904
rate	0.00016130519614499908
rate	0.00018001970416274286
rate	0.00020084526085770176
rate	0.0002268571665996228
rate	0.0002558870604329866
rate	0.0002870266232433977
rate	0.00032019536573276114
rate	0.0003566675159084218
rate	0.0003993784528536301
rate	0.00044833130078499153
rate	0.0005002483636436441
rate	0.0005531906781905514
rate	0.0006078848636366129
rate	0.0006655321237449846
rate	0.0007215010260128113
rate	0.0007770851710588761
rate	0.0008322770413901258
rate	0.0008873718499050713
rate	0.000945427501881579
rate	0.0010067580999507668
rate	0.0010717990274427256
rate	0.0011410585962646756
rate	0.0012151377139545145
rate	0.0012947960276643022
rate	0.0013809278961011422
rate	0.0014745591472259578
rate	0.0015770296142855445
rate	0.0016900574807403382
rate	2.4550480881667376e-05
rate	1.6760924397840143e-06
rate	1.193980434805294e-06
rate	9.912962362699863e-07
rate	8.160090370018317e-07
rate	7.119386910451489e-07
rate	6.735978527009166e-07
rate	6.352577266395044e-07
rate	5.695339720550571e-07
rate	4.7642856099575833e-07
rate	3.8880320614163203e-07
rate	3.8880320614163203e-07
rate	5.476271129887469e-07
rate	8.98166660868997e-07
rate	1.369276509626636e-06
rate	1.9062191888584685e-06
rate	2.3994199918843118e-06
rate	2.8159709030432425e-06
rate	3.1065005075612767e-06
rate	3.3203087573441915e-06
rate	3.5176892980467322e-06
rate	3.709600654214806e-06
rate	3.7808879525403926e-06
rate	3.747986583014374e-06
rate	3.5944556088007875e-06
rate	3.446409907798318e-06
rate	3.3093414516019596e-06
rate	3.2216188171586698e-06
rate	3.1942037101137277e-06
rate	3.2216109126933765e-06
rate	3.276430642065747e-06
rate	3.309323335911568e-06
rate	3.3915591049383733e-06
rate	3.5395906363395326e-06
rate	3.7205289703479464e-06
rate	3.9617983847799555e-06
rate	4.2085728967799045e-06
rate	4.460853993063756e-06
rate	4.718643325706207e-06
rate	4.954514477041945e-06
rate	5.228809525380819e-06
rate	5.574462817341623e-06
rate	5.975038667549229e-06
rate	6.4634941017393875e-06
rate	7.056343446648751e-06
rate	7.748160316440818e-06
rate	8.560998088677937e-06
rate	9.47850245686315e-06
rate	1.0473315331658747e-05
rate	1.1562037272331643e-05
rate	1.2761264156766328e-05
rate	1.4137121984887434e-05
rate	1.5667830663186348e-05
rate	1.7386658481824608e-05
rate	1.9288471555829255e-05
rate	2.1368168486579e-05
rate	2.3664835474585344e-05
rate	2.623434664110754e-05
rate	2.9132858324572683e-05
rate	3.231156864994684e-05
rate	3.5627228630897454e-05
rate	3.914141281683957e-05
rate	4.304965971230827e-05
rate	4.7531858354547185e-05
rate	5.256843114536477e-05
rate	5.7938911099398746e-05
rate	6.360027639166784e-05
rate	6.976166444035939e-05
rate	7.654422590304046e-05
rate	8.404303271834719e-05
rate	9.239446876162898e-05
rate	0.00010152717537815581
rate	0.00011138073505173791
rate	0.00012176845121142969
rate	0.00013269060261166207
rate	0.0001442341152300604
rate	0.0001568238234600554
rate	0.00017094596777793723
rate	0.0001873150600364182
rate	0.000206147939319335
rate	0.00022789968281493794
rate	0.0002519857696721652
rate	0.00027736451002625717
rate	0.000302694349144892
rate	0.00032818141106742113
rate	0.0003583869487429422
rate	0.00039330002695413404
rate	0.00043046944376462954
rate	0.0004693443369627242
rate	0.0005105861316613477
rate	0.000556824781001344
rate	0.0006088127769010425
rate	0.0006634465713896975
rate	0.0007180613597373744
rate	0.0007716893654794337
rate	0.0008256028634287569
rate	0.0008810677693975068
rate	0.0009332677135258213
rate	0.000987174233569759
rate	0.0010439410302237008
rate	0.0011038208740742873
rate	0.001167235351594405
rate	0.0012345300767663686
rate	0.0013062245561538146
rate	0.0013828671470641055
rate	0.0014651207916145852
rate	0.0015537840792362375
rate	0.0016497675387423206
rate	0.0017542246974196637
rate	0.0018684324488806394
rate	1.8831477805298236e-05
rate	1.4459673353120376e-06
rate	9.693739237855046e-07
rate	7.447993628437275e-07
rate	6.078730023823977e-07
rate	5.585816929658449e-07
rate	5.038140521730333e-07
rate	4.6547639135371534e-07
rate	4.1071061299701114e-07
rate	3.723744311957772e-07
rate	3.3403896148550857e-07
rate	3.2856235627136336e-07
rate	3.833264913750545e-07
rate	4.928580479679304e-07
rate	6.35255863938938e-07
rate	8.050475529476522e-07
rate	9.638939212914002e-07
rate	1.0953599493602647e-06
rate	1.1775295734071852e-06
rate	1.2103983547019523e-06
rate	1.243267574455893e-06
rate	1.2761372326824116e-06
rate	1.2761372326824116e-06
rate	1.2542246752972353e-06
rate	1.2158767680908647e-06
rate	1.1830078771758212e-06
rate	1.1501394247116037e-06
rate	1.1227495500309218e-06
rate	1.1227495500309218e-06
rate	1.1337059931436584e-06
rate	1.1665743360184863e-06
rate	1.2049216403573533e-06
rate	1.265181995398995e-06
rate	1.4021412341987277e-06
rate	1.5829370435807975e-06
rate	1.7966208756612537e-06
rate	2.015801488680227e-06
rate	2.262400653889247e-06
rate	2.5145031328295724e-06
rate	2.750186173787097e-06
rate	3.0352247977081918e-06
rate	3.3477051443352507e-06
rate	3.671189080607458e-06
rate	3.994711945689575e-06
rate	4.345695611329262e-06
rate	4.746089970733084e-06
rate	5.20140388457494e-06
rate	5.711664747767592e-06
rate	6.249462062102715e-06
rate	6.853232263992605e-06
rate	7.528511408099944e-06
rate	8.280846715659151e-06
rate	9.143267378555545e-06
rate	1.0066422576750776e-05
rate	1.1083355927986261e-05
rate	1.2172174791806178e-05
rate	1.3376970633827838e-05
rate	1.4813496587133478e-05
rate	1.6449067580724838e-05
rate	1.8273032812547817e-05
rate	2.0208553149700263e-05
rate	2.2184094544785046e-05
rate	2.41555321654809e-05
rate	2.6156029392318808e-05
rate	2.821887143701279e-05
rate	3.0410671875177894e-05
rate	3.2864726397936094e-05
rate	3.578691211288498e-05
rate	3.932306776527728e-05
rate	4.3442251258587045e-05
rate	4.807471264938681e-05
rate	5.306678172685875e-05
rate	5.838124138663597e-05
rate	6.394710179465158e-05
rate	6.985583870847958e-05
rate	7.605340777438252e-05
rate	8.300447397071342e-05
rate	9.139970297801544e-05
rate	0.0001018489412773736
rate	0.00011432427993276397
rate	0.00012819353986648262
rate	0.00014317765108515433
rate	0.00015986911482222742
rate	0.00017847413204800746
rate	0.00019918451310870796
rate	0.00022496583305561243
rate	0.00025370719785141845
rate	0.0002846295931534413
rate	0.0003177350940894062
rate	0.00035426495890486867
rate	0.0003970556717117138
rate	0.0004460247900731536
rate	0.00049796687670559
rate	0.000551039384777421
rate	0.0006060877944246866
rate	0.0006643160912243599
rate	0.0007212230281740962
rate	0.0007778665580018175
rate	0.00083428147182462
rate	0.0008908347336269103
rate	0.0009510463113520911
rate	0.0010152899526367214
rate	0.0010840834479173805
rate	0.001158010921434114
rate	0.0012377555986524025
rate	0.001324198316683975
rate	0.001418343956811851
rate	0.0015213637126671284
rate	0.001634774651065831
rate	0.0017605248422360063
rate	2.358811301915308e-05
rate	1.6048591679594527e-06
rate	1.1172807284169222e-06
rate	9.200807806027209e-07
rate	7.639713985280853e-07
rate	6.708583996722239e-07
rate	6.379956457890854e-07
rate	6.051333850001489e-07
rate	5.448875230387301e-07
rate	4.572598675828158e-07
rate	3.723734726565357e-07
rate	3.723734726565357e-07
rate	5.202423065891311e-07
rate	8.598225624700801e-07
rate	1.314488812590932e-06
rate	1.8432004111114466e-06
rate	2.3363898600275614e-06
rate	2.7501901249801024e-06
rate	3.032488611404713e-06
rate	3.23532447777678e-06
rate	3.416247306185302e-06
rate	3.594440482405623e-06
rate	3.657497728845194e-06
rate	3.6273401768218905e-06
rate	3.482042412013992e-06
rate	3.353196209506967e-06
rate	3.2298408249056644e-06
rate	3.158569752691064e-06
rate	3.1448621991685934e-06
rate	3.185975555451373e-06
rate	3.254501081693304e-06
rate	3.298358555729743e-06
rate	3.3943003411522704e-06
rate	3.550556075251313e-06
rate	3.736978116932089e-06
rate	3.9809906893317185e-06
rate	4.22776693125992e-06
rate	4.4773075880794545e-06
rate	4.729613487833449e-06
rate	4.957257278585873e-06
rate	5.2178370550878505e-06
rate	5.541540458573797e-06
rate	5.920158720541953e-06
rate	6.3839018252373295e-06
rate	6.954770242309286e-06
rate	7.630083814706748e-06
rate	8.42090890340602e-06
rate	9.2916446967093e-06
rate	1.021489782679191e-05
rate	1.1212725085701093e-05
rate	1.2320949120269693e-05
rate	1.3627713266407797e-05
rate	1.5108514679668145e-05
rate	1.680767991141081e-05
rate	1.870909041020343e-05
rate	2.0796635145435665e-05
rate	2.3103882387673975e-05
rate	2.5672866520705068e-05
rate	2.854584747360283e-05
rate	3.167116784982468e-05
rate	3.49082715629259e-05
rate	3.832972770683525e-05
rate	4.211699186199709e-05
rate	4.647202582942814e-05
rate	5.138633973914928e-05
rate	5.6611486060237405e-05
rate	6.21267482457184e-05
rate	6.819182060546764e-05
rate	7.49676563060814e-05
rate	8.253295078364782e-05
rate	9.100192243409154e-05
rate	0.00010025820063426302
rate	0.00011020439105382454
rate	0.00012060771778671084
rate	0.00013145607054828085
rate	0.00014286701509119072
rate	0.0001553166259346113
rate	0.00016930229185774267
rate	0.00018561737210812468
rate	0.00020450961843050179
rate	0.000226457262335528
rate	0.00025081657466855054
rate	0.0002764637856769612
rate	0.0003019047252038355
rate	0.0003273132762711483
rate	0.0003572401934655136
rate	0.00039198640556044675
rate	0.00042913784066776555
rate	0.00046824131457596856
rate	0.0005098696540772886
rate	0.0005565025545082294
rate	0.0006086930729865924
rate	0.0006632581487393859
rate	0.0007175842208398191
rate	0.0007710174553546229
rate	0.0008250658373255335
rate	0.0008814377850057121
rate	0.0009343789821982072
rate	0.0009894967003680642
rate	0.0010481030633571837
rate	0.0011104914488413392
rate	0.0011771445967156612
rate	0.0012484539937167593
rate	0.0013249953728431362
rate	0.0014073807668211688
rate	0.0014963552931532976
rate	0.0015927995958525097
rate	0.0016977350640562593
rate	0.0018124391897939855
rate	0.0019383379859043942
rate	1.808102595928441e-05
rate	1.435010015209181e-06
rate	9.365068961597175e-07
rate	7.146738158630445e-07
rate	5.777489620632655e-07
rate	5.2571959657768e-07
rate	4.7095261317145325e-07
rate	4.380924066626346e-07
rate	3.8332717608422526e-07
rate	3.5046811987723263e-07
rate	3.1760955664112223e-07
rate	3.148712540340496e-07
rate	3.6963511527324693e-07
rate	4.791661241042649e-07
rate	6.188246514080961e-07
rate	7.858765585666629e-07
rate	9.474607362852374e-07
rate	1.0816650120227563e-06
rate	1.163834225038648e-06
rate	1.1939636900284914e-06
rate	1.2240935112581122e-06
rate	1.2542236887371069e-06
rate	1.2542236887371069e-06
rate	1.2295720616787834e-06
rate	1.1967028967229475e-06
rate	1.1665733769229658e-06
rate	1.1364442133561507e-06
rate	1.109054475685812e-06
rate	1.109054475685812e-06
rate	1.11453269724218e-06
rate	1.144661669009592e-06
rate	1.1775302585137319e-06
rate	1.2350507217296633e-06
rate	1.3720084531441843e-06
rate	1.558281469857844e-06
rate	1.7747031653094384e-06
rate	1.993882023578002e-06
rate	2.2404792143568945e-06
rate	2.489839168282213e-06
rate	2.7172977603520296e-06
rate	2.99685075647817e-06
rate	3.303843827775433e-06
rate	3.6163552973852752e-06
rate	3.928902838548105e-06
rate	4.268907552729194e-06
rate	4.661061418542049e-06
rate	5.1081304099628875e-06
rate	5.610141423786782e-06
rate	6.139684563152712e-06
rate	6.7434305505502146e-06
rate	7.4241746738698934e-06
rate	8.184721545969905e-06
rate	9.055354611824665e-06
rate	9.970234688939035e-06
rate	1.0973384413528402e-05
rate	1.2040153293012878e-05
rate	1.3233882657133657e-05
rate	1.4681347641641708e-05
rate	1.635265516853267e-05
rate	1.822893172255603e-05
rate	2.0216827476996297e-05
rate	2.2225494541645077e-05
rate	2.4191438224248545e-05
rate	2.614497272974104e-05
rate	2.8130343951587074e-05
rate	3.02223797276552e-05
rate	3.2584778279109215e-05
rate	3.5459477706515445e-05
rate	3.901744511292165e-05
rate	4.320296753635025e-05
rate	4.7927012195680206e-05
rate	5.29886148468518e-05
rate	5.831411183480331e-05
rate	6.379854243710717e-05
rate	6.955802938047126e-05
rate	7.558024755761517e-05
rate	8.236622736114851e-05
rate	9.060355611923415e-05
rate	0.00010091593771660634
rate	0.00011327257812839987
rate	0.00012701281699193908
rate	0.00014186315892677958
rate	0.0001584330334994558
rate	0.00017692855993327203
rate	0.00019752376535971418
rate	0.00022307449951160206
rate	0.00025152733526985027
rate	0.00028223256306348493
rate	0.0003152748224460513
rate	0.0003518624019013155
rate	0.0003947328905697975
rate	0.00044371827936131567
rate	0.000495685389767536
rate	0.0005488880913642906
rate	0.0006042907252127602
rate	0.0006631000587037352
rate	0.000720945030335381
rate	0.0007786479449447588
rate	0.0008362859022591143
rate	0.0008942976173487492
rate	0.0009566651208226031
rate	0.001023821805322676
rate	0.0010963678683920354
rate	0.0011749632466035527
rate	0.0012603734833502905
rate	0.001353600605703648
rate	0.00145576001752256
rate	0.0015681682781082988
rate	0.0016925196878461175
rate	0.0018309922037316744
rate	2.2625745156638783e-05
rate	1.5336258961348908e-06
rate	1.0405810220285505e-06
rate	8.488653249354557e-07
rate	7.11933760054339e-07
rate	6.297781082992987e-07
rate	6.023934388772541e-07
rate	5.750090433607935e-07
rate	5.20241074022403e-07
rate	4.3809117416987325e-07
rate	3.559437391714393e-07
rate	3.559437391714393e-07
rate	4.928575001895152e-07
rate	8.214784640711634e-07
rate	1.259701115555228e-06
rate	1.7801816333644242e-06
rate	2.2733597281708107e-06
rate	2.684409346916962e-06
rate	2.9584767152481485e-06
rate	3.150340198209369e-06
rate	3.314805314323872e-06
rate	3.47928031059644e-06
rate	3.5341075051499953e-06
rate	3.5066937706294076e-06
rate	3.3696292152271964e-06
rate	3.259982511215616e-06
rate	3.150340198209369e-06
rate	3.0955206882234586e-06
rate	3.0955206882234586e-06
rate	3.150340198209369e-06
rate	3.232571521320861e-06
rate	3.287393775547918e-06
rate	3.3970415773661675e-06
rate	3.561521514163093e-06
rate	3.7534272635162317e-06
rate	4.0001829938834815e-06
rate	4.246960965739935e-06
rate	4.493761183095153e-06
rate	4.7405836499606915e-06
rate	4.960000080129803e-06
rate	5.206864584794883e-06
rate	5.508618099805971e-06
rate	5.865278773534676e-06
rate	6.3043095487352714e-06
rate	6.8531970379698206e-06
rate	7.512007312972678e-06
rate	8.280819718134105e-06
rate	9.104786936555447e-06
rate	9.956480321925076e-06
rate	1.0863412899070543e-05
rate	1.1880634083773062e-05
rate	1.311830454792816e-05
rate	1.4549198696149939e-05
rate	1.622870134099701e-05
rate	1.8129709264577604e-05
rate	2.0225101804292332e-05
rate	2.254292930076261e-05
rate	2.511138640030259e-05
rate	2.7958836622632973e-05
rate	3.103076704970252e-05
rate	3.4189314494954344e-05
rate	3.7518042596830945e-05
rate	4.1184324011685914e-05
rate	4.54121933043091e-05
rate	5.020424833293379e-05
rate	5.528406102107607e-05
rate	6.0653220099768974e-05
rate	6.662197677057588e-05
rate	7.339108670912233e-05
rate	8.102286884894843e-05
rate	8.960937610655409e-05
rate	9.898922589037022e-05
rate	0.00010902804705591117
rate	0.00011944698436199199
rate	0.00013022153848489963
rate	0.000141499914952321
rate	0.00015380942840916717
rate	0.00016765861593754812
rate	0.00018391968417983112
rate	0.00020287129754166855
rate	0.00022501484185611807
rate	0.0002496473796649359
rate	0.00027556306132766527
rate	0.00030111510126277905
rate	0.00032644514147487546
rate	0.0003560934381880851
rate	0.0003906727841667594
rate	0.0004278062375709015
rate	0.00046713829218921295
rate	0.0005091531764932295
rate	0.0005561803280151147
rate	0.0006085733690721422
rate	0.0006630697260890744
rate	0.0007171070819422638
rate	0.000770345545229812
rate	0.0008245288112223101
rate	0.0008818078006139175
rate	0.0009354902508705932
rate	0.0009918191671663692
rate	0.0010522650964906667
rate	0.0011171620236083914
rate	0.0011870538418369176
rate	0.0012623779106671498
rate	0.0013437661895324576
rate	0.0014318943865782323
rate	0.0015275897946920099
rate	0.0016318151124687821
rate	0.0017457025893701983
rate	0.0018706536821683074
rate	0.002008243522928149
rate	1.733057411327058e-05
rate	1.4240526951063243e-06
rate	9.036398685339303e-07
rate	6.845482688823615e-07
rate	5.476249217441333e-07
rate	4.928575001895152e-07
rate	4.3809117416987325e-07
rate	4.107084219715538e-07
rate	3.559437391714393e-07
rate	3.2856180855868813e-07
rate	3.011801517967359e-07
rate	3.011801517967359e-07
rate	3.559437391714393e-07
rate	4.654742002405995e-07
rate	6.023934388772541e-07
rate	7.667055641856736e-07
rate	9.310275512790748e-07
rate	1.067970074685248e-06
rate	1.1501388766701104e-06
rate	1.1775290253550301e-06
rate	1.2049194480603315e-06
rate	1.232310144791802e-06
rate	1.232310144791802e-06
rate	1.2049194480603315e-06
rate	1.1775290253550301e-06
rate	1.1501388766701104e-06
rate	1.1227490020006977e-06
rate	1.0953594013407018e-06
rate	1.0953594013407018e-06
rate	1.0953594013407018e-06
rate	1.1227490020006977e-06
rate	1.1501388766701104e-06
rate	1.2049194480603315e-06
rate	1.3418756720896411e-06
rate	1.5336258961348908e-06
rate	1.752785454957623e-06
rate	1.9719625584757766e-06
rate	2.2185577748245423e-06
rate	2.4651752037348532e-06
rate	2.684409346916962e-06
rate	2.9584767152481485e-06
rate	3.259982511215616e-06
rate	3.561521514163093e-06
rate	3.863093731406636e-06
rate	4.192119494129127e-06
rate	4.576032866351015e-06
rate	5.0148569353508345e-06
rate	5.508618099805971e-06
rate	6.029907064202708e-06
rate	6.6336288371078245e-06
rate	7.319837939639843e-06
rate	8.08859637628066e-06
rate	8.967441845093783e-06
rate	9.874046801127293e-06
rate	1.0863412899070543e-05
rate	1.1908131794219578e-05
rate	1.3090794680439477e-05
rate	1.4549198696149939e-05
rate	1.62562427563405e-05
rate	1.818483063256424e-05
rate	2.0225101804292332e-05
rate	2.2266894538505108e-05
rate	2.422734428301619e-05
rate	2.6133916067163273e-05
rate	2.804181646616136e-05
rate	3.0034087580132505e-05
rate	3.230483016028234e-05
rate	3.513204330014591e-05
rate	3.8711822460566025e-05
rate	4.296368381411345e-05
rate	4.77793117419736e-05
rate	5.291044796684485e-05
rate	5.8246982282970645e-05
rate	6.364998307956276e-05
rate	6.926022005246293e-05
rate	7.510708734084784e-05
rate	8.172798075158361e-05
rate	8.980740926045285e-05
rate	9.99829341558391e-05
rate	0.00011222087632403576
rate	0.00012583209411739553
rate	0.00014054866676840486
rate	0.00015699695217668414
rate	0.0001753829878185366
rate	0.00019586301761072037
rate	0.00022118316596759168
rate	0.0002493474726882821
rate	0.0002798355329735285
rate	0.0003128145508026964
rate	0.00034945984489776237
rate	0.0003924101094278812
rate	0.00044141176864947773
rate	0.000493403902829482
rate	0.0005467367979511601
rate	0.0006024936560008339
rate	0.0006618840261831105
rate	0.0007206670324966659
rate	0.0007794293318877
rate	0.0008382903326936086
rate	0.0008977605010705883
rate	0.0009622839302931152
rate	0.0010323536580086304
rate	0.00110865228886669
rate	0.0011919155717729911
rate	0.0012829913680481786
rate	0.0013830028947233208
rate	0.001493176078233269
rate	0.001614972843549469
rate	0.0017502647246264039
rate	0.0019014595652273425
rate	2.2146527237898432e-05
rate	1.5138000078784479e-06
rate	1.006159940128468e-06
rate	8.197354018877839e-07
rate	6.914776188585075e-07
rate	6.175878456963703e-07
rate	5.943449789016624e-07
rate	5.695081922080921e-07
rate	5.164750635632688e-07
rate	4.3580778283729025e-07
rate	3.552424975558486e-07
rate	3.5394734427147254e-07
rate	4.872893074002531e-07
rate	8.078056036859195e-07
rate	1.236922560210858e-06
rate	1.7436321685847468e-06
rate	2.2221680366097733e-06
rate	2.6213827771594634e-06
rate	2.8895693682631207e-06
rate	3.0779121442227923e-06
rate	3.2427696234906444e-06
rate	3.4104210776345803e-06
rate	3.4690955761877783e-06
rate	3.4431571605619246e-06
rate	3.3132858746590343e-06
rate	3.2074981724009027e-06
rate	3.100931905075331e-06
rate	3.0450766668283666e-06
rate	3.04097460668302e-06
rate	3.0893211598325004e-06
rate	3.1658576720733245e-06
rate	3.221441053019875e-06
rate	3.3301376041762965e-06
rate	3.49192933455401e-06
rate	3.682095560033422e-06
rate	3.925266639692531e-06
rate	4.172073035680389e-06
rate	4.42253125725416e-06
rate	4.676706682679751e-06
rate	4.910031587569595e-06
rate	5.172045665689282e-06
rate	5.48766959100461e-06
rate	5.857195493021786e-06
rate	6.305667020891863e-06
rate	6.858200024883408e-06
rate	7.515283096022062e-06
rate	8.277469043958945e-06
rate	9.095930738475759e-06
rate	9.946574413373769e-06
rate	1.0854813567632359e-05
rate	1.1870908078546104e-05
rate	1.3094786082775377e-05
rate	1.4502801323639287e-05
rate	1.614573587933033e-05
rate	1.800021788434817e-05
rate	2.0042951967531797e-05
rate	2.2300396364995828e-05
rate	2.4799247008197426e-05
rate	2.7566468365165916e-05
rate	3.05545620130453e-05
rate	3.364115017075812e-05
rate	3.690328569207406e-05
rate	4.049360727081082e-05
rate	4.461591888133755e-05
rate	4.9274913444252044e-05
rate	5.422435547777687e-05
rate	5.945165469626752e-05
rate	6.529607287704543e-05
rate	7.190571891297654e-05
rate	7.934074549542454e-05
rate	8.768839305677638e-05
rate	9.680815522628271e-05
rate	0.00010658419827786114
rate	0.00011677103102069287
rate	0.00012735247478334177
rate	0.0001384681888028131
rate	0.0001505994419503462
rate	0.00016421101817019648
rate	0.00018009541678988287
rate	0.00019851135299056932
rate	0.00021991837797762033
rate	0.00024369251185669114
rate	0.0002687574753581316
rate	0.0002936404170583994
rate	0.00031847827428255855
rate	0.0003473668582094954
rate	0.00038086728291258156
rate	0.0004168498007453761
rate	0.00045500371444880485
rate	0.000495773684223269
rate	0.0005412644718619844
rate	0.0005918018164936624
rate	0.0006444558721546565
rate	0.0006969257811003988
rate	0.0007489093831655809
rate	0.0008019780146902466
rate	0.0008580675421935053
rate	0.0009111527671087973
rate	0.0009668478279524964
rate	0.0010264690779344231
rate	0.001090307267791699
rate	0.001158839302019685
rate	0.0012324434386299793
rate	0.0013116703801340445
rate	0.0013971076553120148
rate	0.0014894768980128962
rate	0.001589619588265669
rate	0.0016985281543646757
rate	0.0018174360937066767
rate	0.0019477324685053966
rate	1.6938718768152482e-05
rate	1.3618074290263277e-06
rate	8.7165626154335e-07
rate	6.651061549511091e-07
rate	5.368839222167789e-07
rate	4.853016483013152e-07
rate	4.3468178017763347e-07
rate	4.082929580657824e-07
rate	3.559061212603873e-07
rate	3.270183983729609e-07
rate	2.9834112519018665e-07
rate	2.9682863207405287e-07
rate	3.4979635280643066e-07
rate	4.586433339757869e-07
rate	5.965963652054029e-07
rate	7.609971327204247e-07
rate	9.237169654898784e-07
rate	1.0587414497379154e-06
rate	1.1400371331263144e-06
rate	1.1685962992014227e-06
rate	1.1973005743168963e-06
rate	1.2266439517414508e-06
rate	1.2283634541669129e-06
rate	1.201454752857353e-06
rate	1.1718839453169708e-06
rate	1.1417341336792222e-06
rate	1.1130889793272663e-06
rate	1.0868199293662646e-06
rate	1.088611948111945e-06
rate	1.0934952147837615e-06
rate	1.1234394359259602e-06
rate	1.1546863378101589e-06
rate	1.2152184537390627e-06
rate	1.3547944132092672e-06
rate	1.546568505820097e-06
rate	1.764691284292367e-06
rate	1.981670622668082e-06
rate	2.2201649647505283e-06
rate	2.4548726844305426e-06
rate	2.663344940665942e-06
rate	2.9206528004635995e-06
rate	3.2061409830625854e-06
rate	3.4994117210709733e-06
rate	3.8035200836305747e-06
rate	4.14142274216626e-06
rate	4.536057573485407e-06
rate	4.977073573718156e-06
rate	5.46191890664033e-06
rate	5.968757096822601e-06
rate	6.554720340331376e-06
rate	7.22566090155816e-06
rate	7.979882275550042e-06
rate	8.839973897569868e-06
rate	9.732569397877373e-06
rate	1.0707975484395926e-05
rate	1.1742414600798904e-05
rate	1.2911202215901048e-05
rate	1.433944212582559e-05
rate	1.6003943137257287e-05
rate	1.7881643239558894e-05
rate	1.9875129805844955e-05
rate	2.1886869903067528e-05
rate	2.3844063555144438e-05
rate	2.5773388846624013e-05
rate	2.7726689924260014e-05
rate	2.9781080149246298e-05
rate	3.2113862852113444e-05
rate	3.4978108379964274e-05
rate	3.8553455015828775e-05
rate	4.277092491202338e-05
rate	4.753682209953595e-05
rate	5.263185906753001e-05
rate	5.796146567060956e-05
rate	6.340554445186821e-05
rate	6.909616915006244e-05
rate	7.506564329917985e-05
rate	8.18039665725045e-05
rate	8.993406023441825e-05
rate	0.00010003713473433086
rate	0.00011209084468457698
rate	0.00012548350197485398
rate	0.00013998309678678873
rate	0.00015616304647485184
rate	0.00017421904192779374
rate	0.00019430249342167595
rate	0.00021889619228897218
rate	0.00024621547768049784
rate	0.0002758040251669396
rate	0.00030782458145480206
rate	0.000343347277540007
rate	0.00038475918962009754
rate	0.00043184405105131814
rate	0.000481858443918294
rate	0.0005333282177240964
rate	0.0005872377202675836
rate	0.0006446835490472953
rate	0.0007018550975366753
rate	0.0007592843462782199
rate	0.0008170801875108467
rate	0.0008757005429695276
rate	0.0009391403493716913
rate	0.0010078350670340399
rate	0.0010823870329465365
rate	0.0011634425617805956
rate	0.0012517450046190637
rate	0.0013482817746958073
rate	0.0014541292001031421
rate	0.0015705728476079772
rate	0.001699264258919501
rate	0.0018423355777585145
rate	2.166730931915808e-05
rate	1.4939741196220051e-06
rate	9.717388582283854e-07
rate	7.90605478840112e-07
rate	6.710214776626759e-07
rate	6.05397583093442e-07
rate	5.862965189260706e-07
rate	5.640073410553908e-07
rate	5.127090531041346e-07
rate	4.3352439150470726e-07
rate	3.5454125594025787e-07
rate	3.519509493715057e-07
rate	4.817211146109909e-07
rate	7.941327433006754e-07
rate	1.214144004866488e-06
rate	1.7070827038050694e-06
rate	2.1709763450487363e-06
rate	2.5583562074019646e-06
rate	2.8206620212780933e-06
rate	3.0054840902362154e-06
rate	3.1707339326574164e-06
rate	3.3415618446727203e-06
rate	3.4040836472255617e-06
rate	3.3796205504944415e-06
rate	3.2569425340908723e-06
rate	3.15501383358619e-06
rate	3.0515236119412934e-06
rate	2.994632645433274e-06
rate	2.986428525142581e-06
rate	3.028302121455632e-06
rate	3.099143822825788e-06
rate	3.155488330491832e-06
rate	3.263233630986425e-06
rate	3.422337154944927e-06
rate	3.610763856550612e-06
rate	3.85035028550158e-06
rate	4.097185105620843e-06
rate	4.3513013314131674e-06
rate	4.612829715398811e-06
rate	4.860063095009386e-06
rate	5.137226746583682e-06
rate	5.4667210822032495e-06
rate	5.849112212508895e-06
rate	6.307024493048454e-06
rate	6.863203011796996e-06
rate	7.518558879071447e-06
rate	8.274118369783787e-06
rate	9.08707454039607e-06
rate	9.936668504822462e-06
rate	1.0846214236194173e-05
rate	1.1861182073319145e-05
rate	1.3071267617622594e-05
rate	1.4456403951128635e-05
rate	1.6062770417663648e-05
rate	1.787072650411874e-05
rate	1.9860802130771262e-05
rate	2.2057863429229047e-05
rate	2.448710761609226e-05
rate	2.717410010769886e-05
rate	3.007835697638808e-05
rate	3.30929858465619e-05
rate	3.6288528787317165e-05
rate	3.980289052993573e-05
rate	4.381964445836599e-05
rate	4.83455785555703e-05
rate	5.316464993447767e-05
rate	5.825008929276606e-05
rate	6.397016898351498e-05
rate	7.042035111683075e-05
rate	7.765862214190065e-05
rate	8.576741000699867e-05
rate	9.46270845621952e-05
rate	0.00010414034949981112
rate	0.00011409507767939374
rate	0.0001244834110817839
rate	0.0001354364626533052
rate	0.00014738945549152527
rate	0.00016076342040284483
rate	0.0001762711493999346
rate	0.00019415140843947012
rate	0.0002148219140991226
rate	0.00023773764404844635
rate	0.0002619518893885979
rate	0.0002861657328540197
rate	0.00031051140709024164
rate	0.0003386402782309057
rate	0.0003710617816584037
rate	0.00040589336391985063
rate	0.0004428691367083968
rate	0.0004823941919533084
rate	0.0005263486157088543
rate	0.0005750302639151826
rate	0.0006258420182202386
rate	0.000676744480258534
rate	0.0007274732211013498
rate	0.0007794272181581831
rate	0.0008343272837730931
rate	0.0008868152833470015
rate	0.0009418764887386237
rate	0.0010006730593781796
rate	0.0010634525119750065
rate	0.0011306247622024522
rate	0.0012025089665928088
rate	0.0012795745707356312
rate	0.0013623209240457973
rate	0.0014513640013337826
rate	0.0015474240640625558
rate	0.0016513537193591531
rate	0.001764218505245046
rate	0.0018872214140826444
rate	1.654686342303438e-05
rate	1.2995621629463312e-06
rate	8.396726545527698e-07
rate	6.456640410198568e-07
rate	5.261429226894247e-07
rate	4.777457964131151e-07
rate	4.3127238618539375e-07
rate	4.0587749416001087e-07
rate	3.5586850334933533e-07
rate	3.2547498818723357e-07
rate	2.955020985836374e-07
rate	2.924771123513698e-07
rate	3.4364896644142195e-07
rate	4.518124677109743e-07
rate	5.907992915335517e-07
rate	7.552887012551759e-07
rate	9.164063797006819e-07
rate	1.049512824790583e-06
rate	1.1299353895825182e-06
rate	1.159663573047815e-06
rate	1.189681700573461e-06
rate	1.2209777586910997e-06
rate	1.2244167635420238e-06
rate	1.1979900576543745e-06
rate	1.1662388652789112e-06
rate	1.133329390688334e-06
rate	1.103428956653835e-06
rate	1.0782804573918273e-06
rate	1.0818644948831878e-06
rate	1.0916310282268212e-06
rate	1.1241298698512228e-06
rate	1.1592337989502073e-06
rate	1.2255174594177936e-06
rate	1.3677131543288933e-06
rate	1.559511115505303e-06
rate	1.7765971136271109e-06
rate	1.991378686860387e-06
rate	2.2217721546765147e-06
rate	2.444570165126232e-06
rate	2.6422805344149216e-06
rate	2.8828288856790505e-06
rate	3.1522994549095544e-06
rate	3.4373019279788537e-06
rate	3.7439464358545134e-06
rate	4.090725990203393e-06
rate	4.4960822806198e-06
rate	4.939290212085477e-06
rate	5.415219713474688e-06
rate	5.907607129442493e-06
rate	6.4758118435549275e-06
rate	7.131483863476477e-06
rate	7.871168174819426e-06
rate	8.712505950045956e-06
rate	9.591091994627453e-06
rate	1.055253806972131e-05
rate	1.1576697407378228e-05
rate	1.273160975136262e-05
rate	1.4129685555501244e-05
rate	1.5751643518174074e-05
rate	1.757845584655355e-05
rate	1.9525157807397575e-05
rate	2.1506845267629948e-05
rate	2.3460782827272687e-05
rate	2.5412861626084754e-05
rate	2.7411563382358667e-05
rate	2.9528072718360094e-05
rate	3.192289554394454e-05
rate	3.4824173459782634e-05
rate	3.839508757109153e-05
rate	4.25781660099333e-05
rate	4.7294332457098294e-05
rate	5.235327016821516e-05
rate	5.767594905824847e-05
rate	6.316110582417368e-05
rate	6.893211824766194e-05
rate	7.502419925751188e-05
rate	8.187995239342542e-05
rate	9.006071120838366e-05
rate	0.00010009133531282263
rate	0.00011196081304511819
rate	0.0001251349098323124
rate	0.0001394175268051726
rate	0.00015532914077301955
rate	0.00017305509603705085
rate	0.0001927419692326315
rate	0.00021660921861035268
rate	0.00024308348267271357
rate	0.0002717725173603507
rate	0.00030283461210690773
rate	0.00033723471018225166
rate	0.0003771082698123139
rate	0.00042227633345315855
rate	0.00047031298500710596
rate	0.0005199196374970326
rate	0.0005719817845343334
rate	0.0006274830719114801
rate	0.0006830431625766848
rate	0.0007391393606687398
rate	0.0007958700423280849
rate	0.000853640584868467
rate	0.0009159967684502675
rate	0.0009833164760594492
rate	0.0010561217770263833
rate	0.0011349695517882002
rate	0.0012204986411899488
rate	0.001313560654668294
rate	0.0014150823219730155
rate	0.0015261728516664853
rate	0.001648263793212598
rate	0.0017832115902896863
rate	2.1188091400417733e-05
rate	1.4741482313655622e-06
rate	9.373177763283028e-07
rate	7.614755557924403e-07
rate	6.505653364668443e-07
rate	5.932073204905137e-07
rate	5.782480589504789e-07
rate	5.585064899026895e-07
rate	5.089430426450004e-07
rate	4.3124100017212426e-07
rate	3.5384001432466714e-07
rate	3.4995455447153894e-07
rate	4.761529218217288e-07
rate	7.804598829154315e-07
rate	1.1913654495221177e-06
rate	1.6705332390253918e-06
rate	2.119784653487699e-06
rate	2.4953296376444653e-06
rate	2.7517546742930655e-06
rate	2.933056036249639e-06
rate	3.098698241824189e-06
rate	3.2727026117108604e-06
rate	3.3390717182633447e-06
rate	3.3160839404269585e-06
rate	3.2005991935227102e-06
rate	3.1025294947714768e-06
rate	3.0021153188072558e-06
rate	2.9441886240381816e-06
rate	2.9318824436021424e-06
rate	2.9672830830787636e-06
rate	3.0324299735782518e-06
rate	3.089535607963789e-06
rate	3.1963296577965537e-06
rate	3.3527449753358438e-06
rate	3.539432153067802e-06
rate	3.7754339313106293e-06
rate	4.0222971755612974e-06
rate	4.280071405572174e-06
rate	4.54895274811787e-06
rate	4.810094602449178e-06
rate	5.102407827478081e-06
rate	5.445772573401889e-06
rate	5.8410289319960045e-06
rate	6.308381965205046e-06
rate	6.868205998710583e-06
rate	7.521834662120831e-06
rate	8.270767695608627e-06
rate	9.07821834231638e-06
rate	9.926762596271155e-06
rate	1.0837614904755989e-05
rate	1.1851456068092185e-05
rate	1.304774915246981e-05
rate	1.4410006578617983e-05
rate	1.5979804955996963e-05
rate	1.7741235123889303e-05
rate	1.9678652294010727e-05
rate	2.1815330493462265e-05
rate	2.4174968223987096e-05
rate	2.6781731850231804e-05
rate	2.9602151939730863e-05
rate	3.254482152236567e-05
rate	3.567377188256028e-05
rate	3.911217378906064e-05
rate	4.3023370035394434e-05
rate	4.741624366688856e-05
rate	5.210494439117847e-05
rate	5.7048523889264605e-05
rate	6.264426508998453e-05
rate	6.893498332068496e-05
rate	7.597649878837675e-05
rate	8.384642695722097e-05
rate	9.24460138981077e-05
rate	0.00010169650072176109
rate	0.00011141912433809463
rate	0.00012161434738022604
rate	0.0001324047365037973
rate	0.0001441794690327043
rate	0.0001573158226354932
rate	0.00017244688200998635
rate	0.00018979146388837089
rate	0.00020972545022062482
rate	0.00023178277624020155
rate	0.0002551463034190642
rate	0.00027869104864964005
rate	0.00030254453989792473
rate	0.000329913698252316
rate	0.00036125628040422584
rate	0.0003949369270943252
rate	0.0004307345589679887
rate	0.0004690146996833479
rate	0.000511432759555724
rate	0.0005582587113367029
rate	0.0006072281642858208
rate	0.000656563179416669
rate	0.0007060370590371187
rate	0.0007568764216261196
rate	0.0008105870253526808
rate	0.0008624777995852057
rate	0.0009169051495247508
rate	0.0009748770408219361
rate	0.0010365977561583141
rate	0.0011024102223852195
rate	0.0011725744945556382
rate	0.001247478761337218
rate	0.00132753419277958
rate	0.0014132511046546692
rate	0.0015052285398594427
rate	0.0016041792843536306
rate	0.0017110009167834153
rate	0.0018267103596598922
rate	1.6155008077916283e-05
rate	1.2373168968663346e-06
rate	8.076890475621896e-07
rate	6.262219270886044e-07
rate	5.154019231620703e-07
rate	4.701899445249151e-07
rate	4.27862992193154e-07
rate	4.034620302542394e-07
rate	3.558308854382834e-07
rate	3.239315780015063e-07
rate	2.926630719770882e-07
rate	2.881255926286868e-07
rate	3.3750158007641324e-07
rate	4.449816014461617e-07
rate	5.850022178617005e-07
rate	7.495802697899269e-07
rate	9.090957939114856e-07
rate	1.0402841998432505e-06
rate	1.1198336460387223e-06
rate	1.1507308468942075e-06
rate	1.1820628268300257e-06
rate	1.2153115656407486e-06
rate	1.2204700729171347e-06
rate	1.1945253624513962e-06
rate	1.1605937852408519e-06
rate	1.1249246476974458e-06
rate	1.0937689339804034e-06
rate	1.06974098541739e-06
rate	1.075117041654431e-06
rate	1.0897668416698811e-06
rate	1.1248203037764853e-06
rate	1.1637812600902558e-06
rate	1.2358164650965247e-06
rate	1.3806318954485196e-06
rate	1.5724537251905093e-06
rate	1.7885029429618548e-06
rate	2.0010867510526923e-06
rate	2.2233793446025007e-06
rate	2.4342676458219214e-06
rate	2.621216128163901e-06
rate	2.845004970894501e-06
rate	3.0984579267565238e-06
rate	3.375192134886734e-06
rate	3.6843727880784524e-06
rate	4.040029238240527e-06
rate	4.456106987754193e-06
rate	4.901506850452797e-06
rate	5.368520520309047e-06
rate	5.846457162062387e-06
rate	6.396903346778478e-06
rate	7.037306825394794e-06
rate	7.76245407408881e-06
rate	8.585038002522041e-06
rate	9.449614591377533e-06
rate	1.0397100655046693e-05
rate	1.1410980213957554e-05
rate	1.2552017286824192e-05
rate	1.3919928985176896e-05
rate	1.549934389909086e-05
rate	1.7275268453548203e-05
rate	1.9175185808950198e-05
rate	2.1126820632192368e-05
rate	2.3077502099400932e-05
rate	2.5052334405545494e-05
rate	2.7096436840457317e-05
rate	2.9275065287473886e-05
rate	3.173192823577564e-05
rate	3.4670238539601e-05
rate	3.823672012635429e-05
rate	4.238540710784323e-05
rate	4.7051842814660646e-05
rate	5.207468126890032e-05
rate	5.739043244588739e-05
rate	6.291666719647914e-05
rate	6.876806734526145e-05
rate	7.49827552158439e-05
rate	8.195593821434631e-05
rate	9.018736218234906e-05
rate	0.0001001455358913144
rate	0.00011183078140565941
rate	0.00012478631768977086
rate	0.00013885195682355642
rate	0.00015449523507118725
rate	0.00017189115014630796
rate	0.0001911814450435871
rate	0.00021432224493173318
rate	0.0002399514876649293
rate	0.0002677410095537618
rate	0.0002978446427590134
rate	0.0003311221428244963
rate	0.00036945735000453025
rate	0.00041270861585499896
rate	0.0004587675260959179
rate	0.0005065110572699688
rate	0.0005567258488010832
rate	0.0006102825947756649
rate	0.0006642312276166942
rate	0.0007189943750592596
rate	0.000774659897145323
rate	0.0008315806267674064
rate	0.0008928531875288436
rate	0.0009587978850848587
rate	0.0010298565211062298
rate	0.0011064965417958046
rate	0.0011892522777608339
rate	0.0012788395346407806
rate	0.0013760354438428887
rate	0.0014817728557249934
rate	0.0015972633275056953
rate	0.0017240876028208584
rate	2.070887348167738e-05
rate	1.4543223431091195e-06
rate	9.028966944282202e-07
rate	7.323456327447684e-07
rate	6.301091952710128e-07
rate	5.810170578875854e-07
rate	5.701995989748872e-07
rate	5.530056387499882e-07
rate	5.051770321858662e-07
rate	4.2895760883954126e-07
rate	3.531387727090764e-07
rate	3.4795815957157216e-07
rate	4.7058472903246664e-07
rate	7.667870225301876e-07
rate	1.1685868941777476e-06
rate	1.6339837742457145e-06
rate	2.0685929619266614e-06
rate	2.4323030678869665e-06
rate	2.682847327308038e-06
rate	2.860627982263062e-06
rate	3.0266625509909613e-06
rate	3.2038433787490005e-06
rate	3.274059789301128e-06
rate	3.2525473303594754e-06
rate	3.144255852954548e-06
rate	3.0500451559567635e-06
rate	2.952707025673218e-06
rate	2.8937446026430896e-06
rate	2.8773363620617033e-06
rate	2.906264044701895e-06
rate	2.9657161243307154e-06
rate	3.023582885435746e-06
rate	3.1294256846066827e-06
rate	3.2831527957267608e-06
rate	3.4681004495849924e-06
rate	3.7005175771196782e-06
rate	3.947409245501752e-06
rate	4.208841479731181e-06
rate	4.485075780836929e-06
rate	4.760126109888969e-06
rate	5.067588908372481e-06
rate	5.424824064600528e-06
rate	5.832945651483114e-06
rate	6.309739437361637e-06
rate	6.873208985624171e-06
rate	7.525110445170215e-06
rate	8.267417021433467e-06
rate	9.069362144236691e-06
rate	9.916856687719848e-06
rate	1.0829015573317805e-05
rate	1.1841730062865228e-05
rate	1.3024230687317026e-05
rate	1.4363609206107332e-05
rate	1.589683949433028e-05
rate	1.761174374365987e-05
rate	1.9496502457250192e-05
rate	2.1572797557695484e-05
rate	2.386282883188193e-05
rate	2.6389363592764746e-05
rate	2.912594690307364e-05
rate	3.1996657198169444e-05
rate	3.5059014977803385e-05
rate	3.842145704818554e-05
rate	4.2227095612422873e-05
rate	4.6486908778206816e-05
rate	5.104523884787927e-05
rate	5.5846958485763144e-05
rate	6.131836119645408e-05
rate	6.744961552453916e-05
rate	7.429437543485286e-05
rate	8.192544390744326e-05
rate	9.026494323402019e-05
rate	9.925265194371106e-05
rate	0.0001087431709967955
rate	0.00011874528367866819
rate	0.0001293730103542894
rate	0.00014096948257388334
rate	0.00015386822486814156
rate	0.0001686226146200381
rate	0.00018543151933727165
rate	0.00020462898634212708
rate	0.00022582790843195678
rate	0.00024834071744953056
rate	0.0002712163644452604
rate	0.0002945776727056078
rate	0.0003211871182737263
rate	0.000351450779150048
rate	0.00038398049026879975
rate	0.0004185999812275806
rate	0.0004556352074133874
rate	0.0004965169034025938
rate	0.0005414871587582231
rate	0.0005886143103514028
rate	0.0006363818785748042
rate	0.0006846008969728875
rate	0.000734325625094056
rate	0.0007868467669322686
rate	0.0008381403158234099
rate	0.0008919338103108781
rate	0.0009490810222656925
rate	0.0010097430003416217
rate	0.0010741956825679867
rate	0.0011426400225184677
rate	0.0012153829519388048
rate	0.0012927474615133626
rate	0.0013751382079755555
rate	0.0014630330156563296
rate	0.001557004849348108
rate	0.0016577833283217846
rate	0.0017661993052371398
rate	1.5763152732798185e-05
rate	1.175071630786338e-06
rate	7.757054405716094e-07
rate	6.06779813157352e-07
rate	5.04660923634716e-07
rate	4.6263409263671507e-07
rate	4.2445359820091425e-07
rate	4.0104656634846797e-07
rate	3.557932675272314e-07
rate	3.2238816781577906e-07
rate	2.8982404537053895e-07
rate	2.8377407290600376e-07
rate	3.313541937114046e-07
rate	4.381507351813491e-07
rate	5.792051441898493e-07
rate	7.43871838324678e-07
rate	9.017852081222891e-07
rate	1.031055574895918e-06
rate	1.1097319024949263e-06
rate	1.1417981207405998e-06
rate	1.1744439530865905e-06
rate	1.2096453725903975e-06
rate	1.2165233822922457e-06
rate	1.1910606672484177e-06
rate	1.1549487052027923e-06
rate	1.1165199047065576e-06
rate	1.084108911306972e-06
rate	1.0612015134429527e-06
rate	1.068369588425674e-06
rate	1.0879026551129408e-06
rate	1.125510737701748e-06
rate	1.1683287212303042e-06
rate	1.2461154707752556e-06
rate	1.3935506365681456e-06
rate	1.5853963348757155e-06
rate	1.8004087722965988e-06
rate	2.0107948152449973e-06
rate	2.224986534528487e-06
rate	2.4239651265176107e-06
rate	2.6001517219128806e-06
rate	2.807181056109952e-06
rate	3.0446163986034928e-06
rate	3.3130823417946146e-06
rate	3.624799140302391e-06
rate	3.98933248627766e-06
rate	4.416131694888585e-06
rate	4.863723488820119e-06
rate	5.321821327143406e-06
rate	5.785307194682279e-06
rate	6.3179948500020296e-06
rate	6.943129787313111e-06
rate	7.653739973358192e-06
rate	8.457570054998127e-06
rate	9.308137188127613e-06
rate	1.0241663240372076e-05
rate	1.124526302053688e-05
rate	1.2372424822285763e-05
rate	1.371017241485255e-05
rate	1.5247044280007647e-05
rate	1.6972081060542853e-05
rate	1.8825213810502818e-05
rate	2.0746795996754788e-05
rate	2.269422137152918e-05
rate	2.4691807185006235e-05
rate	2.678131029855597e-05
rate	2.902205785658768e-05
rate	3.154096092760674e-05
rate	3.451630361941936e-05
rate	3.807835268161704e-05
rate	4.219264820575316e-05
rate	4.680935317222299e-05
rate	5.1796092369585474e-05
rate	5.7104915833526306e-05
rate	6.26722285687846e-05
rate	6.860401644286096e-05
rate	7.494131117417592e-05
rate	8.203192403526721e-05
rate	9.031401315631447e-05
rate	0.00010019973646980615
rate	0.00011170074976620061
rate	0.0001244377255472293
rate	0.0001382863868419403
rate	0.00015366132936935496
rate	0.0001707272042555651
rate	0.00018962092085454265
rate	0.00021203527125311368
rate	0.00023681949265714504
rate	0.0002637095017471729
rate	0.0002928546734111191
rate	0.00032500957546674096
rate	0.0003618064301967466
rate	0.00040314089825683937
rate	0.00044722206718472994
rate	0.000493102477042905
rate	0.000541469913067833
rate	0.0005930821176398497
rate	0.0006454192926567037
rate	0.0006988493894497794
rate	0.0007534497519625611
rate	0.0008095206686663458
rate	0.0008697096066074197
rate	0.000934279294110268
rate	0.0010035912651860763
rate	0.001078023531803409
rate	0.001158005914331719
rate	0.0012441184146132671
rate	0.0013369885657127621
rate	0.0014373728597835015
rate	0.0015462628617987926
rate	0.0016649636153520304
rate	2.022965556293703e-05
rate	1.4344964548526766e-06
rate	8.684756125281376e-07
rate	7.032157096970966e-07
rate	6.096530540751812e-07
rate	5.688267952846571e-07
rate	5.621511389992955e-07
rate	5.475047875972869e-07
rate	5.014110217267321e-07
rate	4.2667421750695826e-07
rate	3.5243753109348564e-07
rate	3.459617646716054e-07
rate	4.650165362432045e-07
rate	7.531141621449436e-07
rate	1.1458083388333776e-06
rate	1.597434309466037e-06
rate	2.0174012703656244e-06
rate	2.3692764981294677e-06
rate	2.6139399803230103e-06
rate	2.7881999282764855e-06
rate	2.9546268601577337e-06
rate	3.134984145787141e-06
rate	3.209047860338911e-06
rate	3.189010720291993e-06
rate	3.087912512386386e-06
rate	2.9975608171420503e-06
rate	2.9032987325391804e-06
rate	2.8433005812479975e-06
rate	2.8227902805212647e-06
rate	2.845245006325027e-06
rate	2.899002275083179e-06
rate	2.9576301629077027e-06
rate	3.0625217114168118e-06
rate	3.2135606161176778e-06
rate	3.396768746102183e-06
rate	3.6256012229287276e-06
rate	3.872521315442206e-06
rate	4.137611553890188e-06
rate	4.421198813555988e-06
rate	4.710157617328761e-06
rate	5.0327699892668795e-06
rate	5.403875555799167e-06
rate	5.8248623709702225e-06
rate	6.3110969095182284e-06
rate	6.878211972537759e-06
rate	7.5283862282195994e-06
rate	8.264066347258309e-06
rate	9.060505946157003e-06
rate	9.90695077916854e-06
rate	1.0820416241879619e-05
rate	1.183200405763827e-05
rate	1.3000712222164243e-05
rate	1.431721183359668e-05
rate	1.58138740326636e-05
rate	1.748225236343044e-05
rate	1.9314352620489657e-05
rate	2.1330264621928703e-05
rate	2.355068943977677e-05
rate	2.599699533529769e-05
rate	2.864974186641642e-05
rate	3.1448492873973223e-05
rate	3.44442580730465e-05
rate	3.7730740307310455e-05
rate	4.143082118945132e-05
rate	4.555757388952507e-05
rate	4.9985533304580066e-05
rate	5.464539308226169e-05
rate	5.999245730292362e-05
rate	6.596424772839336e-05
rate	7.261225208132897e-05
rate	8.000446085766555e-05
rate	8.808387256993268e-05
rate	9.680880316566103e-05
rate	0.00010606721765549638
rate	0.00011587621997711034
rate	0.00012634128420478148
rate	0.00013775949611506238
rate	0.00015042062710078993
rate	0.00016479834723008986
rate	0.00018107157478617242
rate	0.00019953252246362934
rate	0.000219873040623712
rate	0.00024153513147999686
rate	0.0002637416802408807
rate	0.0002866108055132909
rate	0.00031246053829513663
rate	0.0003416452778958702
rate	0.00037302405344327434
rate	0.00040646540348717255
rate	0.0004422557151434269
rate	0.0004816010472494636
rate	0.0005247156061797434
rate	0.0005700004564169849
rate	0.0006162005777329392
rate	0.0006631647349086564
rate	0.0007117748285619925
rate	0.0007631065085118564
rate	0.000813802832061614
rate	0.0008669624710970054
rate	0.0009232850037094489
rate	0.0009828882445249293
rate	0.001045981142750754
rate	0.0011127055504812971
rate	0.0011832871425403917
rate	0.0012579607302471451
rate	0.001337025311296442
rate	0.0014208374914532165
rate	0.0015098304143425856
rate	0.001604565739860154
rate	0.0017056882508143874
rate	1.5371297387680083e-05
rate	1.1128263647063415e-06
rate	7.437218335810291e-07
rate	5.873376992260997e-07
rate	4.939199241073616e-07
rate	4.55078240748515e-07
rate	4.210442042086745e-07
rate	3.986311024426965e-07
rate	3.557556496161794e-07
rate	3.208447576300518e-07
rate	2.8698501876398966e-07
rate	2.794225531833207e-07
rate	3.252068073463959e-07
rate	4.313198689165365e-07
rate	5.734080705179981e-07
rate	7.381634068594291e-07
rate	8.944746223330928e-07
rate	1.0218269499485854e-06
rate	1.0996301589511303e-06
rate	1.1328653945869924e-06
rate	1.166825079343155e-06
rate	1.2039791795400464e-06
rate	1.2125766916673568e-06
rate	1.1875959720454392e-06
rate	1.149303625164733e-06
rate	1.1081151617156694e-06
rate	1.0744488886335408e-06
rate	1.0526620414685155e-06
rate	1.061622135196917e-06
rate	1.0860384685560005e-06
rate	1.1262011716270104e-06
rate	1.1728761823703525e-06
rate	1.2564144764539867e-06
rate	1.4064693776877717e-06
rate	1.5983389445609216e-06
rate	1.8123146016313427e-06
rate	2.0205028794373027e-06
rate	2.226593724454473e-06
rate	2.4136626072132997e-06
rate	2.5790873156618604e-06
rate	2.769357141325403e-06
rate	2.990774870450462e-06
rate	3.250972548702495e-06
rate	3.56522549252633e-06
rate	3.938635734314794e-06
rate	4.376156402022977e-06
rate	4.82594012718744e-06
rate	5.275122133977764e-06
rate	5.7241572273021715e-06
rate	6.239086353225581e-06
rate	6.848952749231428e-06
rate	7.545025872627575e-06
rate	8.330102107474212e-06
rate	9.166659784877693e-06
rate	1.0086225825697458e-05
rate	1.1079545827116205e-05
rate	1.2192832357747334e-05
rate	1.3500415844528201e-05
rate	1.4994744660924434e-05
rate	1.6668893667537507e-05
rate	1.847524181205544e-05
rate	2.0366771361317208e-05
rate	2.231094064365743e-05
rate	2.4331279964466975e-05
rate	2.6466183756654624e-05
rate	2.876905042570147e-05
rate	3.134999361943784e-05
rate	3.4362368699237726e-05
rate	3.791998523687979e-05
rate	4.199988930366309e-05
rate	4.656686352978534e-05
rate	5.151750347027063e-05
rate	5.681939922116522e-05
rate	6.242778994109007e-05
rate	6.843996554046046e-05
rate	7.489986713250793e-05
rate	8.21079098561881e-05
rate	9.044066413027987e-05
rate	0.00010025393704829791
rate	0.00011157071812674183
rate	0.00012408913340468777
rate	0.00013772081686032415
rate	0.00015282742366752266
rate	0.00016956325836482223
rate	0.00018806039666549823
rate	0.00020974829757449418
rate	0.00023368749764936077
rate	0.00025967799394058396
rate	0.0002878647040632247
rate	0.00031889700810898566
rate	0.00035415551038896296
rate	0.0003935731806586798
rate	0.00043567660827354196
rate	0.00047969389681584126
rate	0.0005262139773345827
rate	0.0005758816405040345
rate	0.0006266073576967131
rate	0.0006787044038402993
rate	0.0007322396067797993
rate	0.0007874607105652851
rate	0.0008465660256859959
rate	0.0009097607031356774
rate	0.000977326009265923
rate	0.0010495505218110135
rate	0.001126759550902604
rate	0.0012093972945857539
rate	0.0012979416875826353
rate	0.0013929728638420093
rate	0.0014952623960918896
rate	0.0016058396278832024
rate	1.975043764419668e-05
rate	1.4146705665962336e-06
rate	8.340545306280551e-07
rate	6.740857866494247e-07
rate	5.891969128793496e-07
rate	5.566365326817288e-07
rate	5.541026790237038e-07
rate	5.420039364445855e-07
rate	4.976450112675978e-07
rate	4.243908261743753e-07
rate	3.517362894778949e-07
rate	3.4396536977163856e-07
rate	4.5944834345394235e-07
rate	7.394413017596997e-07
rate	1.1230297834890074e-06
rate	1.5608848446863597e-06
rate	1.966209578804587e-06
rate	2.306249928371969e-06
rate	2.5450326333379825e-06
rate	2.715771874289909e-06
rate	2.8825911693245057e-06
rate	3.066124912825281e-06
rate	3.144035931376694e-06
rate	3.1254741102245098e-06
rate	3.0315691718182237e-06
rate	2.9450764783273376e-06
rate	2.8538904394051427e-06
rate	2.792856559852905e-06
rate	2.768244198980826e-06
rate	2.7842259679481588e-06
rate	2.8322884258356427e-06
rate	2.8916774403796597e-06
rate	2.9956177382269404e-06
rate	3.1439684365085943e-06
rate	3.325437042619373e-06
rate	3.550684868737777e-06
rate	3.79763338538266e-06
rate	4.066381628049196e-06
rate	4.357321846275048e-06
rate	4.660189124768553e-06
rate	4.9979510701612785e-06
rate	5.382927046997806e-06
rate	5.816779090457332e-06
rate	6.31245438167482e-06
rate	6.883214959451346e-06
rate	7.531662011268984e-06
rate	8.260715673083149e-06
rate	9.051649748077314e-06
rate	9.897044870617235e-06
rate	1.0811816910441435e-05
rate	1.182227805241131e-05
rate	1.297719375701146e-05
rate	1.427081446108603e-05
rate	1.5730908570996918e-05
rate	1.7352760983201007e-05
rate	1.9132202783729125e-05
rate	2.1087731686161922e-05
rate	2.3238550047671605e-05
rate	2.5604627077830635e-05
rate	2.81735368297592e-05
rate	3.0900328549776997e-05
rate	3.382950116828961e-05
rate	3.704002356643536e-05
rate	4.0634546766479766e-05
rate	4.462823900084333e-05
rate	4.892582776128086e-05
rate	5.3443827678760235e-05
rate	5.866655340939317e-05
rate	6.447887993224758e-05
rate	7.093012872780508e-05
rate	7.808347780788784e-05
rate	8.590280190584516e-05
rate	9.436495438761101e-05
rate	0.00010339126431419727
rate	0.00011300715627555247
rate	0.0001233095580552736
rate	0.00013454950965624145
rate	0.00014697302933343827
rate	0.00016097407984014159
rate	0.00017671163023507322
rate	0.0001944360585851316
rate	0.0002139181728154672
rate	0.00023472954551046317
rate	0.00025626699603650106
rate	0.00027864393832097395
rate	0.0003037339583165469
rate	0.0003318397766416923
rate	0.00036206761661774893
rate	0.0003943308257467645
rate	0.0004288762228734664
rate	0.0004666851910963334
rate	0.0005079440536012636
rate	0.000551386602482567
rate	0.0005960192768910742
rate	0.0006417285728444254
rate	0.0006892240320299291
rate	0.0007393662500914442
rate	0.0007894653482998182
rate	0.0008419911318831326
rate	0.0008974889851532053
rate	0.000956033488708237
rate	0.001017766602933521
rate	0.0010827710784441266
rate	0.0011511913331419786
rate	0.0012231739989809276
rate	0.0012989124146173283
rate	0.0013786419672501033
rate	0.001462655979337063
rate	0.0015513481513985232
rate	0.0016451771963916352
rate	1.4979442042561985e-05
rate	1.0505810986263449e-06
rate	7.117382265904488e-07
rate	5.678955852948474e-07
rate	4.831789245800074e-07
rate	4.4752238886031496e-07
rate	4.176348102164347e-07
rate	3.96215638536925e-07
rate	3.557180317051274e-07
rate	3.193013474443245e-07
rate	2.8414599215744043e-07
rate	2.7507103346063767e-07
rate	3.190594209813872e-07
rate	4.244890026517239e-07
rate	5.676109968461469e-07
rate	7.324549753941802e-07
rate	8.871640365438964e-07
rate	1.012598325001253e-06
rate	1.089528415407334e-06
rate	1.123932668433385e-06
rate	1.1592062055997199e-06
rate	1.1983129864896953e-06
rate	1.2086300010424677e-06
rate	1.1841312768424606e-06
rate	1.1436585451266736e-06
rate	1.0997104187247814e-06
rate	1.0647888659601094e-06
rate	1.0441225694940782e-06
rate	1.0548746819681601e-06
rate	1.0841742819990602e-06
rate	1.126891605552273e-06
rate	1.177423643510401e-06
rate	1.2667134821327179e-06
rate	1.4193881188073977e-06
rate	1.6112815542461278e-06
rate	1.8242204309660869e-06
rate	2.030210943629608e-06
rate	2.228200914380459e-06
rate	2.403360087908989e-06
rate	2.55802290941084e-06
rate	2.731533226540854e-06
rate	2.9369333422974316e-06
rate	3.188862755610376e-06
rate	3.505651844750269e-06
rate	3.887938982351927e-06
rate	4.33618110915737e-06
rate	4.788156765554761e-06
rate	5.228422940812122e-06
rate	5.663007259922064e-06
rate	6.1601778564491325e-06
rate	6.754775711149744e-06
rate	7.436311771896958e-06
rate	8.2026341599503e-06
rate	9.025182381627774e-06
rate	9.930788411022841e-06
rate	1.0913828633695531e-05
rate	1.2013239893208906e-05
rate	1.3290659274203853e-05
rate	1.4742445041841223e-05
rate	1.636570627453216e-05
rate	1.8125269813608064e-05
rate	1.998674672587963e-05
rate	2.1927659915785678e-05
rate	2.397075274392772e-05
rate	2.6151057214753278e-05
rate	2.8516042994815268e-05
rate	3.115902631126894e-05
rate	3.420843377905609e-05
rate	3.776161779214255e-05
rate	4.180713040157301e-05
rate	4.632437388734768e-05
rate	5.123891457095579e-05
rate	5.653388260880413e-05
rate	6.218335131339553e-05
rate	6.827591463805996e-05
rate	7.485842309083996e-05
rate	8.218389567710901e-05
rate	9.056731510424527e-05
rate	0.00010030813762678969
rate	0.00011144068648728305
rate	0.0001237405412621462
rate	0.000137155246878708
rate	0.00015199351796569036
rate	0.00016839931247407934
rate	0.0001864998724764538
rate	0.0002074613238958747
rate	0.0002305555026415765
rate	0.00025564648613399504
rate	0.00028287473471533037
rate	0.0003127844407512303
rate	0.00034650459058117926
rate	0.0003840054630605202
rate	0.00042413114936235393
rate	0.0004662853165887775
rate	0.0005109580416013326
rate	0.0005586811633682191
rate	0.0006077954227367225
rate	0.0006585594182308191
rate	0.0007110294615970375
rate	0.0007654007524642245
rate	0.000823422444764572
rate	0.0008852421121610869
rate	0.0009510607533457695
rate	0.0010210775118186179
rate	0.001095513187473489
rate	0.0011746761745582404
rate	0.0012588948094525085
rate	0.0013485728679005177
rate	0.0014442619303849868
rate	0.0015467156404143742
rate	1.9271219725456328e-05
rate	1.394844678339791e-06
rate	7.996334487279725e-07
rate	6.44955863601753e-07
rate	5.68740771683518e-07
rate	5.444462700788005e-07
rate	5.46054219048112e-07
rate	5.365030852918842e-07
rate	4.938790008084636e-07
rate	4.221074348417923e-07
rate	3.510350478623042e-07
rate	3.419689748716718e-07
rate	4.538801506646802e-07
rate	7.257684413744558e-07
rate	1.1002512281446372e-06
rate	1.5243353799066824e-06
rate	1.9150178872435496e-06
rate	2.24322335861447e-06
rate	2.476125286352955e-06
rate	2.643343820303332e-06
rate	2.810555478491278e-06
rate	2.997265679863421e-06
rate	3.0790240024144775e-06
rate	3.0619375001570267e-06
rate	2.9752258312500616e-06
rate	2.8925921395126244e-06
rate	2.804482146271105e-06
rate	2.7424125384578126e-06
rate	2.713698117440387e-06
rate	2.7232069295712903e-06
rate	2.7655745765881063e-06
rate	2.8257247178516168e-06
rate	2.9287137650370694e-06
rate	3.0743762568995113e-06
rate	3.2541053391365628e-06
rate	3.475768514546826e-06
rate	3.7227454553231145e-06
rate	3.995151702208203e-06
rate	4.293444878994107e-06
rate	4.610220632208344e-06
rate	4.963132151055678e-06
rate	5.361978538196446e-06
rate	5.808695809944441e-06
rate	6.313811853831411e-06
rate	6.888217946364934e-06
rate	7.5349377943183685e-06
rate	8.257364998907989e-06
rate	9.042793549997626e-06
rate	9.887138962065928e-06
rate	1.080321757900325e-05
rate	1.1812552047184351e-05
rate	1.2953675291858678e-05
rate	1.4224417088575377e-05
rate	1.5647943109330236e-05
rate	1.7223269602971574e-05
rate	1.895005294696859e-05
rate	2.084519875039514e-05
rate	2.292641065556644e-05
rate	2.5212258820363577e-05
rate	2.769733179310198e-05
rate	3.0352164225580773e-05
rate	3.321474426353272e-05
rate	3.6349306825560266e-05
rate	3.9838272343508206e-05
rate	4.369890411216159e-05
rate	4.7866122217981665e-05
rate	5.2242262275258775e-05
rate	5.734064951586272e-05
rate	6.299351213610178e-05
rate	6.924800537428119e-05
rate	7.616249475811014e-05
rate	8.372173124175765e-05
rate	9.192110560956098e-05
rate	0.00010071531097289814
rate	0.00011013809257399461
rate	0.0001202778319057657
rate	0.00013133952319742048
rate	0.00014352543156608664
rate	0.00015714981245019334
rate	0.00017235168568397399
rate	0.00018933959470663386
rate	0.00020796330500722241
rate	0.0002279239595409295
rate	0.0002487923118321214
rate	0.00027067707112865704
rate	0.0002950073783379572
rate	0.00032203427538751446
rate	0.00035111117979222346
rate	0.0003821962480063564
rate	0.00041549673060350587
rate	0.00045176933494320314
rate	0.0004911725010227838
rate	0.0005327727485481492
rate	0.0005758379760492094
rate	0.0006202924107801942
rate	0.0006666732354978656
rate	0.000715625991671032
rate	0.0007651278645380223
rate	0.0008170197926692599
rate	0.0008716929665969618
rate	0.0009291787328915447
rate	0.0009895520631162883
rate	0.001052836606406956
rate	0.0011190955237435653
rate	0.0011883872677147102
rate	0.0012607995179382148
rate	0.0013364464430469902
rate	0.0014154815443315405
rate	0.0014981305629368925
rate	0.001584666141968883
rate	1.4587586697443885e-05
rate	9.883358325463484e-07
rate	6.797546195998686e-07
rate	5.48453471363595e-07
rate	4.72437925052653e-07
rate	4.399665369721149e-07
rate	4.14225416224195e-07
rate	3.9380017463115357e-07
rate	3.556804137940754e-07
rate	3.1775793725859724e-07
rate	2.813069655508912e-07
rate	2.7071951373795465e-07
rate	3.129120346163785e-07
rate	4.176581363869113e-07
rate	5.618139231742957e-07
rate	7.267465439289313e-07
rate	8.798534507547e-07
rate	1.0033697000539204e-06
rate	1.079426671863538e-06
rate	1.1149999422797772e-06
rate	1.1515873318562847e-06
rate	1.1926467934393442e-06
rate	1.2046833104175787e-06
rate	1.1806665816394821e-06
rate	1.138013465088614e-06
rate	1.0913056757338933e-06
rate	1.055128843286678e-06
rate	1.035583097519641e-06
rate	1.0481272287394033e-06
rate	1.08231009544212e-06
rate	1.1275820394775356e-06
rate	1.1819711046504494e-06
rate	1.2770124878114488e-06
rate	1.4323068599270238e-06
rate	1.624224163931334e-06
rate	1.8361262603008308e-06
rate	2.039919007821913e-06
rate	2.2298081043064455e-06
rate	2.3930575686046784e-06
rate	2.53695850315982e-06
rate	2.693709311756305e-06
rate	2.8830918141444006e-06
rate	3.1267529625182564e-06
rate	3.4460781969742078e-06
rate	3.83724223038906e-06
rate	4.296205816291763e-06
rate	4.750373403922081e-06
rate	5.181723747646481e-06
rate	5.6018572925419564e-06
rate	6.081269359672684e-06
rate	6.660598673068062e-06
rate	7.327597671166341e-06
rate	8.075166212426385e-06
rate	8.883704978377854e-06
rate	9.775350996348225e-06
rate	1.0748111440274858e-05
rate	1.1833647428670478e-05
rate	1.3080902703879506e-05
rate	1.449014542275801e-05
rate	1.6062518881526816e-05
rate	1.7775297815160684e-05
rate	1.960672209044205e-05
rate	2.1544379187913926e-05
rate	2.361022552338846e-05
rate	2.583593067285193e-05
rate	2.826303556392906e-05
rate	3.096805900310004e-05
rate	3.405449885887445e-05
rate	3.760325034740531e-05
rate	4.1614371499482935e-05
rate	4.608188424491003e-05
rate	5.096032567164095e-05
rate	5.6248365996443046e-05
rate	6.193891268570098e-05
rate	6.811186373565946e-05
rate	7.481697904917199e-05
rate	8.225988149802991e-05
rate	9.069396607821068e-05
rate	0.00010036233820528145
rate	0.00011131065484782426
rate	0.00012339194911960464
rate	0.00013658967689709187
rate	0.00015115961226385807
rate	0.00016723536658333645
rate	0.00018493934828740937
rate	0.0002051743502172552
rate	0.00022742350763379224
rate	0.00025161497832740617
rate	0.00027788476536743604
rate	0.00030667187339347495
rate	0.0003388536707733956
rate	0.0003744377454623606
rate	0.0004125856904511659
rate	0.00045287673636171374
rate	0.0004957021058680823
rate	0.0005414806862324039
rate	0.000588983487776732
rate	0.000638414432621339
rate	0.0006898193164142756
rate	0.0007433407943631639
rate	0.0008002788638431481
rate	0.0008607235211864963
rate	0.0009247954974256162
rate	0.0009926045018262225
rate	0.001064266824044374
rate	0.001139955054530727
rate	0.0012198479313223819
rate	0.0013041728719590255
rate	0.001393261464678084
rate	0.0014875916529455463
rate	1.8792001806715976e-05
rate	1.375018790083348e-06
rate	7.652123668278899e-07
rate	6.158259405540811e-07
rate	5.482846304876864e-07
rate	5.322560074758722e-07
rate	5.380057590725203e-07
rate	5.310022341391829e-07
rate	4.901129903493294e-07
rate	4.198240435092093e-07
rate	3.5033380624671346e-07
rate	3.39972579971705e-07
rate	4.4831195787541805e-07
rate	7.120955809892119e-07
rate	1.077472672800267e-06
rate	1.4877859151270048e-06
rate	1.8638261956825126e-06
rate	2.180196788856971e-06
rate	2.4072179393679274e-06
rate	2.5709157663167556e-06
rate	2.7385197876580506e-06
rate	2.928406446901561e-06
rate	3.0140120734522605e-06
rate	2.9984008900895437e-06
rate	2.9188824906818996e-06
rate	2.840107800697911e-06
rate	2.7550738531370673e-06
rate	2.6919685170627205e-06
rate	2.6591520358999484e-06
rate	2.662187891194422e-06
rate	2.69886072734057e-06
rate	2.7597719953235738e-06
rate	2.861809791847198e-06
rate	3.0047840772904283e-06
rate	3.182773635653753e-06
rate	3.4008521603558754e-06
rate	3.6478575252635685e-06
rate	3.92392177636721e-06
rate	4.2295679117131665e-06
rate	4.5602521396481355e-06
rate	4.928313231950077e-06
rate	5.341030029395085e-06
rate	5.800612529431551e-06
rate	6.315169325988003e-06
rate	6.893220933278521e-06
rate	7.538213577367753e-06
rate	8.254014324732829e-06
rate	9.033937351917935e-06
rate	9.877233053514621e-06
rate	1.0794618247565066e-05
rate	1.1802826041957394e-05
rate	1.2930156826705893e-05
rate	1.4178019716064726e-05
rate	1.556497764766355e-05
rate	1.709377822274214e-05
rate	1.8767903110208055e-05
rate	2.060266581462836e-05
rate	2.2614271263461276e-05
rate	2.481989056289652e-05
rate	2.722112675644476e-05
rate	2.980399990138455e-05
rate	3.259998735877583e-05
rate	3.565859008468517e-05
rate	3.904199792053665e-05
rate	4.2769569223479844e-05
rate	4.680641667468246e-05
rate	5.104069687175732e-05
rate	5.6014745622332265e-05
rate	6.150814433995598e-05
rate	6.756588202075729e-05
rate	7.424151170833243e-05
rate	8.154066057767014e-05
rate	8.947725683151094e-05
rate	9.803935763159902e-05
rate	0.00010726902887243676
rate	0.00011724610575625779
rate	0.00012812953673859952
rate	0.00014007783379873498
rate	0.0001533255450602451
rate	0.00016799174113287475
rate	0.0001842431308281361
rate	0.00020200843719897764
rate	0.00022111837357139582
rate	0.00024131762762774175
rate	0.00026271020393634013
rate	0.0002862807983593675
rate	0.0003122287741333366
rate	0.00034015474296669805
rate	0.0003700616702659483
rate	0.00040211723833354535
rate	0.0004368534787900729
rate	0.0004744009484443041
rate	0.0005141588946137313
rate	0.0005556566752073444
rate	0.0005988562487159631
rate	0.0006441224389658021
rate	0.0006918857332506197
rate	0.0007407903807762266
rate	0.000792048453455387
rate	0.0008458969480407183
rate	0.0009023239770748522
rate	0.0009613375232990556
rate	0.0010229021343697853
rate	0.0010869997143451522
rate	0.0011536005364484927
rate	0.0012226866212591012
rate	0.0012942509188438771
rate	0.0013683071093260179
rate	0.0014449129744752618
rate	0.0015241550875461306
rate	1.4195731352325785e-05
rate	9.260905664663517e-07
rate	6.477710126092884e-07
rate	5.290113574323426e-07
rate	4.616969255252987e-07
rate	4.324106850839149e-07
rate	4.108160222319552e-07
rate	3.913847107253821e-07
rate	3.556427958830235e-07
rate	3.1621452707287e-07
rate	2.7846793894434196e-07
rate	2.6636799401527163e-07
rate	3.0676464825136984e-07
rate	4.108272701220987e-07
rate	5.560168495024446e-07
rate	7.210381124636824e-07
rate	8.725428649655036e-07
rate	9.941410751065878e-07
rate	1.069324928319742e-06
rate	1.1060672161261698e-06
rate	1.1439684581128495e-06
rate	1.186980600388993e-06
rate	1.2007366197926896e-06
rate	1.1772018864365038e-06
rate	1.1323683850505547e-06
rate	1.082900932743005e-06
rate	1.0454688206132465e-06
rate	1.0270436255452036e-06
rate	1.0413797755106464e-06
rate	1.0804459088851799e-06
rate	1.128272473402798e-06
rate	1.1865185657904978e-06
rate	1.2873114934901799e-06
rate	1.44522560104665e-06
rate	1.6371667736165403e-06
rate	1.8480320896355747e-06
rate	2.0496270720142185e-06
rate	2.2314152942324315e-06
rate	2.382755049300368e-06
rate	2.515894096908799e-06
rate	2.6558853969717554e-06
rate	2.82925028599137e-06
rate	3.064643169426137e-06
rate	3.386504549198147e-06
rate	3.7865454784261936e-06
rate	4.256230523426155e-06
rate	4.712590042289403e-06
rate	5.135024554480839e-06
rate	5.54070732516185e-06
rate	6.0023608628962346e-06
rate	6.566421634986378e-06
rate	7.218883570435724e-06
rate	7.947698264902471e-06
rate	8.742227575127934e-06
rate	9.619913581673608e-06
rate	1.0582394246854182e-05
rate	1.1654054964132049e-05
rate	1.2871146133555158e-05
rate	1.4237845803674797e-05
rate	1.575933148852147e-05
rate	1.7425325816713307e-05
rate	1.922669745500447e-05
rate	2.1161098460042172e-05
rate	2.32496983028492e-05
rate	2.552080413095058e-05
rate	2.8010028133042853e-05
rate	3.0777091694931135e-05
rate	3.390056393869282e-05
rate	3.744488290266806e-05
rate	4.1421612597392866e-05
rate	4.583939460247238e-05
rate	5.06817367723261e-05
rate	5.596284938408197e-05
rate	6.169447405800644e-05
rate	6.794781283325897e-05
rate	7.4775535007504e-05
rate	8.233586731895081e-05
rate	9.082061705217608e-05
rate	0.00010041653878377321
rate	0.00011118062320836548
rate	0.0001230433569770631
rate	0.0001360241069154757
rate	0.00015032570656202577
rate	0.00016607142069259358
rate	0.00018337882409836495
rate	0.0002028873765386357
rate	0.00022429151262600797
rate	0.00024758347052081725
rate	0.0002728947960195417
rate	0.0003005593060357196
rate	0.00033120275096561197
rate	0.000364870027864201
rate	0.0004010402315399779
rate	0.00043946815613464996
rate	0.00048044617013483205
rate	0.0005242802090965887
rate	0.0005701715528167415
rate	0.0006182694470118588
rate	0.0006686091712315137
rate	0.0007212808362621032
rate	0.0007771352829217242
rate	0.0008362049302119057
rate	0.0008985302415054628
rate	0.0009641314918338269
rate	0.0010330204606152592
rate	0.0011052339345032135
rate	0.001180801053192255
rate	0.0012597728760175336
rate	0.001342260998971181
rate	0.001428467665476718
rate	1.831278388797563e-05
rate	1.3551929018269053e-06
rate	7.307912849278074e-07
rate	5.866960175064093e-07
rate	5.278284892918548e-07
rate	5.200657448729438e-07
rate	5.299572990969285e-07
rate	5.255013829864816e-07
rate	4.863469798901953e-07
rate	4.1754065217662633e-07
rate	3.4963256463112274e-07
rate	3.379761850717382e-07
rate	4.427437650861559e-07
rate	6.984227206039678e-07
rate	1.054694117455897e-06
rate	1.4512364503473274e-06
rate	1.8126345041214751e-06
rate	2.117170219099472e-06
rate	2.3383105923829e-06
rate	2.4984877123301787e-06
rate	2.6664840968248226e-06
rate	2.8595472139397013e-06
rate	2.949000144490044e-06
rate	2.9348642800220606e-06
rate	2.8625391501137375e-06
rate	2.7876234618831984e-06
rate	2.7056655600030296e-06
rate	2.6415244956676285e-06
rate	2.6046059543595094e-06
rate	2.6011688528175535e-06
rate	2.6321468780930336e-06
rate	2.6938192727955308e-06
rate	2.794905818657327e-06
rate	2.9351918976813453e-06
rate	3.1114419321709436e-06
rate	3.3259358061649244e-06
rate	3.5729695952040226e-06
rate	3.852691850526218e-06
rate	4.1656909444322265e-06
rate	4.510283647087927e-06
rate	4.893494312844477e-06
rate	5.3200815205937235e-06
rate	5.79252924891866e-06
rate	6.316526798144594e-06
rate	6.8982239201921094e-06
rate	7.5414893604171375e-06
rate	8.250663650557671e-06
rate	9.025081153838247e-06
rate	9.867327144963314e-06
rate	1.078601891612688e-05
rate	1.1793100036730436e-05
rate	1.290663836155311e-05
rate	1.4131622343554074e-05
rate	1.548201218599687e-05
rate	1.6964286842512706e-05
rate	1.858575327344752e-05
rate	2.036013287886158e-05
rate	2.230213187135611e-05
rate	2.4427522305429465e-05
rate	2.6744921719787537e-05
rate	2.9255835577188323e-05
rate	3.198523045401894e-05
rate	3.4967873343810084e-05
rate	3.824572349756509e-05
rate	4.18402343347981e-05
rate	4.5746711131383264e-05
rate	4.983913146825586e-05
rate	5.4688841728801814e-05
rate	6.0022776543810194e-05
rate	6.58837586672334e-05
rate	7.232052865855472e-05
rate	7.935958991358263e-05
rate	8.703340805346093e-05
rate	9.536340429029989e-05
rate	0.0001043999651708789
rate	0.00011421437960674988
rate	0.00012491955027977859
rate	0.00013663023603138335
rate	0.00014950127767029682
rate	0.00016363179658177555
rate	0.00017914666694963835
rate	0.00019605356939073287
rate	0.00021431278760186212
rate	0.00023384294342336208
rate	0.0002547433367440232
rate	0.0002775542183807778
rate	0.00030242327287915874
rate	0.0003291983061411726
rate	0.00035792709252554025
rate	0.00038873774606358483
rate	0.0004219376226369427
rate	0.00045762939586582437
rate	0.0004955450406793134
rate	0.0005354753743654795
rate	0.0005774200866517319
rate	0.0006215716424337386
rate	0.0006681454748302075
rate	0.0007164528970144307
rate	0.0007670771142415143
rate	0.0008201009294844747
rate	0.0008754692212581598
rate	0.0009331229834818229
rate	0.000992967662332615
rate	0.001054903904946739
rate	0.0011188138051822754
rate	0.0011845737245799876
rate	0.0012520553946407638
rate	0.0013211326743204953
rate	0.001391695386013631
rate	0.0014636440331233782
rate	1.3803876007207687e-05
rate	8.638453003863551e-07
rate	6.157874056187081e-07
rate	5.095692435010903e-07
rate	4.5095592599794436e-07
rate	4.2485483319571486e-07
rate	4.074066282397155e-07
rate	3.889692468196106e-07
rate	3.556051779719715e-07
rate	3.146711168871427e-07
rate	2.7562891233779273e-07
rate	2.6201647429258856e-07
rate	3.006172618863612e-07
rate	4.039964038572861e-07
rate	5.502197758305933e-07
rate	7.153296809984336e-07
rate	8.652322791763071e-07
rate	9.849124501592555e-07
rate	1.059223184775946e-06
rate	1.097134489972562e-06
rate	1.136349584369414e-06
rate	1.181314407338642e-06
rate	1.1967899291678005e-06
rate	1.1737371912335253e-06
rate	1.126723305012495e-06
rate	1.0744961897521169e-06
rate	1.0358087979398152e-06
rate	1.0185041535707664e-06
rate	1.0346323222818893e-06
rate	1.0785817223282396e-06
rate	1.1289629073280607e-06
rate	1.1910660269305463e-06
rate	1.2976104991689108e-06
rate	1.4581443421662761e-06
rate	1.6501093833017463e-06
rate	1.8599379189703187e-06
rate	2.0593351362065235e-06
rate	2.233022484158418e-06
rate	2.372452529996057e-06
rate	2.494829690657779e-06
rate	2.6180614821872064e-06
rate	2.775408757838339e-06
rate	3.0025333763340173e-06
rate	3.3269309014220855e-06
rate	3.7358487264633273e-06
rate	4.216255230560548e-06
rate	4.674806680656724e-06
rate	5.088325361315198e-06
rate	5.479557357781742e-06
rate	5.923452366119786e-06
rate	6.472244596904696e-06
rate	7.110169469705107e-06
rate	7.820230317378558e-06
rate	8.600750171878014e-06
rate	9.464476166998991e-06
rate	1.0416677053433508e-05
rate	1.1474462499593621e-05
rate	1.2661389563230811e-05
rate	1.3985546184591584e-05
rate	1.5456144095516124e-05
rate	1.7075353818265927e-05
rate	1.884667281956689e-05
rate	2.077781773217042e-05
rate	2.288917108230994e-05
rate	2.5205677589049234e-05
rate	2.775702070215665e-05
rate	3.058612438676224e-05
rate	3.374662901851118e-05
rate	3.728651545793081e-05
rate	4.1228853695302796e-05
rate	4.5596904960034726e-05
rate	5.040314787301126e-05
rate	5.567733277172088e-05
rate	6.145003543031191e-05
rate	6.778376193085848e-05
rate	7.473409096583601e-05
rate	8.241185313987172e-05
rate	9.094726802614149e-05
rate	0.00010047073936226498
rate	0.00011105059156890668
rate	0.00012269476483452152
rate	0.00013545853693385957
rate	0.00014949180086019348
rate	0.00016490747480185072
rate	0.0001818182999093205
rate	0.0002006004028600162
rate	0.00022115951761822372
rate	0.00024355196271422832
rate	0.0002679048266716474
rate	0.00029444673867796425
rate	0.0003235518311578283
rate	0.0003553023102660414
rate	0.00038949477262878993
rate	0.00042605957590758617
rate	0.0004651902344015818
rate	0.0005070797319607735
rate	0.000551359617856751
rate	0.0005981244614023787
rate	0.0006473990260487519
rate	0.0006992208781610425
rate	0.0007539917020003004
rate	0.0008116863392373152
rate	0.0008722649855853093
rate	0.0009356584818414314
rate	0.0010017740971861443
rate	0.0010705128144757002
rate	0.0011417541750621285
rate	0.0012153728800760417
rate	0.0012912605332642782
rate	0.0013693436780078901
rate	1.7833565969235277e-05
rate	1.3353670135704623e-06
rate	6.963702030277248e-07
rate	5.575660944587375e-07
rate	5.073723480960232e-07
rate	5.078754822700155e-07
rate	5.219088391213369e-07
rate	5.200005318337803e-07
rate	4.82580969431061e-07
rate	4.1525726084404333e-07
rate	3.48931323015532e-07
rate	3.359797901717714e-07
rate	4.3717557229689376e-07
rate	6.847498602187239e-07
rate	1.0319155621115269e-06
rate	1.41468698556765e-06
rate	1.761442812560438e-06
rate	2.0541436493419732e-06
rate	2.269403245397872e-06
rate	2.4260596583436022e-06
rate	2.594448405991595e-06
rate	2.7906879809778413e-06
rate	2.883988215527827e-06
rate	2.8713276699545776e-06
rate	2.8061958095455755e-06
rate	2.735139123068485e-06
rate	2.656257266868992e-06
rate	2.591080474272536e-06
rate	2.5500598728190708e-06
rate	2.540149814440685e-06
rate	2.5654330288454973e-06
rate	2.6278665502674878e-06
rate	2.7280018454674557e-06
rate	2.8655997180722623e-06
rate	3.0401102286881335e-06
rate	3.2510194519739738e-06
rate	3.498081665144477e-06
rate	3.7814619246852247e-06
rate	4.101813977151286e-06
rate	4.4603151545277185e-06
rate	4.858675393738876e-06
rate	5.299133011792363e-06
rate	5.784445968405769e-06
rate	6.3178842703011854e-06
rate	6.903226907105697e-06
rate	7.544765143466522e-06
rate	8.247312976382511e-06
rate	9.016224955758558e-06
rate	9.857421236412007e-06
rate	1.0777419584688696e-05
rate	1.1783374031503476e-05
rate	1.2883119896400327e-05
rate	1.4085224971043422e-05
rate	1.5399046724330188e-05
rate	1.6834795462283274e-05
rate	1.8403603436686985e-05
rate	2.0117599943094797e-05
rate	2.1989992479250946e-05
rate	2.4035154047962408e-05
rate	2.626871668313032e-05
rate	2.87076712529921e-05
rate	3.137047354926205e-05
rate	3.427715660293499e-05
rate	3.744944907459354e-05
rate	4.0910899446116355e-05
rate	4.468700558808406e-05
rate	4.8637566064754405e-05
rate	5.3362937835271364e-05
rate	5.8537408747664403e-05
rate	6.420163531370951e-05
rate	7.0399545608777e-05
rate	7.717851924949513e-05
rate	8.45895592754109e-05
rate	9.268745094900077e-05
rate	0.00010153090146932104
rate	0.00011118265345724199
rate	0.00012170956382095762
rate	0.00013318263826403171
rate	0.00014567701028034857
rate	0.00015927185203067632
rate	0.0001740502030711406
rate	0.00019009870158248808
rate	0.00020750720163232846
rate	0.00022636825921898242
rate	0.0002467764695517063
rate	0.0002688276384021881
rate	0.0002926177716249809
rate	0.00031824186931564717
rate	0.00034579251478513215
rate	0.0003753582537936243
rate	0.0004070217664838125
rate	0.0004408578432873446
rate	0.0004769311867448955
rate	0.0005152940735236146
rate	0.0005559839245875009
rate	0.0005990208459016751
rate	0.0006444052164097953
rate	0.0006921154132526349
rate	0.0007421057750276415
rate	0.0007943049109282311
rate	0.0008486144654414674
rate	0.0009049084436645902
rate	0.0009630331902954443
rate	0.0010228080955483258
rate	0.001084027073916058
rate	0.001146460827900874
rate	0.0012098598704376508
rate	0.0012739582393149727
rate	0.0013384777975520004
rate	0.001403132978700626
rate	1.3412020662089588e-05
rate	8.016000343063586e-07
rate	5.838037986281279e-07
rate	4.901271295698379e-07
rate	4.4021492647059004e-07
rate	4.172989813075148e-07
rate	4.039972342474757e-07
rate	3.8655378291383916e-07
rate	3.555675600609195e-07
rate	3.131277067014154e-07
rate	2.727898857312435e-07
rate	2.5766495456990554e-07
rate	2.9446987552135247e-07
rate	3.971655375924735e-07
rate	5.444227021587421e-07
rate	7.096212495331846e-07
rate	8.579216933871108e-07
rate	9.75683825211923e-07
rate	1.04912144123215e-06
rate	1.0882017638189546e-06
rate	1.1287307106259788e-06
rate	1.1756482142882908e-06
rate	1.1928432385429115e-06
rate	1.1702724960305468e-06
rate	1.1210782249744357e-06
rate	1.0660914467612287e-06
rate	1.0261487752663838e-06
rate	1.0099646815963292e-06
rate	1.0278848690531325e-06
rate	1.0767175357712993e-06
rate	1.1296533412533232e-06
rate	1.1956134880705947e-06
rate	1.307909504847642e-06
rate	1.4710630832859022e-06
rate	1.6630519929869526e-06
rate	1.8718437483050626e-06
rate	2.069043200398829e-06
rate	2.234629674084404e-06
rate	2.3621500106917466e-06
rate	2.4737652844067586e-06
rate	2.5802375674026573e-06
rate	2.7215672296853085e-06
rate	2.9404235832418977e-06
rate	3.2673572536460245e-06
rate	3.6851519745004605e-06
rate	4.17627993769494e-06
rate	4.637023319024045e-06
rate	5.0416261681495566e-06
rate	5.418407390401635e-06
rate	5.8445438693433375e-06
rate	6.378067558823012e-06
rate	7.00145536897449e-06
rate	7.692762369854644e-06
rate	8.459272768628094e-06
rate	9.309038752324375e-06
rate	1.0250959860012835e-05
rate	1.1294870035055193e-05
rate	1.2451632992906463e-05
rate	1.3733246565508371e-05
rate	1.5152956702510776e-05
rate	1.672538181981855e-05
rate	1.846664818412931e-05
rate	2.039453700429867e-05
rate	2.252864386177068e-05
rate	2.4890551047147888e-05
rate	2.750401327127044e-05
rate	3.0395157078593337e-05
rate	3.3592694098329546e-05
rate	3.712814801319357e-05
rate	4.103609479321272e-05
rate	4.535441531759707e-05
rate	5.0124558973696414e-05
rate	5.5391816159359794e-05
rate	6.120559680261737e-05
rate	6.761971102845799e-05
rate	7.469264692416804e-05
rate	8.248783896079261e-05
rate	9.107391900010689e-05
rate	0.00010052493994075674
rate	0.0001109205599294479
rate	0.00012234617269197998
rate	0.00013489296695224344
rate	0.00014865789515836118
rate	0.00016374352891110783
rate	0.0001802577757202761
rate	0.0001983134291813967
rate	0.00021802752261043944
rate	0.00023952045490763943
rate	0.00026291485732375306
rate	0.0002883341713202089
rate	0.00031590091135004467
rate	0.00034573459266788183
rate	0.0003779493137176019
rate	0.0004126509956805224
rate	0.0004499342986683316
rate	0.0004898792548249583
rate	0.0005325476828967604
rate	0.0005779794757928985
rate	0.00062618888086599
rate	0.000677160920059982
rate	0.0007308481210788765
rate	0.0007871677482627245
rate	0.0008459997296651559
rate	0.0009071854718490359
rate	0.0009705277337570294
rate	0.0010357916944481868
rate	0.0011027072969320016
rate	0.0011709728841345498
rate	0.0012402600675573755
rate	0.0013102196905390622
rate	1.63189868465255e-05
rate	1.3185152854782916e-06
rate	9.201674873116468e-07
rate	6.720039624649657e-07
rate	5.596723985580896e-07
rate	4.6194944037468435e-07
rate	4.2049161560737176e-07
rate	3.8717137084430745e-07
rate	3.374901234255752e-07
rate	2.767064431949624e-07
rate	2.337284793913697e-07
rate	2.506445223003974e-07
rate	3.751924273526376e-07
rate	6.350403223681508e-07
rate	9.901976838842224e-07
rate	1.3814095119334889e-06
rate	1.7466687022811623e-06
rate	2.0641085072742124e-06
rate	2.3011666510707513e-06
rate	2.470641611153328e-06
rate	2.640266895194264e-06
rate	2.8011542956666203e-06
rate	2.885587639212552e-06
rate	2.875361225511001e-06
rate	2.7959296463906808e-06
rate	2.6914359562743135e-06
rate	2.604907841604967e-06
rate	2.542313578476385e-06
rate	2.526253765260358e-06
rate	2.5495336032832494e-06
rate	2.58243297276097e-06
rate	2.6310205303049742e-06
rate	2.746060102172278e-06
rate	2.894014685283548e-06
rate	3.108706071089541e-06
rate	3.3454248118261935e-06
rate	3.5945650303193092e-06
rate	3.8548569747803055e-06
rate	4.125270319763444e-06
rate	4.410864137292357e-06
rate	4.7090184596858725e-06
rate	5.038744659770182e-06
rate	5.417215552102607e-06
rate	5.863857541160868e-06
rate	6.380999337496981e-06
rate	6.965501168581027e-06
rate	7.6025959101443705e-06
rate	8.281212587356836e-06
rate	8.983757720018664e-06
rate	9.713878329382961e-06
rate	1.0503407688597794e-05
rate	1.138080729359527e-05
rate	1.2348075568022525e-05
rate	1.3442654273350002e-05
rate	1.470736441335368e-05
rate	1.6181938967988858e-05
rate	1.7869656208101405e-05
rate	1.9770437334996954e-05
rate	2.186034686809671e-05
rate	2.41539664834775e-05
rate	2.67731502249886e-05
rate	2.9762252001776635e-05
rate	3.2972262392072055e-05
rate	3.6309963166603265e-05
rate	3.979129334524516e-05
rate	4.342685614884552e-05
rate	4.735107292605389e-05
rate	5.1942703603827347e-05
rate	5.725661921931224e-05
rate	6.315985112819319e-05
rate	6.942319948070234e-05
rate	7.62734087277093e-05
rate	8.413151199334072e-05
rate	9.314570472076768e-05
rate	0.00010328934972294865
rate	0.0001145751401378695
rate	0.00012673724931159283
rate	0.00014023823040944008
rate	0.00015523422370517239
rate	0.0001718792227997161
rate	0.00019033915924369018
rate	0.00021078804028559311
rate	0.00023340363536370192
rate	0.0002583627251433265
rate	0.0002858359767901592
rate	0.00031599115337559847
rate	0.0003489855345643391
rate	0.0003849612378352063
rate	0.00042403495207547824
rate	0.00046631237144233254
rate	0.0005118616707148632
rate	0.0005607365825963349
rate	0.0006129546017885952
rate	0.000668507165725055
rate	0.0007273652857192532
rate	0.0007894725178989392
rate	0.0008547584269181523
rate	0.0009231314362709638
rate	0.0009944992882329523
rate	0.0010687600216131897
rate	0.0011487696526598925
rate	0.0012328410138132497
rate	0.001321960289912707
rate	0.0014165328885245771
rate	0.0015170210787582095
rate	0.0016239439922679385
rate	0.0017378752632514023
rate	0.0018594376701538437
rate	0.001989293943802599
rate	0.002128132662571509
rate	1.18555175955444e-05
rate	9.95205028375383e-07
rate	6.441936780381099e-07
rate	4.6401776607924834e-07
rate	3.889560050695212e-07
rate	3.6049711989737324e-07
rate	3.3431683601219214e-07
rate	3.1040450484959396e-07
rate	2.841344578545002e-07
rate	2.5555156995684866e-07
rate	2.3389201683945938e-07
rate	2.3508552985597775e-07
rate	2.7697203988448007e-07
rate	3.746231646348139e-07
rate	5.044481844557261e-07
rate	6.589218252772473e-07
rate	7.97527136335045e-07
rate	8.963553870512233e-07
rate	9.34557114415926e-07
rate	9.244477383587327e-07
rate	9.07943279405942e-07
rate	9.043716745653157e-07
rate	9.008925288775909e-07
rate	9.059225015618596e-07
rate	9.193371849795438e-07
rate	9.410230282539681e-07
rate	9.64773404353875e-07
rate	9.966960962350395e-07
rate	1.032698398520109e-06
rate	1.076790880663409e-06
rate	1.1269439515836407e-06
rate	1.1910799370357233e-06
rate	1.2848954935050587e-06
rate	1.4003414929515775e-06
rate	1.5452296007334071e-06
rate	1.7000068566827119e-06
rate	1.8590158521512037e-06
rate	2.0303158126952587e-06
rate	2.2083438846040087e-06
rate	2.3954008589936814e-06
rate	2.5958037815665484e-06
rate	2.810063615806254e-06
rate	3.0348803611199807e-06
rate	3.274870058913409e-06
rate	3.5407119849439226e-06
rate	3.835462629801976e-06
rate	4.168351504147396e-06
rate	4.554981796068581e-06
rate	4.995419125705458e-06
rate	5.4858314965386875e-06
rate	6.028494465731356e-06
rate	6.623671698085827e-06
rate	7.286180608797152e-06
rate	8.039746988714442e-06
rate	8.913176945946645e-06
rate	9.94274577192134e-06
rate	1.1126211533159615e-05
rate	1.2437861132900008e-05
rate	1.3844798869636243e-05
rate	1.5365894581789494e-05
rate	1.711885977270941e-05
rate	1.913350092118092e-05
rate	2.12682546484037e-05
rate	2.344315202464651e-05
rate	2.5689642622744193e-05
rate	2.8075605054071574e-05
rate	3.048374450494766e-05
rate	3.326753825627944e-05
rate	3.644595302503374e-05
rate	3.99766812399515e-05
rate	4.376749237823736e-05
rate	4.800828796408248e-05
rate	5.294266754961659e-05
rate	5.8636146778381874e-05
rate	6.506948972658853e-05
rate	7.228253376344963e-05
rate	8.004952958507762e-05
rate	8.870367531039347e-05
rate	9.837970234713171e-05
rate	0.00010923171019288471
rate	0.00012143924156190202
rate	0.0001352059351311625
rate	0.00015075516645699264
rate	0.00016833673964669306
rate	0.0001882205678169923
rate	0.00021068859946649646
rate	0.00023603726921090216
rate	0.0002645632014206081
rate	0.00029654879847753035
rate	0.00033225632558334545
rate	0.0003719048354113723
rate	0.0004156569384233926
rate	0.0004636039754226104
rate	0.0005157387599532049
rate	0.0005719618676965326
rate	0.0006320681599639098
rate	0.0006957461028346666
rate	0.0007625950665060466
rate	0.0008321515707020469
rate	0.000903898058876846
rate	0.000980155488023733
rate	0.0010589959699737006
rate	0.0011410606416748237
rate	0.00122652239342389
rate	0.0013157000343528697
rate	0.001409065106923508
rate	0.0015072350584982817
rate	0.0016109499298060602
rate	0.0017210291348116128
rate	0.0018383037607811244
rate	1.7543316605889297e-05
rate	1.289418043706062e-06
rate	8.676354799742057e-07
rate	6.421962155807415e-07
rate	5.365553649886169e-07
rate	4.6428124054447407e-07
rate	4.3988588163869957e-07
rate	4.1114493400127554e-07
rate	3.603583686873334e-07
rate	2.953788679141589e-07
rate	2.4136330890763484e-07
rate	2.556382309722851e-07
rate	3.8755238684859654e-07
rate	6.763758713831475e-07
rate	1.0790545947178498e-06
rate	1.5301557736101726e-06
rate	1.9566053874746415e-06
rate	2.327452205547618e-06
rate	2.599475564660151e-06
rate	2.7819355937677967e-06
rate	2.9552469587192436e-06
rate	3.113393032267488e-06
rate	3.176679330127628e-06
rate	3.1287233701083906e-06
rate	3.004284935425241e-06
rate	2.8419810323445403e-06
rate	2.6990796963033447e-06
rate	2.593778771950526e-06
rate	2.5603849060529232e-06
rate	2.5814261692928323e-06
rate	2.623734505076041e-06
rate	2.6730161332981616e-06
rate	2.775360660701341e-06
rate	2.8592460809163515e-06
rate	3.0048608483163334e-06
rate	3.17216938702814e-06
rate	3.378006469923479e-06
rate	3.648857429723535e-06
rate	3.989569112591275e-06
rate	4.3816765208103355e-06
rate	4.800756864999242e-06
rate	5.2356675034361975e-06
rate	5.69647805153213e-06
rate	6.190916773205086e-06
rate	6.7325091390175e-06
rate	7.328659215913229e-06
rate	7.972341442411765e-06
rate	8.650006151404783e-06
rate	9.345747135282027e-06
rate	1.0064487693084873e-05
rate	1.0826500140755358e-05
rate	1.1659475202804723e-05
rate	1.2586047955034042e-05
rate	1.3640739772291319e-05
rate	1.4838307793164824e-05
rate	1.62034120747289e-05
rate	1.7723551428251195e-05
rate	1.939345599305656e-05
rate	2.121707793238135e-05
rate	2.3240289029556258e-05
rate	2.5607348399039128e-05
rate	2.8361786882192348e-05
rate	3.138270571683074e-05
rate	3.459175429474904e-05
rate	3.802329207858651e-05
rate	4.173910175220478e-05
rate	4.5817908120262127e-05
rate	5.061349208637703e-05
rate	5.612801771086111e-05
rate	6.220507444131755e-05
rate	6.863469412540598e-05
rate	7.561623602799579e-05
rate	8.351266264528915e-05
rate	9.245033271958998e-05
rate	0.00010239075376449237
rate	0.00011334796595832218
rate	0.00012504260260956594
rate	0.0001379172165506505
rate	0.00015215165532202492
rate	0.00016797206015029537
rate	0.00018563592715901622
rate	0.00020544598886928337
rate	0.00022774666639525202
rate	0.0002529118437122037
rate	0.00028134399204986606
rate	0.00031344321144807644
rate	0.000349604537582122
rate	0.00039016256971253403
rate	0.00043536948032247153
rate	0.00048533397889831295
rate	0.0005399597821529043
rate	0.0005989070994182774
rate	0.000661534624749236
rate	0.0007268758807356425
rate	0.0007936419144427228
rate	0.0008602507952579206
rate	0.0009249320489834949
rate	0.0009858256286002383
rate	0.0010411443471822635
rate	0.0010893326503903572
rate	0.0011322962296316846
rate	0.0011673666404996381
rate	0.001195172102895283
rate	0.0012161023565063441
rate	0.0012309340935093124
rate	0.0012407297880038814
rate	0.0012467110843544572
rate	0.001250120742029661
rate	0.001252083712881874
rate	0.0012534726193755225
rate	1.408341252106059e-05
rate	1.0848009177546765e-06
rate	7.0490697231421e-07
rate	4.967669695480401e-07
rate	3.9835540104257153e-07
rate	3.969495716282495e-07
rate	3.7572901116168356e-07
rate	3.597907163526833e-07
rate	3.3506656306132785e-07
rate	3.071514483493839e-07
rate	2.8451707261343373e-07
rate	2.924975639717247e-07
rate	3.5328634668857044e-07
rate	4.80006259144381e-07
rate	6.543697574646859e-07
rate	8.551514190300217e-07
rate	1.0341365884008695e-06
rate	1.1585240716098813e-06
rate	1.1976352793400902e-06
rate	1.1730394437799482e-06
rate	1.1366081023804986e-06
rate	1.1118697956207698e-06
rate	1.086155555768833e-06
rate	1.0646740233080107e-06
rate	1.049864658569751e-06
rate	1.0370702662588026e-06
rate	1.0332836305795485e-06
rate	1.0383169550658965e-06
rate	1.0584630242801265e-06
rate	1.0911558600660118e-06
rate	1.1320872114874471e-06
rate	1.1854756900828477e-06
rate	1.2713412638150654e-06
rate	1.3635867653767436e-06
rate	1.4921678013242712e-06
rate	1.6339868989525998e-06
rate	1.7899641334511304e-06
rate	1.97068657253588e-06
rate	2.1752386599914153e-06
rate	2.397000283533508e-06
rate	2.631147084921332e-06
rate	2.8784089760576023e-06
rate	3.1392783018910873e-06
rate	3.4179627941796405e-06
rate	3.726592464454795e-06
rate	4.071504559147467e-06
rate	4.450926999090288e-06
rate	4.8566147306545905e-06
rate	5.277717004000622e-06
rate	5.7239781274901506e-06
rate	6.2012661144165165e-06
rate	6.739402363159081e-06
rate	7.375834886116033e-06
rate	8.140472739310278e-06
rate	9.03978133296101e-06
rate	1.0078073470008691e-05
rate	1.1217193606567747e-05
rate	1.2431463895536632e-05
rate	1.3694577757044272e-05
rate	1.5045647009552577e-05
rate	1.6611608336706497e-05
rate	1.84273352628762e-05
rate	2.037940138051211e-05
rate	2.241156879450542e-05
rate	2.45614295279737e-05
rate	2.693674598815388e-05
rate	2.939091867231852e-05
rate	3.221926067877806e-05
rate	3.5413347513643805e-05
rate	3.89608510548513e-05
rate	4.283169805123055e-05
rate	4.7220099201179665e-05
rate	5.234329174886973e-05
rate	5.8274541064912144e-05
rate	6.500621251224763e-05
rate	7.258818024163931e-05
rate	8.077528231931328e-05
rate	8.988281246209984e-05
rate	0.00010002697366617573
rate	0.0001113596673167578
rate	0.0001240443332419728
rate	0.00013827725251303432
rate	0.00015427705143769192
rate	0.00017229288477653236
rate	0.00019259442994009823
rate	0.0002154828323720052
rate	0.0002412725088687967
rate	0.0002702854271012913
rate	0.00030285390227190607
rate	0.00033928939655284064
rate	0.00037987782905829856
rate	0.0004248545116276849
rate	0.0004743985008395239
rate	0.000528587224081819
rate	0.0005874130972263406
rate	0.000650742775652336
rate	0.0007183356066904252
rate	0.0007898404550906603
rate	0.0008648109376709859
rate	0.0009427399157342963
rate	0.0010261612231590516
rate	0.0011130165815191654
rate	0.0012040118873925443
rate	0.0012993438314626952
rate	0.0013993698397257147
rate	0.0015046221135778053
rate	0.0016158061049671459
rate	0.001733779486679342
rate	0.0018595070582065748
rate	0.0019939857169422336
rate	1.5405218011068344e-05
rate	1.1247407943156398e-06
rate	8.175521415713194e-07
rate	6.600326750913889e-07
rate	5.107554526369493e-07
rate	4.679504981808155e-07
rate	4.3925214518996563e-07
rate	4.146297285435631e-07
rate	3.704082207483599e-07
rate	3.11580175584377e-07
rate	2.7023723375000536e-07
rate	2.924449805644301e-07
rate	4.322726284704876e-07
rate	7.266444166341348e-07
rate	1.135718308699281e-06
rate	1.58410847608247e-06
rate	2.0079280689084204e-06
rate	2.379347004949244e-06
rate	2.661870272159634e-06
rate	2.8573256740831823e-06
rate	3.041634697630688e-06
rate	3.2051775613645804e-06
rate	3.2656087724476973e-06
rate	3.2110334381982356e-06
rate	3.0758839162692364e-06
rate	2.904377661743495e-06
rate	2.756419727867266e-06
rate	2.654130337119919e-06
rate	2.6316659547472365e-06
rate	2.6683372824254154e-06
rate	2.7294452671484405e-06
rate	2.7972022170403886e-06
rate	2.916369676501686e-06
rate	2.9930120611474223e-06
rate	3.1308686632617627e-06
rate	3.2913765045225586e-06
rate	3.48870207244653e-06
rate	3.746882032289569e-06
rate	4.065240725768154e-06
rate	4.423270512024726e-06
rate	4.793105867196829e-06
rate	5.173451023381459e-06
rate	5.586996991883919e-06
rate	6.054345992082921e-06
rate	6.574380470786925e-06
rate	7.150262655299984e-06
rate	7.759679281072429e-06
rate	8.39043814884521e-06
rate	9.036368284928834e-06
rate	9.711225830238984e-06
rate	1.0454975035216707e-05
rate	1.129016080420009e-05
rate	1.2207485012564485e-05
rate	1.3207632695560549e-05
rate	1.4303475088161884e-05
rate	1.5499721755859138e-05
rate	1.6834221842117137e-05
rate	1.8362467286653438e-05
rate	2.0151999774591695e-05
rate	2.2250747444425792e-05
rate	2.473570074498038e-05
rate	2.7547971234917278e-05
rate	3.053677915334028e-05
rate	3.354666249556725e-05
rate	3.6611201148095405e-05
rate	3.992562749419077e-05
rate	4.3518100199866036e-05
rate	4.769084666889402e-05
rate	5.246822903317701e-05
rate	5.781293549727807e-05
rate	6.358510262654079e-05
rate	7.005135618700383e-05
rate	7.755955532186425e-05
rate	8.619916293387739e-05
rate	9.58951586109127e-05
rate	0.00010667430424526379
rate	0.0001183614441303467
rate	0.00013136677538087412
rate	0.0001458536427709646
rate	0.000162003399281575
rate	0.00018001772355311733
rate	0.00020010994986164544
rate	0.00022250788280502184
rate	0.00024744508460391464
rate	0.00027516115980161124
rate	0.0003058843781712513
rate	0.00033982580957621394
rate	0.00037716961479257336
rate	0.00041805064693445126
rate	0.0004625519041225892
rate	0.000510679242175844
rate	0.0005623588538810732
rate	0.0006174132729332379
rate	0.0006755737118054038
rate	0.0007364768109858209
rate	0.0007996604937865613
rate	0.000864597275784494
rate	0.0009307176512900952
rate	0.0009974229888355319
rate	0.0010641323550275254
rate	0.0011334455477590476
rate	0.0012031383816544596
rate	0.0012738991309398779
rate	0.0013458596519241967
rate	0.0014192776611225185
rate	0.001494529897095628
rate	0.0015720940450235105
rate	0.001652518264167389
rate	0.0017363767828055805
rate	0.0018242093145534116
rate	1.0651494401176208e-05
rate	7.8701323768717e-07
rate	5.683723346952029e-07
rate	4.190714486271809e-07
rate	3.602518098016415e-07
rate	3.0770780011423765e-07
rate	2.7620693752769614e-07
rate	2.531179543889392e-07
rate	2.3000994242536389e-07
rate	2.08994101215172e-07
rate	1.9429708726807757e-07
rate	2.0494290200058496e-07
rate	2.515331138250189e-07
rate	3.468047645700483e-07
rate	4.781317493173828e-07
rate	6.307497351753613e-07
rate	7.750408483437734e-07
rate	8.855666359004942e-07
rate	9.431995565805621e-07
rate	9.58471521156729e-07
rate	9.673985808530399e-07
rate	9.848336625635397e-07
rate	9.959219956191077e-07
rate	1.002780451635034e-06
rate	1.007529792225729e-06
rate	1.0144220156982104e-06
rate	1.0277178552460796e-06
rate	1.0516874007311057e-06
rate	1.0884802226092425e-06
rate	1.1402519614422681e-06
rate	1.2006322177580094e-06
rate	1.2739090083765422e-06
rate	1.379333666469778e-06
rate	1.4806410396357505e-06
rate	1.6227442279532153e-06
rate	1.7757737648844887e-06
rate	1.9483327037427617e-06
rate	2.1533411727108974e-06
rate	2.388748115772198e-06
rate	2.643913387898541e-06
rate	2.9038672600661394e-06
rate	3.1664974190407357e-06
rate	3.4361461918249232e-06
rate	3.7193309772582393e-06
rate	4.024757061763556e-06
rate	4.361172079397132e-06
rate	4.722232188952959e-06
rate	5.0950768435800106e-06
rate	5.477627910326353e-06
rate	5.885164180426719e-06
rate	6.32652700684871e-06
rate	6.832378007624806e-06
rate	7.4270275592287445e-06
rate	8.128406458250841e-06
rate	8.932722726706617e-06
rate	9.823046990942505e-06
rate	1.0793329222889456e-05
rate	1.1863879786353407e-05
rate	1.3059591364257e-05
rate	1.4412209011399971e-05
rate	1.601353409286524e-05
rate	1.7825409349411718e-05
rate	1.9693780408626983e-05
rate	2.150770408802434e-05
rate	2.3329424748015724e-05
rate	2.5342746727724226e-05
rate	2.7461639436082866e-05
rate	2.9982042012010965e-05
rate	3.2918776294151844e-05
rate	3.6266719708698916e-05
rate	3.998912371716457e-05
rate	4.426123378604954e-05
rate	4.927273535218575e-05
rate	5.509508684844674e-05
rate	6.173484293548563e-05
rate	6.92763487154435e-05
rate	7.751921945006358e-05
rate	8.672971985155585e-05
rate	9.701351551044333e-05
rate	0.00010849708068362852
rate	0.00012130969354493913
rate	0.00013559620937060945
rate	0.0001515207896266924
rate	0.0001692562072371837
rate	0.00018899513903931182
rate	0.00021094469212311817
rate	0.0002353309954342534
rate	0.0002623940030556276
rate	0.0002923926210913448
rate	0.00032560518459370195
rate	0.0003623275337132808
rate	0.00040286558003590616
rate	0.0004475469875341215
rate	0.0004967025784351684
rate	0.000550683810784863
rate	0.000609840056900123
rate	0.0006745327681596563
rate	0.0007451095199384545
rate	0.0008219260004460032
rate	0.0009053194864608446
rate	0.000998640578040294
rate	0.0011008022085269027
rate	0.0012133971989588587
rate	0.0013374909410219444
rate	0.0014742585302912846
rate	0.0016249960908706694
rate	0.001791133174621688
rate	0.0019742463013967784
rate	0.0021760737020999257
rate	0.0023985313186923847
rate	1.5222865361928007e-05
rate	1.0988444906592083e-06
rate	7.168525529737177e-07
rate	5.249234983585313e-07
rate	4.61016943859351e-07
rate	4.03089848206199e-07
rate	3.8309183594341985e-07
rate	3.5903748108620893e-07
rate	3.1528289523551965e-07
rate	2.567924565306496e-07
rate	2.1267475228988246e-07
rate	2.2212362166368286e-07
rate	3.320682180626669e-07
rate	5.667859681485585e-07
rate	8.942253709830813e-07
rate	1.257539368392837e-06
rate	1.5989183841574736e-06
rate	1.9104806795655542e-06
rate	2.156643179000954e-06
rate	2.344477720270659e-06
rate	2.525146879647984e-06
rate	2.6943191249199368e-06
rate	2.788851254498921e-06
rate	2.794506187048403e-06
rate	2.7348638510662224e-06
rate	2.6478688055859337e-06
rate	2.571029242692552e-06
rate	2.506286338390587e-06
rate	2.474043831538975e-06
rate	2.4718809848963002e-06
rate	2.4852416037626763e-06
rate	2.514029093636793e-06
rate	2.604367743381041e-06
rate	2.6856074270986494e-06
rate	2.8376547426695185e-06
rate	3.016352591637621e-06
rate	3.2257993291592105e-06
rate	3.483910410822505e-06
rate	3.7851547937841386e-06
rate	4.118545888334111e-06
rate	4.459897881380192e-06
rate	4.820283033269992e-06
rate	5.22249553097174e-06
rate	5.687594793663336e-06
rate	6.219493568770857e-06
rate	6.802845545305046e-06
rate	7.426108300688207e-06
rate	8.10511272419752e-06
rate	8.841963410267123e-06
rate	9.640585982620448e-06
rate	1.0539099436047926e-05
rate	1.1521396616897375e-05
rate	1.2531093015842948e-05
rate	1.3529821318906671e-05
rate	1.453804442256536e-05
rate	1.5589209329674606e-05
rate	1.6771136298700176e-05
rate	1.817004715369717e-05
rate	1.990063173340724e-05
rate	2.198807620279192e-05
rate	2.445708665782078e-05
rate	2.719152856336714e-05
rate	3.0046908048135792e-05
rate	3.283742359098918e-05
rate	3.560357208593801e-05
rate	3.8602214142674703e-05
rate	4.182027215679343e-05
rate	4.555988183074653e-05
rate	4.986579268315479e-05
rate	5.4742670976542284e-05
rate	6.01110895413311e-05
rate	6.620387004297506e-05
rate	7.331969157502338e-05
rate	8.153278228163706e-05
rate	9.081728896524132e-05
rate	0.00010125129317153028
rate	0.00011270747881605315
rate	0.00012555649652880982
rate	0.00013996429655637724
rate	0.0001561200250059195
rate	0.00017421974213998402
rate	0.00019446619391176297
rate	0.00021707049360524325
rate	0.00024224250576076168
rate	0.0002701768514651319
rate	0.00030105690474061317
rate	0.0003350392968432286
rate	0.0003722431930770809
rate	0.0004127397241319037
rate	0.0004565423717476549
rate	0.0005036055813136713
rate	0.0005537978171573011
rate	0.0006069284725368194
rate	0.0006627287335737602
rate	0.0007208618978051632
rate	0.0007809351632861334
rate	0.0008425188627563937
rate	0.0009051615218160311
rate	0.0009684128671132189
rate	0.0010318387241308267
rate	0.0010980856577483293
rate	0.00116511430984333
rate	0.00123368390993043
rate	0.0013039870798833802
rate	0.00137630576793402
rate	0.0014510038158965285
rate	0.001528512582930345
rate	0.0016093088232542808
rate	0.0016938837000729705
rate	0.0017827013539235108
rate	1.1135613368168548e-05
rate	9.287094113315248e-07
rate	5.247885309761178e-07
rate	4.043110247689259e-07
rate	3.5434149195324203e-07
rate	3.164181023779259e-07
rate	2.9835626838252134e-07
rate	2.862868929320882e-07
rate	2.657408634791617e-07
rate	2.41628173236816e-07
rate	2.2391188993256508e-07
rate	2.3207862877002976e-07
rate	2.846806643726915e-07
rate	3.9399662867547823e-07
rate	5.405326693891543e-07
rate	7.032354015146496e-07
rate	8.470122781165858e-07
rate	9.400764522394515e-07
rate	9.624943500522392e-07
rate	9.382067288151706e-07
rate	9.055639149778776e-07
rate	8.877205511957386e-07
rate	8.724842077260518e-07
rate	8.679136071871081e-07
rate	8.73901667124468e-07
rate	8.86522717178506e-07
rate	9.038577594579558e-07
rate	9.335895492338405e-07
rate	9.737505398603298e-07
rate	1.026244619755855e-06
rate	1.09299439842462e-06
rate	1.1739517676705976e-06
rate	1.280969971390249e-06
rate	1.3798084619841744e-06
rate	1.5101391819961454e-06
rate	1.6533517961903632e-06
rate	1.8190043362843222e-06
rate	2.014690887156169e-06
rate	2.2417501821904225e-06
rate	2.4826629561811328e-06
rate	2.7199364794648393e-06
rate	2.955247559223272e-06
rate	3.20951160329203e-06
rate	3.4977646854555956e-06
rate	3.8168398058849215e-06
rate	4.1745546609003936e-06
rate	4.546485761940648e-06
rate	4.911069370338122e-06
rate	5.253252175179882e-06
rate	5.601072927214479e-06
rate	5.984663570260082e-06
rate	6.451266975239787e-06
rate	7.032693602265724e-06
rate	7.760002057799718e-06
rate	8.622393866221376e-06
rate	9.596792418346773e-06
rate	1.0670594452050031e-05
rate	1.1878203186807813e-05
rate	1.3251453127516656e-05
rate	1.481657288490123e-05
rate	1.66621470574037e-05
rate	1.8728048348996028e-05
rate	2.0861347268734357e-05
rate	2.292475995165956e-05
rate	2.495494444658114e-05
rate	2.713479841246889e-05
rate	2.9340920811828368e-05
rate	3.184885825501569e-05
rate	3.4660149976397814e-05
rate	3.7765674923607374e-05
rate	4.114808925019654e-05
rate	4.493220502755327e-05
rate	4.9240454693711525e-05
rate	5.415031918586025e-05
rate	5.972215325079373e-05
rate	6.608974024171943e-05
rate	7.306760647353808e-05
rate	8.092825420874952e-05
rate	8.98189366158429e-05
rate	9.991720983514612e-05
rate	0.00011141091526214848
rate	0.0001245209273182013
rate	0.00013947988125478808
rate	0.00015654186040084937
rate	0.0001759797121258617
rate	0.000198066446013918
rate	0.0002230862060004477
rate	0.00025131530310232357
rate	0.0002830112962593376
rate	0.0003184067654475593
rate	0.00035768731824226943
rate	0.0004009919442057181
rate	0.00044839690748662696
rate	0.0004999108851298389
rate	0.0005554653334171096
rate	0.0006149214096772366
rate	0.0006780762814844336
rate	0.0007446672887954057
rate	0.0008143923628152973
rate	0.0008869367532539076
rate	0.0009647792444540139
rate	0.001046221418745852
rate	0.001132083858459829
rate	0.0012227035866152645
rate	0.001318532786592403
rate	0.001420143599578267
rate	0.001528225075148058
rate	0.0016435698771417053
rate	0.0017670474722920472
rate	0.0018995592951256074
rate	1.4153771995506341e-05
rate	1.0891283461045986e-06
rate	7.796085796823419e-07
rate	4.987684445714134e-07
rate	4.5084682138554605e-07
rate	3.901090847358472e-07
rate	3.5819001912242985e-07
rate	3.264947511806375e-07
rate	2.7983471301089743e-07
rate	2.2268391795804292e-07
rate	1.8100316295577366e-07
rate	1.9329623910233824e-07
rate	3.0613514791303665e-07
rate	5.377696600112621e-07
rate	8.551793441670643e-07
rate	1.1981830845044592e-06
rate	1.52001573927475e-06
rate	1.8250741853875563e-06
rate	2.09247529545956e-06
rate	2.3267387858197065e-06
rate	2.5678481301290845e-06
rate	2.7907440370834914e-06
rate	2.931245300464614e-06
rate	2.961174994381643e-06
rate	2.906371461054255e-06
rate	2.8211457384518197e-06
rate	2.748874731819965e-06
rate	2.689486110513036e-06
rate	2.6612527958829897e-06
rate	2.665996916014186e-06
rate	2.6913626715120547e-06
rate	2.725150256403852e-06
rate	2.813788724077962e-06
rate	2.854390553419177e-06
rate	2.9598833675770265e-06
rate	3.0819380228290692e-06
rate	3.2467241250012917e-06
rate	3.4943890152689643e-06
rate	3.837080919122797e-06
rate	4.2450819111133046e-06
rate	4.678817806779526e-06
rate	5.120781580723477e-06
rate	5.583540268766132e-06
rate	6.069683833076097e-06
rate	6.591915536384525e-06
rate	7.142879706485475e-06
rate	7.733405296926315e-06
rate	8.386659989478376e-06
rate	9.120048996870162e-06
rate	9.934945161544565e-06
rate	1.0847224274869156e-05
rate	1.1821534728487725e-05
rate	1.2809510241931442e-05
rate	1.376184701927092e-05
rate	1.4697307242964164e-05
rate	1.56539247317242e-05
rate	1.672561341058036e-05
rate	1.7999981587100218e-05
rate	1.9605536275023692e-05
rate	2.157505200760763e-05
rate	2.3959940273862462e-05
rate	2.662718514451388e-05
rate	2.9391387243288712e-05
rate	3.201910941491043e-05
rate	3.456310138479747e-05
rate	3.7303344253124784e-05
rate	4.062404062808121e-05
rate	4.453372488271194e-05
rate	4.914529927159373e-05
rate	5.4474811163805966e-05
rate	6.032369092991266e-05
rate	6.666615659778494e-05
rate	7.366188483422023e-05
rate	8.15482247953493e-05
rate	9.037196145626385e-05
rate	9.94702632852817e-05
rate	0.00010957161703267835
rate	0.00012128796148000249
rate	0.00013496423506712788
rate	0.00015057256293810617
rate	0.0001678849101794159
rate	0.00018654320701287752
rate	0.00020696417824559793
rate	0.0002296868303920819
rate	0.000257224624993275
rate	0.00028927512619163903
rate	0.0003246659059961849
rate	0.00036361026597242415
rate	0.0004062862315382048
rate	0.00045286524024852067
rate	0.000503467531836049
rate	0.0005581828303544077
rate	0.0006170384955308945
rate	0.0006800077025580502
rate	0.00074699398256582
rate	0.0008178188783978132
rate	0.000892234919634642
rate	0.0009699072285553847
rate	0.0010504258073922997
rate	0.0011333131362572311
rate	0.0012274571333049846
rate	0.0013270175739672687
rate	0.0014346780930020303
rate	0.0015511053925219924
rate	0.0016770172077725147
rate	0.001813186046757712
rate	0.0019604435520593285
rate	0.0021196856645405333
rate	0.002291878808600509
rate	0.0024780673670440696
rate	1.2803204509856716e-05
rate	9.45588345883124e-07
rate	6.081421924251173e-07
rate	4.154182932210809e-07
rate	3.369614619907938e-07
rate	3.410235375513756e-07
rate	3.1901603888078947e-07
rate	2.9741378136684623e-07
rate	2.692485773338261e-07
rate	2.3699672422017104e-07
rate	2.1216913375609494e-07
rate	2.1041347743552724e-07
rate	2.4912337771749807e-07
rate	3.407254174800927e-07
rate	4.663856429189876e-07
rate	6.078923565669838e-07
rate	7.366940765209277e-07
rate	8.380113213680805e-07
rate	8.931100317278675e-07
rate	9.157473381778935e-07
rate	9.363231971409644e-07
rate	9.633824617867405e-07
rate	9.800127606192557e-07
rate	9.884948949506217e-07
rate	9.91050844986908e-07
rate	9.94021175672907e-07
rate	1.0036575815614117e-06
rate	1.0282256123315606e-06
rate	1.0697366510002257e-06
rate	1.130232164289254e-06
rate	1.2076636265926053e-06
rate	1.2938453104405872e-06
rate	1.399211520380071e-06
rate	1.4825964148527173e-06
rate	1.5874827753968762e-06
rate	1.7016247054869667e-06
rate	1.839693801442667e-06
rate	2.020659384286272e-06
rate	2.2470403025169884e-06
rate	2.506795399960664e-06
rate	2.77306518847009e-06
rate	3.0438800508730305e-06
rate	3.3362243329312463e-06
rate	3.658808427941555e-06
rate	4.009786396622644e-06
rate	4.393659957977651e-06
rate	4.793465152635857e-06
rate	5.198380107164034e-06
rate	5.601694440743998e-06
rate	6.020482918128456e-06
rate	6.474242584977044e-06
rate	6.989302562530591e-06
rate	7.565936704105061e-06
rate	8.21097992866635e-06
rate	8.918019517720166e-06
rate	9.669413122666339e-06
rate	1.0485121560083938e-05
rate	1.1418782284891738e-05
rate	1.253350029536143e-05
rate	1.3859300668825304e-05
rate	1.545565185809413e-05
rate	1.7247340971757132e-05
rate	1.909749334907167e-05
rate	2.086134292470235e-05
rate	2.2585865509687782e-05
rate	2.4495829510749987e-05
rate	2.6799770754612527e-05
rate	2.9407132097829313e-05
rate	3.236646626346448e-05
rate	3.5699794701007534e-05
rate	3.9397825316217293e-05
rate	4.34611229931941e-05
rate	4.804611488677633e-05
rate	5.3168399463721084e-05
rate	5.8621050013982864e-05
rate	6.420393345838849e-05
rate	7.080625180389124e-05
rate	7.879924685590308e-05
rate	8.815365128499343e-05
rate	9.918874562978568e-05
rate	0.00011105930031024397
rate	0.0001238436374913271
rate	0.00013878199057514636
rate	0.0001561445298462059
rate	0.00017658490000011168
rate	0.00020268496973384226
rate	0.0002296122396791578
rate	0.0002596956409981114
rate	0.00029317655264654514
rate	0.00033027512373750564
rate	0.0003711826912940285
rate	0.0004160507160825013
rate	0.0004649758101215334
rate	0.0005179892232114708
rate	0.0005750484603247585
rate	0.000636018829652709
rate	0.0007006751723983196
rate	0.0007686976458049771
rate	0.0008396669988563993
rate	0.0009130834959279344
rate	0.000996016787746849
rate	0.0010838411539086518
rate	0.0011787245039440847
rate	0.0012812678330072025
rate	0.0013921476337907808
rate	0.0015121228045436703
rate	0.0016420396829379057
rate	0.001782834227032572
rate	0.0019355301108396423
rate	0.002101231176484715
rate	1.478196661270453e-05
rate	9.82713048963813e-07
rate	7.262086950115036e-07
rate	5.512176881740474e-07
rate	4.395894456948329e-07
rate	4.085130465087527e-07
rate	3.8019071424043085e-07
rate	3.4541785752724957e-07
rate	2.929810157125762e-07
rate	2.2776768558781694e-07
rate	1.7691611852357518e-07
rate	1.8238256547233417e-07
rate	2.8942805893520676e-07
rate	5.202317034093564e-07
rate	8.354252232815923e-07
rate	1.1685239251415582e-06
rate	1.4784030399458057e-06
rate	1.782777141578784e-06
rate	2.075510249856385e-06
rate	2.3527177312596905e-06
rate	2.644346274162699e-06
rate	2.916753337486414e-06
rate	3.0888656963879854e-06
rate	3.1288984387649007e-06
rate	3.0676667062697525e-06
rate	2.9745352245820047e-06
rate	2.8971132179992945e-06
rate	2.831086701521767e-06
rate	2.7967019290365583e-06
rate	2.7936257124162078e-06
rate	2.805359636876314e-06
rate	2.8257453189367775e-06
rate	2.8950857755398986e-06
rate	2.934657759846315e-06
rate	3.0290630036640714e-06
rate	3.1440446546259013e-06
rate	3.2956790718031173e-06
rate	3.51002615076225e-06
rate	3.8031783893065214e-06
rate	4.163397009343484e-06
rate	4.557147308755169e-06
rate	4.9729748531203556e-06
rate	5.42948415375794e-06
rate	5.929394039119664e-06
rate	6.463469340277426e-06
rate	7.022456592107887e-06
rate	7.613179760844115e-06
rate	8.260766391286703e-06
rate	8.988658740913527e-06
rate	9.806412207805105e-06
rate	1.0713553586045139e-05
rate	1.1684938217728609e-05
rate	1.2690806746650907e-05
rate	1.3679950318807761e-05
rate	1.4656447802139414e-05
rate	1.5655900239434903e-05
rate	1.6742133750627893e-05
rate	1.7969815300661805e-05
rate	1.944420259093175e-05
rate	2.122807198161327e-05
rate	2.3377359314620036e-05
rate	2.582096560385657e-05
rate	2.843549460899048e-05
rate	3.1025558920635775e-05
rate	3.358644111240183e-05
rate	3.638950669370236e-05
rate	3.970053558528436e-05
rate	4.341265294194198e-05
rate	4.74753741651758e-05
rate	5.2119153327542164e-05
rate	5.7186646305240653e-05
rate	6.283049579624971e-05
rate	6.945536527297317e-05
rate	7.720345526223992e-05
rate	8.572115386350465e-05
rate	9.482504817926486e-05
rate	0.0001049255433843589
rate	0.00011656634164203246
rate	0.00012947129987950817
rate	0.00014424717949728326
rate	0.00016142711595154623
rate	0.0001801851187889035
rate	0.000200231057431243
rate	0.00022108924241835386
rate	0.0002477498629901306
rate	0.0002775356421412064
rate	0.00031020694038340184
rate	0.00034589603948565
rate	0.0003847163670177225
rate	0.0004267527893015556
rate	0.0004720568027393091
rate	0.0005206498466035278
rate	0.0005724955992949837
rate	0.0006275210798403831
rate	0.0006855973516142694
rate	0.000746538979380129
rate	0.0008101016858880793
rate	0.0008759849678495928
rate	0.0009438304322706573
rate	0.0010132301200360355
rate	0.0010916084641039148
rate	0.001174028952593195
rate	0.0012626843109360972
rate	0.0013580702428668352
rate	0.0014607133097232616
rate	0.0015711721121532002
rate	0.0016900393115318775
rate	0.0018179448302296643
rate	0.0019555606302894667
rate	0.0021036075417465603
rate	1.4069453903876438e-05
rate	1.1185528969542872e-06
rate	6.621960842966462e-07
rate	4.76042046135514e-07
rate	4.0935121638535755e-07
rate	3.67939806221918e-07
rate	3.352321528904816e-07
rate	3.05753811721466e-07
rate	2.742441869138171e-07
rate	2.3565087334860428e-07
rate	2.0541180647261572e-07
rate	2.0588746235572057e-07
rate	2.5109430452075734e-07
rate	3.5695623843790656e-07
rate	4.997695640119821e-07
rate	6.567456401212432e-07
rate	7.987962488245441e-07
rate	9.074129114454015e-07
rate	9.671236083034965e-07
rate	9.955852098554184e-07
rate	1.0190323146438132e-06
rate	1.0490556090465072e-06
rate	1.0719172493814448e-06
rate	1.0900747691382013e-06
rate	1.1036707527014815e-06
rate	1.1216905683782005e-06
rate	1.1396676653530768e-06
rate	1.1619930284042358e-06
rate	1.1864407819554157e-06
rate	1.219457487964801e-06
rate	1.2630578067746053e-06
rate	1.3256012943224183e-06
rate	1.4089439174137425e-06
rate	1.4918245191332099e-06
rate	1.5952830351755713e-06
rate	1.7087577840790714e-06
rate	1.8385104312474894e-06
rate	1.999015940222206e-06
rate	2.1984473752038038e-06
rate	2.4285650276623876e-06
rate	2.673140208075345e-06
rate	2.926399420957478e-06
rate	3.2051481009644203e-06
rate	3.5139449424310823e-06
rate	3.843140917960874e-06
rate	4.19543428475331e-06
rate	4.561303916545156e-06
rate	4.931200307381165e-06
rate	5.3098763586154285e-06
rate	5.714480054075731e-06
rate	6.160289949834694e-06
rate	6.664909983133073e-06
rate	7.233727986163471e-06
rate	7.865940624635687e-06
rate	8.550117437478864e-06
rate	9.27021159677487e-06
rate	1.0050334176030159e-05
rate	1.0943081671032926e-05
rate	1.2021825566021113e-05
rate	1.3326773896562586e-05
rate	1.4925411616313633e-05
rate	1.6742626383570036e-05
rate	1.8624806713831343e-05
rate	2.03912240086579e-05
rate	2.2073356306043366e-05
rate	2.3906029091491617e-05
rate	2.6115872367944856e-05
rate	2.8667400215063908e-05
rate	3.1625553322869324e-05
rate	3.499801167119008e-05
rate	3.876176132725863e-05
rate	4.2984580885065974e-05
rate	4.763153570036256e-05
rate	5.287788474821538e-05
rate	5.8464105823939714e-05
rate	6.421953693979841e-05
rate	7.071279896342917e-05
rate	7.841908704174871e-05
rate	8.735787240451465e-05
rate	9.75818817299756e-05
rate	0.00010897228507758983
rate	0.00012172176633913275
rate	0.0001356664884088118
rate	0.00015135644786408428
rate	0.0001704331664462868
rate	0.00019476597203702567
rate	0.00021989067586152772
rate	0.0002478621914660871
rate	0.00027889671519583804
rate	0.0003132068808986026
rate	0.0003509728399400762
rate	0.0003923576276605564
rate	0.0004374816370555671
rate	0.0004864170839187608
rate	0.0005391755144158239
rate	0.0005957022010080052
rate	0.0006558660619635839
rate	0.0007194505795475366
rate	0.0007861620988947266
rate	0.000855612215182259
rate	0.0009344055827768937
rate	0.0010183752818652585
rate	0.0011096082974338482
rate	0.00120874824983406
rate	0.0013165053911022592
rate	0.001433662799168819
rate	0.001561082148187081
rate	0.0016997086543317874
rate	0.001850574679461794
rate	0.0020148013279264665
rate	1.7713368888066623e-05
rate	1.2855048716918455e-06
rate	8.075021139562111e-07
rate	6.124954752646308e-07
rate	4.836865033611226e-07
rate	4.4175953930305963e-07
rate	4.018065998035419e-07
rate	3.613498654851381e-07
rate	3.016092697413594e-07
rate	2.3302745663721293e-07
rate	1.8094003190972316e-07
rate	1.8426190237212037e-07
rate	2.836622203187374e-07
rate	4.939614026110623e-07
rate	7.789793157379907e-07
rate	1.0717582039997813e-06
rate	1.3399444866928375e-06
rate	1.6056669414464276e-06
rate	1.8697280171571174e-06
rate	2.128747694369872e-06
rate	2.4071855828604644e-06
rate	2.6653415186213946e-06
rate	2.8310052186615062e-06
rate	2.8706265397395452e-06
rate	2.815306576007954e-06
rate	2.730100829872143e-06
rate	2.659428928474951e-06
rate	2.602866437342884e-06
rate	2.575285598791032e-06
rate	2.5761873390218635e-06
rate	2.5882369254095888e-06
rate	2.6057703171436914e-06
rate	2.656791978070521e-06
rate	2.6948238431211395e-06
rate	2.7701328203490678e-06
rate	2.864343195282756e-06
rate	2.990586711314135e-06
rate	3.163814192887759e-06
rate	3.3936403803066983e-06
rate	3.6827326597141893e-06
rate	4.0069548529189495e-06
rate	4.367958908800606e-06
rate	4.787758781719503e-06
rate	5.265144944294208e-06
rate	5.786286638812343e-06
rate	6.333426952400749e-06
rate	6.91814981287885e-06
rate	7.569260515474742e-06
rate	8.320364791010846e-06
rate	9.171524223717022e-06
rate	1.012445989452186e-05
rate	1.1146618730676121e-05
rate	1.2215039361731867e-05
rate	1.3300531495150025e-05
rate	1.4417143123587112e-05
rate	1.560432601178869e-05
rate	1.690952028467592e-05
rate	1.835394751836606e-05
rate	1.997232251369203e-05
rate	2.1775933601500972e-05
rate	2.3778080800126347e-05
rate	2.594686340750133e-05
rate	2.8267135642595276e-05
rate	3.074638246366907e-05
rate	3.345526370437679e-05
rate	3.6583358128330273e-05
rate	4.021318796890368e-05
rate	4.4140300427240405e-05
rate	4.823262344098526e-05
rate	5.252113983452566e-05
rate	5.7110921091161745e-05
rate	6.243729307259111e-05
rate	6.877751951477301e-05
rate	7.606770454041635e-05
rate	8.424708770252314e-05
rate	9.287498020492834e-05
rate	0.00010221285728365001
rate	0.00011307833718335027
rate	0.00012606732694008392
rate	0.00014105289465533518
rate	0.0001581709964765134
rate	0.0001767681847694282
rate	0.00019636096367142111
rate	0.00021825456645147636
rate	0.000246833117107928
rate	0.0002772417164970637
rate	0.00031076485190320076
rate	0.0003475483887116549
rate	0.0003877121574938667
rate	0.00043133872825480094
rate	0.0004784616364133333
rate	0.0005290775197228651
rate	0.0005831219035827538
rate	0.00064047075607343
rate	0.0007009414672572736
rate	0.0007642995124484777
rate	0.0008302332713539693
rate	0.0008983908464554343
rate	0.0009683550694734073
rate	0.0010396729005316147
rate	0.0011198046653502385
rate	0.0012037481914003376
rate	0.0012936980603399787
rate	0.0013901437684294593
rate	0.001493611196999708
rate	0.00160466252077326
rate	0.0017238964101098935
rate	0.0018519487939484657
rate	0.0019894944917792892
rate	0.0021372500765258107
rate	1.1911978882649875e-05
rate	9.964786276763859e-07
rate	5.741717075025401e-07
rate	4.5983116405910865e-07
rate	3.36130806772636e-07
rate	3.6680866624689186e-07
rate	3.488518170991015e-07
rate	3.3142408676646776e-07
rate	3.0641770347280584e-07
rate	2.712167035703071e-07
rate	2.42680098484724e-07
rate	2.4007233466394207e-07
rate	2.864868276701691e-07
rate	3.8654270159441746e-07
rate	5.175762651795394e-07
rate	6.534070806258687e-07
rate	7.662073506564483e-07
rate	8.439062367017009e-07
rate	8.770692019312818e-07
rate	8.838256141103004e-07
rate	8.904278771033126e-07
rate	9.01939795838534e-07
rate	9.093935042321943e-07
rate	9.141417513646901e-07
rate	9.190697546495193e-07
rate	9.284576733525658e-07
rate	9.462055303062082e-07
rate	9.688328550557638e-07
rate	1.0000204889822863e-06
rate	1.0434023574001509e-06
rate	1.1027049221891364e-06
rate	1.17997539888724e-06
rate	1.2792562397797812e-06
rate	1.3874006171318767e-06
rate	1.511710319739206e-06
rate	1.647762727029544e-06
rate	1.8027852507162705e-06
rate	1.9842539589308577e-06
rate	2.1997948404693774e-06
rate	2.446437187100255e-06
rate	2.7078956602660677e-06
rate	2.984512555663415e-06
rate	3.289768990331944e-06
rate	3.6267159902612585e-06
rate	3.9793138175681285e-06
rate	4.336485012231918e-06
rate	4.690222233819774e-06
rate	5.046259232132554e-06
rate	5.413092502920712e-06
rate	5.803880473429856e-06
rate	6.238332138982295e-06
rate	6.715381841395879e-06
rate	7.225909365638105e-06
rate	7.765020332292046e-06
rate	8.35054548770651e-06
rate	8.98946154522357e-06
rate	9.719967747612878e-06
rate	1.0593258059399623e-05
rate	1.1646288736432506e-05
rate	1.2883880170705043e-05
rate	1.4307637939642374e-05
rate	1.586903653618299e-05
rate	1.7524943689693914e-05
rate	1.9247183121084564e-05
rate	2.109168302982882e-05
rate	2.323826533959425e-05
rate	2.5739762425342128e-05
rate	2.8412573317933735e-05
rate	3.115604382669822e-05
rate	3.407591809256954e-05
rate	3.7272210396398015e-05
rate	4.090139419210646e-05
rate	4.5139800547076576e-05
rate	4.9981199966124376e-05
rate	5.5417727962841186e-05
rate	6.096833360680736e-05
rate	6.704177118076128e-05
rate	7.417536620193866e-05
rate	8.282164725367465e-05
rate	9.290415507751057e-05
rate	0.0001035880119270487
rate	0.00011576143873783391
rate	0.00013065720107248189
rate	0.00014664024339504982
rate	0.00016540272002863956
rate	0.00018946456692448614
rate	0.00021553744998197556
rate	0.000244762363155503
rate	0.00027733132681116783
rate	0.00031339812553843387
rate	0.0003530551598459497
rate	0.0003963269846189538
rate	0.0004431658404397448
rate	0.0004934316915554433
rate	0.0005468935205370397
rate	0.000603226651180759
rate	0.0006620140241358013
rate	0.0007227573283498988
rate	0.0007848884060679759
rate	0.0008477765142968787
rate	0.0009177308576955415
rate	0.000990329645639135
rate	0.001067370252915151
rate	0.0011492158190488555
rate	0.0012362938723490269
rate	0.001329098720294269
rate	0.001428191054110017
rate	0.001534193423159544
rate	0.0016477796356633321
rate	0.0017696553834914107
rate	1.8433593579836584e-05
rate	1.4541472113280423e-06
rate	9.131148298438371e-07
rate	6.998081321233931e-07
rate	4.866575241566807e-07
rate	4.464611627318182e-07
rate	3.890024481345491e-07
rate	3.3641338046030704e-07
rate	2.7557510775644486e-07
rate	2.1206466780213784e-07
rate	1.6834444004100004e-07
rate	1.821586131118559e-07
rate	2.8846922143962547e-07
rate	5.081055515429847e-07
rate	7.939031174709608e-07
rate	1.0817341750637625e-06
rate	1.3451814117878491e-06
rate	1.6077755532521622e-06
rate	1.8700603057695396e-06
rate	2.128332477721057e-06
rate	2.406503536590557e-06
rate	2.6649161126479413e-06
rate	2.830765345900008e-06
rate	2.872867662859438e-06
rate	2.821374210925276e-06
rate	2.7428585178130125e-06
rate	2.685487592188686e-06
rate	2.64074517046366e-06
rate	2.6239061986269253e-06
rate	2.636315934031688e-06
rate	2.66002722255453e-06
rate	2.689084464801977e-06
rate	2.7464882801697117e-06
rate	2.801326491511147e-06
rate	2.886168297602612e-06
rate	2.9951740045637117e-06
rate	3.1359761433564536e-06
rate	3.3086498401453605e-06
rate	3.52099082414861e-06
rate	3.78471905919952e-06
rate	4.07931328356571e-06
rate	4.4224772941733635e-06
rate	4.851277187720009e-06
rate	5.36685521780476e-06
rate	5.941756223116156e-06
rate	6.532914727373206e-06
rate	7.141282778082642e-06
rate	7.802879406069288e-06
rate	8.540728545349255e-06
rate	9.360703486500603e-06
rate	1.0260982605753533e-05
rate	1.12078649189113e-05
rate	1.218280238315485e-05
rate	1.3170676590651363e-05
rate	1.4196523721623458e-05
rate	1.5298321536531207e-05
rate	1.6525495683673403e-05
rate	1.789146044507956e-05
rate	1.9420538360413765e-05
rate	2.1108076305105967e-05
rate	2.2968412508233312e-05
rate	2.4988136909513937e-05
rate	2.716188384427679e-05
rate	2.9514702314145434e-05
rate	3.212123284050684e-05
rate	3.513043160237553e-05
rate	3.859237001753145e-05
rate	4.24373973896261e-05
rate	4.658340442448553e-05
rate	5.1077375310708644e-05
rate	5.596273719680462e-05
rate	6.163532633337635e-05
rate	6.843817956020955e-05
rate	7.606776998477439e-05
rate	8.429990104048311e-05
rate	9.308512119989103e-05
rate	0.00010262484502077282
rate	0.00011370352828974148
rate	0.0001266617802492766
rate	0.00014177274340112307
rate	0.000157982216634901
rate	0.0001752313420039749
rate	0.00019458114487683743
rate	0.00021749712941644147
rate	0.0002462805084166611
rate	0.0002764528030766218
rate	0.0003096944574175494
rate	0.00034618375255179287
rate	0.0003860811334537369
rate	0.0004295213120638293
rate	0.00047660732868397976
rate	0.0005274065488094592
rate	0.0005819329266081404
rate	0.0006401580242140465
rate	0.0007019829640075228
rate	0.0007672487392049989
rate	0.0008357260535136946
rate	0.0009071166568981386
rate	0.0009810542156656868
rate	0.001057108974345354
rate	0.0011431707736530862
rate	0.0012340591203393162
rate	0.0013321489638386996
rate	0.0014380281085939486
rate	0.0015523281224246069
rate	0.0016757270274903582
rate	0.0018089525508499878
rate	0.0019527861326544005
rate	0.00210806792919604
rate	0.0022757030953431006
rate	1.3441423183781637e-05
rate	1.0873205902273645e-06
rate	5.90033232929599e-07
rate	4.224559659325061e-07
rate	3.758337240090215e-07
rate	3.231091999048554e-07
rate	2.890708439706877e-07
rate	2.6086478902229055e-07
rate	2.334929853581498e-07
rate	2.0927276857195093e-07
rate	1.90396762135022e-07
rate	1.9271807195541787e-07
rate	2.313859719324942e-07
rate	3.0751263750162706e-07
rate	4.11188725683359e-07
rate	5.242027495767557e-07
rate	6.246933545783246e-07
rate	7.066765470873995e-07
rate	7.642806972033349e-07
rate	8.045409299254047e-07
rate	8.44881832152932e-07
rate	8.896161875043017e-07
rate	9.303249477835493e-07
rate	9.650261453267228e-07
rate	9.938387954570434e-07
rate	1.023133917406523e-06
rate	1.057129711534441e-06
rate	1.091674711706605e-06
rate	1.1268062561968841e-06
rate	1.1709049305455167e-06
rate	1.2260986726583166e-06
rate	1.2987213736461058e-06
rate	1.3867782880248136e-06
rate	1.4819757937772636e-06
rate	1.5885718220579072e-06
rate	1.7087374597658714e-06
rate	1.846763967832682e-06
rate	2.011213860709664e-06
rate	2.2064669693898574e-06
rate	2.43905924153195e-06
rate	2.689871639230474e-06
rate	2.9674511928963772e-06
rate	3.291189994819528e-06
rate	3.663414096532408e-06
rate	4.060535196086614e-06
rate	4.465322177063376e-06
rate	4.869211356794439e-06
rate	5.27679549009585e-06
rate	5.699437589530809e-06
rate	6.144424617094135e-06
rate	6.639047230762418e-06
rate	7.167138642506984e-06
rate	7.712547824982018e-06
rate	8.263452711540065e-06
rate	8.845665812789323e-06
rate	9.474229111952767e-06
rate	1.0204870622377637e-05
rate	1.1110366551193377e-05
rate	1.2247106066452287e-05
rate	1.3594901091905606e-05
rate	1.5130210670301773e-05
rate	1.6795220238333007e-05
rate	1.8550165958257926e-05
rate	2.0373877528583344e-05
rate	2.232660953399127e-05
rate	2.457947323797053e-05
rate	2.7187761527069064e-05
rate	3.0020813195315204e-05
rate	3.2999372912090815e-05
rate	3.6203627155753246e-05
rate	3.9679911100437e-05
rate	4.380458771237995e-05
rate	4.8492509011462444e-05
rate	5.362166796666634e-05
rate	5.9045491001980584e-05
rate	6.480407719948189e-05
rate	7.12568673822381e-05
rate	7.853539260084221e-05
rate	8.707492746930088e-05
rate	9.690969173896932e-05
rate	0.0001075873883372803
rate	0.00011918083275548457
rate	0.00013282897581754313
rate	0.00014939021496089956
rate	0.00016819377969204562
rate	0.00018988383160779894
rate	0.00021609792431384473
rate	0.0002455244335768196
rate	0.0002787172528516958
rate	0.000315979906455274
rate	0.0003575676532772211
rate	0.00040366370686789984
rate	0.00045434490939212863
rate	0.0005095607026826031
rate	0.0005691052065146861
rate	0.0006325986722218414
rate	0.0006994943482985363
rate	0.0007690656376277817
rate	0.0008404472235935426
rate	0.0009126531849672715
rate	0.0009926673494896224
rate	0.001075181482820479
rate	0.0011620454438525003
rate	0.0012535040926930385
rate	0.0013499325306422835
rate	0.0014518474825851112
rate	0.0015599070115872432
rate	0.0016748953134806792
rate	0.0017976887966154368
rate	0.0019291986482613487
rate	1.4491644811565627e-05
rate	1.088491691080257e-06
rate	7.169943025298155e-07
rate	5.641678627259977e-07
rate	4.2626173781079286e-07
rate	3.8159829706171243e-07
rate	3.377516436412737e-07
rate	2.9939129632728344e-07
rate	2.5247449875163136e-07
rate	2.0414666344210766e-07
rate	1.7036597230457725e-07
rate	1.822202210627614e-07
rate	2.740581558121528e-07
rate	4.5686276855501957e-07
rate	7.018815201465698e-07
rate	9.533078001080134e-07
rate	1.1896185282278437e-06
rate	1.4284204538456916e-06
rate	1.6762137589675188e-06
rate	1.924684798975695e-06
rate	2.1907954984199304e-06
rate	2.441522548054881e-06
rate	2.6140231695342368e-06
rate	2.6795941016923853e-06
rate	2.664707293638817e-06
rate	2.62523392825399e-06
rate	2.6037249999824556e-06
rate	2.5899494263313753e-06
rate	2.5997822855109803e-06
rate	2.633026930603642e-06
rate	2.675650991782779e-06
rate	2.7276451595854026e-06
rate	2.800907123247451e-06
rate	2.873646959587291e-06
rate	2.9716757473161238e-06
rate	3.099045533814909e-06
rate	3.2578973670300693e-06
rate	3.450446510262221e-06
rate	3.6789846674563418e-06
rate	3.955881273715385e-06
rate	4.267627787933878e-06
rate	4.632805278009178e-06
rate	5.080391715678388e-06
rate	5.6114934193943255e-06
rate	6.198837748189256e-06
rate	6.796366080666884e-06
rate	7.410618484691848e-06
rate	8.103963033169427e-06
rate	8.904755662764806e-06
rate	9.812820606770054e-06
rate	1.0805001892455018e-05
rate	1.1830282303118504e-05
rate	1.2872530762941362e-05
rate	1.3913072420654894e-05
rate	1.4977789015148694e-05
rate	1.6123359295066434e-05
rate	1.739262441901842e-05
rate	1.8772625458885587e-05
rate	2.0258808593534995e-05
rate	2.18464066544049e-05
rate	2.3548257159969143e-05
rate	2.5386398733768243e-05
rate	2.740368627997708e-05
rate	2.9678174965328642e-05
rate	3.2283044879416504e-05
rate	3.532570159499559e-05
rate	3.879764896919756e-05
rate	4.2549043318442416e-05
rate	4.647956542533892e-05
rate	5.059746022132032e-05
rate	5.5258484828825475e-05
rate	6.0584485815089344e-05
rate	6.665177980195505e-05
rate	7.385721880824748e-05
rate	8.179654254550773e-05
rate	9.008463266306827e-05
rate	9.936036298802761e-05
rate	0.00011044206715750282
rate	0.0001230678288249927
rate	0.00013668341188793266
rate	0.0001521678016981775
rate	0.00016901548899587003
rate	0.00018802778535810088
rate	0.00020932708363904926
rate	0.00023544451066335822
rate	0.0002644145615290083
rate	0.000296442638119539
rate	0.0003317395416011637
rate	0.00037049452947637975
rate	0.00041288670042806847
rate	0.0004590584263774441
rate	0.0005091219919320728
rate	0.0005631414731170833
rate	0.000621124307879785
rate	0.0006830272442737825
rate	0.0007487219662106279
rate	0.0008180167557777744
rate	0.0008906384547197923
rate	0.0009662403744098173
rate	0.0010444042400784036
rate	0.001132829581327594
rate	0.0012265224404355935
rate	0.0013278406949625027
rate	0.0014374164652502673
rate	0.0015559369346022235
rate	0.0016841487829722184
rate	0.0018228626799035239
rate	0.0019729577313109857
rate	0.0021353857400240347
rate	0.00231117509713702
rate	1.0540015258365303e-05
rate	7.767587401742631e-07
rate	5.274447555487199e-07
rate	3.9186931285931436e-07
rate	2.925012298897331e-07
rate	2.6923276606767694e-07
rate	2.3779021677085277e-07
rate	2.1310114302124553e-07
rate	1.9294362932206193e-07
rate	1.7515033612075363e-07
rate	1.6589909302995181e-07
rate	1.7536824496116476e-07
rate	2.1356007634948728e-07
rate	2.8421755400831136e-07
rate	3.7480967036041916e-07
rate	4.750965140153836e-07
rate	5.689370733127577e-07
rate	6.464220740316485e-07
rate	7.017162800318386e-07
rate	7.41037555802991e-07
rate	7.805648144272464e-07
rate	8.243168421728762e-07
rate	8.702562946001318e-07
rate	9.163315766758981e-07
rate	9.624825023065272e-07
rate	1.0106405374287697e-06
rate	1.0587033350693816e-06
rate	1.1065698868067222e-06
rate	1.1541378898653951e-06
rate	1.2053244409436886e-06
rate	1.2660485870922893e-06
rate	1.3402113482618117e-06
rate	1.4197173205143399e-06
rate	1.4985516564546702e-06
rate	1.5807472523912452e-06
rate	1.6743358704590244e-06
rate	1.7893301317385326e-06
rate	1.9238912274541862e-06
rate	2.086180260037493e-06
rate	2.278553741840802e-06
rate	2.4897750481834834e-06
rate	2.7304980119844755e-06
rate	3.0214731482695862e-06
rate	3.3621284736831687e-06
rate	3.732395411756543e-06
rate	4.110141592030836e-06
rate	4.494855438118504e-06
rate	4.9080665299456e-06
rate	5.3636229995793204e-06
rate	5.867462605853878e-06
rate	6.4338353181023645e-06
rate	7.033174450909937e-06
rate	7.636225086818073e-06
rate	8.220330711242755e-06
rate	8.817701308877267e-06
rate	9.450543742641034e-06
rate	1.0183914227101865e-05
rate	1.107618017769367e-05
rate	1.216905524768703e-05
rate	1.3440326599311577e-05
rate	1.4844759914604042e-05
rate	1.6332307512276377e-05
rate	1.7890904852108934e-05
rate	1.9524688591002226e-05
rate	2.1290016864348467e-05
rate	2.3324429423104083e-05
rate	2.5645965757873062e-05
rate	2.812900961857965e-05
rate	3.0741245306273534e-05
rate	3.3506564973369514e-05
rate	3.6648247848827134e-05
rate	4.0334143489705134e-05
rate	4.4389762781331545e-05
rate	4.9009870704800975e-05
rate	5.4240482649423435e-05
rate	5.961463318324946e-05
rate	6.570299158552102e-05
rate	7.294713857742673e-05
rate	8.137476908883118e-05
rate	9.081347250873147e-05
rate	0.00010097796116974998
rate	0.00011222423152609
rate	0.00012619060655670304
rate	0.00014282023706586728
rate	0.0001616577476920005
rate	0.0001849054826671736
rate	0.00020988449038446367
rate	0.0002379690544893167
rate	0.00026942131140088294
rate	0.00030451185023966013
rate	0.0003434823083230852
rate	0.0003865580628550733
rate	0.00043392798615967776
rate	0.00048574274349423775
rate	0.0005420975626291446
rate	0.0006030216234396507
rate	0.0006684815417296346
rate	0.0007383610333177793
rate	0.0008124600811999488
rate	0.000890499937602069
rate	0.000979109034115025
rate	0.0010743906605963473
rate	0.00117860611880432
rate	0.0012926277641916665
rate	0.0014174206823069802
rate	0.001554050310106176
rate	0.0017036901618211146
rate	0.0018676295463602739
rate	0.002047281077207464
rate	0.0022441876609798923
rate	1.4009012782435782e-05
rate	9.88616201298917e-07
rate	7.225649600122957e-07
rate	5.914404122818411e-07
rate	4.082750409720648e-07
rate	3.7938908028376875e-07
rate	3.3157163232248555e-07
rate	2.8904397152066544e-07
rate	2.4460019511750155e-07
rate	1.982878236857628e-07
rate	1.7127412572243832e-07
rate	1.842059153309051e-07
rate	2.757341501128874e-07
rate	4.5586776026966045e-07
rate	6.976997281968432e-07
rate	9.47689380394162e-07
rate	1.1852852554850819e-06
rate	1.433119403943231e-06
rate	1.6932021279467856e-06
rate	1.956448709077648e-06
rate	2.2360424700377416e-06
rate	2.4945959099421714e-06
rate	2.6783364576599084e-06
rate	2.7564394632347477e-06
rate	2.7588761585990057e-06
rate	2.73829179282964e-06
rate	2.726971763950579e-06
rate	2.7248340858536767e-06
rate	2.740195799793102e-06
rate	2.770781572055213e-06
rate	2.8143806199680577e-06
rate	2.8584919201729562e-06
rate	2.9093816924876175e-06
rate	2.9629507639886065e-06
rate	3.029498276962873e-06
rate	3.1273836184205967e-06
rate	3.260551498690782e-06
rate	3.414673651247299e-06
rate	3.5958980170112593e-06
rate	3.8103882768595066e-06
rate	4.050158359910355e-06
rate	4.349861781990806e-06
rate	4.758393061874591e-06
rate	5.294461439593568e-06
rate	5.916229279507319e-06
rate	6.565697357154757e-06
rate	7.2213124331375805e-06
rate	7.914423425540198e-06
rate	8.658293573846786e-06
rate	9.458210692899462e-06
rate	1.0309345324632749e-05
rate	1.1206894715260822e-05
rate	1.2168842375956115e-05
rate	1.3211448833542848e-05
rate	1.4349255096816611e-05
rate	1.560137646583227e-05
rate	1.6957823781863447e-05
rate	1.838504003632679e-05
rate	1.9840066420396035e-05
rate	2.1326109322711005e-05
rate	2.2885310222835666e-05
rate	2.4582638024736897e-05
rate	2.6467191327925138e-05
rate	2.8649267071009117e-05
rate	3.121121106079073e-05
rate	3.4237951673796894e-05
rate	3.769451558235107e-05
rate	4.140943943921705e-05
rate	4.5248965549010636e-05
rate	4.9423919069541e-05
rate	5.402759399099845e-05
rate	5.919423679498918e-05
rate	6.522780066832738e-05
rate	7.213892986375006e-05
rate	8.011423567882274e-05
rate	8.866768997486001e-05
rate	9.780141499256479e-05
rate	0.000108844687644541
rate	0.00012119643200855634
rate	0.0001351733375202563
rate	0.00015088915732557937
rate	0.00016908888935189084
rate	0.00018854251065993292
rate	0.00020918911298545314
rate	0.0002373459003947808
rate	0.00026793205418264635
rate	0.0003019774968430404
rate	0.00033975561226842527
rate	0.0003815304443575222
rate	0.0004275444865688887
rate	0.0004780230484415254
rate	0.0005331469546302693
rate	0.0005930564024995675
rate	0.000657821122478695
rate	0.0007274496852124534
rate	0.0008018641536700355
rate	0.0008809026962895144
rate	0.0009643035445814646
rate	0.001051713667271614
rate	0.0011426961919900579
rate	0.0012460688158688743
rate	0.0013562533843558952
rate	0.0014760408273353026
rate	0.001606274155570424
rate	0.0017478755077331876
rate	0.00190185344702793
rate	0.0020693103710054377
rate	0.002251449823600963
rate	0.002449583431849607
rate	0.0026651371066146964
rate	1.1798577803172981e-05
rate	9.56597539958529e-07
rate	5.090723200716444e-07
rate	4.039229508292055e-07
rate	3.113884640761568e-07
rate	2.886854648373496e-07
rate	2.585336984418193e-07
rate	2.3585791703461113e-07
rate	2.1815234160777452e-07
rate	2.0539685098719798e-07
rate	2.0250567475135624e-07
rate	2.1433874560332002e-07
rate	2.5305196922991746e-07
rate	3.2326112173203466e-07
rate	4.1235605190628114e-07
rate	5.078347013463436e-07
rate	5.997780563769017e-07
rate	6.85663203282225e-07
rate	7.654257965161618e-07
rate	8.36647531072126e-07
rate	9.111687058403438e-07
rate	9.841143652883719e-07
rate	1.043789444660781e-06
rate	1.0812156657947484e-06
rate	1.1060729299372462e-06
rate	1.1277688985329547e-06
rate	1.1531628669003022e-06
rate	1.1822075848072718e-06
rate	1.2214736092879808e-06
rate	1.2707521515192915e-06
rate	1.3276985951181925e-06
rate	1.3943586263305112e-06
rate	1.4684931492445835e-06
rate	1.5437773315373314e-06
rate	1.6266392523941184e-06
rate	1.727466519687273e-06
rate	1.8461285425833027e-06
rate	1.9703516221413637e-06
rate	2.102431664659077e-06
rate	2.2507119847593457e-06
rate	2.4114023409934967e-06
rate	2.6048654758328698e-06
rate	2.8573180820503895e-06
rate	3.1750738584880364e-06
rate	3.5368939643091205e-06
rate	3.905945469957419e-06
rate	4.277341329744165e-06
rate	4.676128445814159e-06
rate	5.117593131902449e-06
rate	5.601218663282988e-06
rate	6.138715986834132e-06
rate	6.6993442785896e-06
rate	7.255651387686469e-06
rate	7.791576570728528e-06
rate	8.338108369357345e-06
rate	8.926914955047518e-06
rate	9.613808447823883e-06
rate	1.0447844978622869e-05
rate	1.146453145261193e-05
rate	1.2637050680600536e-05
rate	1.3925881853110203e-05
rate	1.530255685774378e-05
rate	1.6801834745965083e-05
rate	1.846121667299989e-05
rate	2.0339151111767555e-05
rate	2.2554700166220468e-05
rate	2.5094985869684775e-05
rate	2.7770948691604587e-05
rate	3.0482163524923204e-05
rate	3.33570110432841e-05
rate	3.6585946938663844e-05
rate	4.036061795057832e-05
rate	4.450104865577918e-05
rate	4.919564619852106e-05
rate	5.4477603907847626e-05
rate	6.035282274210297e-05
rate	6.68028384585941e-05
rate	7.431260966448062e-05
rate	8.301096464946855e-05
rate	9.250678958832375e-05
rate	0.00010281371803117191
rate	0.00011487965078807876
rate	0.0001290034571908803
rate	0.00014573829008178774
rate	0.0001663608907100372
rate	0.0001891253610324903
rate	0.00021532390850547347
rate	0.00024495975166478233
rate	0.00027836675087111973
rate	0.0003158538880555477
rate	0.0003577052012508896
rate	0.00040415053206574903
rate	0.0004553483535711715
rate	0.0005113619984387722
rate	0.0005721386565383693
rate	0.0006375058571343352
rate	0.0007071451608101235
rate	0.0007805979123241949
rate	0.000857283867800968
rate	0.0009364963257107393
rate	0.0010251394707786647
rate	0.0011184556974080332
rate	0.0012184865075163453
rate	0.0013257438148027486
rate	0.001440856783879116
rate	0.0015645851040628235
rate	0.0016978253212164213
rate	0.0018416072889786887
rate	0.001997077105360074
rate	0.002165461899138493
rate	1.3972591318275628e-05
rate	1.0445998929843098e-06
rate	6.86991314582943e-07
rate	5.636705176040067e-07
rate	4.0796449842265236e-07
rate	3.8550681416584127e-07
rate	3.441122678407725e-07
rate	3.080960567373306e-07
rate	2.654909975180443e-07
rate	2.2115647824686078e-07
rate	1.938196725016512e-07
rate	2.0628594042288966e-07
rate	2.9218679911578195e-07
rate	4.613246492416862e-07
rate	6.937417590146185e-07
rate	9.340433288504555e-07
rate	1.166424030567711e-06
rate	1.4154874071363162e-06
rate	1.6809233265264316e-06
rate	1.949322451036031e-06
rate	2.2272340233502734e-06
rate	2.4800305248017503e-06
rate	2.654704638352098e-06
rate	2.7294505968043664e-06
rate	2.7295778226890396e-06
rate	2.704987075270464e-06
rate	2.693888663439355e-06
rate	2.6961386310237203e-06
rate	2.7282016182313943e-06
rate	2.781502681535774e-06
rate	2.845622352818023e-06
rate	2.9103513026860512e-06
rate	2.9717653730024345e-06
rate	3.0259865084009575e-06
rate	3.085390951546224e-06
rate	3.1764022751237677e-06
rate	3.307099257347121e-06
rate	3.465415356767902e-06
rate	3.649507536277909e-06
rate	3.8636576033490525e-06
rate	4.100089946971896e-06
rate	4.387472540562629e-06
rate	4.766853512216573e-06
rate	5.261462764759367e-06
rate	5.856290859423657e-06
rate	6.495526584002633e-06
rate	7.167836130472158e-06
rate	7.915219705690869e-06
rate	8.734897860344116e-06
rate	9.611626463582004e-06
rate	1.0525712234571266e-05
rate	1.1471717906231899e-05
rate	1.2471440574418846e-05
rate	1.3551343797642845e-05
rate	1.4734205330573783e-05
rate	1.6030471678485387e-05
rate	1.7424966775713858e-05
rate	1.888044082442419e-05
rate	2.034777542341045e-05
rate	2.1813943063985342e-05
rate	2.3334131828218965e-05
rate	2.4967172884504865e-05
rate	2.6753270300256444e-05
rate	2.8814957234852777e-05
rate	3.125543883574248e-05
rate	3.415802055225564e-05
rate	3.7513980553802954e-05
rate	4.1265593873751905e-05
rate	4.5177668699910086e-05
rate	4.930492833815899e-05
rate	5.406045635650683e-05
rate	5.945314643871057e-05
rate	6.546301149214966e-05
rate	7.215451942830927e-05
rate	7.973684685477245e-05
rate	8.798656594358898e-05
rate	9.716803688703127e-05
rate	0.0001079173240499536
rate	0.00012034309591809928
rate	0.00013482288513131933
rate	0.0001512988947419109
rate	0.00016879413269457784
rate	0.00018878104468024687
rate	0.00021118176189794462
rate	0.00023493922435909137
rate	0.00026537859230987647
rate	0.0002992361417524759
rate	0.0003367662236751514
rate	0.0003782083662780372
rate	0.00042378752113858206
rate	0.00047369557430248507
rate	0.0005280857230025733
rate	0.0005870588758645137
rate	0.0006506570925635767
rate	0.0007188515519387006
rate	0.000791523910868879
rate	0.0008684796995232808
rate	0.0009494261319755771
rate	0.0010339802775322306
rate	0.0011216713433707527
rate	0.0012213756088859861
rate	0.0013274142260927715
rate	0.0014425558362294304
rate	0.0015675943155624118
rate	0.0017033941849775877
rate	0.0018508964623548537
rate	0.0020111248398600257
rate	0.002185192161885695
rate	0.002374307164032235
rate	0.0025797814143265225
rate	1.2367436492276053e-05
rate	9.211436708519157e-07
rate	5.198440265411554e-07
rate	4.3456306474905013e-07
rate	3.7647366713723146e-07
rate	3.096966722615315e-07
rate	2.715855343692962e-07
rate	2.4409004857616343e-07
rate	2.1961795707865167e-07
rate	1.9807168864864317e-07
rate	1.864359713559133e-07
rate	1.913865633127887e-07
rate	2.2161271054920644e-07
rate	2.8541908990916064e-07
rate	3.681497121617334e-07
rate	4.579952030349489e-07
rate	5.458529972367769e-07
rate	6.251980833908906e-07
rate	6.91960524438584e-07
rate	7.486851872975396e-07
rate	8.06302291567234e-07
rate	8.627442352135176e-07
rate	9.098437672691045e-07
rate	9.459516654244735e-07
rate	9.75600471391024e-07
rate	1.0031643864438346e-06
rate	1.0348737373484536e-06
rate	1.074797086539894e-06
rate	1.1269255737698258e-06
rate	1.191290066127844e-06
rate	1.2660379295472787e-06
rate	1.3474587538663445e-06
rate	1.4222079482360092e-06
rate	1.4886258295726402e-06
rate	1.5527036655933737e-06
rate	1.6339262078083028e-06
rate	1.7421192050484394e-06
rate	1.8794179420831685e-06
rate	2.040176539562586e-06
rate	2.226511514348085e-06
rate	2.4247427462791097e-06
rate	2.6486294955727627e-06
rate	2.9140892059015466e-06
rate	3.231263183202059e-06
rate	3.592366368676997e-06
rate	3.971365178331575e-06
rate	4.3621128312142966e-06
rate	4.7990745070366396e-06
rate	5.28080232350215e-06
rate	5.7959278381788445e-06
rate	6.345587000334181e-06
rate	6.902606671661642e-06
rate	7.4418806991108455e-06
rate	7.96094981217302e-06
rate	8.494892665060453e-06
rate	9.07119567915567e-06
rate	9.743367566355697e-06
rate	1.0553785325671833e-05
rate	1.1527041377684768e-05
rate	1.2634437139903214e-05
rate	1.3841300881456904e-05
rate	1.5141534162938802e-05
rate	1.6585775808249973e-05
rate	1.824596665962756e-05
rate	2.0195658185161482e-05
rate	2.254912749987944e-05
rate	2.526983310421744e-05
rate	2.8192088591789165e-05
rate	3.1135381451753145e-05
rate	3.4165308075361665e-05
rate	3.7522111984322386e-05
rate	4.1360756116626406e-05
rate	4.566855388369001e-05
rate	5.045219261869219e-05
rate	5.569807992393378e-05
rate	6.14114281247108e-05
rate	6.796588707455756e-05
rate	7.548949940540247e-05
rate	8.403500230021589e-05
rate	9.363964796039523e-05
rate	0.0001040805620309575
rate	0.00011560998148340609
rate	0.00012904227019675633
rate	0.00014497068490390357
rate	0.000164773243485828
rate	0.00018682742051427488
rate	0.0002129892601160698
rate	0.00024284621311506822
rate	0.00027680800071981166
rate	0.00031526447117847395
rate	0.0003585558561743229
rate	0.0004069437243621505
rate	0.0004605667650265506
rate	0.0005194000372289562
rate	0.0005832317200680611
rate	0.0006516278990824574
rate	0.0007239230323661629
rate	0.0007992390874616014
rate	0.0008764899427492496
rate	0.000954464823698284
rate	0.0010400639676309607
rate	0.0011277084093054772
rate	0.0012191218096281903
rate	0.001314435400535977
rate	0.0014139616644127568
rate	0.0015182100566171065
rate	0.0016278839634155376
rate	0.0017438546700118485
rate	0.0018671075685993074
rate	0.001998654412534705
rate	1.4052606516070342e-05
rate	1.060087218744433e-06
rate	7.105028670292483e-07
rate	5.231968217318117e-07
rate	4.52454666893725e-07
rate	3.704938778088858e-07
rate	3.189794308837121e-07
rate	2.7548038676719676e-07
rate	2.3502570039354546e-07
rate	1.975524654390712e-07
rate	1.7717263530076048e-07
rate	1.9695507062550905e-07
rate	2.7928590381990896e-07
rate	4.366588613901813e-07
rate	6.513993316143679e-07
rate	8.744697592636032e-07
rate	1.0989429587568269e-06
rate	1.3472988506508856e-06
rate	1.6191145592186297e-06
rate	1.8962779568035122e-06
rate	2.1787945148344723e-06
rate	2.4316866342875185e-06
rate	2.6143391753419447e-06
rate	2.7087204791387985e-06
rate	2.742297044447264e-06
rate	2.7567956279154774e-06
rate	2.7802269311272435e-06
rate	2.8019446161707854e-06
rate	2.834667894517418e-06
rate	2.8720293169881514e-06
rate	2.9161300599901843e-06
rate	2.9607343698653453e-06
rate	3.007987891960389e-06
rate	3.062070766292545e-06
rate	3.1271170972704913e-06
rate	3.225700134529644e-06
rate	3.3597373481416677e-06
rate	3.5189369998458784e-06
rate	3.6972237943906872e-06
rate	3.898795941581786e-06
rate	4.12584162245133e-06
rate	4.403000001214345e-06
rate	4.744784384975542e-06
rate	5.17399555796436e-06
rate	5.693257236956157e-06
rate	6.256381897931198e-06
rate	6.874351786775639e-06
rate	7.603420001107832e-06
rate	8.44089819262361e-06
rate	9.351318817535181e-06
rate	1.028862486830547e-05
rate	1.1245634785335819e-05
rate	1.2254631013157923e-05
rate	1.3346327268742362e-05
rate	1.45373152458081e-05
rate	1.583612786138352e-05
rate	1.7211203161216452e-05
rate	1.864312616592e-05
rate	2.010339734437925e-05
rate	2.160593910002804e-05
rate	2.3217061627803173e-05
rate	2.4976223114815387e-05
rate	2.6877588643875502e-05
rate	2.893948403572741e-05
rate	3.119628995187018e-05
rate	3.3687776076720396e-05
rate	3.646158890287906e-05
rate	3.96192988565911e-05
rate	4.31918226373313e-05
rate	4.7208657915615114e-05
rate	5.197426089995979e-05
rate	5.7534086722870206e-05
rate	6.381137294615894e-05
rate	7.046686887906407e-05
rate	7.737475004014946e-05
rate	8.499261724335616e-05
rate	9.409972340157521e-05
rate	0.00010479487195696301
rate	0.0001168416842036517
rate	0.00013124740975969593
rate	0.00014650001666355341
rate	0.0001631683863292399
rate	0.00018294269127845002
rate	0.00020607035671561984
rate	0.00023128797457485677
rate	0.0002581760303387086
rate	0.00029259530009291687
rate	0.0003310294720834443
rate	0.00037380235266426054
rate	0.00042121551276458585
rate	0.0004735524495196124
rate	0.0005310571360870395
rate	0.0005939213120518178
rate	0.0006622752912415385
rate	0.000736169061015862
rate	0.000815555993381942
rate	0.0009002950983919011
rate	0.0009901226237272963
rate	0.0010846744703088443
rate	0.0011834692326281894
rate	0.0012964430305261135
rate	0.0014174190544953141
rate	0.0015496086896260094
rate	0.0016940508831698262
rate	0.0018518846808566957
rate	0.0020243589910138044
rate	0.002212842876876771
rate	0.0024188362511673067
rate	0.0026439807993000834
rate	0.0028900708976861626
rate	1.2680732238041862e-05
rate	9.298306157728682e-07
rate	5.948489950667142e-07
rate	4.4353641897927283e-07
rate	3.475129331610661e-07
rate	3.0770676359714246e-07
rate	2.6354522649605113e-07
rate	2.354397174976806e-07
rate	2.1288204580136177e-07
rate	1.981870329459592e-07
rate	1.9356190521588847e-07
rate	2.059521980764925e-07
rate	2.419800817953587e-07
rate	3.0084404124676413e-07
rate	3.7941809943058447e-07
rate	4.6776425547537414e-07
rate	5.51821344705447e-07
rate	6.317663471587985e-07
rate	7.010807836345323e-07
rate	7.602034116319155e-07
rate	8.183528809429953e-07
rate	8.778856474839548e-07
rate	9.303311966280218e-07
rate	9.760745336354546e-07
rate	1.01759968015251e-06
rate	1.0615169877604584e-06
rate	1.1100772321788325e-06
rate	1.1654944164702113e-06
rate	1.223725787758035e-06
rate	1.2890739777443694e-06
rate	1.3637236263386443e-06
rate	1.4457075437525317e-06
rate	1.5206263788513694e-06
rate	1.590557636516421e-06
rate	1.6637167043735763e-06
rate	1.7545432696994684e-06
rate	1.8733916516663052e-06
rate	2.018141708540413e-06
rate	2.186595052469324e-06
rate	2.376454655219911e-06
rate	2.5769023647333933e-06
rate	2.7980623985516117e-06
rate	3.058535286400811e-06
rate	3.3685158309170958e-06
rate	3.7255136907346343e-06
rate	4.105942834531364e-06
rate	4.505395664462283e-06
rate	4.947154718213131e-06
rate	5.425259254161798e-06
rate	5.925765552324152e-06
rate	6.441559607332108e-06
rate	6.966018000193204e-06
rate	7.497142645064892e-06
rate	8.047981102789824e-06
rate	8.642421300724873e-06
rate	9.300526256469745e-06
rate	1.0030034570602832e-05
rate	1.0838879877931577e-05
rate	1.1732894132784726e-05
rate	1.2726399855715326e-05
rate	1.3816038538926612e-05
rate	1.5043931642174007e-05
rate	1.646618823752916e-05
rate	1.812408566641838e-05
rate	2.0024615962326565e-05
rate	2.219596588800029e-05
rate	2.4590114353834412e-05
rate	2.716378039929719e-05
rate	2.9864962788286288e-05
rate	3.273893512814765e-05
rate	3.608638639379398e-05
rate	4.0096853427664445e-05
rate	4.443197332846695e-05
rate	4.901904198460475e-05
rate	5.4106332274241365e-05
rate	5.989835587931126e-05
rate	6.66171607750116e-05
rate	7.395317398834102e-05
rate	8.203272848393202e-05
rate	9.175039760110617e-05
rate	0.00010193795091634897
rate	0.00011332379976576726
rate	0.00012616858696040388
rate	0.0001420691561447408
rate	0.00016099095041699452
rate	0.00018223799182713607
rate	0.0002076433074227232
rate	0.00023666596268261675
rate	0.0002697393712789217
rate	0.0003073001276858513
rate	0.0003497534030269632
rate	0.000397454815622303
rate	0.00045068056683144464
rate	0.0005095854747063903
rate	0.0005741776142117138
rate	0.0006442796894372494
rate	0.0007195175641626482
rate	0.0007993119024371909
rate	0.0008828841124833175
rate	0.0009692929146268652
rate	0.0010657134646368854
rate	0.0011668918906730487
rate	0.0012748395227279393
rate	0.0013899641036436584
rate	0.0015128424186440506
rate	0.0016442455738865768
rate	0.0017851503637370501
rate	0.0019367312447840443
rate	0.0021003263893585216
rate	0.0022773695018417526
rate	1.4947591643894995e-05
rate	1.0836270548465012e-06
rate	7.125941295790954e-07
rate	5.219898542565907e-07
rate	4.378613170821018e-07
rate	3.9358287341943547e-07
rate	3.448812955474592e-07
rate	3.0452617512873374e-07
rate	2.672918066631737e-07
rate	2.3560149827764027e-07
rate	2.217897250353783e-07
rate	2.428830216557825e-07
rate	3.205025137567691e-07
rate	4.635900288873699e-07
rate	6.613860360836508e-07
rate	8.668658676836688e-07
rate	1.0797728101403208e-06
rate	1.3358214804566913e-06
rate	1.6363918601554316e-06
rate	1.9518125391409594e-06
rate	2.2719189538478036e-06
rate	2.553978828784209e-06
rate	2.7518797099168118e-06
rate	2.8488163817032895e-06
rate	2.8746531074054997e-06
rate	2.8767653201720626e-06
rate	2.8921322714000847e-06
rate	2.916331634125057e-06
rate	2.9628722778778647e-06
rate	3.025040897854466e-06
rate	3.0985257873391136e-06
rate	3.1660684208395327e-06
rate	3.2215887739888636e-06
rate	3.26332071917317e-06
rate	3.3065180377309497e-06
rate	3.3724292081269158e-06
rate	3.4776345508713645e-06
rate	3.6257178740998268e-06
rate	3.815939343949623e-06
rate	4.041162518155178e-06
rate	4.302642901986697e-06
rate	4.601522594203654e-06
rate	4.945123164711859e-06
rate	5.342715096720249e-06
rate	5.8076036116093595e-06
rate	6.30755441570321e-06
rate	6.868730981756221e-06
rate	7.547966731448368e-06
rate	8.34669800701333e-06
rate	9.214564705962146e-06
rate	1.0089139948816954e-05
rate	1.0962505093971252e-05
rate	1.1884159489472849e-05
rate	1.2888237730178563e-05
rate	1.3991898439484141e-05
rate	1.5205463897258637e-05
rate	1.6501851436903963e-05
rate	1.787206024765374e-05
rate	1.931038839161405e-05
rate	2.0851083398231274e-05
rate	2.256369856248719e-05
rate	2.4491559800827448e-05
rate	2.6600336483976058e-05
rate	2.887909635199998e-05
rate	3.1343760726803485e-05
rate	3.401419466188694e-05
rate	3.6992776087482624e-05
rate	4.03516750552288e-05
rate	4.422947642127892e-05
rate	4.8707945009540855e-05
rate	5.379797183142866e-05
rate	5.951708525189761e-05
rate	6.567484941982091e-05
rate	7.230069399202189e-05
rate	7.937881130249626e-05
rate	8.656003641605946e-05
rate	9.52433356634342e-05
rate	0.00010566563632816376
rate	0.00011732788965032721
rate	0.00013011730262158487
rate	0.00014494717905241407
rate	0.00016185151948793235
rate	0.0001803855297247123
rate	0.00020180272241587438
rate	0.00022787246370024433
rate	0.00025724985556811904
rate	0.00029299140587957104
rate	0.00033360582734451164
rate	0.0003794966411615475
rate	0.00043095262578484963
rate	0.00048809453434181245
rate	0.0005508105331002281
rate	0.0006186849254953249
rate	0.0006909658977960514
rate	0.0007665200522961208
rate	0.0008438397573132206
rate	0.000921112181410637
rate	0.0009963083340421206
rate	0.00106731031393247
rate	0.001132100473507759
rate	0.0011984897054150335
rate	0.0012591848003173018
rate	0.0013159768975667897
rate	0.0013688645461983969
rate	0.0014181795018774995
rate	0.001464544434002201
rate	0.001508798913949543
rate	0.001551899113697786
rate	0.0015947959617237549
rate	0.0016382939632207053
rate	1.2364760040958146e-05
rate	9.079829021347263e-07
rate	5.023285143707146e-07
rate	3.648775675938122e-07
rate	2.768947626691821e-07
rate	2.5475541014023876e-07
rate	2.1855849735788952e-07
rate	1.9795731780010165e-07
rate	1.853781936200152e-07
rate	1.8033473144072965e-07
rate	1.845915237316079e-07
rate	2.0209612934232125e-07
rate	2.3280280256477602e-07
rate	2.8110874939852775e-07
rate	3.433433023589871e-07
rate	4.1168358516590345e-07
rate	4.886412148608317e-07
rate	5.701867269498914e-07
rate	6.606212859455198e-07
rate	7.509279732998771e-07
rate	8.471034611686608e-07
rate	9.393839519352239e-07
rate	1.0152523146411024e-06
rate	1.07343499344138e-06
rate	1.1198762482136703e-06
rate	1.160936503772686e-06
rate	1.2078360451104735e-06
rate	1.2581222601013885e-06
rate	1.31630481569806e-06
rate	1.3801513882867096e-06
rate	1.4498665667209618e-06
rate	1.521418423266785e-06
rate	1.5911132839703073e-06
rate	1.6619866874458826e-06
rate	1.7412704919263927e-06
rate	1.8422817464758241e-06
rate	1.9675180417478563e-06
rate	2.111189042186869e-06
rate	2.2634991616675956e-06
rate	2.425004819872992e-06
rate	2.606377567064157e-06
rate	2.8139138448347663e-06
rate	3.0558010046963825e-06
rate	3.3442343082468657e-06
rate	3.682952578365282e-06
rate	4.046175045495312e-06
rate	4.443282996421171e-06
rate	4.9025403674271465e-06
rate	5.420803483427077e-06
rate	5.963439977649012e-06
rate	6.510925967137792e-06
rate	7.052931800698067e-06
rate	7.596949441419802e-06
rate	8.159908049188331e-06
rate	8.761848418664917e-06
rate	9.425933955535451e-06
rate	1.014480028412418e-05
rate	1.090759563541151e-05
rate	1.1718546218177612e-05
rate	1.2609632075574614e-05
rate	1.3600284742047832e-05
rate	1.4757767240231593e-05
rate	1.6157797116739607e-05
rate	1.784939432272801e-05
rate	1.9823013664799855e-05
rate	2.206733854568659e-05
rate	2.454213513264012e-05
rate	2.7230063004112813e-05
rate	3.0169699875933045e-05
rate	3.342041413951463e-05
rate	3.704369782118245e-05
rate	4.1174873859644886e-05
rate	4.570912329796814e-05
rate	5.0273381731248836e-05
rate	5.5276322290525204e-05
rate	6.070294367438811e-05
rate	6.701487085410147e-05
rate	7.434852357063879e-05
rate	8.250974587947839e-05
rate	9.151745903891015e-05
rate	0.00010105536876118358
rate	0.00011147781557897373
rate	0.00012461075421801133
rate	0.00013989579787815028
rate	0.0001586147289963935
rate	0.00017836500503585242
rate	0.00020382450033616604
rate	0.00023330146400870355
rate	0.0002673258408818791
rate	0.00030639285540069315
rate	0.0003509159828183823
rate	0.0004011566964070692
rate	0.0004571618867616262
rate	0.0005186757082236823
rate	0.0005850856665161235
rate	0.0006553719819414502
rate	0.0007281177602520558
rate	0.0008015384457507744
rate	0.0008736123966203655
rate	0.0009422058012897831
rate	0.0010133434316463275
rate	0.001080694113035806
rate	0.001145390096983093
rate	0.0012071813571907031
rate	0.0012661995825757957
rate	0.0013229379409736349
rate	0.001378186447437161
rate	0.0014329279519509944
rate	0.0014882000605028313
rate	0.0015449254978990962
rate	1.2989921290018757e-05
rate	8.335312249607195e-07
rate	6.062696915354812e-07
rate	4.34240749452462e-07
rate	3.888820736592732e-07
rate	3.4881575274513787e-07
rate	3.116233678093957e-07
rate	2.7953915694305687e-07
rate	2.4563260343926655e-07
rate	2.1672286336492951e-07
rate	1.9942772351870956e-07
rate	2.179592503167669e-07
rate	2.8697119559928214e-07
rate	4.206634357562022e-07
rate	6.045169063038522e-07
rate	7.985166250691021e-07
rate	9.959635545902924e-07
rate	1.2243815360225758e-06
rate	1.4830415186234377e-06
rate	1.7482013323390656e-06
rate	2.01555103974036e-06
rate	2.252045490819064e-06
rate	2.423597515714001e-06
rate	2.5215469664263077e-06
rate	2.5637394536861657e-06
rate	2.591553273686779e-06
rate	2.629275757269527e-06
rate	2.6689093327779955e-06
rate	2.7242865044391807e-06
rate	2.787435198668323e-06
rate	2.85642113459606e-06
rate	2.9216499584583747e-06
rate	2.9814169597031396e-06
rate	3.0340398288831302e-06
rate	3.0892635005374563e-06
rate	3.1680260887913106e-06
rate	3.2739737447124737e-06
rate	3.4032266303451394e-06
rate	3.548248333553236e-06
rate	3.714735148681525e-06
rate	3.919601400249821e-06
rate	4.166641524426622e-06
rate	4.457858874088732e-06
rate	4.799084605126468e-06
rate	5.205588749957425e-06
rate	5.6498240487532915e-06
rate	6.165997709855708e-06
rate	6.809191040279202e-06
rate	7.586291835506273e-06
rate	8.448162083189509e-06
rate	9.322843248431491e-06
rate	1.020578615438476e-05
rate	1.1151260333567594e-05
rate	1.2193468034366553e-05
rate	1.3342504599117888e-05
rate	1.4583915092864707e-05
rate	1.5880004432732224e-05
rate	1.722159226968869e-05
rate	1.8601328844843236e-05
rate	2.004718750894029e-05
rate	2.1633605068198586e-05
rate	2.3381386900425796e-05
rate	2.5223525517635222e-05
rate	2.7117339963285785e-05
rate	2.9086336357614083e-05
rate	3.116517413559551e-05
rate	3.353006932459305e-05
rate	3.628215793883939e-05
rate	3.957659923419125e-05
rate	4.3604469038428564e-05
rate	4.8472777371706326e-05
rate	5.3966160352388246e-05
rate	6.0022561539156485e-05
rate	6.648952591562831e-05
rate	7.345570752505704e-05
rate	8.114143106676799e-05
rate	9.017423466964855e-05
rate	0.00010096419101555863
rate	0.00011306449427266129
rate	0.00012722934596796527
rate	0.0001434936794573687
rate	0.0001612830513675055
rate	0.00018147153216903204
rate	0.00020573153588370515
rate	0.0002320711437257434
rate	0.00025950690162252876
rate	0.00029448968067426976
rate	0.0003332753383770724
rate	0.00037612546546131657
rate	0.0004232859547200691
rate	0.00047496465480724253
rate	0.0005313324429433003
rate	0.0005925028362825579
rate	0.000658528576204891
rate	0.000729378284845836
rate	0.000804937486550296
rate	0.0008849894294231176
rate	0.0009692150332413014
rate	0.0010572005664484527
rate	0.001148426386313874
rate	0.0012524670548492763
rate	0.001363182663213859
rate	0.0014835477947450315
rate	0.0016144034627264493
rate	0.0017566639797469308
rate	0.001911323346170472
rate	0.0020794621953993584
rate	0.002262255344458269
rate	0.0024609800026566104
rate	0.002677024695684576
rate	1.1300127864555529e-05
rate	8.096404162609017e-07
rate	4.786545408885627e-07
rate	3.495276452212704e-07
rate	3.053706621819533e-07
rate	2.7639557182694205e-07
rate	2.454224546361852e-07
rate	2.2444330425252946e-07
rate	2.0375863133106945e-07
rate	1.8807049137497254e-07
rate	1.819343462756806e-07
rate	1.874451508773411e-07
rate	2.158099545503165e-07
rate	2.710419139067214e-07
rate	3.4571963519411237e-07
rate	4.2816595510031013e-07
rate	5.115193650968353e-07
rate	5.935507866224068e-07
rate	6.699158372617523e-07
rate	7.364090295404065e-07
rate	8.018935215723285e-07
rate	8.685470469740055e-07
rate	9.278669038598127e-07
rate	9.82145506972701e-07
rate	1.0357033977760035e-06
rate	1.0906629766138208e-06
rate	1.149092869564163e-06
rate	1.204814545436705e-06
rate	1.2558942085851677e-06
rate	1.3044982861351343e-06
rate	1.3567629500344924e-06
rate	1.4166835096764567e-06
rate	1.4842001315653749e-06
rate	1.5612471704551485e-06
rate	1.6517034818652363e-06
rate	1.7613531066908902e-06
rate	1.8900593597868e-06
rate	2.0338452361711084e-06
rate	2.184964780085823e-06
rate	2.3435234006942806e-06
rate	2.52310894647935e-06
rate	2.7256936002577395e-06
rate	2.939898834521328e-06
rate	3.1716987989854984e-06
rate	3.430915532860175e-06
rate	3.7102592736304833e-06
rate	4.031174994779042e-06
rate	4.428601405944096e-06
rate	4.9015167104575005e-06
rate	5.420531085280283e-06
rate	5.94482577032984e-06
rate	6.471774012699577e-06
rate	7.021889723441255e-06
rate	7.616015375122525e-06
rate	8.263743850572679e-06
rate	8.978856692789272e-06
rate	9.738054135829509e-06
rate	1.0523323030649883e-05
rate	1.132192756895738e-05
rate	1.216684057509831e-05
rate	1.3089808322053351e-05
rate	1.4148104529147503e-05
rate	1.537809516841564e-05
rate	1.6804739193307246e-05
rate	1.8421927835592803e-05
rate	2.020793879324914e-05
rate	2.2182911244364788e-05
rate	2.4421902478081407e-05
rate	2.6976132852048228e-05
rate	2.9954040017080468e-05
rate	3.3476884155404106e-05
rate	3.7456926741430377e-05
rate	4.176134444490566e-05
rate	4.643015705307239e-05
rate	5.1537733323614104e-05
rate	5.713320006970535e-05
rate	6.357219141073337e-05
rate	7.1060995205826e-05
rate	8.006196628459159e-05
rate	9.096950443204838e-05
rate	0.00010258324609407779
rate	0.00011527713362976857
rate	0.00012929567029005447
rate	0.0001463885392621006
rate	0.0001659730300348151
rate	0.0001863193987415748
rate	0.00021387216766413414
rate	0.0002447169119080089
rate	0.00027914921119527825
rate	0.0003174564272826201
rate	0.00035992296963283023
rate	0.00040681665241282814
rate	0.00045837327069077214
rate	0.0005147853072118938
rate	0.0005761914956976561
rate	0.000642660071082815
rate	0.0007141822277251754
rate	0.0007906518143761391
rate	0.000871847556624632
rate	0.0009574576938863181
rate	0.0010554100575854723
rate	0.0011610433140146498
rate	0.0012770458647116312
rate	0.0014044355923702476
rate	0.0015443302982662151
rate	0.0016979575105808963
rate	0.0018666652555411017
rate	0.0020519338858880306
rate	0.002255389070466091
rate	0.0024788160589108116
rate	1.4678904728911843e-05
rate	1.0643234103325715e-06
rate	6.556365006335265e-07
rate	5.568745180370038e-07
rate	3.9919165235113616e-07
rate	3.9182508428374216e-07
rate	3.4904430943513784e-07
rate	3.111213120028319e-07
rate	2.7358380320049643e-07
rate	2.40533785973323e-07
rate	2.2465152655131148e-07
rate	2.455784279751277e-07
rate	3.251860769920452e-07
rate	4.7522269132947333e-07
rate	6.805453792840798e-07
rate	8.94436752856349e-07
rate	1.1144576484797904e-06
rate	1.3752271535878935e-06
rate	1.6754572024203535e-06
rate	1.9884592339018617e-06
rate	2.3060777008969713e-06
rate	2.5888365560975915e-06
rate	2.797426742093205e-06
rate	2.9160585471566117e-06
rate	2.971418395374593e-06
rate	3.0057631770799394e-06
rate	3.0493127340245525e-06
rate	3.0986124847973213e-06
rate	3.163604231802224e-06
rate	3.239437487830541e-06
rate	3.3199743579523785e-06
rate	3.394460561517282e-06
rate	3.4587305285940134e-06
rate	3.5099285325707937e-06
rate	3.557847276182444e-06
rate	3.6236312016864058e-06
rate	3.7150038906083377e-06
rate	3.822807767774927e-06
rate	3.947808931840112e-06
rate	4.097451757292431e-06
rate	4.293396721103819e-06
rate	4.537857178171361e-06
rate	4.814925543124019e-06
rate	5.122844753552493e-06
rate	5.47586288552872e-06
rate	5.855726853520637e-06
rate	6.312920627036295e-06
rate	6.919557216617608e-06
rate	7.699083399972279e-06
rate	8.60101311292925e-06
rate	9.538890357461247e-06
rate	1.04833880994528e-05
rate	1.1481175422784274e-05
rate	1.2548177816937787e-05
rate	1.3691219488155432e-05
rate	1.4909280647633766e-05
rate	1.6186667268566556e-05
rate	1.7531633418037475e-05
rate	1.8960390637462666e-05
rate	2.050027784270569e-05
rate	2.2197033803249602e-05
rate	2.405180531125994e-05
rate	2.6013577559421777e-05
rate	2.8029544152826143e-05
rate	3.01068744068459e-05
rate	3.228458746682706e-05
rate	3.473023628542579e-05
rate	3.750431531165593e-05
rate	4.075070914222981e-05
rate	4.466377232915763e-05
rate	4.946261916853779e-05
rate	5.486971210069317e-05
rate	6.059412297108599e-05
rate	6.670713793498819e-05
rate	7.338383950329698e-05
rate	8.079631296676285e-05
rate	8.95526128037575e-05
rate	9.921901161089382e-05
rate	0.00011047322480679227
rate	0.0001237025990117287
rate	0.00013866647795166752
rate	0.0001558405159304119
rate	0.00017451414661936573
rate	0.000194972272393895
rate	0.0002192389559934644
rate	0.000244574127928998
rate	0.00028059202089481775
rate	0.00032065132210806627
rate	0.00036503680337727205
rate	0.00041401071285826734
rate	0.0004678005068911152
rate	0.0005265855536575227
rate	0.0005904827793362374
rate	0.0006595321643857582
rate	0.0007336832512896237
rate	0.0008127829659662988
rate	0.0008965676441868512
rate	0.0009846574123581829
rate	0.0010765571676001947
rate	0.0011716631845339017
rate	0.0012805577509541401
rate	0.0013964063200627977
rate	0.0015224790778456056
rate	0.0016596783577094325
rate	0.0018089861282872836
rate	0.0019714710216267735
rate	0.0021482959816497282
rate	0.0023407265876248416
rate	0.0025501401122264714
rate	0.0027780353790103265
rate	1.1353110037991719e-05
rate	8.0183508446648e-07
rate	5.017285745044004e-07
rate	3.500902292226527e-07
rate	2.7487305244197785e-07
rate	2.601184119005279e-07
rate	2.3024080982813646e-07
rate	2.0936524428007984e-07
rate	1.9424596901083286e-07
rate	1.8475553374629669e-07
rate	1.8377208068982002e-07
rate	1.965171076053396e-07
rate	2.2888591559924258e-07
rate	2.833176321423093e-07
rate	3.53343887923417e-07
rate	4.305329884128352e-07
rate	5.065411357058475e-07
rate	5.777000311816511e-07
rate	6.392973075253775e-07
rate	6.931536410092903e-07
rate	7.474738035503799e-07
rate	8.035111168513508e-07
rate	8.5549468973664e-07
rate	9.038001365259096e-07
rate	9.516190240295569e-07
rate	1.000403077208434e-06
rate	1.0546846680312527e-06
rate	1.1193356288540302e-06
rate	1.1970474126251586e-06
rate	1.285344193487243e-06
rate	1.3852978346280125e-06
rate	1.4893133739596676e-06
rate	1.5881033568277644e-06
rate	1.6774605827585334e-06
rate	1.7645353742699464e-06
rate	1.864016902137457e-06
rate	1.984007910262561e-06
rate	2.1200395624335277e-06
rate	2.2727637628881968e-06
rate	2.443076823978473e-06
rate	2.6391036402607544e-06
rate	2.8588748307151976e-06
rate	3.0921257821123235e-06
rate	3.336522007097777e-06
rate	3.5997874196639997e-06
rate	3.872774075659929e-06
rate	4.182279195080701e-06
rate	4.5638123216425545e-06
rate	5.025652459611951e-06
rate	5.539363477333413e-06
rate	6.063398441424507e-06
rate	6.588462463253222e-06
rate	7.142903525930643e-06
rate	7.74195826663569e-06
rate	8.394970070315972e-06
rate	9.122933431636803e-06
rate	9.90731974076977e-06
rate	1.0724070836601453e-05
rate	1.1569881803237367e-05
rate	1.248019880162418e-05
rate	1.3485345612829131e-05
rate	1.4647067769462331e-05
rate	1.6017273419290697e-05
rate	1.762737339361969e-05
rate	1.945316102263399e-05
rate	2.1444976443728882e-05
rate	2.360752363485853e-05
rate	2.6011127227316226e-05
rate	2.869473703462919e-05
rate	3.179972852922436e-05
rate	3.5522716278552844e-05
rate	3.97448784669585e-05
rate	4.41791279052857e-05
rate	4.860338171370495e-05
rate	5.34927997455497e-05
rate	5.902265233342597e-05
rate	6.516919331632695e-05
rate	7.246688043102272e-05
rate	8.114837800256252e-05
rate	9.099103694691778e-05
rate	0.00010184513274258763
rate	0.0001135468421695107
rate	0.00012775355858537195
rate	0.000143675155337252
rate	0.00016177787197317758
rate	0.00018348090397674304
rate	0.0002119688303048723
rate	0.00024390658220516936
rate	0.00027960151137278774
rate	0.0003193589404033965
rate	0.00036347330672494786
rate	0.0004122174342027662
rate	0.0004658300718779617
rate	0.0005245020645376967
rate	0.0005883615310585775
rate	0.0006574587996768246
rate	0.0007317520191033853
rate	0.000811094813533783
rate	0.0008952262048790301
rate	0.0009837663096763645
rate	0.0010852920684112125
rate	0.0011946996349786133
rate	0.001314866441862057
rate	0.0014468505626099306
rate	0.001591814122692587
rate	0.0017510335320636734
rate	0.0019259107240008882
rate	0.0021179854991846716
rate	0.0023289490837048654
rate	0.002560659020374188
rate	1.4687290745438882e-05
rate	1.086019333819285e-06
rate	6.730776461548024e-07
rate	5.268453680198435e-07
rate	3.7436874494016007e-07
rate	3.832264701558665e-07
rate	3.4157663346136183e-07
rate	3.032117204252082e-07
rate	2.6342331975600844e-07
rate	2.2694110665055427e-07
rate	2.0782914597143363e-07
rate	2.276032704097076e-07
rate	3.100021547800159e-07
rate	4.675782117246197e-07
rate	6.837007422344004e-07
rate	9.106527316511416e-07
rate	1.143493726405915e-06
rate	1.415972735847679e-06
rate	1.7278743029027313e-06
rate	2.0556487539173494e-06
rate	2.3895276486856178e-06
rate	2.6931222528634374e-06
rate	2.9295734066163793e-06
rate	3.0811366028073296e-06
rate	3.17066202389841e-06
rate	3.2411211211907345e-06
rate	3.3158191387535335e-06
rate	3.383435707217495e-06
rate	3.4508408955642805e-06
rate	3.5193658181313926e-06
rate	3.5857086764753523e-06
rate	3.650359844544957e-06
rate	3.71969443371933e-06
rate	3.7960476191233083e-06
rate	3.880729635944174e-06
rate	3.9877902534087725e-06
rate	4.108490825197741e-06
rate	4.222098750213076e-06
rate	4.323349107760357e-06
rate	4.430362929722424e-06
rate	4.576930978696305e-06
rate	4.783428526033295e-06
rate	5.041279137813772e-06
rate	5.347861632726798e-06
rate	5.7025956672444875e-06
rate	6.085368119800753e-06
rate	6.532266396447606e-06
rate	7.100722473974337e-06
rate	7.82361865240712e-06
rate	8.681191456866722e-06
rate	9.59689791878963e-06
rate	1.0552947446998821e-05
rate	1.1606030391238185e-05
rate	1.2756551367987386e-05
rate	1.3982650539528473e-05
rate	1.5269109015380008e-05
rate	1.6597356949929352e-05
rate	1.797677132871662e-05
rate	1.943757192798024e-05
rate	2.10195216750604e-05
rate	2.2760780445155722e-05
rate	2.4658917914621577e-05
rate	2.6672787522625394e-05
rate	2.873756671352505e-05
rate	3.084488813488346e-05
rate	3.30305749937448e-05
rate	3.546643425985173e-05
rate	3.823497117964444e-05
rate	4.146714414512632e-05
rate	4.5301301725918195e-05
rate	4.9951151326954545e-05
rate	5.546965303490161e-05
rate	6.144388484038772e-05
rate	6.752748242986562e-05
rate	7.428474864701029e-05
rate	8.197439202402984e-05
rate	9.070834573873327e-05
rate	0.00010022665743471023
rate	0.00011075634776153853
rate	0.000123754448484111
rate	0.00013816974280934528
rate	0.00015346924600119095
rate	0.00017164994360817435
rate	0.00019352673273749437
rate	0.00021705152428331637
rate	0.00024669368415079036
rate	0.0002806256069651515
rate	0.0003192778140050164
rate	0.000362033933226707
rate	0.00040914369550665015
rate	0.0004608268628481741
rate	0.0005172616249855674
rate	0.000578571580818925
rate	0.0006448128449796956
rate	0.0007159616276481656
rate	0.0007919028814437994
rate	0.0008724219305924082
rate	0.0009571987477298067
rate	0.0010458068308521987
rate	0.0011377169726647567
rate	0.001242651868608486
rate	0.0013543887859490305
rate	0.0014759559011595408
rate	0.0016082180384401343
rate	0.0017521161060033764
rate	0.0019086737896623564
rate	0.002079004835295704
rate	0.002264320971996767
rate	0.002465940532271948
rate	0.00268529783061198
rate	1.0346447129670217e-05
rate	7.423475941215997e-07
rate	4.887469449068342e-07
rate	3.390953031892044e-07
rate	3.195202642602016e-07
rate	2.7395153280849087e-07
rate	2.437211228212261e-07
rate	2.211767297375827e-07
rate	2.0342311355298559e-07
rate	1.9072611922251271e-07
rate	1.8654458809429453e-07
rate	1.9696951420709488e-07
rate	2.290164158015362e-07
rate	2.8610458944565127e-07
rate	3.61879103324392e-07
rate	4.472747989369785e-07
rate	5.333357606753375e-07
rate	6.168457460677519e-07
rate	6.93200596888572e-07
rate	7.639193300361983e-07
rate	8.360308935565823e-07
rate	9.105898085655472e-07
rate	9.81478760537893e-07
rate	1.047727495575207e-06
rate	1.1112202913640205e-06
rate	1.173247071603304e-06
rate	1.2376572963122931e-06
rate	1.3084788235574726e-06
rate	1.3888505374831169e-06
rate	1.47746968508224e-06
rate	1.5735044413123688e-06
rate	1.671216464875575e-06
rate	1.765307986131735e-06
rate	1.852139101675136e-06
rate	1.935715791135335e-06
rate	2.031754203711861e-06
rate	2.140209132905412e-06
rate	2.247503391938731e-06
rate	2.3525095382076412e-06
rate	2.4652491159366843e-06
rate	2.6017653417339034e-06
rate	2.7725565707755376e-06
rate	2.9739875221017728e-06
rate	3.20287036869477e-06
rate	3.4567260390148565e-06
rate	3.725270056548607e-06
rate	4.026672582980071e-06
rate	4.3887485871009614e-06
rate	4.827594371938248e-06
rate	5.33337158623968e-06
rate	5.868549548160732e-06
rate	6.425930776062011e-06
rate	7.034458527880746e-06
rate	7.695368683858659e-06
rate	8.39866928169496e-06
rate	9.152918983930217e-06
rate	9.938340396813694e-06
rate	1.0734839223148519e-05
rate	1.1549681515154368e-05
rate	1.2421689073473166e-05
rate	1.3380201813203074e-05
rate	1.4472481236270632e-05
rate	1.573598311871659e-05
rate	1.718229685655362e-05
rate	1.879079836356353e-05
rate	2.052356401139601e-05
rate	2.2427932698417093e-05
rate	2.4633863963281233e-05
rate	2.7274745832439818e-05
rate	3.0243420505769706e-05
rate	3.3611693419044366e-05
rate	3.8031345401987816e-05
rate	4.329515628317508e-05
rate	4.798701311784543e-05
rate	5.237083004483003e-05
rate	5.7638102296882546e-05
rate	6.438552316321297e-05
rate	7.228170948594598e-05
rate	8.057356164551834e-05
rate	9.011854345217684e-05
rate	0.00010182267792010628
rate	0.00011419648272658166
rate	0.00012800726877285618
rate	0.00014573817869882326
rate	0.00016590489194282776
rate	0.0001895402164246253
rate	0.00021671383383745505
rate	0.0002470451804252615
rate	0.0002808059159323402
rate	0.00031826684297383786
rate	0.00035969073108043964
rate	0.0004053239923105801
rate	0.00045538657640618944
rate	0.0005100614112935754
rate	0.0005694818141623757
rate	0.0006337199050061126
rate	0.0007027740369088336
rate	0.00077655815309429
rate	0.0008548925348708283
rate	0.0009374977828381192
rate	0.0010317069203125391
rate	0.001133225017344497
rate	0.0012445398151947026
rate	0.0013665967152224037
rate	0.0015004323519220266
rate	0.0016471833971044682
rate	0.0018080962136995937
rate	0.001984537441170151
rate	0.002178005602439411
rate	0.002390143830910727
rate	1.2541781931419833e-05
rate	9.2746707372781e-07
rate	6.543480855620874e-07
rate	4.803907149890811e-07
rate	3.563986104373496e-07
rate	3.478308537466265e-07
rate	3.0740634757485697e-07
rate	2.752734360339532e-07
rate	2.466785287612542e-07
rate	2.2523263559262993e-07
rate	2.2317793483235322e-07
rate	2.598917651421752e-07
rate	3.574035206707529e-07
rate	5.28339370901183e-07
rate	7.583308608755013e-07
rate	1.0073621788405588e-06
rate	1.2643828973174623e-06
rate	1.5515159877559155e-06
rate	1.865270061732121e-06
rate	2.1885808906504015e-06
rate	2.5146328182356173e-06
rate	2.8172289750133447e-06
rate	3.064749783986061e-06
rate	3.2399255237901806e-06
rate	3.3576498844529127e-06
rate	3.451355806966782e-06
rate	3.537519257909414e-06
rate	3.607660622715451e-06
rate	3.669472347985863e-06
rate	3.72777486841009e-06
rate	3.7849556287696575e-06
rate	3.84160801381944e-06
rate	3.899469861073953e-06
rate	3.9587495153911836e-06
rate	4.022964414078968e-06
rate	4.111316606629663e-06
rate	4.219203508060857e-06
rate	4.327002166595764e-06
rate	4.432613255612313e-06
rate	4.554527784625857e-06
rate	4.72055314867142e-06
rate	4.954807061058941e-06
rate	5.2591380515297355e-06
rate	5.631369455414231e-06
rate	6.061283717191642e-06
rate	6.5298970905592274e-06
rate	7.0570620802931245e-06
rate	7.680263262945472e-06
rate	8.429722319154127e-06
rate	9.301768659957378e-06
rate	1.0230713349792724e-05
rate	1.1208965603921211e-05
rate	1.2293243663718204e-05
rate	1.3472862580840621e-05
rate	1.4706323684095121e-05
rate	1.5951586964691736e-05
rate	1.7210872731659692e-05
rate	1.8533592159320348e-05
rate	1.9972850933343842e-05
rate	2.156101554660123e-05
rate	2.333768813040939e-05
rate	2.5257764449096485e-05
rate	2.7261244952401064e-05
rate	2.930123030609972e-05
rate	3.143214916920708e-05
rate	3.3734021515053335e-05
rate	3.65279667604938e-05
rate	3.9693126735754664e-05
rate	4.333809491604005e-05
rate	4.772606094727622e-05
rate	5.198847220150513e-05
rate	5.807752322508036e-05
rate	6.361853032089111e-05
rate	7.037987819725973e-05
rate	7.726659003323657e-05
rate	8.587097828155837e-05
rate	9.539840524264514e-05
rate	0.00010675284181865818
rate	0.00011808108965877389
rate	0.00013124616915004245
rate	0.0001456466381201677
rate	0.00016117717959016493
rate	0.00017954731582286806
rate	0.00020117666717856805
rate	0.00022417688733026902
rate	0.0002537004216366033
rate	0.0002839382939616975
rate	0.0003247024316485013
rate	0.0003700185526072494
rate	0.00042017432304430267
rate	0.0004754193787737501
rate	0.0005359500251052097
rate	0.0006018925468107613
rate	0.0006732867817678294
rate	0.0007500703872516535
rate	0.0008320656068563162
rate	0.000918969135477767
rate	0.0010103481995887066
rate	0.0011056413365466218
rate	0.0012041678726369268
rate	0.0013174140516665702
rate	0.0014379416146785887
rate	0.0015692964311353047
rate	0.001712451136790946
rate	0.0018684657413875483
rate	0.0020384954776505324
rate	0.002223799355376667
rate	0.0024257494839543684
rate	0.002645841232346301
rate	0.002885704301765345
rate	1.1331828753910247e-05
rate	7.57333687955211e-07
rate	4.5847063146660405e-07
rate	3.8020370935136736e-07
rate	2.8858520133448884e-07
rate	2.77207378247647e-07
rate	2.507493678661494e-07
rate	2.3103820135136827e-07
rate	2.1517648080792373e-07
rate	2.0374489206854456e-07
rate	2.0074723703391346e-07
rate	2.1291623309407163e-07
rate	2.4791712258797e-07
rate	3.0968612355460454e-07
rate	3.9178576134733085e-07
rate	4.841319748462045e-07
rate	5.774159034434801e-07
rate	6.69569184262134e-07
rate	7.562707487764672e-07
rate	8.386395398919855e-07
rate	9.237000404696522e-07
rate	1.011290545337028e-06
rate	1.0929158376293702e-06
rate	1.1656215164633762e-06
rate	1.2318063129120212e-06
rate	1.2935812209299779e-06
rate	1.3578182579513482e-06
rate	1.4314079634256749e-06
rate	1.5201861502671798e-06
rate	1.6221892800211356e-06
rate	1.734620498591996e-06
rate	1.8475532174832816e-06
rate	1.9525464092762946e-06
rate	2.0419072376963612e-06
rate	2.1207815004668074e-06
rate	2.208923319217881e-06
rate	2.310198165061592e-06
rate	2.41224712073941e-06
rate	2.51740934849967e-06
rate	2.6359607769457346e-06
rate	2.781013228896235e-06
rate	2.9615101832096916e-06
rate	3.1747194626666394e-06
rate	3.4136018178502038e-06
rate	3.673081721691611e-06
rate	3.951021384365603e-06
rate	4.261494439353338e-06
rate	4.621089711291855e-06
rate	5.0475850300311055e-06
rate	5.542869752147204e-06
rate	6.073661672320584e-06
rate	6.643687000823282e-06
rate	7.291116215121501e-06
rate	8.013942025801794e-06
rate	8.786259575803528e-06
rate	9.596238058734549e-06
rate	1.0425601971136139e-05
rate	1.1267992430489563e-05
rate	1.2136049682183748e-05
rate	1.3062584663247112e-05
rate	1.4084468200400189e-05
rate	1.5217161675588763e-05
rate	1.646448331633e-05
rate	1.7837359268803254e-05
rate	1.9357904905637436e-05
rate	2.101474370288042e-05
rate	2.2934762589674724e-05
rate	2.515576211395938e-05
rate	2.786860118817178e-05
rate	3.100729280908961e-05
rate	3.4281483040961735e-05
rate	3.867582454258011e-05
rate	4.2960932944407955e-05
rate	4.766781685991289e-05
rate	5.26473812372315e-05
rate	5.906016926320562e-05
rate	6.607377586938029e-05
rate	7.394177306628619e-05
rate	8.361398702279088e-05
rate	9.359947060938134e-05
rate	0.00010599901343016112
rate	0.00011902750263111162
rate	0.00013485309734581337
rate	0.00015505199045557367
rate	0.00017567901600613355
rate	0.0001975833287309132
rate	0.00022131795892499587
rate	0.00025369163969087347
rate	0.000290026757772811
rate	0.00033066095666208975
rate	0.00037592071235902644
rate	0.00042610905749862314
rate	0.0004814909909824488
rate	0.0005422771897666933
rate	0.0006086065277091162
rate	0.00068052855540468
rate	0.0007579863737208271
rate	0.0008408023912939661
rate	0.0009286676484527598
rate	0.0010211366755468415
rate	0.0011276490664035787
rate	0.0012425791227807315
rate	0.001369096370877295
rate	0.0015083690256596119
rate	0.0016616830809519755
rate	0.0018304541838431293
rate	0.0020162407062645615
rate	0.0022207581344389285
rate	0.0024458949090655465
rate	0.002693729862505613
rate	1.5445223910044882e-05
rate	1.217472005444031e-06
rate	8.871453105540389e-07
rate	6.430939133209144e-07
rate	5.159926580691601e-07
rate	4.435355711788077e-07
rate	3.7729397190893297e-07
rate	3.2709181681719353e-07
rate	2.868876542896982e-07
rate	2.595086793846566e-07
rate	2.559992133698234e-07
rate	2.9334238250153437e-07
rate	3.896937844564525e-07
rate	5.531892370256636e-07
rate	7.66937131868579e-07
rate	9.973101249357813e-07
rate	1.2300732778253536e-06
rate	1.4776336262088074e-06
rate	1.7364184355379033e-06
rate	1.998942087854869e-06
rate	2.261980091267258e-06
rate	2.5138530963527967e-06
rate	2.7369806287732456e-06
rate	2.918810232594355e-06
rate	3.0634985810177384e-06
rate	3.188758672760563e-06
rate	3.3019208309251057e-06
rate	3.3983236834366317e-06
rate	3.4850201502733474e-06
rate	3.5680846255208183e-06
rate	3.6490969015455655e-06
rate	3.729297232130944e-06
rate	3.8113257673660447e-06
rate	3.8941113659876634e-06
rate	3.977660199083367e-06
rate	4.08472037224766e-06
rate	4.203192562547466e-06
rate	4.302499142837528e-06
rate	4.377164923845291e-06
rate	4.4523678577740565e-06
rate	4.561938885795733e-06
rate	4.7439793493259e-06
rate	5.012563092117662e-06
rate	5.374273536757912e-06
rate	5.81023685431921e-06
rate	6.312343280590174e-06
rate	6.871677308484536e-06
rate	7.485128533836442e-06
rate	8.16796777719275e-06
rate	8.94637427654765e-06
rate	9.77915895633732e-06
rate	1.0716021087256141e-05
rate	1.185372824195973e-05
rate	1.3194688772877286e-05
rate	1.4644739864796111e-05
rate	1.608803324770728e-05
rate	1.7497284873340746e-05
rate	1.8940559227497814e-05
rate	2.046720133526611e-05
rate	2.2103908591938864e-05
rate	2.3883843537396497e-05
rate	2.574859542390247e-05
rate	2.764465322407191e-05
rate	2.9548022351705616e-05
rate	3.153449056846754e-05
rate	3.370838691817804e-05
rate	3.639188748782178e-05
rate	3.9341759506693237e-05
rate	4.2726866069116174e-05
rate	4.671365764678823e-05
rate	5.087854615101301e-05
rate	5.524759036573773e-05
rate	6.171796830582977e-05
rate	6.763557531152928e-05
rate	7.549601451543039e-05
rate	8.355768899463993e-05
rate	9.380678967940642e-05
rate	0.00010515813728102366
rate	0.00011603868297496757
rate	0.00012940933155055438
rate	0.00014376339113281801
rate	0.00016090907047500098
rate	0.00017998060329124066
rate	0.0002008554369755196
rate	0.00022916621015233
rate	0.00025768516799023263
rate	0.00028729452593821714
rate	0.00032793962418116153
rate	0.0003731411290211161
rate	0.00042318968320514006
rate	0.00047833830587062345
rate	0.0005387868098427375
rate	0.0006046651756382894
rate	0.0006760168459911039
rate	0.000752782754900709
rate	0.0008347877805846782
rate	0.000921730941344051
rate	0.001013180280180059
rate	0.0011085744990019205
rate	0.0012072312811253517
rate	0.0013206584371563321
rate	0.001441411891283102
rate	0.001573048542696829
rate	0.001716549265891275
rate	0.0018729833390477583
rate	0.0020435164116314295
rate	0.002229419190086459
rate	0.0024320769063505185
rate	0.002652999639742042
rate	0.00289383356913256
rate	1.0998059717177821e-05
rate	6.579836644132497e-07
rate	5.003115567075411e-07
rate	3.193381027628858e-07
rate	2.5861911454746607e-07
rate	2.447198816051855e-07
rate	2.1431283965360558e-07
rate	1.9142714445530184e-07
rate	1.7256902739081558e-07
rate	1.5839921886133633e-07
rate	1.5342799577478733e-07
rate	1.6496782254578477e-07
rate	2.0094489383657877e-07
rate	2.6476861789941507e-07
rate	3.484560320193176e-07
rate	4.4242236277325146e-07
rate	5.349873803911983e-07
rate	6.212756537555355e-07
rate	6.967426829038393e-07
rate	7.654460351667983e-07
rate	8.353481681700677e-07
rate	9.108629409983943e-07
rate	9.880153353090837e-07
rate	1.0653792631464014e-06
rate	1.1415116544545292e-06
rate	1.2140687595638571e-06
rate	1.286326971431826e-06
rate	1.3648958995966687e-06
rate	1.454953312278511e-06
rate	1.5562790512737811e-06
rate	1.6664949208375475e-06
rate	1.7788185376279485e-06
rate	1.888390094591433e-06
rate	1.9891596258688186e-06
rate	2.0834965079866885e-06
rate	2.190896401632657e-06
rate	2.308666273426255e-06
rate	2.4174554956808016e-06
rate	2.516051078071391e-06
rate	2.6190647054015476e-06
rate	2.744098508002564e-06
rate	2.9109647299444244e-06
rate	3.1254391241364094e-06
rate	3.384537632141206e-06
rate	3.6739127615042215e-06
rate	3.9902591784871605e-06
rate	4.331751842139582e-06
rate	4.697748978827576e-06
rate	5.100500085199338e-06
rate	5.555377767003124e-06
rate	6.041088739593647e-06
rate	6.58218340371932e-06
rate	7.226784654661096e-06
rate	7.9732249112143e-06
rate	8.777663417125388e-06
rate	9.602797195013848e-06
rate	1.0433314138872023e-05
rate	1.12854311377035e-05
rate	1.2181244285404551e-05
rate	1.3148000619737446e-05
rate	1.4224085816889901e-05
rate	1.5395730997562365e-05
rate	1.66367094111392e-05
rate	1.7944139468342745e-05
rate	1.9362535052726302e-05
rate	2.0907226646614096e-05
rate	2.2756214562477445e-05
rate	2.4923645358455398e-05
rate	2.755483415244407e-05
rate	3.060309531608244e-05
rate	3.4128983876727766e-05
rate	3.7669343736033155e-05
rate	4.2554296892907e-05
rate	4.708140870907049e-05
rate	5.2626690127915936e-05
rate	5.8499218335986386e-05
rate	6.588092370151384e-05
rate	7.395153908404362e-05
rate	8.291086171191896e-05
rate	9.282704784077756e-05
rate	0.00010421914019338565
rate	0.00011825843295851364
rate	0.00013380620452608556
rate	0.00015182284332533445
rate	0.00017417401542822283
rate	0.0001981350558566959
rate	0.0002189555218667676
rate	0.00025138687050307385
rate	0.00028781484298124574
rate	0.000328583175821749
rate	0.0003740244355724321
rate	0.0004244473672797217
rate	0.0004801221584137506
rate	0.0005412634476603556
rate	0.0006080123926323193
rate	0.0006804188097997269
rate	0.0007584233426127122
rate	0.0008418429663416982
rate	0.0009303599979889178
rate	0.001023517146947705
rate	0.0011309089100643476
rate	0.0012468172413786416
rate	0.0013744645559631689
rate	0.0015150397565193681
rate	0.0016698521556343497
rate	0.0018403436706733434
rate	0.002028102253748478
rate	0.002234876681850189
rate	0.0024625928448960104
rate	0.0027133716834030815
rate	1.1281840207743574e-05
rate	9.581740388045282e-07
rate	5.800978746098552e-07
rate	4.728828661137129e-07
rate	3.7329008888711553e-07
rate	3.5407438719126774e-07
rate	3.1875870056748134e-07
rate	2.94733605834312e-07
rate	2.80824183487618e-07
rate	2.800129586776994e-07
rate	2.99746013374322e-07
rate	3.512232361310866e-07
rate	4.4677339459392706e-07
rate	5.929437888087733e-07
rate	7.814218630092241e-07
rate	9.831945485985921e-07
rate	1.1983759264049925e-06
rate	1.45207269043188e-06
rate	1.74817391183514e-06
rate	2.068630710553776e-06
rate	2.3949312084673096e-06
rate	2.6975235863843334e-06
rate	2.951232098428938e-06
rate	3.136125832487252e-06
rate	3.264238882266733e-06
rate	3.3666970594347264e-06
rate	3.4604510860662096e-06
rate	3.540754798726395e-06
rate	3.617926781172938e-06
rate	3.6973849419005128e-06
rate	3.7769619028936715e-06
rate	3.857824207803463e-06
rate	3.9471809225466345e-06
rate	4.045465657935488e-06
rate	4.1519707032096605e-06
rate	4.282944007907838e-06
rate	4.427771544719635e-06
rate	4.562562652926047e-06
rate	4.68285137108939e-06
rate	4.808408398235867e-06
rate	4.975021782159555e-06
rate	5.20250414886062e-06
rate	5.478792870959436e-06
rate	5.798736996878307e-06
rate	6.1610341705693485e-06
rate	6.580852952152837e-06
rate	7.065258224339397e-06
rate	7.609365183784227e-06
rate	8.227653323700558e-06
rate	8.938064742750443e-06
rate	9.697906680258954e-06
rate	1.0552754929848325e-05
rate	1.1589167500984944e-05
rate	1.2806546578442011e-05
rate	1.41250338359072e-05
rate	1.543761116993022e-05
rate	1.6745886615914427e-05
rate	1.814662883414987e-05
rate	1.9704314816926288e-05
rate	2.1435692405369674e-05
rate	2.335124817638185e-05
rate	2.5374452706067005e-05
rate	2.7457341204077028e-05
rate	2.9571983065795565e-05
rate	3.179284768949375e-05
rate	3.4235185274693645e-05
rate	3.721452272950569e-05
rate	4.0464357931378795e-05
rate	4.403647849810118e-05
rate	4.798426984052508e-05
rate	5.2160847539018136e-05
rate	5.705007361003501e-05
rate	6.181855491181991e-05
rate	6.957570453909428e-05
rate	7.653580307742129e-05
rate	8.563180089155346e-05
rate	9.474873888864033e-05
rate	0.00010638302456628297
rate	0.00011808635812633044
rate	0.00013102284447307912
rate	0.00014524729424350192
rate	0.00016142742153726696
rate	0.00018036023458917308
rate	0.0002016066799043756
rate	0.0002268127963242187
rate	0.0002577070575493126
rate	0.0002863331967536365
rate	0.0003261475338863425
rate	0.0003703908127092212
rate	0.0004193472937368301
rate	0.00047326640670582816
rate	0.0005323487191601058
rate	0.0005967298914732554
rate	0.0006664650181487571
rate	0.0007415131950721765
rate	0.0008217244657777044
rate	0.0009068295083442342
rate	0.0009964343090444426
rate	0.001090020210406971
rate	0.0011869504429425637
rate	0.001298226205773948
rate	0.0014167699936681393
rate	0.001545999006340922
rate	0.0016868763818073459
rate	0.0018404520728060904
rate	0.002007870672049962
rate	0.002190379942823871
rate	0.002389340118508434
rate	0.0026062340403381354
rate	0.0028426782089503106
rate	1.1679499179237436e-05
rate	7.612111013983696e-07
rate	4.450587576801187e-07
rate	3.3617069956380336e-07
rate	3.0728530391694535e-07
rate	2.5221648428251357e-07
rate	2.2448284654659048e-07
rate	2.067595189135697e-07
rate	1.9613745178550246e-07
rate	1.925995121978361e-07
rate	1.9890689231995966e-07
rate	2.1991768014834782e-07
rate	2.60913953295881e-07
rate	3.2365864585842425e-07
rate	4.015191050275977e-07
rate	4.877539749383366e-07
rate	5.728800514566337e-07
rate	6.516974894739315e-07
rate	7.208343661233305e-07
rate	7.840689305831068e-07
rate	8.475411952438262e-07
rate	9.150587158443836e-07
rate	9.840608712681084e-07
rate	1.0533100392922344e-06
rate	1.1212286626687138e-06
rate	1.185322503410962e-06
rate	1.2492015004385642e-06
rate	1.3197745092959845e-06
rate	1.4020539627647968e-06
rate	1.4959455705916841e-06
rate	1.5983061694963764e-06
rate	1.704825074455009e-06
rate	1.8148221989525851e-06
rate	1.925169952251272e-06
rate	2.0371112248144434e-06
rate	2.167404024175015e-06
rate	2.3099947450734553e-06
rate	2.443398123462602e-06
rate	2.562813459595637e-06
rate	2.682298565554774e-06
rate	2.8209727683383385e-06
rate	3.000966839310034e-06
rate	3.2298701071378346e-06
rate	3.5102955366240053e-06
rate	3.8289178139624565e-06
rate	4.18499576648026e-06
rate	4.564084693890935e-06
rate	4.948548501315845e-06
rate	5.3394501577524454e-06
rate	5.757411615364634e-06
rate	6.19391750728711e-06
rate	6.688396382874144e-06
rate	7.288522350810726e-06
rate	7.993958661256365e-06
rate	8.754674378515905e-06
rate	9.507591535854309e-06
rate	1.0256496477201095e-05
rate	1.1061149401671044e-05
rate	1.1961349504488825e-05
rate	1.2969247936681576e-05
rate	1.412028209317683e-05
rate	1.5352286113000802e-05
rate	1.6589830211488064e-05
rate	1.779823918606827e-05
rate	1.905249913096314e-05
rate	2.040768494714196e-05
rate	2.21125391911668e-05
rate	2.421419339542038e-05
rate	2.6923170965275058e-05
rate	3.014601570272115e-05
rate	3.3764255087061815e-05
rate	3.785542891767665e-05
rate	4.178056433184753e-05
rate	4.738388984132369e-05
rate	5.224628516610119e-05
rate	5.8685260418350355e-05
rate	6.510962656541011e-05
rate	7.351720536220864e-05
rate	8.227521960662865e-05
rate	9.244754794697457e-05
rate	0.00010315208762042153
rate	0.0001154304242042322
rate	0.0001313878869311765
rate	0.00014915136525405707
rate	0.00016642872156056747
rate	0.00019149259568552676
rate	0.0002161947037446444
rate	0.0002476278214118377
rate	0.00028282058839718566
rate	0.00032208813859212443
rate	0.0003657364174858847
rate	0.0004140512085478411
rate	0.00046728566841929133
rate	0.0005256458034227677
rate	0.0005892752455056937
rate	0.0006582393455440976
rate	0.0007325100430135543
rate	0.0008119521293539363
rate	0.0008963131756603781
rate	0.0009852169857241047
rate	0.001087292857545134
rate	0.0011974465483587332
rate	0.0013185959049736432
rate	0.0014518385271663319
rate	0.0015983815783623496
rate	0.001759552722403507
rate	0.0019368121520354758
rate	0.002131765818092645
rate	0.002346179979235108
rate	0.002581997204056848
rate	1.2015820853739624e-05
rate	9.152078166440811e-07
rate	6.646050421308443e-07
rate	5.347597066659057e-07
rate	3.9768314866474996e-07
rate	3.507969984391564e-07
rate	3.0652944760038493e-07
rate	2.7682294509848886e-07
rate	2.5666063151235835e-07
rate	2.4839012154886764e-07
rate	2.6179817120747517e-07
rate	3.128493280467077e-07
rate	4.194935880600859e-07
rate	5.906343190165586e-07
rate	8.120451026499239e-07
rate	1.0542627746255284e-06
rate	1.305589945821915e-06
rate	1.5771960173303758e-06
rate	1.8664273917658831e-06
rate	2.165638704381721e-06
rate	2.4739702243579616e-06
rate	2.774329877620653e-06
rate	3.0418825218317885e-06
rate	3.2616496840081998e-06
rate	3.4421654499650176e-06
rate	3.596389401486728e-06
rate	3.745996026582648e-06
rate	3.904134116684049e-06
rate	4.0832300855544135e-06
rate	4.275453157671457e-06
rate	4.470110286355858e-06
rate	4.647085605320616e-06
rate	4.79657065275578e-06
rate	4.910521689074661e-06
rate	5.0017437326091765e-06
rate	5.1034231610958636e-06
rate	5.222743811369089e-06
rate	5.340546645895365e-06
rate	5.458533245057961e-06
rate	5.590725041310426e-06
rate	5.766238952901342e-06
rate	5.992007345662152e-06
rate	6.2515974210805014e-06
rate	6.541587388435717e-06
rate	6.874847919298459e-06
rate	7.281141653018708e-06
rate	7.775818816668519e-06
rate	8.348480500933603e-06
rate	9.001015970635393e-06
rate	9.740262412795876e-06
rate	1.0532147141556951e-05
rate	1.1422821659861937e-05
rate	1.2487114995960658e-05
rate	1.3739829179743506e-05
rate	1.5121480031097935e-05
rate	1.6506737156761736e-05
rate	1.7901713019007976e-05
rate	1.9428396721610862e-05
rate	2.1142226941627286e-05
rate	2.3026528769124832e-05
rate	2.5079018412584633e-05
rate	2.719749936029925e-05
rate	2.9314810129522495e-05
rate	3.141071563551402e-05
rate	3.359653559777245e-05
rate	3.600402283251741e-05
rate	3.9024823203316905e-05
rate	4.237403925378172e-05
rate	4.628025827190434e-05
rate	5.056090334568117e-05
rate	5.5160825695273006e-05
rate	6.041562290773206e-05
rate	6.661793107410986e-05
rate	7.27271471574125e-05
rate	8.347914157185528e-05
rate	9.198563673415341e-05
rate	0.00010400582717713964
rate	0.0001150281665147704
rate	0.00012975998384308612
rate	0.00014311708870636883
rate	0.00015834130949160896
rate	0.00017559296218100647
rate	0.00019402375316726926
rate	0.00021940296571734764
rate	0.0002449422545894364
rate	0.00027963034233081897
rate	0.00030602872009223456
rate	0.00035216826415635345
rate	0.0004035166611216994
rate	0.0004603675028766389
rate	0.0005229544185590653
rate	0.000591430375227232
rate	0.0006658473365718691
rate	0.0007461368844745443
rate	0.0008320931897502544
rate	0.0009233613225081726
rate	0.001019432406591998
rate	0.001119646014399097
rate	0.0012232018019337136
rate	0.0013291813733740836
rate	0.0014517159751852211
rate	0.0015813552409198316
rate	0.00172232290508103
rate	0.0018756088885094222
rate	0.0020422896152946825
rate	0.0022235355717760323
rate	0.0024206195260784436
rate	0.0026349254659048683
rate	0.0028679583173485497
rate	0.0031213545129740953
rate	8.704033416981039e-06
rate	5.307681443386765e-07
rate	3.217389755759073e-07
rate	2.915372542979566e-07
rate	2.024052791023572e-07
rate	1.9266091725703302e-07
rate	1.7177803646496263e-07
rate	1.570046737178773e-07
rate	1.4629701545880612e-07
rate	1.4030926771923212e-07
rate	1.4241940760537616e-07
rate	1.5824300820006357e-07
rate	1.9409772624121945e-07
rate	2.5302243282331185e-07
rate	3.2965862315919977e-07
rate	4.170040977617237e-07
rate	5.075523930957709e-07
rate	5.985724401072398e-07
rate	6.871013863053198e-07
rate	7.754284014238964e-07
rate	8.671056790721478e-07
rate	9.654719030375993e-07
rate	1.0698262751862933e-06
rate	1.1795313288667818e-06
rate	1.2919338195985203e-06
rate	1.404837049553068e-06
rate	1.517404753972345e-06
rate	1.6305137521264023e-06
rate	1.7453720485854494e-06
rate	1.863266429684609e-06
rate	1.9829347799106305e-06
rate	2.105764978072373e-06
rate	2.2356700958951835e-06
rate	2.3742525970101366e-06
rate	2.52011055863033e-06
rate	2.682422445239026e-06
rate	2.849526725224125e-06
rate	3.0011796202155283e-06
rate	3.130691346078106e-06
rate	3.252931750356779e-06
rate	3.3934997062846846e-06
rate	3.5707145085995563e-06
rate	3.7827016071579566e-06
rate	4.033228284937471e-06
rate	4.320429994054411e-06
rate	4.65422109206331e-06
rate	5.0263973304751255e-06
rate	5.416181936969093e-06
rate	5.816184556551655e-06
rate	6.241037001357692e-06
rate	6.691839251470895e-06
rate	7.207001128358941e-06
rate	7.822971824012865e-06
rate	8.548082382601953e-06
rate	9.348759406635253e-06
rate	1.0159566438017992e-05
rate	1.098787760709293e-05
rate	1.1902429513302702e-05
rate	1.2937202295848586e-05
rate	1.4086770637529444e-05
rate	1.5371775173609258e-05
rate	1.672018744897461e-05
rate	1.8057806247363753e-05
rate	1.9358425972648668e-05
rate	2.0707145811420796e-05
rate	2.21574890577393e-05
rate	2.3977389751941093e-05
rate	2.622038794828505e-05
rate	2.9055186483239487e-05
rate	3.2337279163350936e-05
rate	3.6083205177766426e-05
rate	4.023218265019865e-05
rate	4.501018859705684e-05
rate	4.9546459079415775e-05
rate	5.700716642799701e-05
rate	6.34804500763406e-05
rate	7.184711192088743e-05
rate	8.047958405857823e-05
rate	9.194556888155889e-05
rate	0.00010380419699805044
rate	0.00011761750976619098
rate	0.0001327185638845574
rate	0.00015114708079300504
rate	0.0001729569880485385
rate	0.00019953762061422628
rate	0.00022615207544311852
rate	0.0002512955136636587
rate	0.00028804352826025214
rate	0.00032932283431873644
rate	0.0003754967919275457
rate	0.00042690410755978744
rate	0.000483841866202152
rate	0.0005465465150321452
rate	0.0006151735479735228
rate	0.0006897762239332678
rate	0.0007702861222509585
rate	0.0008564959747562899
rate	0.000948047818880534
rate	0.0010444275753993882
rate	0.001144967923871465
rate	0.0012613055999392277
rate	0.0013861838116823904
rate	0.0015233515807224645
rate	0.0016740183511766084
rate	0.0018395125913902072
rate	0.00202129350738995
rate	0.0022209639090852275
rate	0.0024402843426625962
rate	0.0026811886137822257
rate	0.0029458008384485026
