dim	110	2	81
dimid	age	sex	year
type	2	1	4
dimnames	age	0	1	2	3	4	5	6	7	8	9	10	11	12	13	14	15	16	17	18	19	20	21	22	23	24	25	26	27	28	29	30	31	32	33	34	35	36	37	38	39	40	41	42	43	44	45	46	47	48	49	50	51	52	53	54	55	56	57	58	59	60	61	62	63	64	65	66	67	68	69	70	71	72	73	74	75	76	77	78	79	80	81	82	83	84	85	86	87	88	89	90	91	92	93	94	95	96	97	98	99	100	101	102	103	104	105	106	107	108	109
dimnames	sex	male	female
dimnames	year	1940	1941	1942	1943	1944	1945	1946	1947	1948	1949	1950	1951	1952	1953	1954	1955	1956	1957	1958	1959	1960	1961	1962	1963	1964	1965	1966	1967	1968	1969	1970	1971	1972	1973	1974	1975	1976	1977	1978	1979	1980	1981	1982	1983	1984	1985	1986	1987	1988	1989	1990	1991	1992	1993	1994	1995	1996	1997	1998	1999	2000	2001	2002	2003	2004	2005	2006	2007	2008	2009	2010	2011	2012	2013	2014	2015	2016	2017	2018	2019	2020
cutpoints	age	0	365.25	730.5	1095.75	1461	1826.25	2191.5	2556.75	2922	3287.25	3652.5	4017.75	4383	4748.25	5113.5	5478.75	5844	6209.25	6574.5	6939.75	7305	7670.25	8035.5	8400.75	8766	9131.25	9496.5	9861.75	10227	10592.25	10957.5	11322.75	11688	12053.25	12418.5	12783.75	13149	13514.25	13879.5	14244.75	14610	14975.25	15340.5	15705.75	16071	16436.25	16801.5	17166.75	17532	17897.25	18262.5	18627.75	18993	19358.25	19723.5	20088.75	20454	20819.25	21184.5	21549.75	21915	22280.25	22645.5	23010.75	23376	23741.25	24106.5	24471.75	24837	25202.25	25567.5	25932.75	26298	26663.25	27028.5	27393.75	27759	28124.25	28489.5	28854.75	29220	29585.25	29950.5	30315.75	30681	31046.25	31411.5	31776.75	32142	32507.25	32872.5	33237.75	33603	33968.25	34333.5	34698.75	35064	35429.25	35794.5	36159.75	36525	36890.25	37255.5	37620.75	37986	38351.25	38716.5	39081.75	39447	39812.25
cutpoints	sex
cutpoints	year	-10958	-10592	-10227	-9862	-9497	-9131	-8766	-8401	-8036	-7670	-7305	-6940	-6575	-6209	-5844	-5479	-5114	-4748	-4383	-4018	-3653	-3287	-2922	-2557	-2192	-1826	-1461	-1096	-731	-365	0	365	730	1096	1461	1826	2191	2557	2922	3287	3652	4018	4383	4748	5113	5479	5844	6209	6574	6940	7305	7670	8035	8401	8766	9131	9496	9862	10227	10592	10957	11323	11688	12053	12418	12784	13149	13514	13879	14245	14610	14975	15340	15706	16071	16436	16801	17167	17532	17897	18262
rate	0.00014730102934525853
rate	1.518233280117547e-05
rate	7.923844252802442e-06
rate	5.508618099805971e-06
rate	4.43891476769352e-06
rate	3.972764592237357e-06
rate	3.561521514163093e-06
rate	3.259982511215616e-06
rate	3.0407022758573865e-06
rate	2.903661046738317e-06
rate	2.876253624035941e-06
rate	2.931068743807425e-06
rate	3.0955206882234586e-06
rate	3.3970415773661675e-06
rate	3.8082599483658513e-06
rate	4.3018035358935984e-06
rate	4.822862750611402e-06
rate	5.31658928772456e-06
rate	5.782968340243549e-06
rate	6.2494268516143334e-06
rate	6.743410736442268e-06
rate	7.1551320688636655e-06
rate	7.512007312972678e-06
rate	7.759102042804499e-06
rate	7.896386529398998e-06
rate	8.006219075282139e-06
rate	8.143515953975168e-06
rate	8.335743151882897e-06
rate	8.610376848949584e-06
rate	8.912505737638947e-06
rate	9.26961014156995e-06
rate	9.654236212342783e-06
rate	1.0121354809828231e-05
rate	1.064352286705683e-05
rate	1.1220771871768342e-05
rate	1.1880634083773062e-05
rate	1.259566432735996e-05
rate	1.3393418426907183e-05
rate	1.4273968659513849e-05
rate	1.5264926305778617e-05
rate	1.63388686647269e-05
rate	1.755100189275913e-05
rate	1.8873941384986068e-05
rate	2.033543005830687e-05
rate	2.1963288440554095e-05
rate	2.373019600701166e-05
rate	2.563642150024895e-05
rate	2.7682255306581676e-05
rate	2.98956885674942e-05
rate	3.227712683087329e-05
rate	3.4827007280986466e-05
rate	3.76013126752699e-05
rate	4.060072346612308e-05
rate	4.388161828116975e-05
rate	4.73892926013336e-05
rate	5.112461400580768e-05
rate	5.511644434494133e-05
rate	5.9337921099231425e-05
rate	6.376207523053582e-05
rate	6.844602272778472e-05
rate	7.344733197459127e-05
rate	7.879590808138444e-05
rate	8.455024572655733e-05
rate	9.074118711363226e-05
rate	9.745678314435031e-05
rate	0.00010478620731414802
rate	0.0001128199465544554
rate	0.0001216786481710901
rate	0.00013142771608071438
rate	0.0001422207776131149
rate	0.00015421490721049923
rate	0.00016754218844132024
rate	0.00018236823682257056
rate	0.0001988349287364851
rate	0.00021694190694662466
rate	0.00023675110181887486
rate	0.00025826874123131995
rate	0.00028147356600049844
rate	0.00030646859203522153
rate	0.000333270508085213
rate	0.0003620243215977545
rate	0.0003928525137573275
rate	0.0004258224035706774
rate	0.0004610403374839364
rate	0.0004983917785470795
rate	0.0005376922217953088
rate	0.0005787824073774736
rate	0.0006214948162669801
rate	0.0006656172296979243
rate	0.0007109947741274425
rate	0.0007574259242637943
rate	0.0008047683028690627
rate	0.0008527568192856686
rate	0.0009019059658713753
rate	0.0009516822523312158
rate	0.0010020249684340636
rate	0.0010530291796759133
rate	0.0011050016291892892
rate	0.001158314148854279
rate	0.0012135809379974455
rate	0.0012716412998986276
rate	0.0013334983441909067
rate	0.001400070568299718
rate	0.0014722835364962266
rate	0.0015506945632188893
rate	0.0016350467885358968
rate	0.0017239300962286752
rate	0.001813936711750979
rate	0.0018993219680356222
rate	0.0019874560900492526
rate	0.00011610289568923598
rate	1.3420931335336287e-05
rate	6.688519236522935e-06
rate	4.768009742101982e-06
rate	3.835676702609446e-06
rate	3.287393775547918e-06
rate	2.8214396017081943e-06
rate	2.4651752037348532e-06
rate	2.245958614380509e-06
rate	2.0815576903730936e-06
rate	2.05415849611e-06
rate	2.0815576903730936e-06
rate	2.2185577748245423e-06
rate	2.4651752037348532e-06
rate	2.848846475694499e-06
rate	3.314805314323872e-06
rate	3.780843468670048e-06
rate	4.192119494129127e-06
rate	4.521184802821331e-06
rate	4.877716858126231e-06
rate	5.206864584794883e-06
rate	5.508618099805971e-06
rate	5.782968340243549e-06
rate	6.002468328305989e-06
rate	6.1945452546449866e-06
rate	6.359193346051602e-06
rate	6.551295301334206e-06
rate	6.770856899104656e-06
rate	7.0453336594832996e-06
rate	7.292386273077029e-06
rate	7.594369745093562e-06
rate	7.923844252802442e-06
rate	8.253358414431713e-06
rate	8.637841733884129e-06
rate	9.077317367061148e-06
rate	9.516863555521884e-06
rate	1.0011437381365976e-05
rate	1.053358447335704e-05
rate	1.1110810296657528e-05
rate	1.1715653620503508e-05
rate	1.2403137813912945e-05
rate	1.3145814691838199e-05
rate	1.3998766288358698e-05
rate	1.4631773102741089e-05
rate	1.5925764056303494e-05
rate	1.7055064343165505e-05
rate	1.8267514765406085e-05
rate	1.956322562866889e-05
rate	2.0969903812427798e-05
rate	2.2460115949865356e-05
rate	2.4089238484187865e-05
rate	2.5857519036275673e-05
rate	2.7765226767672653e-05
rate	2.986800960447924e-05
rate	3.213861438847363e-05
rate	3.4632911144000204e-05
rate	3.7323755595609655e-05
rate	4.026729328480298e-05
rate	4.346433718902175e-05
rate	4.694362446261606e-05
rate	5.076200877554037e-05
rate	5.48929714050753e-05
rate	5.942185747785512e-05
rate	6.437866410696243e-05
rate	6.984996240694606e-05
rate	7.595141678774741e-05
rate	8.277187974582949e-05
rate	9.045819049473006e-05
rate	9.907438675365907e-05
rate	0.00010877164196850603
rate	0.00011958998518137986
rate	0.00013168625185771757
rate	0.00014513499661570635
rate	0.00016007208106754326
rate	0.00017649242233626637
rate	0.00019445175428713606
rate	0.0002140094947945154
rate	0.00023522910366384538
rate	0.00025811831069589316
rate	0.00028280898455563933
rate	0.0003094404708916411
rate	0.00033812965636507633
rate	0.0003690017343114266
rate	0.00040219126725113473
rate	0.00043761852880211177
rate	0.0004751380994467505
rate	0.000514698460044928
rate	0.0005561467827051934
rate	0.0005993566166577596
rate	0.0006442291559847437
rate	0.00069065968484069
rate	0.0007385724078013305
rate	0.0007878131179760946
rate	0.0008374723534746814
rate	0.0008877081803572444
rate	0.0009384201242802344
rate	0.0009893424167897655
rate	0.001040348905961726
rate	0.001091507803562518
rate	0.0011428926491957958
rate	0.0011949638379484843
rate	0.0012484765338860618
rate	0.0013045106294163674
rate	0.0013645082628270034
rate	0.0014302782227042842
rate	0.0015035876093651617
rate	0.001586381150604374
rate	0.001680391926915482
rate	0.0017872484468490486
rate	0.0019083221070128281
rate	0.00014186871534532442
rate	1.4332951444710216e-05
rate	7.547929744548548e-06
rate	5.270049320426511e-06
rate	4.257983207453795e-06
rate	3.813784825592502e-06
rate	3.419005052897803e-06
rate	3.128440706190487e-06
rate	2.917389856862875e-06
rate	2.7858338971331838e-06
rate	2.7611672167010456e-06
rate	2.818719678017909e-06
rate	2.9804250654975455e-06
rate	3.279193197112005e-06
rate	3.687653402124873e-06
rate	4.178434316788312e-06
rate	4.693987226065261e-06
rate	5.176723220220361e-06
rate	5.629367602793188e-06
rate	6.084829897469514e-06
rate	6.559584095200469e-06
rate	6.954819250209567e-06
rate	7.295208696732332e-06
rate	7.525823677350185e-06
rate	7.649379715285235e-06
rate	7.74274249658091e-06
rate	7.863566473634574e-06
rate	8.042057406777833e-06
rate	8.300200974035223e-06
rate	8.588577658379836e-06
rate	8.929177004766423e-06
rate	9.302779066886756e-06
rate	9.756115752990097e-06
rate	1.0267235010474751e-05
rate	1.0830678478555493e-05
rate	1.1479463583532203e-05
rate	1.2186149901052098e-05
rate	1.2978290476048439e-05
rate	1.3855959297462594e-05
rate	1.484126787655225e-05
rate	1.5912294183935268e-05
rate	1.7118736381698475e-05
rate	1.8441467116102453e-05
rate	1.9902725051634912e-05
rate	2.152481525780538e-05
rate	2.3285925516975858e-05
rate	2.5186323639127297e-05
rate	2.7231821264903378e-05
rate	2.9442127179378615e-05
rate	3.181487401895078e-05
rate	3.435878773565365e-05
rate	3.712707697012405e-05
rate	4.012596838501137e-05
rate	4.340907170585487e-05
rate	4.6924483399849995e-05
rate	5.0667525039500925e-05
rate	5.466426678159586e-05
rate	5.8890632846317613e-05
rate	6.33168619953014e-05
rate	6.799444266123495e-05
rate	7.298369655646067e-05
rate	7.832011497670484e-05
rate	8.40621774373444e-05
rate	9.022659055885888e-05
rate	9.688429540004484e-05
rate	0.00010414122797542314
rate	0.00011209908043556724
rate	0.0001208869441091447
rate	0.0001304041549580681
rate	0.00014121041975972317
rate	0.00015303568180693753
rate	0.00016617180851611414
rate	0.0001807954174582533
rate	0.00019702735319127425
rate	0.00021485166392059814
rate	0.00023433783546237516
rate	0.00025549974962822924
rate	0.000278323940929237
rate	0.0003028668253156703
rate	0.0003291335627068467
rate	0.0003573336340597658
rate	0.0003876467639606525
rate	0.0004202124022533534
rate	0.0004551871431405143
rate	0.0004924333375945704
rate	0.0005317170299570586
rate	0.0005728336694353557
rate	0.0006155611296968758
rate	0.0006596940917349976
rate	0.0007051578316483195
rate	0.000751804839844441
rate	0.0007995434881881492
rate	0.0008481674309611388
rate	0.0008982124717412134
rate	0.0009491974890714753
rate	0.0010010201212735503
rate	0.0010537057195530754
rate	0.0011074639491772144
rate	0.0011626959496275912
rate	0.0012200324779936544
rate	0.0012801629312025093
rate	0.0013439205586361145
rate	0.0014120486949502583
rate	0.001485364891362165
rate	0.0015644341702644473
rate	0.001649075726978979
rate	0.0017380716324802412
rate	0.0018284069117619906
rate	0.0019149991292744407
rate	0.0020044250647830698
rate	0.00011168832839113913
rate	1.2668109815257205e-05
rate	6.362112734267658e-06
rate	4.55416868442141e-06
rate	3.660264801385811e-06
rate	3.139412206584353e-06
rate	2.6981370556552836e-06
rate	2.3583236913651817e-06
rate	2.147332864497981e-06
rate	1.991154823871287e-06
rate	1.963756534166011e-06
rate	1.988415809002795e-06
rate	2.117193942148121e-06
rate	2.3501060712812343e-06
rate	2.7118457028709087e-06
rate	3.1531241749461267e-06
rate	3.594475785565788e-06
rate	3.983803260600034e-06
rate	4.293662183977249e-06
rate	4.628241864892488e-06
rate	4.938176335690324e-06
rate	5.223456701720201e-06
rate	5.4813341738972185e-06
rate	5.689846857878984e-06
rate	5.873679225287147e-06
rate	6.032826080268788e-06
rate	6.216681851786663e-06
rate	6.43073413071691e-06
rate	6.6969524449512784e-06
rate	6.938490372120949e-06
rate	7.232209229807941e-06
rate	7.556155924096191e-06
rate	7.880141053270674e-06
rate	8.25908652719477e-06
rate	8.684786018587301e-06
rate	9.118782388645536e-06
rate	9.60230902028165e-06
rate	1.012163385038208e-05
rate	1.0693283232318544e-05
rate	1.1295288989750425e-05
rate	1.1977175627919167e-05
rate	1.2716990295902147e-05
rate	1.3561565772478364e-05
rate	1.4213709149972071e-05
rate	1.5469010655829498e-05
rate	1.658162096837624e-05
rate	1.7777353868360974e-05
rate	1.9053565743797274e-05
rate	2.0435199459910865e-05
rate	2.1894817280110827e-05
rate	2.34877735364022e-05
rate	2.521705998139472e-05
rate	2.7093971300865726e-05
rate	2.915758635904438e-05
rate	3.1386160708184154e-05
rate	3.383000553634379e-05
rate	3.647578850021921e-05
rate	3.9374101994581935e-05
rate	4.2528518282536364e-05
rate	4.595665984432633e-05
rate	4.9718094114170444e-05
rate	5.378905402086601e-05
rate	5.825203086208315e-05
rate	6.311184393450066e-05
rate	6.844086923343085e-05
rate	7.437961262565093e-05
rate	8.104470083883677e-05
rate	8.860247224989097e-05
rate	9.710571890419095e-05
rate	0.00010667159582610821
rate	0.00011733978564425737
rate	0.00012926092943378115
rate	0.0001425147212788731
rate	0.00015720764456886036
rate	0.00017332781227101464
rate	0.0001909557392227085
rate	0.0002101701968773659
rate	0.00023105732490259174
rate	0.0002536156706336018
rate	0.00027795255929970484
rate	0.0003042089914428395
rate	0.0003325186702150107
rate	0.00036301802025471685
rate	0.00039580369327567696
rate	0.0004307944464343469
rate	0.00046791636088320594
rate	0.000507176848629101
rate	0.0005484924475622635
rate	0.0005917876819558103
rate	0.0006369548645521345
rate	0.0006838944035032082
rate	0.0007325296568872132
rate	0.0007827134069809138
rate	0.0008337394921084705
rate	0.0008857951879350853
rate	0.0009386902587073296
rate	0.000992067336933699
rate	0.0010456933138279867
rate	0.001099735120313827
rate	0.0011543813457489402
rate	0.0012099111712631136
rate	0.0012668645127943419
rate	0.0013260447499552428
rate	0.0013886426372292275
rate	0.0014563791906082755
rate	0.0015309824786196972
rate	0.0016143533502000268
rate	0.0017082166054100433
rate	0.0018141329602065243
rate	0.0019332586645170106
rate	0.0001364364013453903
rate	1.3483570088244963e-05
rate	7.172015236294654e-06
rate	5.031480541047052e-06
rate	4.077051647214069e-06
rate	3.654805058947647e-06
rate	3.276488591632513e-06
rate	2.996898901165358e-06
rate	2.7940774378683628e-06
rate	2.6680067475280506e-06
rate	2.64608080936615e-06
rate	2.7063706122283933e-06
rate	2.8653294427716324e-06
rate	3.1613448168578424e-06
rate	3.567046855883895e-06
rate	4.055065097683025e-06
rate	4.565111701519121e-06
rate	5.036857152716163e-06
rate	5.475766865342826e-06
rate	5.920232943324693e-06
rate	6.375757453958671e-06
rate	6.7545064315554686e-06
rate	7.078410080491986e-06
rate	7.292545311895871e-06
rate	7.402372901171471e-06
rate	7.479265917879681e-06
rate	7.583616993293979e-06
rate	7.748371661672771e-06
rate	7.99002509912086e-06
rate	8.264649579120725e-06
rate	8.588743867962895e-06
rate	8.951321921430728e-06
rate	9.390876696151964e-06
rate	9.890947153892672e-06
rate	1.0440585085342642e-05
rate	1.1078293083291344e-05
rate	1.1776635474744234e-05
rate	1.2563162525189695e-05
rate	1.3437949935411341e-05
rate	1.4417609447325882e-05
rate	1.548571970314364e-05
rate	1.668647087063782e-05
rate	1.8008992847218842e-05
rate	1.9470020044962955e-05
rate	2.108634207505666e-05
rate	2.2841655026940058e-05
rate	2.4736225778005644e-05
rate	2.678138722322508e-05
rate	2.8988565791263034e-05
rate	3.135262120702827e-05
rate	3.389056819032083e-05
rate	3.665284126497821e-05
rate	3.9651213303899666e-05
rate	4.293652513053998e-05
rate	4.6459674198366396e-05
rate	5.021043607319418e-05
rate	5.4212089218250404e-05
rate	5.844334459340381e-05
rate	6.287164876006699e-05
rate	6.75428625946852e-05
rate	7.252006113833007e-05
rate	7.784432187202524e-05
rate	8.357410914813146e-05
rate	8.971199400408551e-05
rate	9.631180765573937e-05
rate	0.00010349624863669825
rate	0.00011137821431667909
rate	0.00012009524004719932
rate	0.00012938059383542185
rate	0.00014020006190633143
rate	0.00015185645640337586
rate	0.00016480142859090803
rate	0.00017922259809393607
rate	0.0001952197776460634
rate	0.00021276142089457161
rate	0.0002319245691058755
rate	0.0002527307580251386
rate	0.00027517431585797556
rate	0.00029926505859611906
rate	0.00032499661732848036
rate	0.00035264294652177704
rate	0.0003824410141639775
rate	0.0004146024009360294
rate	0.00044933394879709233
rate	0.00048647489664206136
rate	0.0005257418381188083
rate	0.0005668849314932377
rate	0.0006096274431267715
rate	0.000653770953772071
rate	0.0006993208891691964
rate	0.0007461837554250875
rate	0.0007943186735072357
rate	0.000843578042636609
rate	0.0008945189776110513
rate	0.0009467127258117348
rate	0.0010000152741130369
rate	0.0010543822594302375
rate	0.0011099262691651396
rate	0.0011670777504009034
rate	0.0012264840179898632
rate	0.0012886845625063909
rate	0.0013543427730813224
rate	0.0014240268216007988
rate	0.0014984462462281035
rate	0.0015781737773100054
rate	0.0016631046654220613
rate	0.001752213168731807
rate	0.0018428771117730022
rate	0.001930676290513259
rate	0.0020213940395168864
rate	0.00010727376109304228
rate	1.1915288295178124e-05
rate	6.0357062320123805e-06
rate	4.3403276267408385e-06
rate	3.4848529001621756e-06
rate	2.991430637620788e-06
rate	2.5748345096023734e-06
rate	2.2514721789955102e-06
rate	2.048707114615453e-06
rate	1.9007519573694808e-06
rate	1.873354572222022e-06
rate	1.895273927632497e-06
rate	2.0158301094717e-06
rate	2.2350369388276153e-06
rate	2.5748449300473183e-06
rate	2.9914430355683813e-06
rate	3.4081081024615283e-06
rate	3.775487027070941e-06
rate	4.0661395651331665e-06
rate	4.378766871658746e-06
rate	4.669488086585765e-06
rate	4.9382953036344304e-06
rate	5.179700007550888e-06
rate	5.377225387451979e-06
rate	5.552813195929307e-06
rate	5.7064588144859735e-06
rate	5.882068402239119e-06
rate	6.090611362329164e-06
rate	6.348571230419258e-06
rate	6.5845944711648694e-06
rate	6.870048714522321e-06
rate	7.18846759538994e-06
rate	7.506923692109637e-06
rate	7.880331320505412e-06
rate	8.292254670113456e-06
rate	8.72070122176919e-06
rate	9.193180659197327e-06
rate	9.70968322740712e-06
rate	1.027575616797956e-05
rate	1.0874924358997343e-05
rate	1.155121344192539e-05
rate	1.2288165899966097e-05
rate	1.312436525659803e-05
rate	1.3795645197203055e-05
rate	1.5012257255355505e-05
rate	1.6108177593586977e-05
rate	1.7287192971315866e-05
rate	1.8543905858925657e-05
rate	1.990049510739393e-05
rate	2.1329518610356298e-05
rate	2.2886308588616534e-05
rate	2.4576600926513767e-05
rate	2.6422715834058803e-05
rate	2.844716311360952e-05
rate	3.0633707027894676e-05
rate	3.3027099928687376e-05
rate	3.562782140482877e-05
rate	3.848091070436089e-05
rate	4.1592699376050986e-05
rate	4.496969522603661e-05
rate	4.8674179452800515e-05
rate	5.268513663665672e-05
rate	5.708220424631118e-05
rate	6.18450237620389e-05
rate	6.703177605991566e-05
rate	7.280780846355447e-05
rate	7.931752193184406e-05
rate	8.674675400505188e-05
rate	9.513705105472283e-05
rate	0.0001045715496837104
rate	0.00011508958610713488
rate	0.00012683560700984476
rate	0.00013989444594203989
rate	0.00015434320807017747
rate	0.00017016320220576293
rate	0.00018745972415828093
rate	0.00020633089896021636
rate	0.0002268855461413381
rate	0.0002491130305713105
rate	0.00027309613404377035
rate	0.00029897751199403795
rate	0.00032690768406494497
rate	0.00035703430619800705
rate	0.00038941611930021913
rate	0.000423970364066582
rate	0.0004606946223196614
rate	0.000499655237213274
rate	0.0005408381124193338
rate	0.000584218747253861
rate	0.0006296805731195254
rate	0.0006771291221657265
rate	0.000726486905973096
rate	0.000777613695985733
rate	0.0008300066307422596
rate	0.0008838821955129263
rate	0.0009389603931344248
rate	0.0009947922570776326
rate	0.0010510377216942474
rate	0.001107962437065136
rate	0.0011658700423020849
rate	0.001224858504577743
rate	0.001285252491702622
rate	0.001347578870494118
rate	0.001412777011631452
rate	0.001482480158512267
rate	0.0015583773478742328
rate	0.0016423255497956795
rate	0.0017360412839046045
rate	0.0018410174735640002
rate	0.001958195222021193
rate	0.0001310040873454562
rate	1.263418873177971e-05
rate	6.79610072804076e-06
rate	4.7929117616675925e-06
rate	3.896120086974344e-06
rate	3.4958252923027917e-06
rate	3.133972130367223e-06
rate	2.865357096140229e-06
rate	2.6707650188738507e-06
rate	2.550179597922918e-06
rate	2.5309944020312545e-06
rate	2.594021546438878e-06
rate	2.7502338200457193e-06
rate	3.04349643660368e-06
rate	3.446440309642917e-06
rate	3.931695878577737e-06
rate	4.43623617697298e-06
rate	4.8969910852119645e-06
rate	5.322166127892465e-06
rate	5.755635989179874e-06
rate	6.191930812716873e-06
rate	6.554193612901371e-06
rate	6.86161146425164e-06
rate	7.059266946441557e-06
rate	7.155366087057707e-06
rate	7.215789339178452e-06
rate	7.303667512953383e-06
rate	7.454685916567707e-06
rate	7.6798492242065e-06
rate	7.940721499861614e-06
rate	8.248310731159368e-06
rate	8.599864775974703e-06
rate	9.02563763931383e-06
rate	9.51465929731059e-06
rate	1.0050491692129793e-05
rate	1.0677122583050486e-05
rate	1.1367121048436372e-05
rate	1.2148034574330953e-05
rate	1.3019940573360087e-05
rate	1.3993951018099515e-05
rate	1.505914522235201e-05
rate	1.6254205359577163e-05
rate	1.757651857833523e-05
rate	1.9037315038290998e-05
rate	2.0647868892307944e-05
rate	2.2397384536904254e-05
rate	2.428612791688399e-05
rate	2.633095318154678e-05
rate	2.853500440314745e-05
rate	3.089036839510576e-05
rate	3.342234864498801e-05
rate	3.6178605559832366e-05
rate	3.9176458222787966e-05
rate	4.24639785552251e-05
rate	4.599486499688279e-05
rate	4.975334710688743e-05
rate	5.375991165490494e-05
rate	5.7996056340490004e-05
rate	6.242643552483259e-05
rate	6.709128252813543e-05
rate	7.205642572019947e-05
rate	7.736852876734563e-05
rate	8.308604085891853e-05
rate	8.919739744931213e-05
rate	9.573931991143392e-05
rate	0.00010285126929797337
rate	0.00011065734819779092
rate	0.00011930353598525392
rate	0.00012835703271277558
rate	0.0001391897040529397
rate	0.00015067723099981416
rate	0.00016343104866570194
rate	0.0001776497787296188
rate	0.00019341220210085256
rate	0.0002106711778685451
rate	0.00022951130274937579
rate	0.0002499617664220479
rate	0.0002720246907867141
rate	0.00029566329187656783
rate	0.00032085967195011404
rate	0.00034795225898378836
rate	0.00037723526436730253
rate	0.0004089923996187055
rate	0.0004434807544536703
rate	0.00048051645568955223
rate	0.0005197666462805581
rate	0.0005609361935511198
rate	0.000603693756556667
rate	0.0006478478158091444
rate	0.0006934839466900734
rate	0.0007405626710057341
rate	0.0007890938588263221
rate	0.0008389886543120792
rate	0.0008908254834808894
rate	0.0009442279625519942
rate	0.0009990104269525235
rate	0.0010550587993073996
rate	0.0011123885891530648
rate	0.0011714595511742156
rate	0.0012329355579860722
rate	0.0012972061938102725
rate	0.0013647649875265302
rate	0.001436004948251339
rate	0.0015115276010940419
rate	0.0015919133843555634
rate	0.0016771336038651436
rate	0.001766354704983373
rate	0.0018573473117840138
rate	0.0019463534517520774
rate	0.0020383630142507035
rate	0.00010285919379494545
rate	1.1162466775099042e-05
rate	5.709299729757103e-06
rate	4.1264865690602665e-06
rate	3.3094409989385403e-06
rate	2.8434490686572233e-06
rate	2.451531963549463e-06
rate	2.144620666625839e-06
rate	1.950081364732925e-06
rate	1.8103490908676745e-06
rate	1.782952610278033e-06
rate	1.8021320462621987e-06
rate	1.914466276795279e-06
rate	2.1199678063739967e-06
rate	2.437844157223728e-06
rate	2.829761896190636e-06
rate	3.2217404193572685e-06
rate	3.567170793541848e-06
rate	3.838616946289084e-06
rate	4.129291878425003e-06
rate	4.400799837481206e-06
rate	4.65313390554866e-06
rate	4.878065841204557e-06
rate	5.064603917024974e-06
rate	5.231947166571468e-06
rate	5.380091548703159e-06
rate	5.547454952691575e-06
rate	5.7504885939414185e-06
rate	6.000190015887238e-06
rate	6.230698570208789e-06
rate	6.507888199236701e-06
rate	6.82077926668369e-06
rate	7.133706330948599e-06
rate	7.501576113816052e-06
rate	7.899723321639609e-06
rate	8.322620054892841e-06
rate	8.784052298113003e-06
rate	9.29773260443216e-06
rate	9.858229103640574e-06
rate	1.0454559728244258e-05
rate	1.1125251255931612e-05
rate	1.1859341504030046e-05
rate	1.2687164740717696e-05
rate	1.3377581244434037e-05
rate	1.4555503854881508e-05
rate	1.5634734218797712e-05
rate	1.6797032074270755e-05
rate	1.803424597405404e-05
rate	1.9365790754876995e-05
rate	2.076421994060177e-05
rate	2.228484364083087e-05
rate	2.3936141871632815e-05
rate	2.5751460367251876e-05
rate	2.773673986817466e-05
rate	2.9881253347605194e-05
rate	3.222419432103097e-05
rate	3.477985430943832e-05
rate	3.7587719414139844e-05
rate	4.065688046956561e-05
rate	4.398273060774689e-05
rate	4.7630264791430586e-05
rate	5.1581219252447435e-05
rate	5.5912377630539214e-05
rate	6.057820358957715e-05
rate	6.562268288640045e-05
rate	7.123600430145799e-05
rate	7.759034302485134e-05
rate	8.489103576021278e-05
rate	9.31683832052547e-05
rate	0.00010247150354131258
rate	0.00011283938657001239
rate	0.00012441028458590834
rate	0.00013727417060520664
rate	0.0001514787715714946
rate	0.00016699859214051123
rate	0.00018396370909385336
rate	0.00020249160104306686
rate	0.00022271376738008445
rate	0.00024461039050901914
rate	0.00026823970878783586
rate	0.00029374603254523637
rate	0.0003212966979148793
rate	0.0003510505921412973
rate	0.00038302854532476136
rate	0.0004171462816988171
rate	0.00045347288375611686
rate	0.000492133625797447
rate	0.000533183777276404
rate	0.0005766498125519115
rate	0.0006224062816869162
rate	0.0006703638408282447
rate	0.0007204441550589786
rate	0.0007725139849905523
rate	0.0008262737693760489
rate	0.0008819692030907672
rate	0.0009392305275615201
rate	0.000997517177221566
rate	0.0010563821295605082
rate	0.001116189753816445
rate	0.0011773587388552293
rate	0.001239805837892372
rate	0.001303640470610902
rate	0.0013691129910329935
rate	0.001436911386033676
rate	0.0015085811264162583
rate	0.0015857722171287686
rate	0.0016702977493913322
rate	0.0017638659623991659
rate	0.001867901986921476
rate	0.0019831317795253756
rate	0.00012557177334552208
rate	1.1784807375314456e-05
rate	6.420186219786866e-06
rate	4.5543429822881335e-06
rate	3.715188526734618e-06
rate	3.336845525657937e-06
rate	2.9914556691019333e-06
rate	2.7338152911151004e-06
rate	2.547452599879339e-06
rate	2.432352448317785e-06
rate	2.4159079946963594e-06
rate	2.481672480649362e-06
rate	2.6351381973198057e-06
rate	2.9256480563495174e-06
rate	3.3258337634019385e-06
rate	3.8083266594724503e-06
rate	4.307360652426839e-06
rate	4.7571250177077665e-06
rate	5.168565390442104e-06
rate	5.591039035035053e-06
rate	6.008104171475075e-06
rate	6.3538807942472725e-06
rate	6.644812848011294e-06
rate	6.825988580987243e-06
rate	6.908359272943943e-06
rate	6.952312760477223e-06
rate	7.023718032612788e-06
rate	7.161000171462644e-06
rate	7.369673349292139e-06
rate	7.616793420602503e-06
rate	7.907877594355841e-06
rate	8.248407630518676e-06
rate	8.660398582475695e-06
rate	9.138371440728511e-06
rate	9.660398298916942e-06
rate	1.0275952082809627e-05
rate	1.0957606622128508e-05
rate	1.173290662347221e-05
rate	1.2601931211308832e-05
rate	1.3570292588873147e-05
rate	1.463257074156038e-05
rate	1.582193984851651e-05
rate	1.7144044309451616e-05
rate	1.860461003161904e-05
rate	2.020939570955923e-05
rate	2.1953114046868454e-05
rate	2.3836030055762336e-05
rate	2.5880519139868483e-05
rate	2.8081443015031866e-05
rate	3.042811558318325e-05
rate	3.295412909965519e-05
rate	3.570436985468652e-05
rate	3.870170314167626e-05
rate	4.199143197991022e-05
rate	4.5530055795399184e-05
rate	4.929625814058068e-05
rate	5.3307734091559475e-05
rate	5.754876808757619e-05
rate	6.198122228959817e-05
rate	6.663970246158568e-05
rate	7.159279030206887e-05
rate	7.689273566266603e-05
rate	8.259797256970559e-05
rate	8.868280089453875e-05
rate	9.516683216712845e-05
rate	0.0001022062899592485
rate	0.00010993648207890276
rate	0.00011851183192330853
rate	0.00012733347159012932
rate	0.00013817934619954797
rate	0.00014949800559625246
rate	0.00016206066874049584
rate	0.00017607695936530156
rate	0.0001916046265556417
rate	0.00020858093484251857
rate	0.0002270980363928761
rate	0.00024719277481895723
rate	0.0002688750657154527
rate	0.0002920615251570166
rate	0.0003167227265717477
rate	0.0003432615714457996
rate	0.00037202951457062755
rate	0.0004033823983013815
rate	0.0004376275601102483
rate	0.00047455801473704316
rate	0.0005137914544423078
rate	0.0005549874556090019
rate	0.0005977600699865627
rate	0.0006419246778462177
rate	0.0006876470042109503
rate	0.0007349415865863807
rate	0.0007838690441454085
rate	0.0008343992659875494
rate	0.0008871319893507274
rate	0.0009417431992922537
rate	0.0009980055797920101
rate	0.0010557353391845617
rate	0.00111485090914099
rate	0.0011758413519475277
rate	0.001239387097982281
rate	0.001305727825114154
rate	0.001375187201971738
rate	0.0014479830749018793
rate	0.0015246089559599802
rate	0.0016056529914011215
rate	0.0016911625423082258
rate	0.0017804962412349388
rate	0.0018718175117950254
rate	0.001962030612990896
rate	0.0020553319889845207
rate	9.84446264968486e-05
rate	1.040964525501996e-05
rate	5.382893227501826e-06
rate	3.912645511379695e-06
rate	3.134029097714905e-06
rate	2.695467499693658e-06
rate	2.3282294174965526e-06
rate	2.0377691542561677e-06
rate	1.8514556148503966e-06
rate	1.7199462243658683e-06
rate	1.6925506483340442e-06
rate	1.7089901648919002e-06
rate	1.813102444118858e-06
rate	2.0048986739203778e-06
rate	2.3008433844001374e-06
rate	2.6680807568128907e-06
rate	3.0353727362530087e-06
rate	3.358854560012755e-06
rate	3.611094327445002e-06
rate	3.879816885191261e-06
rate	4.132111588376647e-06
rate	4.36797250746289e-06
rate	4.576431674858226e-06
rate	4.751982446597969e-06
rate	4.911081137213628e-06
rate	5.053724282920345e-06
rate	5.212841503144031e-06
rate	5.410365825553672e-06
rate	5.651808801355217e-06
rate	5.87680266925271e-06
rate	6.14572768395108e-06
rate	6.453090937977439e-06
rate	6.76048896978756e-06
rate	7.122820907126694e-06
rate	7.507191973165762e-06
rate	7.924538888016493e-06
rate	8.374923937028678e-06
rate	8.8857819814572e-06
rate	9.44070203930159e-06
rate	1.0034195097491176e-05
rate	1.0699289069937834e-05
rate	1.1430517108093996e-05
rate	1.2249964224837362e-05
rate	1.2959517291665021e-05
rate	1.4098750454407514e-05
rate	1.516129084400845e-05
rate	1.6306871177225648e-05
rate	1.7524586089182422e-05
rate	1.8831086402360062e-05
rate	2.019892127084724e-05
rate	2.1683378693045203e-05
rate	2.3295682816751864e-05
rate	2.508020490044495e-05
rate	2.70263166227398e-05
rate	2.9128799667315716e-05
rate	3.1421288713374554e-05
rate	3.3931887214047886e-05
rate	3.66945281239188e-05
rate	3.9721061563080224e-05
rate	4.2995765989457163e-05
rate	4.658635013006066e-05
rate	5.047730186823815e-05
rate	5.4742551014767246e-05
rate	5.931138341711539e-05
rate	6.421358971288524e-05
rate	6.966420013936152e-05
rate	7.586316411785863e-05
rate	8.303531751537369e-05
rate	9.119971535578659e-05
rate	0.00010037145739891477
rate	0.0001105891870328899
rate	0.00012198496216197194
rate	0.0001346538952683734
rate	0.0001486143350728117
rate	0.0001638339820752595
rate	0.0001804676940294258
rate	0.00019865230312591733
rate	0.0002185419886188308
rate	0.00024010775044672783
rate	0.00026338328353190136
rate	0.0002885145530964348
rate	0.00031568571176481366
rate	0.00034506687808458756
rate	0.0003766409713493036
rate	0.0004103221993310523
rate	0.0004462511451925723
rate	0.00048461201438162
rate	0.0005255294421334742
rate	0.0005690808778499622
rate	0.0006151319902543071
rate	0.000663598559490763
rate	0.0007144014041448613
rate	0.0007674142739953715
rate	0.000822540908009838
rate	0.0008800562106686081
rate	0.0009395006619886153
rate	0.0010002420973654995
rate	0.001061726537426769
rate	0.001124417070567754
rate	0.0011888474354083737
rate	0.0012547531712070014
rate	0.0013220284495191821
rate	0.001390647111571869
rate	0.0014610457604359005
rate	0.0015346820943202496
rate	0.0016131670863833041
rate	0.001698269948986985
rate	0.0017916906408937273
rate	0.0018947865002789518
rate	0.002008068337029558
rate	0.00012013945934558797
rate	1.0935426018849202e-05
rate	6.044271711532972e-06
rate	4.315774202908674e-06
rate	3.5342569664948927e-06
rate	3.1778657590130817e-06
rate	2.8489392078366436e-06
rate	2.6022734860899712e-06
rate	2.4241401808848274e-06
rate	2.3145252987126517e-06
rate	2.300821587361464e-06
rate	2.3693234148598464e-06
rate	2.520042574593893e-06
rate	2.807799676095355e-06
rate	3.2052272171609606e-06
rate	3.6849574403671634e-06
rate	4.178485127880699e-06
rate	4.617258950203568e-06
rate	5.014964652991742e-06
rate	5.426442080890234e-06
rate	5.824277530233276e-06
rate	6.153567975593174e-06
rate	6.428014231770948e-06
rate	6.59271021553293e-06
rate	6.661352458830179e-06
rate	6.688836181775994e-06
rate	6.743768552272193e-06
rate	6.867314426357581e-06
rate	7.059497474377777e-06
rate	7.292865341343392e-06
rate	7.567444457552313e-06
rate	7.896950485062649e-06
rate	8.295159525637562e-06
rate	8.762083584146432e-06
rate	9.270304905704093e-06
rate	9.874781582568767e-06
rate	1.0548092195820646e-05
rate	1.1317778672613466e-05
rate	1.2183921849257579e-05
rate	1.3146634159646781e-05
rate	1.420599626076875e-05
rate	1.5389674337455854e-05
rate	1.6711570040568e-05
rate	1.817190502494708e-05
rate	1.9770922526810513e-05
rate	2.1508843556832654e-05
rate	2.3385932194640684e-05
rate	2.5430085098190185e-05
rate	2.7627881626916286e-05
rate	2.996586277126074e-05
rate	3.2485909554322374e-05
rate	3.523013414954068e-05
rate	3.822694806056455e-05
rate	4.1518885404595335e-05
rate	4.506524659391558e-05
rate	4.8839169174273925e-05
rate	5.285555652821401e-05
rate	5.710147983466238e-05
rate	6.153600905436376e-05
rate	6.618812239503592e-05
rate	7.112915488393827e-05
rate	7.641694255798644e-05
rate	8.210990428049266e-05
rate	8.816820433976536e-05
rate	9.459434442282298e-05
rate	0.00010156131062052362
rate	0.00010921561596001459
rate	0.00011772012786136313
rate	0.00012630991046748305
rate	0.00013716898834615623
rate	0.00014831878019269077
rate	0.00016069028881528973
rate	0.0001745041400009843
rate	0.00018979705101043086
rate	0.00020649069181649204
rate	0.0002246847700363764
rate	0.0002444237832158665
rate	0.00026572544064419124
rate	0.0002884597584374653
rate	0.00031258578119338146
rate	0.0003385708839078109
rate	0.00036682376477395256
rate	0.0003977723969840575
rate	0.0004317743657668262
rate	0.0004685995737845341
rate	0.0005078162626040575
rate	0.000549038717666884
rate	0.0005918263834164584
rate	0.000636001539883291
rate	0.0006818100617318273
rate	0.0007293205021670272
rate	0.000778644229464495
rate	0.0008298098776630196
rate	0.0008834384952205654
rate	0.0009392584360325132
rate	0.0009970007326314968
rate	0.0010564118790617237
rate	0.0011173132291289155
rate	0.0011802231527208397
rate	0.00124583863797849
rate	0.0013142494564180357
rate	0.001385609416416946
rate	0.0014599612015524198
rate	0.0015376903108259188
rate	0.0016193925984466795
rate	0.0017051914807513081
rate	0.0017946377774865048
rate	0.0018862877118060372
rate	0.001977707774229714
rate	0.0020723009637183378
rate	9.403005919875176e-05
rate	9.656823734940878e-06
rate	5.05648672524655e-06
rate	3.6988044536991232e-06
rate	2.95861719649127e-06
rate	2.547485930730093e-06
rate	2.204926871443642e-06
rate	1.930917641886496e-06
rate	1.7528298649678684e-06
rate	1.629543357864062e-06
rate	1.6021486863900552e-06
rate	1.615848283521602e-06
rate	1.711738611442437e-06
rate	1.8898295414667588e-06
rate	2.163842611576547e-06
rate	2.506399617435146e-06
rate	2.849005053148749e-06
rate	3.1505383264836627e-06
rate	3.3835717086009203e-06
rate	3.6303418919575185e-06
rate	3.8634233392720875e-06
rate	4.08281110937712e-06
rate	4.274797508511895e-06
rate	4.439360976170965e-06
rate	4.590215107855788e-06
rate	4.72735701713753e-06
rate	4.8782280535964875e-06
rate	5.070243057165926e-06
rate	5.303427586823196e-06
rate	5.52290676829663e-06
rate	5.783567168665459e-06
rate	6.0854026092711884e-06
rate	6.387271608626522e-06
rate	6.744065700437334e-06
rate	7.114660624691915e-06
rate	7.526457721140147e-06
rate	7.965795575944353e-06
rate	8.47383135848224e-06
rate	9.023174974962606e-06
rate	9.613830466738093e-06
rate	1.0273326883944058e-05
rate	1.1001692712157944e-05
rate	1.1812763708957028e-05
rate	1.2541453338896003e-05
rate	1.364199705393352e-05
rate	1.4687847469219184e-05
rate	1.5816710280180536e-05
rate	1.7014926204310804e-05
rate	1.8296382049843126e-05
rate	1.963362260109271e-05
rate	2.108191374525954e-05
rate	2.265522376187091e-05
rate	2.4408949433638026e-05
rate	2.6315893377304942e-05
rate	2.8376345987026237e-05
rate	3.061838310571814e-05
rate	3.308392011865744e-05
rate	3.580133683369776e-05
rate	3.878524265659484e-05
rate	4.200880137116744e-05
rate	4.554243546869073e-05
rate	4.937338448402886e-05
rate	5.357272439899528e-05
rate	5.8044563244653624e-05
rate	6.280449653937004e-05
rate	6.809239597726504e-05
rate	7.413598521086591e-05
rate	8.117959927053458e-05
rate	8.923104750631847e-05
rate	9.827141125651694e-05
rate	0.00010833898749576741
rate	0.00011955963973803553
rate	0.00013203361993154017
rate	0.00014574989857412882
rate	0.00016066937201000776
rate	0.00017697167896499823
rate	0.00019481300520876783
rate	0.0002143702098575772
rate	0.0002356051103844365
rate	0.00025852685827596687
rate	0.0002832830736476332
rate	0.000310074725614748
rate	0.00033908316402787777
rate	0.0003702533973738458
rate	0.00040349811696328744
rate	0.0004390294066290278
rate	0.000477090402965793
rate	0.0005178751069905444
rate	0.0005615119431480129
rate	0.0006078576988216979
rate	0.0006568332781532812
rate	0.000708358653230744
rate	0.0007623145630001908
rate	0.0008188080466436271
rate	0.0008781432182464492
rate	0.0009397707964157104
rate	0.0010029670175094331
rate	0.0010670709452930297
rate	0.001132644387319063
rate	0.0012003361319615183
rate	0.0012697005045216308
rate	0.0013404164284274622
rate	0.0014121812321107445
rate	0.0014851801348381246
rate	0.001560783062224241
rate	0.0016405619556378397
rate	0.0017262421485826377
rate	0.0018195153193882887
rate	0.0019216710136364275
rate	0.00203300489453374
rate	0.00011470714534565386
rate	1.0086044662383949e-05
rate	5.668357203279078e-06
rate	4.077205423529215e-06
rate	3.3533254062551668e-06
rate	3.0188859923682264e-06
rate	2.7064227465713535e-06
rate	2.4707316810648424e-06
rate	2.3008277618903153e-06
rate	2.1966981491075186e-06
rate	2.1857351800265683e-06
rate	2.2569743490703306e-06
rate	2.4049469518679794e-06
rate	2.6899512958411923e-06
rate	3.0846206709199827e-06
rate	3.561588221261876e-06
rate	4.049609603334558e-06
rate	4.477392882699369e-06
rate	4.8613639155413805e-06
rate	5.261845126745414e-06
rate	5.640450888991478e-06
rate	5.9532551569390756e-06
rate	6.211215615530602e-06
rate	6.359431850078616e-06
rate	6.414345644716416e-06
rate	6.4253596030747655e-06
rate	6.463819071931598e-06
rate	6.573628681252517e-06
rate	6.749321599463416e-06
rate	6.968937262084281e-06
rate	7.227011320748786e-06
rate	7.545493339606623e-06
rate	7.929920468799427e-06
rate	8.38579572756435e-06
rate	8.880211512491242e-06
rate	9.47361108232791e-06
rate	1.0138577769512784e-05
rate	1.0902650721754723e-05
rate	1.1765912487206326e-05
rate	1.2722975730420414e-05
rate	1.3779421779977121e-05
rate	1.4957408826395198e-05
rate	1.627909577168439e-05
rate	1.7739200018275123e-05
rate	1.9332449344061794e-05
rate	2.1064573066796853e-05
rate	2.293583433351903e-05
rate	2.497965105651189e-05
rate	2.7174320238800702e-05
rate	2.9503609959338228e-05
rate	3.201769000898956e-05
rate	3.475589844439483e-05
rate	3.7752192979452846e-05
rate	4.1046338829280456e-05
rate	4.460043739243198e-05
rate	4.838208020796718e-05
rate	5.240337896486855e-05
rate	5.665419158174858e-05
rate	6.109079581912935e-05
rate	6.573654232848615e-05
rate	7.066551946580768e-05
rate	7.594114945330684e-05
rate	8.162183599127974e-05
rate	8.7653607784992e-05
rate	9.402185667851751e-05
rate	0.00010091633128179873
rate	0.00010849474984112644
rate	0.00011692842379941775
rate	0.00012528634934483678
rate	0.0001361586304927645
rate	0.0001471395547891291
rate	0.00015931990889008363
rate	0.00017293132063666707
rate	0.00018798947546522
rate	0.00020440044879046552
rate	0.0002222715036798767
rate	0.00024165479161277585
rate	0.00026257581557292975
rate	0.0002848579917179141
rate	0.00030844883581501514
rate	0.00033388019636982214
rate	0.0003616180149772776
rate	0.0003921623956667335
rate	0.0004259211714234042
rate	0.000462641132832025
rate	0.0005018410707658073
rate	0.0005430899797247661
rate	0.000585892696846354
rate	0.0006300784019203645
rate	0.0006759731192527042
rate	0.0007236994177476739
rate	0.0007734194147835815
rate	0.0008252204893384897
rate	0.0008797450010904034
rate	0.0009367736727727726
rate	0.0009959958854709834
rate	0.001057088418938886
rate	0.0011197755491168407
rate	0.0011846049534941518
rate	0.0012522901779746989
rate	0.0013227710877219173
rate	0.0013960316308621538
rate	0.00147193932820296
rate	0.0015507716656918572
rate	0.0016331322054922374
rate	0.0017192204191943904
rate	0.0018087793137380708
rate	0.0019007579118170488
rate	0.001993384935468533
rate	0.0020892699384521545
rate	8.961549190065491e-05
rate	8.904002214861796e-06
rate	4.730080222991272e-06
rate	3.484963396018552e-06
rate	2.7832052952676346e-06
rate	2.399504361766528e-06
rate	2.081624325390732e-06
rate	1.8240661295168249e-06
rate	1.6542041150853404e-06
rate	1.5391404913622555e-06
rate	1.5117467244460661e-06
rate	1.5227064021513038e-06
rate	1.610374778766016e-06
rate	1.7747604090131398e-06
rate	2.0268418387529566e-06
rate	2.3447184780574005e-06
rate	2.662637370044489e-06
rate	2.9422220929545693e-06
rate	3.156049089756838e-06
rate	3.380866898723776e-06
rate	3.5947350901675284e-06
rate	3.797649711291349e-06
rate	3.973163342165565e-06
rate	4.12673950574396e-06
rate	4.269349078497949e-06
rate	4.400989751354717e-06
rate	4.543614604048944e-06
rate	4.730120288778181e-06
rate	4.955046372291175e-06
rate	5.16901086734055e-06
rate	5.421406653379839e-06
rate	5.717714280564938e-06
rate	6.014054247465484e-06
rate	6.3653104937479755e-06
rate	6.722129276218069e-06
rate	7.128376554263799e-06
rate	7.556667214860029e-06
rate	8.06188073550728e-06
rate	8.60564791062362e-06
rate	9.19346583598501e-06
rate	9.84736469795028e-06
rate	1.0572868316221893e-05
rate	1.1375563193076695e-05
rate	1.2123389386126986e-05
rate	1.3185243653459525e-05
rate	1.4214404094429921e-05
rate	1.532654938313543e-05
rate	1.6505266319439187e-05
rate	1.7761677697326193e-05
rate	1.9068323931338182e-05
rate	2.0480448797473875e-05
rate	2.2014764706989957e-05
rate	2.3737693966831103e-05
rate	2.5605470131870086e-05
rate	2.762389230673676e-05
rate	2.9815477498061726e-05
rate	3.2235953023267e-05
rate	3.490814554347672e-05
rate	3.784942375010946e-05
rate	4.102183675287771e-05
rate	4.44985208073208e-05
rate	4.826946709981957e-05
rate	5.240289778322331e-05
rate	5.677774307219187e-05
rate	6.139540336585483e-05
rate	6.652059181516856e-05
rate	7.24088063038732e-05
rate	7.932388102569549e-05
rate	8.726237965685036e-05
rate	9.617136511411913e-05
rate	0.00010608878795864492
rate	0.00011713431731409912
rate	0.00012941334459470692
rate	0.00014288546207544592
rate	0.00015750476194475606
rate	0.00017347566390057067
rate	0.00019097370729161833
rate	0.00021019843109632355
rate	0.00023110247032214515
rate	0.0002536704330200324
rate	0.00027805159419883166
rate	0.0003044637394646823
rate	0.000333099449971168
rate	0.000363865823398388
rate	0.00039667403459552254
rate	0.0004318076680654833
rate	0.000469568791549966
rate	0.0005102207718476146
rate	0.0005539430084460636
rate	0.0006005834073890887
rate	0.0006500679968157994
rate	0.0007023159023166267
rate	0.00075721485200501
rate	0.0008150751852774162
rate	0.0008762302258242901
rate	0.0009400409308428057
rate	0.0010056919376533666
rate	0.0010724153531592904
rate	0.001140871704070372
rate	0.0012118248285146627
rate	0.00128464783783626
rate	0.0013588044073357423
rate	0.0014337153526496197
rate	0.0015093145092403488
rate	0.0015868840301282322
rate	0.0016679568248923753
rate	0.0017542143481782903
rate	0.0018473399978828498
rate	0.0019485555269939032
rate	0.002057941452037923
rate	0.00010927483134571975
rate	9.236663305918696e-06
rate	5.292442695025184e-06
rate	3.838636644149755e-06
rate	3.1723938460154416e-06
rate	2.8599062257233716e-06
rate	2.5639062853060635e-06
rate	2.3391898760397137e-06
rate	2.1775153428958037e-06
rate	2.0788709995023855e-06
rate	2.0706487726916727e-06
rate	2.1446252832808152e-06
rate	2.2898513291420667e-06
rate	2.57210291558703e-06
rate	2.9640141246790044e-06
rate	3.4382190021565894e-06
rate	3.920734078788417e-06
rate	4.337526815195171e-06
rate	4.70776317809102e-06
rate	5.097248172600594e-06
rate	5.45662424774968e-06
rate	5.752942338284978e-06
rate	5.994416999290256e-06
rate	6.126153484624302e-06
rate	6.167338830602652e-06
rate	6.161883024373536e-06
rate	6.1838695915910025e-06
rate	6.279942936147454e-06
rate	6.4391457245490545e-06
rate	6.6450091828251706e-06
rate	6.886578183945259e-06
rate	7.194036194150596e-06
rate	7.564681411961294e-06
rate	8.009507870982271e-06
rate	8.490118119278393e-06
rate	9.07244058208705e-06
rate	9.72906334320492e-06
rate	1.0487522770895979e-05
rate	1.1347903125155071e-05
rate	1.2299317301194046e-05
rate	1.3352847299185492e-05
rate	1.4525143315334542e-05
rate	1.584662150280078e-05
rate	1.7306495011603166e-05
rate	1.8893976161313078e-05
rate	2.0620302576761053e-05
rate	2.248573647239738e-05
rate	2.4529217014833592e-05
rate	2.6720758850685118e-05
rate	2.904135714741572e-05
rate	3.154947046365674e-05
rate	3.4281662739248984e-05
rate	3.727743789834114e-05
rate	4.0573792253965576e-05
rate	4.413562819094837e-05
rate	4.792499124166043e-05
rate	5.195120140152309e-05
rate	5.620690332883477e-05
rate	6.064558258389494e-05
rate	6.52849622619364e-05
rate	7.020188404767708e-05
rate	7.546535634862724e-05
rate	8.11337677020668e-05
rate	8.713901123021861e-05
rate	9.344936893421204e-05
rate	0.00010027135194307385
rate	0.00010777388372223828
rate	0.00011613671973747235
rate	0.00012426278822219052
rate	0.00013514827263937275
rate	0.0001459603293855674
rate	0.00015794952896487754
rate	0.0001713585012723498
rate	0.00018618189992000914
rate	0.000202310205764439
rate	0.00021985823732337704
rate	0.00023888580000968517
rate	0.0002594261905016683
rate	0.00028125622499836284
rate	0.0003043118904366488
rate	0.00032918950883183346
rate	0.0003564122651806026
rate	0.00038655239434940954
rate	0.0004200679770799822
rate	0.00045668269187951595
rate	0.0004958658789275571
rate	0.0005371412417826481
rate	0.0005799590102762497
rate	0.0006241552639574379
rate	0.0006701361767735811
rate	0.0007180783333283205
rate	0.000768194600102668
rate	0.0008206311010139599
rate	0.0008760515069602415
rate	0.0009342889095130321
rate	0.00099499103831047
rate	0.0010577649588160481
rate	0.001122237869104766
rate	0.001188986754267464
rate	0.0012587417179709076
rate	0.001331292719025799
rate	0.0014064538453073617
rate	0.0014839174548535003
rate	0.0015638530205577955
rate	0.0016468718125377956
rate	0.0017332493576374727
rate	0.0018229208499896366
rate	0.0019152281118280604
rate	0.002009062096707351
rate	0.0021062389131859716
rate	8.520092460255807e-05
rate	8.151180694782715e-06
rate	4.403673720735996e-06
rate	3.27112233833798e-06
rate	2.6077933940439993e-06
rate	2.251522792802963e-06
rate	1.958321779337821e-06
rate	1.7172146171471536e-06
rate	1.5555783652028125e-06
rate	1.4487376248604492e-06
rate	1.4213447625020773e-06
rate	1.4295645207810053e-06
rate	1.5090109460895949e-06
rate	1.659691276559521e-06
rate	1.8898410659293661e-06
rate	2.1830373386796552e-06
rate	2.4762696869402293e-06
rate	2.733905859425477e-06
rate	2.9285264709127556e-06
rate	3.131391905490034e-06
rate	3.3260468410629693e-06
rate	3.512488313205579e-06
rate	3.671529175819234e-06
rate	3.8141180353169554e-06
rate	3.94848304914011e-06
rate	4.0746224855719015e-06
rate	4.2090011545014e-06
rate	4.3899975203904345e-06
rate	4.606665157759155e-06
rate	4.815114966384471e-06
rate	5.059246138094219e-06
rate	5.350025951858687e-06
rate	5.640836886304446e-06
rate	5.986555287058617e-06
rate	6.329597927744223e-06
rate	6.7302953873874516e-06
rate	7.147538853775704e-06
rate	7.64993011253232e-06
rate	8.188120846284636e-06
rate	8.773101205231928e-06
rate	9.421402511956501e-06
rate	1.0144043920285843e-05
rate	1.0938362677196361e-05
rate	1.170532543335797e-05
rate	1.272849025298553e-05
rate	1.3740960719640656e-05
rate	1.4836388486090317e-05
rate	1.599560643456757e-05
rate	1.722697334480926e-05
rate	1.8503025261583653e-05
rate	1.987898384968821e-05
rate	2.1374305652109006e-05
rate	2.3066438500024176e-05
rate	2.4895046886435226e-05
rate	2.687143862644728e-05
rate	2.9012571890405315e-05
rate	3.1387985927876554e-05
rate	3.4014954253255675e-05
rate	3.691360484362408e-05
rate	4.0034872134587994e-05
rate	4.345460614595087e-05
rate	4.7165549715610285e-05
rate	5.123307116745134e-05
rate	5.551092289973011e-05
rate	5.998631019233963e-05
rate	6.49487876530721e-05
rate	7.068162739688048e-05
rate	7.746816278085639e-05
rate	8.529371180738224e-05
rate	9.407131897172131e-05
rate	0.00010383858842152244
rate	0.00011470899489016271
rate	0.00012679306925787368
rate	0.00014002102557676303
rate	0.00015434015187950435
rate	0.0001699796488361431
rate	0.0001871344093744688
rate	0.0002060266523350699
rate	0.00022659983025985383
rate	0.0002488140077640979
rate	0.00027282011475003007
rate	0.00029885275331461664
rate	0.0003271157359144583
rate	0.0003574782494229302
rate	0.00038984995222775764
rate	0.00042458592950193874
rate	0.000462047180134139
rate	0.0005025664367046848
rate	0.0005463740737441143
rate	0.0005933091159564796
rate	0.0006433027154783178
rate	0.0006962731514025094
rate	0.0007521151410098293
rate	0.0008113423239112053
rate	0.0008743172334021311
rate	0.0009403110652699009
rate	0.0010084168577973
rate	0.0010777597610255511
rate	0.001149099020821681
rate	0.0012233135250678071
rate	0.0012995951711508894
rate	0.0013771923862440224
rate	0.0014552494731884952
rate	0.0015334488836425731
rate	0.0016129849980322235
rate	0.0016953516941469108
rate	0.001782186547773943
rate	0.0018751646763774112
rate	0.001975440040351379
rate	0.002082878009542105
rate	0.00010384251734578564
rate	8.387281949453442e-06
rate	4.916528186771289e-06
rate	3.6000678647702955e-06
rate	2.9914622857757157e-06
rate	2.7009264590785164e-06
rate	2.4213898240407738e-06
rate	2.2076480710145845e-06
rate	2.0542029239012916e-06
rate	1.9610438498972523e-06
rate	1.955562365356777e-06
rate	2.032276217491299e-06
rate	2.174755706416153e-06
rate	2.4542545353328673e-06
rate	2.843407578438026e-06
rate	3.314849783051302e-06
rate	3.7918585542422763e-06
rate	4.197660747690972e-06
rate	4.554162440640658e-06
rate	4.932651218455774e-06
rate	5.272797606507881e-06
rate	5.552629519630879e-06
rate	5.7776183830499096e-06
rate	5.8928751191699885e-06
rate	5.920332016488888e-06
rate	5.898406445672307e-06
rate	5.903920111250408e-06
rate	5.986257191042391e-06
rate	6.128969849634694e-06
rate	6.321081103566059e-06
rate	6.546145047141731e-06
rate	6.842579048694569e-06
rate	7.19944235512316e-06
rate	7.633220014400192e-06
rate	8.100024726065542e-06
rate	8.67127008184619e-06
rate	9.319548916897057e-06
rate	1.0072394820037237e-05
rate	1.0929893763103816e-05
rate	1.1875658871967678e-05
rate	1.292627281839386e-05
rate	1.4092877804273886e-05
rate	1.5414147233917165e-05
rate	1.687379000493121e-05
rate	1.8455502978564362e-05
rate	2.017603208672525e-05
rate	2.2035638611275723e-05
rate	2.4078782973155294e-05
rate	2.6267197462569534e-05
rate	2.857910433549321e-05
rate	3.1081250918323916e-05
rate	3.380742703410314e-05
rate	3.680268281722944e-05
rate	4.0101245678650696e-05
rate	4.367081898946477e-05
rate	4.746790227535368e-05
rate	5.149902383817762e-05
rate	5.575961507592096e-05
rate	6.020036934866052e-05
rate	6.483338219538663e-05
rate	6.973824862954648e-05
rate	7.498956324394763e-05
rate	8.064569941285387e-05
rate	8.662441467544523e-05
rate	9.287688118990659e-05
rate	9.962637260434897e-05
rate	0.00010705301760335011
rate	0.00011534501567552696
rate	0.00012323922709954425
rate	0.00013413791478598104
rate	0.0001447811039820057
rate	0.00015657914903967145
rate	0.00016978568190803255
rate	0.0001843743243747983
rate	0.00020021996273841247
rate	0.00021744497096687734
rate	0.0002361168084065945
rate	0.00025627656543040687
rate	0.0002776544582788116
rate	0.0003001749450582825
rate	0.00032449882129384467
rate	0.0003512065153839276
rate	0.0003809423930320856
rate	0.0004142147827365601
rate	0.0004507242509270068
rate	0.0004898906870893069
rate	0.0005311925038405303
rate	0.0005740253237061453
rate	0.0006182321259945112
rate	0.0006642992342944581
rate	0.0007124572489089671
rate	0.0007629697854217544
rate	0.0008160417126894301
rate	0.0008723580128300795
rate	0.0009318041462532915
rate	0.0009939861911499566
rate	0.0010584414986932102
rate	0.0011247001890926911
rate	0.0011933685550407761
rate	0.0012651932579671166
rate	0.0013398143503296806
rate	0.0014168760597525695
rate	0.0014958955815040406
rate	0.0015769343754237339
rate	0.0016606114195833535
rate	0.001747278296080555
rate	0.0018370623862412026
rate	0.001929698311839072
rate	0.0020247392579461694
rate	0.0021232078879197887
rate	8.078635730446123e-05
rate	7.398359174703633e-06
rate	4.077267218480718e-06
rate	3.0572812806574083e-06
rate	2.432381492820364e-06
rate	2.1035412238393978e-06
rate	1.8350192332849108e-06
rate	1.610363104777482e-06
rate	1.4569526153202843e-06
rate	1.358334758358643e-06
rate	1.3309428005580883e-06
rate	1.3364226394107069e-06
rate	1.4076471134131738e-06
rate	1.544622144105902e-06
rate	1.7528402931057757e-06
rate	2.02135619930191e-06
rate	2.289902003835969e-06
rate	2.5255896258963836e-06
rate	2.7010038520686733e-06
rate	2.8819169122562912e-06
rate	3.0573585919584097e-06
rate	3.2273269151198085e-06
rate	3.369895009472903e-06
rate	3.5014965648899505e-06
rate	3.6276170197822695e-06
rate	3.748255219789087e-06
rate	3.874387704953856e-06
rate	4.049874752002688e-06
rate	4.258283943227134e-06
rate	4.461219065428391e-06
rate	4.697085622808598e-06
rate	4.982337623152437e-06
rate	5.2676195251434075e-06
rate	5.607800080369258e-06
rate	5.937066579270376e-06
rate	6.332214220511104e-06
rate	6.73841049269138e-06
rate	7.237979489557359e-06
rate	7.770593781945652e-06
rate	8.352736574478843e-06
rate	8.995440325962723e-06
rate	9.715219524349791e-06
rate	1.0501162161316027e-05
rate	1.1287261480588952e-05
rate	1.2271736852511534e-05
rate	1.3267517344851392e-05
rate	1.4346227589045208e-05
rate	1.548594654969595e-05
rate	1.6692268992292323e-05
rate	1.7937726591829124e-05
rate	1.9277518901902544e-05
rate	2.073384659722805e-05
rate	2.239518303321725e-05
rate	2.4184623641000367e-05
rate	2.61189849461578e-05
rate	2.82096662827489e-05
rate	3.054001883248611e-05
rate	3.3121762963034626e-05
rate	3.59777859371387e-05
rate	3.904790751629827e-05
rate	4.241069148458094e-05
rate	4.6061632331401e-05
rate	5.006324455167937e-05
rate	5.424410272726835e-05
rate	5.8577217018824425e-05
rate	6.337698349097561e-05
rate	6.895444848988777e-05
rate	7.56124445360173e-05
rate	8.332504395791411e-05
rate	9.19712728293235e-05
rate	0.00010158838888439995
rate	0.00011228367246622631
rate	0.00012417279392104043
rate	0.00013715658907808014
rate	0.00015117554181425262
rate	0.00016648363377171554
rate	0.0001832951114573193
rate	0.00020185487357381627
rate	0.0002220971901975625
rate	0.00024395758250816342
rate	0.0002675886353012285
rate	0.0002932417671645509
rate	0.0003211320218577485
rate	0.00035109067544747245
rate	0.0003830258698599928
rate	0.0004173641909383942
rate	0.00045452556871831203
rate	0.000494912101561755
rate	0.0005388051390421649
rate	0.0005860348245238704
rate	0.000636537434140836
rate	0.000690230400488392
rate	0.0007470154300146485
rate	0.0008076094625449945
rate	0.000872404240979972
rate	0.0009405811996969961
rate	0.0010111417779412335
rate	0.0010831041688918119
rate	0.0011573263375729901
rate	0.0012348022216209515
rate	0.0013145425044655185
rate	0.0013955803651523025
rate	0.0014767835937273706
rate	0.0015575832580447973
rate	0.0016390859659362149
rate	0.0017227465634014466
rate	0.0018101587473695958
rate	0.0019029893548719726
rate	0.002002324553708855
rate	0.0021078145670462875
rate	9.841020334585152e-05
rate	7.5379005929881875e-06
rate	4.540613678517397e-06
rate	3.361499085390836e-06
rate	2.8105307255359906e-06
rate	2.541946692433661e-06
rate	2.278873362775484e-06
rate	2.0761062659894557e-06
rate	1.93089050490678e-06
rate	1.8432167002921194e-06
rate	1.8404759580218819e-06
rate	1.9199271517017837e-06
rate	2.05966008369024e-06
rate	2.336406155078705e-06
rate	2.7228010321970478e-06
rate	3.1914805639460153e-06
rate	3.6629830296961362e-06
rate	4.057794680186773e-06
rate	4.4005617031902965e-06
rate	4.768054264310954e-06
rate	5.088970965266083e-06
rate	5.352316700976781e-06
rate	5.560819766809564e-06
rate	5.659596753715675e-06
rate	5.673325202375125e-06
rate	5.634929866971078e-06
rate	5.623970630909813e-06
rate	5.692571445937327e-06
rate	5.818793974720332e-06
rate	5.9971530243069484e-06
rate	6.205711910338203e-06
rate	6.491121903238542e-06
rate	6.834203298285025e-06
rate	7.256932157818112e-06
rate	7.709931332852693e-06
rate	8.270099581605332e-06
rate	8.910034490589193e-06
rate	9.657266869178493e-06
rate	1.0511884401052563e-05
rate	1.1452000442741311e-05
rate	1.2499698337602231e-05
rate	1.366061229321323e-05
rate	1.4981672965033552e-05
rate	1.6441084998259252e-05
rate	1.8017029795815643e-05
rate	1.973176159668945e-05
rate	2.158554075015407e-05
rate	2.3628348931476996e-05
rate	2.5813636074453954e-05
rate	2.81168515235707e-05
rate	3.06130313729911e-05
rate	3.33331913289573e-05
rate	3.632792773611773e-05
rate	3.962869910333581e-05
rate	4.320600978798117e-05
rate	4.7010813309046926e-05
rate	5.1046846274832165e-05
rate	5.531232682300715e-05
rate	5.9755156113426114e-05
rate	6.438180212883688e-05
rate	6.927461321141588e-05
rate	7.451377013926803e-05
rate	8.015763112364094e-05
rate	8.610981812067186e-05
rate	9.230439344560112e-05
rate	9.898139326562408e-05
rate	0.00010633215148446196
rate	0.00011455331161358158
rate	0.00012221566597689799
rate	0.0001331275569325893
rate	0.00014360187857844403
rate	0.00015520876911446533
rate	0.00016821286254371532
rate	0.00018256674882958745
rate	0.00019812971971238595
rate	0.00021503170461037766
rate	0.0002333478168035038
rate	0.0002531269403591454
rate	0.0002740526915592604
rate	0.0002960379996799162
rate	0.000319808133755856
rate	0.0003460007655872526
rate	0.0003753323917147616
rate	0.00040836158839313813
rate	0.00044476580997449775
rate	0.0004839154952510566
rate	0.0005252437658984123
rate	0.0005680916371360409
rate	0.0006123089880315845
rate	0.000658462291815335
rate	0.0007068361644896136
rate	0.0007577449707408409
rate	0.0008114523243649003
rate	0.0008686645186999174
rate	0.000929319382993551
rate	0.0009929813439894433
rate	0.0010591180385703723
rate	0.0011271625090806163
rate	0.0011977503558140883
rate	0.0012716447979633254
rate	0.0013483359816335622
rate	0.0014272982741977774
rate	0.001507873708154581
rate	0.0015900157302896724
rate	0.0016743510266289117
rate	0.0017613072345236372
rate	0.0018512039224927684
rate	0.0019441685118500836
rate	0.002040416419184988
rate	0.0021401768626536054
rate	7.637179000636438e-05
rate	6.645537654624552e-06
rate	3.7508607162254414e-06
rate	2.8434402229768367e-06
rate	2.256969591596729e-06
rate	1.955559654875833e-06
rate	1.7117166872320003e-06
rate	1.5035115924078106e-06
rate	1.358326865437756e-06
rate	1.2679318918568364e-06
rate	1.2405408386140992e-06
rate	1.2432807580404089e-06
rate	1.3062832807367527e-06
rate	1.429553011652283e-06
rate	1.6158395202821853e-06
rate	1.8596750599241648e-06
rate	2.1035343207317092e-06
rate	2.317273392367291e-06
rate	2.4734812332245913e-06
rate	2.6324419190225486e-06
rate	2.7886703428538506e-06
rate	2.942165517034038e-06
rate	3.0682608431265724e-06
rate	3.188875094462946e-06
rate	3.30675099042443e-06
rate	3.421887954006273e-06
rate	3.5397742554063123e-06
rate	3.709751983614942e-06
rate	3.9099027286951135e-06
rate	4.107323164472311e-06
rate	4.334925107522977e-06
rate	4.614649294446185e-06
rate	4.894402163982369e-06
rate	5.229044873679899e-06
rate	5.544535230796529e-06
rate	5.934133053634756e-06
rate	6.329282131607055e-06
rate	6.8260288665823985e-06
rate	7.353066717606668e-06
rate	7.93237194372576e-06
rate	8.569478139968945e-06
rate	9.286395128413742e-06
rate	1.0063961645435693e-05
rate	1.0869197527819934e-05
rate	1.181498345203754e-05
rate	1.2794073970062128e-05
rate	1.3856066692000098e-05
rate	1.4976286664824333e-05
rate	1.615756463977539e-05
rate	1.7372427922074595e-05
rate	1.867605395411688e-05
rate	2.00933875423471e-05
rate	2.1723927566410326e-05
rate	2.3474200395565507e-05
rate	2.536653126586832e-05
rate	2.740676067509249e-05
rate	2.9692051737095666e-05
rate	3.2228571672813583e-05
rate	3.504196703065331e-05
rate	3.8060942898008544e-05
rate	4.136677682321101e-05
rate	4.495771494719171e-05
rate	4.88934179359074e-05
rate	5.297728255480658e-05
rate	5.716812384530922e-05
rate	6.180517932887915e-05
rate	6.722726958289505e-05
rate	7.37567262911782e-05
rate	8.1356376108446e-05
rate	8.987122668692568e-05
rate	9.933818934727746e-05
rate	0.00010985835004228989
rate	0.0001215525185842072
rate	0.00013429215257939727
rate	0.00014801093174900089
rate	0.00016298761870728797
rate	0.00017945581354016977
rate	0.00019768309481256262
rate	0.00021759455013527115
rate	0.00023910115725222892
rate	0.00026235715585242695
rate	0.00028763078101448527
rate	0.00031514830780103874
rate	0.0003447031014720146
rate	0.00037620178749222795
rate	0.00041014245237484966
rate	0.000447003957302485
rate	0.00048725776641882516
rate	0.0005312362043402156
rate	0.0005787605330912613
rate	0.0006297721528033543
rate	0.0006841876495742747
rate	0.0007419157190194678
rate	0.0008038766011787836
rate	0.0008704912485578129
rate	0.0009408513341240914
rate	0.0010138666980851671
rate	0.0010884485767580726
rate	0.0011655536543242991
rate	0.0012462909181740962
rate	0.0013294898377801479
rate	0.0014139683440605826
rate	0.0014983177142662459
rate	0.0015817176324470217
rate	0.0016651869338402063
rate	0.0017501414326559822
rate	0.0018381309469652485
rate	0.0019308140333665338
rate	0.0020292090670663305
rate	0.00213275112455047
rate	9.297788934591741e-05
rate	6.688519236522935e-06
rate	4.164699170263502e-06
rate	3.1229303060113767e-06
rate	2.629599165296265e-06
rate	2.3829669257888063e-06
rate	2.136356901510194e-06
rate	1.944564460964327e-06
rate	1.807578085912268e-06
rate	1.7253895506869863e-06
rate	1.7253895506869863e-06
rate	1.807578085912268e-06
rate	1.944564460964327e-06
rate	2.2185577748245423e-06
rate	2.60219448595607e-06
rate	3.068111344840728e-06
rate	3.5341075051499953e-06
rate	3.917928612682575e-06
rate	4.246960965739935e-06
rate	4.603457310166134e-06
rate	4.9051443240242846e-06
rate	5.1520038823226826e-06
rate	5.344021150569218e-06
rate	5.426318388261361e-06
rate	5.426318388261361e-06
rate	5.3714532882698496e-06
rate	5.344021150569218e-06
rate	5.3988857008322635e-06
rate	5.508618099805971e-06
rate	5.673224945047837e-06
rate	5.865278773534676e-06
rate	6.139664757782516e-06
rate	6.468964241446892e-06
rate	6.880644301236032e-06
rate	7.319837939639843e-06
rate	7.868929081364473e-06
rate	8.500520064281331e-06
rate	9.24213891831975e-06
rate	1.0093875039001308e-05
rate	1.1028342013514943e-05
rate	1.2073123856810602e-05
rate	1.3228346782152576e-05
rate	1.4549198696149939e-05
rate	1.6008379991587295e-05
rate	1.7578556613066927e-05
rate	1.928749110665365e-05
rate	2.1135442889032418e-05
rate	2.3177914889798698e-05
rate	2.536007468633837e-05
rate	2.765459871164819e-05
rate	3.014481182765828e-05
rate	3.285895562381145e-05
rate	3.5853172655006025e-05
rate	3.915615252802093e-05
rate	4.274120058649756e-05
rate	4.655372434274018e-05
rate	5.05946687114867e-05
rate	5.4865038570093345e-05
rate	5.93099428781917e-05
rate	6.393022206228712e-05
rate	6.881097779328528e-05
rate	7.403797703458843e-05
rate	7.9669562834428e-05
rate	8.559522156589848e-05
rate	9.173190570129565e-05
rate	9.83364139268992e-05
rate	0.0001056112853655738
rate	0.00011376160755163618
rate	0.0001211921048542517
rate	0.00013211719907919755
rate	0.00014242265317488233
rate	0.00015383838918925924
rate	0.00016664004317939806
rate	0.0001807591732843766
rate	0.00019603947668635942
rate	0.00021261843825387796
rate	0.00023057882520041313
rate	0.000249977315287884
rate	0.00027045092483970914
rate	0.00029190105430154987
rate	0.00031511744621786725
rate	0.00034079501579057763
rate	0.00036972239039743764
rate	0.0004025083940497161
rate	0.0004388073690219887
rate	0.0004779403034128064
rate	0.0005192950279562944
rate	0.0005621579505659366
rate	0.0006063858500686579
rate	0.000652625349336212
rate	0.0007012150800702603
rate	0.0007525201560599274
rate	0.0008068629360403705
rate	0.0008649710245697555
rate	0.0009268346197338105
rate	0.0009919764968289299
rate	0.0010597945784475344
rate	0.0011296248290685415
rate	0.0012021321565874005
rate	0.0012780963379595343
rate	0.0013568576129374438
rate	0.0014377204886429852
rate	0.0015198518348051213
rate	0.0016030970851556108
rate	0.0016880906336744696
rate	0.0017753361729667195
rate	0.0018653454587443344
rate	0.001958638711861095
rate	0.0020560935804238064
rate	0.0021571458373874225
rate	7.195722270826753e-05
rate	5.89271613454547e-06
rate	3.4244542139701642e-06
rate	2.629599165296265e-06
rate	2.0815576903730936e-06
rate	1.807578085912268e-06
rate	1.58841414117909e-06
rate	1.3966600800381393e-06
rate	1.259701115555228e-06
rate	1.1775290253550301e-06
rate	1.1501388766701104e-06
rate	1.1501388766701104e-06
rate	1.2049194480603315e-06
rate	1.3144838791986643e-06
rate	1.4788387474585948e-06
rate	1.6979939205464195e-06
rate	1.9171666376274494e-06
rate	2.1089571588381983e-06
rate	2.245958614380509e-06
rate	2.3829669257888063e-06
rate	2.5199820937492914e-06
rate	2.657004118948268e-06
rate	2.7666266767802415e-06
rate	2.876253624035941e-06
rate	2.9858849610665904e-06
rate	3.0955206882234586e-06
rate	3.2051608058587684e-06
rate	3.3696292152271964e-06
rate	3.561521514163093e-06
rate	3.7534272635162317e-06
rate	3.972764592237357e-06
rate	4.246960965739935e-06
rate	4.521184802821331e-06
rate	4.85028966699054e-06
rate	5.1520038823226826e-06
rate	5.536051886758409e-06
rate	5.920153770522731e-06
rate	6.414078243607439e-06
rate	6.935539653267683e-06
rate	7.512007312972678e-06
rate	8.143515953975168e-06
rate	8.85757073247769e-06
rate	9.626761129555359e-06
rate	1.0451133575050918e-05
rate	1.1358230051563545e-05
rate	1.2320630595272864e-05
rate	1.3365905794954989e-05
rate	1.4466626779952716e-05
rate	1.5622860287258457e-05
rate	1.6807129252320066e-05
rate	1.8074589006331213e-05
rate	1.9452928487466148e-05
rate	2.10526720996034e-05
rate	2.2763777150130648e-05
rate	2.4614077585578843e-05
rate	2.6603855067436076e-05
rate	2.8844084641705225e-05
rate	3.133538038259254e-05
rate	3.4106148124167935e-05
rate	3.707397827971882e-05
rate	4.0322862161841083e-05
rate	4.385379756298242e-05
rate	4.772359132013543e-05
rate	5.1710462382344826e-05
rate	5.5759030671794016e-05
rate	6.023337516678267e-05
rate	6.550009067590234e-05
rate	7.190100804633911e-05
rate	7.938770825897788e-05
rate	8.777118054452787e-05
rate	9.708798981015497e-05
rate	0.00010743302761835349
rate	0.00011893224324737396
rate	0.00013142771608071438
rate	0.00014484632168374918
rate	0.0001594916036428604
rate	0.00017561651562302027
rate	0.00019351131605130898
rate	0.0002130919100729798
rate	0.00023424473199629443
rate	0.00025712567640362536
rate	0.0002820197948644196
rate	0.000309164593744329
rate	0.00033831552749655685
rate	0.00036937770512446305
rate	0.0004029207138113051
rate	0.000439482345886658
rate	0.00047960343127589536
rate	0.0005236672696382663
rate	0.0005714862416586521
rate	0.0006230068714658725
rate	0.0006781448986601575
rate	0.000736816008024287
rate	0.0008001437398125728
rate	0.0008685782561356539
rate	0.0009411214685511866
rate	0.0010165916182291006
rate	0.0010937929846243334
rate	0.001173780971075608
rate	0.0012577796147272406
rate	0.0013444371710947772
rate	0.0014323563229688627
rate	0.0015198518348051213
rate	0.0016058520068492458
rate	0.0016912879017441976
rate	0.0017775363019105178
rate	0.0018661031465609013
rate	0.001958638711861095
rate	0.0020560935804238064
rate	0.0021576876820546525
rate	9.177392717358424e-05
rate	6.5156673208836216e-06
rate	4.0632632730580885e-06
rate	3.0516742164937037e-06
rate	2.569315206370921e-06
rate	2.3254280418011523e-06
rate	2.087041559622682e-06
rate	1.9007312333432592e-06
rate	1.766486285324855e-06
rate	1.6815598316538362e-06
rate	1.6733425404243208e-06
rate	1.7473122221270743e-06
rate	1.8870347887713146e-06
rate	2.16650138939673e-06
rate	2.5556107275114823e-06
rate	3.027000622251482e-06
rate	3.4929897852361333e-06
rate	3.885029331181798e-06
rate	4.2195413283896775e-06
rate	4.570549790499133e-06
rate	4.877718094490683e-06
rate	5.130060700559466e-06
rate	5.322076429843858e-06
rate	5.3961439437667865e-06
rate	5.379686557448205e-06
rate	5.313851570341256e-06
rate	5.272707238381123e-06
rate	5.316600417384139e-06
rate	5.420844492694201e-06
rate	5.582703424753252e-06
rate	5.774750904194189e-06
rate	6.043641691618981e-06
rate	6.367442952358529e-06
rate	6.7681330790166585e-06
rate	7.20182062145411e-06
rate	7.739910127043306e-06
rate	8.360491289228783e-06
rate	9.088344044047219e-06
rate	9.929046867592392e-06
rate	1.0852468826320444e-05
rate	1.1888939136265584e-05
rate	1.3035836699085887e-05
rate	1.4342843578439559e-05
rate	1.5782652772799443e-05
rate	1.7333428136657713e-05
rate	1.9020172632978487e-05
rate	2.0848650076669786e-05
rate	2.2879875444364105e-05
rate	2.5072839229888802e-05
rate	2.7394751380910798e-05
rate	2.9920682457305343e-05
rate	3.265675404601914e-05
rate	3.565074990273858e-05
rate	3.891463500539514e-05
rate	4.243824718161418e-05
rate	4.617247196711592e-05
rate	5.014602105896268e-05
rate	5.4376652309870354e-05
rate	5.882914235502054e-05
rate	6.349897175964246e-05
rate	6.844063392645597e-05
rate	7.371749420246992e-05
rate	7.939065455315369e-05
rate	8.535239664646576e-05
rate	9.153662692445584e-05
rate	9.818320617721978e-05
rate	0.00010548326665407509
rate	0.00011361038684703882
rate	0.00012112629216485274
rate	0.00013183289918746274
rate	0.0001420393439149892
rate	0.00015332047865030573
rate	0.00016594261225626042
rate	0.00017986567142392763
rate	0.0001949563636618465
rate	0.00021132842406738553
rate	0.00022907587868806287
rate	0.00024833248851531314
rate	0.00026883584672399445
rate	0.00029052776615179934
rate	0.0003142770589387786
rate	0.0003406400214596567
rate	0.0003700359398473074
rate	0.00040268605297145337
rate	0.00043821025766668364
rate	0.0004771265028959291
rate	0.0005183863807027207
rate	0.0005614226862319658
rate	0.0006063892667233076
rate	0.00065386170019337
rate	0.0007037915235514334
rate	0.0007562357018537537
rate	0.000811560757802525
rate	0.000870248607211614
rate	0.0009319990660086433
rate	0.0009960261885865944
rate	0.0010631127835584707
rate	0.0011322973840202453
rate	0.0012041827033343053
rate	0.001279475302041158
rate	0.001357591133011157
rate	0.001437901071922739
rate	0.0015196706433289406
rate	0.00160275802021236
rate	0.0016877358190302617
rate	0.001775064020778591
rate	0.0018651993924254236
rate	0.0019586107189078768
rate	0.0020560935804238064
rate	0.002157139817553016
rate	7.100882968608699e-05
rate	5.73636704438474e-06
rate	3.33674738759194e-06
rate	2.5610956948630713e-06
rate	2.0377222695992917e-06
rate	1.7692255468316736e-06
rate	1.5528037415403612e-06
rate	1.3637910795028501e-06
rate	1.229572554799262e-06
rate	1.147401368794962e-06
rate	1.1172728354102156e-06
rate	1.1145341767187593e-06
rate	1.1665753496614148e-06
rate	1.2761382464067054e-06
rate	1.4350129749155904e-06
rate	1.6486864732978108e-06
rate	1.8623767477681248e-06
rate	2.0486846614297436e-06
rate	2.1829436204277293e-06
rate	2.3117300896630303e-06
rate	2.4432624298701247e-06
rate	2.5748011883141357e-06
rate	2.6816806728649624e-06
rate	2.788564354649015e-06
rate	2.8954522339972406e-06
rate	3.0023443112406e-06
rate	3.1092405867109426e-06
rate	3.2709629862833574e-06
rate	3.4573675721217125e-06
rate	3.646525471856305e-06
rate	3.865854237687453e-06
rate	4.134557899767079e-06
rate	4.4032880352940345e-06
rate	4.724154280058967e-06
rate	5.020371164351359e-06
rate	5.396174610184315e-06
rate	5.774772177275916e-06
rate	6.257699385945749e-06
rate	6.768158326598998e-06
rate	7.33635978957964e-06
rate	7.959595313451178e-06
rate	8.659878089353524e-06
rate	9.41528574789709e-06
rate	1.0223117833140572e-05
rate	1.1110910856134645e-05
rate	1.2051243648701113e-05
rate	1.3074428572964581e-05
rate	1.4158536353527326e-05
rate	1.5303638335799918e-05
rate	1.648501778631187e-05
rate	1.7752328475370055e-05
rate	1.9127751658989928e-05
rate	2.0702505078918972e-05
rate	2.23720367975614e-05
rate	2.4166905680154156e-05
rate	2.6095643526975625e-05
rate	2.8271945468028867e-05
rate	3.0707454884760714e-05
rate	3.3438868912661746e-05
rate	3.6386598014815334e-05
rate	3.9620809621470306e-05
rate	4.312586700668126e-05
rate	4.695295691756186e-05
rate	5.0894194976082084e-05
rate	5.4908128956094586e-05
rate	5.9333657100925676e-05
rate	6.45203963695524e-05
rate	7.079862361424971e-05
rate	7.814199503880937e-05
rate	8.63781706090368e-05
rate	9.55181412666453e-05
rate	0.00010564783353904531
rate	0.00011692374862308323
rate	0.0001292162414489941
rate	0.00014247231483974096
rate	0.00015691511010967855
rate	0.00017280808146189606
rate	0.00019053047004572818
rate	0.00021009271327297342
rate	0.0002313964870241148
rate	0.00025467061802070576
rate	0.00028006924427094487
rate	0.00030756314939842143
rate	0.00033668467292752974
rate	0.00036736103548730084
rate	0.00040209092705967037
rate	0.00044005835974608205
rate	0.00048163339416127564
rate	0.0005272340850475676
rate	0.0005766795570055977
rate	0.000629888450891636
rate	0.0006866476600568264
rate	0.000746692114053639
rate	0.0008107580094959902
rate	0.0008789935828476267
rate	0.0009502566631366255
rate	0.00102423011936188
rate	0.001100048724020458
rate	0.0011786666363736921
rate	0.0012611902511320936
rate	0.0013464127353527572
rate	0.0014330733228160287
rate	0.0015196706433289406
rate	0.0016052374497366314
rate	0.001690613360293017
rate	0.0017770441368280094
rate	0.0018658813114603339
rate	0.0019586107189078768
rate	0.0020560935804238064
rate	0.002157627477753523
rate	9.056996500125106e-05
rate	6.342815405244308e-06
rate	3.961827375852676e-06
rate	2.9804181269760308e-06
rate	2.509031247445576e-06
rate	2.2678891578134988e-06
rate	2.03772621773517e-06
rate	1.8568980057221913e-06
rate	1.7253944847374423e-06
rate	1.637730112620686e-06
rate	1.6212955301616553e-06
rate	1.6870463583418806e-06
rate	1.8295051165783022e-06
rate	2.114445003968918e-06
rate	2.5090269690668948e-06
rate	2.985889899662236e-06
rate	3.4518720653222716e-06
rate	3.85213004968102e-06
rate	4.192121691039419e-06
rate	4.537642270832132e-06
rate	4.850291864957081e-06
rate	5.108117518796248e-06
rate	5.300131709118498e-06
rate	5.365969499272212e-06
rate	5.3330547266350495e-06
rate	5.256249852412664e-06
rate	5.201393326193028e-06
rate	5.2343151339360135e-06
rate	5.333070885582431e-06
rate	5.492181904458666e-06
rate	5.684223034853702e-06
rate	5.947618625455446e-06
rate	6.265921663270165e-06
rate	6.655621856797285e-06
rate	7.083803303268378e-06
rate	7.610891172722141e-06
rate	8.220462514176236e-06
rate	8.934549169774686e-06
rate	9.764218696183475e-06
rate	1.0676595639125944e-05
rate	1.1704754415720566e-05
rate	1.2843326616019197e-05
rate	1.4136488460729179e-05
rate	1.5556925554011594e-05
rate	1.70882996602485e-05
rate	1.875285415930333e-05
rate	2.056185726430715e-05
rate	2.2581835998929516e-05
rate	2.4785603773439235e-05
rate	2.7134904050173405e-05
rate	2.9696553086952405e-05
rate	3.2454552468226824e-05
rate	3.5448327150471125e-05
rate	3.867311748276936e-05
rate	4.21352937767308e-05
rate	4.5791219591491654e-05
rate	4.969737340643867e-05
rate	5.3888266049647356e-05
rate	5.8348341831849384e-05
rate	6.306772145699782e-05
rate	6.807029005962666e-05
rate	7.339701137035143e-05
rate	7.911174627187937e-05
rate	8.510957172703304e-05
rate	9.134134814761603e-05
rate	9.802999842754036e-05
rate	0.00010535524794257638
rate	0.00011345916614244145
rate	0.00012106047947545376
rate	0.00013154859929572795
rate	0.00014165603465509608
rate	0.0001528025681113522
rate	0.00016524518133312281
rate	0.0001789721695634787
rate	0.00019387325063733357
rate	0.0002100384098808931
rate	0.00022757293217571265
rate	0.00024668766174274235
rate	0.0002672207686082798
rate	0.0002891544780020489
rate	0.00031343667165969005
rate	0.0003404850271287358
rate	0.0003703494892971772
rate	0.0004028637118931907
rate	0.0004376131463113786
rate	0.0004763127023790518
rate	0.0005174777334491468
rate	0.0005606874218979951
rate	0.0006063926833779573
rate	0.000655098051050528
rate	0.0007063679670326066
rate	0.0007599512476475801
rate	0.0008162585795646793
rate	0.0008755261898534725
rate	0.0009371635122834761
rate	0.001000075880344259
rate	0.001066430988669407
rate	0.001134969938971949
rate	0.0012062332500812102
rate	0.0012808542661227815
rate	0.0013583246530848702
rate	0.0014380816552024926
rate	0.0015194894518527598
rate	0.0016024189552691092
rate	0.001687381004386054
rate	0.0017747918685904625
rate	0.0018650533261065129
rate	0.0019585827259546587
rate	0.0020560935804238064
rate	0.0021571337977186094
rate	7.006043666390644e-05
rate	5.580017954224011e-06
rate	3.249040561213716e-06
rate	2.4925922244298775e-06
rate	1.9938868488254897e-06
rate	1.7308730077510792e-06
rate	1.5171933419016324e-06
rate	1.330922078967561e-06
rate	1.1994439940432957e-06
rate	1.117273712234894e-06
rate	1.084406794150321e-06
rate	1.0789294767674082e-06
rate	1.1282312512624979e-06
rate	1.2377926136147465e-06
rate	1.391187202372586e-06
rate	1.5993790260492018e-06
rate	1.8075868579088002e-06
rate	1.9884121640212884e-06
rate	2.11992862647495e-06
rate	2.240493253537254e-06
rate	2.3665427659909575e-06
rate	2.492598257680003e-06
rate	2.596734668949683e-06
rate	2.7008750852620885e-06
rate	2.805019506927891e-06
rate	2.9091679342577415e-06
rate	3.0133203675631167e-06
rate	3.1722967573395184e-06
rate	3.3532136300803326e-06
rate	3.5396236801963777e-06
rate	3.758943883137549e-06
rate	4.022154833794223e-06
rate	4.285391267766738e-06
rate	4.598018893127393e-06
rate	4.888738446380035e-06
rate	5.2562973336102215e-06
rate	5.629390584029102e-06
rate	6.101320528284059e-06
rate	6.600776999930311e-06
rate	7.1607122661866015e-06
rate	7.77567467292719e-06
rate	8.462185446229358e-06
rate	9.203810366238822e-06
rate	9.995102091230226e-06
rate	1.0863591660705744e-05
rate	1.1781856702129362e-05
rate	1.2782951350974175e-05
rate	1.3850445927101935e-05
rate	1.498441638434138e-05
rate	1.6162906320303673e-05
rate	1.7430067944408896e-05
rate	1.880257483051371e-05
rate	2.0352338058234547e-05
rate	2.1980296444992153e-05
rate	2.3719733774729472e-05
rate	2.5587431986515174e-05
rate	2.769980629435251e-05
rate	3.0079529386928884e-05
rate	3.2771589701155564e-05
rate	3.569921774991186e-05
rate	3.891875708109953e-05
rate	4.2397936450380104e-05
rate	4.618232251498829e-05
rate	5.007792756981934e-05
rate	5.4057227240395156e-05
rate	5.843393903506869e-05
rate	6.354070206320247e-05
rate	6.969623918216033e-05
rate	7.689628181864087e-05
rate	8.498516067354576e-05
rate	9.394829272313562e-05
rate	0.00010386263945973714
rate	0.0001149152539987925
rate	0.0001270047668172738
rate	0.00014009830799573272
rate	0.00015433861657649669
rate	0.00016999964730077182
rate	0.00018754962404014737
rate	0.00020709351647296706
rate	0.00022854824205193518
rate	0.00025221555963778617
rate	0.00027811869367747006
rate	0.0003059617050525139
rate	0.0003350538183585027
rate	0.0003653443658501386
rate	0.00040126114030803557
rate	0.0004406343736055061
rate	0.00048366335704665587
rate	0.0005308009004568689
rate	0.0005818728723525433
rate	0.0006367700303173995
rate	0.0006951504214534955
rate	0.000756568220082991
rate	0.0008213722791794077
rate	0.0008894089095595995
rate	0.0009593918577220645
rate	0.0010318686204946598
rate	0.0011063044634165825
rate	0.0011835523016717764
rate	0.0012646008875369463
rate	0.001348388299610737
rate	0.0014337903226631947
rate	0.0015194894518527598
rate	0.0016046228926240172
rate	0.0016899388188418363
rate	0.0017765519717455013
rate	0.0018656594763597665
rate	0.0019585827259546587
rate	0.0020560935804238064
rate	0.0021575672734523935
rate	8.936600282891788e-05
rate	6.169963489604995e-06
rate	3.860391478647262e-06
rate	2.9091620374583578e-06
rate	2.448747288520232e-06
rate	2.210350273825845e-06
rate	1.9884108758476577e-06
rate	1.8130647781011236e-06
rate	1.6843026841500293e-06
rate	1.5939003935875359e-06
rate	1.5692485198989898e-06
rate	1.626780494556687e-06
rate	1.7719754443852899e-06
rate	2.0623886185411053e-06
rate	2.4624432106223072e-06
rate	2.94477917707299e-06
rate	3.41075434540841e-06
rate	3.819230768180244e-06
rate	4.164702053689161e-06
rate	4.5047347511651306e-06
rate	4.82286563542348e-06
rate	5.086174337033031e-06
rate	5.278186988393138e-06
rate	5.335795054777638e-06
rate	5.2864228958218935e-06
rate	5.198648134484071e-06
rate	5.1300794140049334e-06
rate	5.152029850487889e-06
rate	5.245297278470661e-06
rate	5.401660384164081e-06
rate	5.593695165513214e-06
rate	5.851595559291911e-06
rate	6.164400374181802e-06
rate	6.5431106345779114e-06
rate	6.965785985082645e-06
rate	7.481872218400975e-06
rate	8.080433739123687e-06
rate	8.780754295502155e-06
rate	9.59939052477456e-06
rate	1.0500722451931445e-05
rate	1.1520569695175547e-05
rate	1.2650816532952508e-05
rate	1.39301333430188e-05
rate	1.5331198335223746e-05
rate	1.6843171183839284e-05
rate	1.848553568562817e-05
rate	2.027506445194452e-05
rate	2.2283796553494924e-05
rate	2.4498368316989668e-05
rate	2.687505671943601e-05
rate	2.9472423716599467e-05
rate	3.2252350890434515e-05
rate	3.524590439820367e-05
rate	3.8431599960143576e-05
rate	4.183234037184742e-05
rate	4.5409967215867394e-05
rate	4.924872575391466e-05
rate	5.3399879789424366e-05
rate	5.786754130867823e-05
rate	6.263647115435316e-05
rate	6.769994619279735e-05
rate	7.307652853823292e-05
rate	7.883283799060506e-05
rate	8.486674680760034e-05
rate	9.114606937077621e-05
rate	9.787679067786094e-05
rate	0.00010522722923107768
rate	0.00011330794543784408
rate	0.0001209946667860548
rate	0.00013126429940399313
rate	0.00014127272539520293
rate	0.00015228465757239867
rate	0.0001645477504099852
rate	0.00017807866770302972
rate	0.0001927901376128206
rate	0.00020874839569440067
rate	0.0002260699856633624
rate	0.0002450428349701715
rate	0.0002656056904925651
rate	0.00028778118985229835
rate	0.0003125962843806014
rate	0.0003403300327978149
rate	0.00037066303874704705
rate	0.000403041370814928
rate	0.00043701603495607355
rate	0.0004754989018621745
rate	0.000516569086195573
rate	0.0005599521575640243
rate	0.0006063961000326069
rate	0.000656334401907686
rate	0.0007089444105137797
rate	0.0007636667934414064
rate	0.0008209564013268337
rate	0.000880803772495331
rate	0.000942327958558309
rate	0.0010041255721019236
rate	0.001069749193780343
rate	0.0011376424939236525
rate	0.001208283796828115
rate	0.001282233230204405
rate	0.0013590581731585836
rate	0.0014382622384822466
rate	0.0015193082603765788
rate	0.0016020798903258584
rate	0.0016870261897418463
rate	0.0017745197164023342
rate	0.0018649072597876023
rate	0.0019585547330014403
rate	0.0020560935804238064
rate	0.002157127777884203
rate	6.911204364172589e-05
rate	5.423668864063281e-06
rate	3.1613337348354916e-06
rate	2.4240887539966837e-06
rate	1.9500514280516874e-06
rate	1.6925204686704848e-06
rate	1.4815829422629035e-06
rate	1.298053078432272e-06
rate	1.1693154332873296e-06
rate	1.0871460556748257e-06
rate	1.0515407528904263e-06
rate	1.043324776816057e-06
rate	1.0898871528635811e-06
rate	1.1994469808227875e-06
rate	1.3473614298295815e-06
rate	1.5500715788005931e-06
rate	1.7527969680494756e-06
rate	1.9281396666128333e-06
rate	2.0569136325221705e-06
rate	2.169256417411478e-06
rate	2.289823102111791e-06
rate	2.410395327045871e-06
rate	2.511788665034404e-06
rate	2.6131858158751618e-06
rate	2.7145867798585414e-06
rate	2.815991557274883e-06
rate	2.9174001484152904e-06
rate	3.0736305283956795e-06
rate	3.2490596880389523e-06
rate	3.432721888536451e-06
rate	3.6520335285876448e-06
rate	3.909751767821367e-06
rate	4.167494500239441e-06
rate	4.471883506195819e-06
rate	4.757105728408711e-06
rate	5.116420057036127e-06
rate	5.484008990782288e-06
rate	5.9449416706223695e-06
rate	6.433395673261626e-06
rate	6.985064742793564e-06
rate	7.5917540324031995e-06
rate	8.264492803105192e-06
rate	8.992334984580554e-06
rate	9.76708634931988e-06
rate	1.0616272465276843e-05
rate	1.1512469755557613e-05
rate	1.2491474128983768e-05
rate	1.3542355500676545e-05
rate	1.466519443288284e-05
rate	1.584079485429548e-05
rate	1.7107807413447737e-05
rate	1.8477398002037492e-05
rate	2.000217103755012e-05
rate	2.1588556092422907e-05
rate	2.327256186930479e-05
rate	2.507922044605472e-05
rate	2.712766712067615e-05
rate	2.9451603889097057e-05
rate	3.2104310489649375e-05
rate	3.501183748500837e-05
rate	3.821670454072875e-05
rate	4.167000589407895e-05
rate	4.5411688112414714e-05
rate	4.926166016355661e-05
rate	5.320632552469573e-05
rate	5.75342209692117e-05
rate	6.256100775685253e-05
rate	6.859385475007093e-05
rate	7.565056859847238e-05
rate	8.35921507380547e-05
rate	9.237844417962596e-05
rate	0.00010207744538042897
rate	0.00011290675937450178
rate	0.00012479329218555353
rate	0.0001377243011517245
rate	0.00015176212304331485
rate	0.0001671912131396476
rate	0.00018456877803456657
rate	0.00020409431967296067
rate	0.0002256999970797556
rate	0.0002497605012548666
rate	0.0002761681430839953
rate	0.00030436026070660636
rate	0.0003334229637894756
rate	0.00036332769621297647
rate	0.00040043135355640077
rate	0.0004412103874649302
rate	0.00048569331993203614
rate	0.0005343677158661702
rate	0.0005870661876994888
rate	0.0006436516097431629
rate	0.0007036531828501645
rate	0.0007664443261123431
rate	0.000831986548862825
rate	0.0008998242362715723
rate	0.0009685270523075033
rate	0.0010395071216274393
rate	0.0011125602028127068
rate	0.0011884379669698604
rate	0.0012680115239417993
rate	0.0013503638638687168
rate	0.0014345073225103607
rate	0.0015193082603765788
rate	0.0016040083355114028
rate	0.0016892642773906558
rate	0.0017760598066629929
rate	0.001865437641259199
rate	0.0019585547330014403
rate	0.0020560935804238064
rate	0.002157507069151264
rate	8.816204065658471e-05
rate	5.997111573965682e-06
rate	3.758955581441849e-06
rate	2.8379059479406848e-06
rate	2.3884633295948873e-06
rate	2.152811389838191e-06
rate	1.9390955339601457e-06
rate	1.7692315504800557e-06
rate	1.6432108835626164e-06
rate	1.5500706745543857e-06
rate	1.5172015096363243e-06
rate	1.5665146307714934e-06
rate	1.7144457721922776e-06
rate	2.010332233113293e-06
rate	2.4158594521777197e-06
rate	2.903668454483744e-06
rate	3.369636625494548e-06
rate	3.7863314866794667e-06
rate	4.137282416338904e-06
rate	4.471827231498129e-06
rate	4.795439405889879e-06
rate	5.064231155269813e-06
rate	5.256242267667779e-06
rate	5.305620610283064e-06
rate	5.2397910650087375e-06
rate	5.141046416555478e-06
rate	5.058765501816839e-06
rate	5.069744567039764e-06
rate	5.1575236713588906e-06
rate	5.311138863869495e-06
rate	5.503167296172727e-06
rate	5.755572493128376e-06
rate	6.062879085093439e-06
rate	6.430599412358538e-06
rate	6.8477686668969125e-06
rate	7.352853264079809e-06
rate	7.94040496407114e-06
rate	8.626959421229624e-06
rate	9.434562353365644e-06
rate	1.0324849264736946e-05
rate	1.1336384974630529e-05
rate	1.245830644988582e-05
rate	1.372377822530842e-05
rate	1.5105471116435894e-05
rate	1.659804270743007e-05
rate	1.8218217211953008e-05
rate	1.9988271639581884e-05
rate	2.1985757108060334e-05
rate	2.42111328605401e-05
rate	2.661520938869862e-05
rate	2.924829434624653e-05
rate	3.2050149312642206e-05
rate	3.5043481645936225e-05
rate	3.8190082437517796e-05
rate	4.152938696696404e-05
rate	4.5028714840243134e-05
rate	4.8800078101390644e-05
rate	5.291149352920137e-05
rate	5.738674078550707e-05
rate	6.220522085170852e-05
rate	6.732960232596804e-05
rate	7.275604570611441e-05
rate	7.855392970933074e-05
rate	8.462392188816762e-05
rate	9.09507905939364e-05
rate	9.772358292818151e-05
rate	0.00010509921051957897
rate	0.00011315672473324672
rate	0.00012092885409665583
rate	0.0001309799995122583
rate	0.0001408894161353098
rate	0.00015176674703344515
rate	0.00016385031948684757
rate	0.00017718516584258075
rate	0.00019170702458830768
rate	0.00020745838150790824
rate	0.00022456703915101214
rate	0.00024339800819760067
rate	0.0002639906123768504
rate	0.00028640790170254783
rate	0.0003117558971015128
rate	0.00034017503846689396
rate	0.0003709765881969168
rate	0.0004032190297366653
rate	0.0004364189236007685
rate	0.0004746851013452972
rate	0.0005156604389419992
rate	0.0005592168932300535
rate	0.0006063995166872567
rate	0.0006575707527648441
rate	0.000711520853994953
rate	0.0007673823392352327
rate	0.000825654223088988
rate	0.0008860813551371896
rate	0.0009474924048331418
rate	0.0010081752638595883
rate	0.0010730673988912792
rate	0.0011403150488753563
rate	0.00121033434357502
rate	0.0012836121942860286
rate	0.0013597916932322968
rate	0.0014384428217620003
rate	0.001519127068900398
rate	0.0016017408253826075
rate	0.0016866713750976383
rate	0.0017742475642142056
rate	0.0018647611934686915
rate	0.001958526740048222
rate	0.0020560935804238064
rate	0.0021571217580497962
rate	6.816365061954535e-05
rate	5.267319773902552e-06
rate	3.0736269084572676e-06
rate	2.35558528356349e-06
rate	1.9062160072778855e-06
rate	1.6541679295898905e-06
rate	1.4459725426241747e-06
rate	1.2651840778969828e-06
rate	1.1391868725313635e-06
rate	1.0570183991147574e-06
rate	1.0186747116305317e-06
rate	1.0077200768647057e-06
rate	1.0515430544646642e-06
rate	1.1611013480308284e-06
rate	1.303535657286577e-06
rate	1.5007641315519844e-06
rate	1.698007078190151e-06
rate	1.8678671692043786e-06
rate	1.993898638569391e-06
rate	2.098019581285702e-06
rate	2.213103438232624e-06
rate	2.3281923964117384e-06
rate	2.426842661119125e-06
rate	2.5254965464882355e-06
rate	2.6241540527891916e-06
rate	2.7228151802920244e-06
rate	2.8214799292674646e-06
rate	2.97496429945184e-06
rate	3.144905745997572e-06
rate	3.3258200968765237e-06
rate	3.545123174037741e-06
rate	3.7973487018485114e-06
rate	4.049597732712145e-06
rate	4.345748119264246e-06
rate	4.625473010437388e-06
rate	4.976542780462033e-06
rate	5.338627397535473e-06
rate	5.7885628129606795e-06
rate	6.266014346592939e-06
rate	6.809417219400525e-06
rate	7.407833391879209e-06
rate	8.066800159981027e-06
rate	8.780859602922286e-06
rate	9.539070607409535e-06
rate	1.0368953269847943e-05
rate	1.1243082808985862e-05
rate	1.219999690699336e-05
rate	1.3234265074251154e-05
rate	1.43459724814243e-05
rate	1.551868338828728e-05
rate	1.6785546882486575e-05
rate	1.8152221173561275e-05
rate	1.965200401686569e-05
rate	2.1196815739853658e-05
rate	2.2825389963880102e-05
rate	2.457100890559427e-05
rate	2.6555527946999793e-05
rate	2.8823678391265226e-05
rate	3.143703127814319e-05
rate	3.4324457220104895e-05
rate	3.7514652000357974e-05
rate	4.0942075337777793e-05
rate	4.464105370984114e-05
rate	4.8445392757293866e-05
rate	5.23554238089963e-05
rate	5.6634502903354716e-05
rate	6.15813134505026e-05
rate	6.749147031798154e-05
rate	7.440485537830387e-05
rate	8.219914080256364e-05
rate	9.080859563611628e-05
rate	0.00010029225130112079
rate	0.00011089826475021105
rate	0.00012258181755383325
rate	0.00013535029430771628
rate	0.000149185629510133
rate	0.00016438277897852337
rate	0.00018158793202898576
rate	0.0002010951228729543
rate	0.00022285175210757596
rate	0.000247305442871947
rate	0.00027421759249052056
rate	0.0003027588163606988
rate	0.00033179210922044847
rate	0.00036131102657581426
rate	0.000399601566804766
rate	0.00044178640132435423
rate	0.0004877232828174164
rate	0.0005379345312754715
rate	0.0005922595030464344
rate	0.0006505331891689264
rate	0.0007121559442468336
rate	0.0007763204321416951
rate	0.0008426008185462425
rate	0.0009102395629835452
rate	0.0009776622468929423
rate	0.001047145622760219
rate	0.0011188159422088314
rate	0.0011933236322679444
rate	0.0012714221603466523
rate	0.0013523394281266968
rate	0.0014352243223575267
rate	0.001519127068900398
rate	0.0016033937783987886
rate	0.001688589735939475
rate	0.0017755676415804845
rate	0.0018652158061586315
rate	0.001958526740048222
rate	0.0020560935804238064
rate	0.0021574468648501346
rate	8.695807848425153e-05
rate	5.824259658326369e-06
rate	3.6575196842364357e-06
rate	2.7666498584230118e-06
rate	2.328179370669543e-06
rate	2.095272505850537e-06
rate	1.8897801920726337e-06
rate	1.725398322858988e-06
rate	1.6021190829752037e-06
rate	1.5062409555212356e-06
rate	1.465154499373659e-06
rate	1.5062487669862997e-06
rate	1.6569160999992653e-06
rate	1.958275847685481e-06
rate	2.3692756937331317e-06
rate	2.8625577318944977e-06
rate	3.328518905580686e-06
rate	3.7534322051786894e-06
rate	4.109862778988646e-06
rate	4.438919711831128e-06
rate	4.768013176356278e-06
rate	5.042287973506596e-06
rate	5.234297546942418e-06
rate	5.275446165788489e-06
rate	5.193159234195581e-06
rate	5.0834446986268845e-06
rate	4.987451589628744e-06
rate	4.987459283591639e-06
rate	5.0697500642471204e-06
rate	5.22061734357491e-06
rate	5.41263942683224e-06
rate	5.659549426964841e-06
rate	5.961357796005076e-06
rate	6.318088190139164e-06
rate	6.7297513487111795e-06
rate	7.2238343097586425e-06
rate	7.800376189018592e-06
rate	8.473164546957093e-06
rate	9.269734181956728e-06
rate	1.0148976077542446e-05
rate	1.1152200254085511e-05
rate	1.226579636681913e-05
rate	1.351742310759804e-05
rate	1.4879743897648043e-05
rate	1.6352914231020852e-05
rate	1.7950898738277846e-05
rate	1.970147882721925e-05
rate	2.1687717662625742e-05
rate	2.3923897404090534e-05
rate	2.6355362057961222e-05
rate	2.902416497589359e-05
rate	3.184794773484989e-05
rate	3.484105889366878e-05
rate	3.794856491489201e-05
rate	4.122643356208066e-05
rate	4.464746246461887e-05
rate	4.8351430448866626e-05
rate	5.242310726897838e-05
rate	5.690594026233591e-05
rate	6.177397054906387e-05
rate	6.695925845913873e-05
rate	7.24355628739959e-05
rate	7.827502142805642e-05
rate	8.43810969687349e-05
rate	9.075551181709659e-05
rate	9.757037517850209e-05
rate	0.00010497119180808026
rate	0.00011300550402864936
rate	0.00012086304140725685
rate	0.00013069569962052352
rate	0.00014050610687541668
rate	0.00015124883649449163
rate	0.00016315288856370993
rate	0.00017629166398213178
rate	0.00019062391156379475
rate	0.0002061683673214158
rate	0.0002230640926386619
rate	0.00024175318142502985
rate	0.0002623755342611358
rate	0.0002850346135527973
rate	0.00031091550982242423
rate	0.0003400200441359731
rate	0.0003712901376467866
rate	0.00040339668865840264
rate	0.00043582181224546346
rate	0.00047387130082841985
rate	0.0005147517916884255
rate	0.0005584816288960828
rate	0.0006064029333419064
rate	0.000658807103622002
rate	0.0007140972974761261
rate	0.000771097885029059
rate	0.0008303520448511425
rate	0.0008913589377790481
rate	0.0009526568511079745
rate	0.0010122249556172528
rate	0.0010763856040022154
rate	0.00114298760382706
rate	0.0012123848903219246
rate	0.001284991158367652
rate	0.00136052521330601
rate	0.001438623405041754
rate	0.0015189458774242173
rate	0.0016014017604393566
rate	0.0016863165604534304
rate	0.001773975412026077
rate	0.0018646151271497807
rate	0.0019584987470950034
rate	0.0020560935804238064
rate	0.00215711573821539
rate	6.72152575973648e-05
rate	5.110970683741822e-06
rate	2.9859200820790433e-06
rate	2.287081813130296e-06
rate	1.8623805865040835e-06
rate	1.6158153905092961e-06
rate	1.410362142985446e-06
rate	1.2323150773616937e-06
rate	1.1090583117753974e-06
rate	1.0268907425546892e-06
rate	9.85808670370637e-07
rate	9.721153769133546e-07
rate	1.0131989560657475e-06
rate	1.1227557152388695e-06
rate	1.2597098847435728e-06
rate	1.4514566843033754e-06
rate	1.6432171883308264e-06
rate	1.8075946717959237e-06
rate	1.9308836446166116e-06
rate	2.026782745159926e-06
rate	2.1363837743534573e-06
rate	2.2459894657776063e-06
rate	2.3418966572038457e-06
rate	2.437807277101309e-06
rate	2.5337213257198418e-06
rate	2.6296388033091658e-06
rate	2.7255597101196387e-06
rate	2.876298070508001e-06
rate	3.040751803956192e-06
rate	3.218918305216597e-06
rate	3.438212819487837e-06
rate	3.6849456358756556e-06
rate	3.931700965184848e-06
rate	4.2196127323326724e-06
rate	4.493840292466064e-06
rate	4.836665503887939e-06
rate	5.193245804288659e-06
rate	5.6321839552989895e-06
rate	6.0986330199242535e-06
rate	6.633769696007487e-06
rate	7.22391275135522e-06
rate	7.869107516856861e-06
rate	8.56938422126402e-06
rate	9.31105486549919e-06
rate	1.0121634074419042e-05
rate	1.0973695862414111e-05
rate	1.1908519685002952e-05
rate	1.2926174647825764e-05
rate	1.4026750529965763e-05
rate	1.5196571922279085e-05
rate	1.6463286351525416e-05
rate	1.7827044345085056e-05
rate	1.9301836996181264e-05
rate	2.080507538728441e-05
rate	2.2378218058455415e-05
rate	2.4062797365133818e-05
rate	2.5983388773323435e-05
rate	2.81957528934334e-05
rate	3.0769752066637004e-05
rate	3.363707695520141e-05
rate	3.6812599459987196e-05
rate	4.0214144781476635e-05
rate	4.387041930726757e-05
rate	4.7629125351031124e-05
rate	5.150452209329687e-05
rate	5.5734784837497725e-05
rate	6.0601619144152666e-05
rate	6.638908588589214e-05
rate	7.315914215813537e-05
rate	8.080613086707258e-05
rate	8.923874709260661e-05
rate	9.850705722181261e-05
rate	0.00010888977012592032
rate	0.00012037034292211298
rate	0.00013297628746370804
rate	0.00014660913597695113
rate	0.00016157434481739916
rate	0.00017860708602340496
rate	0.00019809592607294792
rate	0.00022000350713539634
rate	0.00024485038448902733
rate	0.0002722670418970458
rate	0.0003011573720147913
rate	0.0003301612546514214
rate	0.00035929435693865205
rate	0.00039877178005313127
rate	0.00044236241518377827
rate	0.0004897532457027966
rate	0.0005415013466847729
rate	0.0005974528183933799
rate	0.0006574147685946899
rate	0.0007206587056435026
rate	0.0007861965381710471
rate	0.00085321508822966
rate	0.0009206548896955179
rate	0.0009867974414783812
rate	0.0010547841238929985
rate	0.001125071681604956
rate	0.0011982092975660287
rate	0.001274832796751505
rate	0.0013543149923846767
rate	0.0014359413222046927
rate	0.0015189458774242173
rate	0.0016027792212861742
rate	0.0016879151944882945
rate	0.0017750754764979761
rate	0.0018649939710580642
rate	0.0019584987470950034
rate	0.0020560935804238064
rate	0.002157386660549005
rate	8.575411631191837e-05
rate	5.651407742687056e-06
rate	3.556083787031022e-06
rate	2.6953937689053388e-06
rate	2.267895411744199e-06
rate	2.0377336218628833e-06
rate	1.8404648501851218e-06
rate	1.6815650952379204e-06
rate	1.5610272823877908e-06
rate	1.4624112364880854e-06
rate	1.4131074891109935e-06
rate	1.445982903201106e-06
rate	1.5993864278062528e-06
rate	1.9062194622576686e-06
rate	2.322691935288544e-06
rate	2.821447009305252e-06
rate	3.287401185666824e-06
rate	3.7205329236779125e-06
rate	4.082443141638388e-06
rate	4.406012192164126e-06
rate	4.7405869468226755e-06
rate	5.020344791743379e-06
rate	5.212352826217058e-06
rate	5.245271721293916e-06
rate	5.146527403382426e-06
rate	5.025842980698292e-06
rate	4.916137677440649e-06
rate	4.905174000143514e-06
rate	4.98197645713535e-06
rate	5.130095823280324e-06
rate	5.322111557491752e-06
rate	5.563526360801307e-06
rate	5.859836506916713e-06
rate	6.20557696791979e-06
rate	6.6117340305254464e-06
rate	7.0948153554374766e-06
rate	7.660347413966045e-06
rate	8.31936967268456e-06
rate	9.104906010547811e-06
rate	9.973102890347947e-06
rate	1.0968015533540494e-05
rate	1.2073286283752443e-05
rate	1.331106798988766e-05
rate	1.4654016678860193e-05
rate	1.6107785754611638e-05
rate	1.7683580264602688e-05
rate	1.941468601485662e-05
rate	2.138967821719115e-05
rate	2.3636661947640966e-05
rate	2.609551472722383e-05
rate	2.8800035605540653e-05
rate	3.164574615705758e-05
rate	3.4638636141401325e-05
rate	3.770704739226622e-05
rate	4.092348015719728e-05
rate	4.426621008899461e-05
rate	4.7902782796342615e-05
rate	5.193472100875539e-05
rate	5.642513973916476e-05
rate	6.134272024641922e-05
rate	6.65889145923094e-05
rate	7.21150800418774e-05
rate	7.799611314678212e-05
rate	8.413827204930218e-05
rate	9.056023304025678e-05
rate	9.741716742882266e-05
rate	0.00010484317309658156
rate	0.00011285428332405199
rate	0.00012079722871785789
rate	0.0001304113997287887
rate	0.00014012279761552355
rate	0.00015073092595553812
rate	0.00016245545764057232
rate	0.00017539816212168284
rate	0.00018954079853928182
rate	0.0002048783531349234
rate	0.00022156114612631165
rate	0.00024010835465245904
rate	0.0002607604561454211
rate	0.00028366132540304684
rate	0.0003100751225433356
rate	0.0003398650498050522
rate	0.0003716036870966564
rate	0.00040357434758013993
rate	0.00043522470089015836
rate	0.00047305750031154256
rate	0.0005138431444348516
rate	0.000557746364562112
rate	0.000606406349996556
rate	0.0006600434544791601
rate	0.0007166737409572992
rate	0.0007748134308228855
rate	0.0008350498666132969
rate	0.0008966365204209066
rate	0.0009578212973828074
rate	0.0010162746473749173
rate	0.0010797038091131517
rate	0.0011456601587787637
rate	0.0012144354370688295
rate	0.0012863701224492756
rate	0.0013612587333797232
rate	0.0014388039883215077
rate	0.0015187646859480366
rate	0.001601062695496106
rate	0.0016859617458092227
rate	0.0017737032598379486
rate	0.00186446906083087
rate	0.0019584707541417854
rate	0.0020560935804238064
rate	0.0021571097183809835
rate	6.626686457518424e-05
rate	4.9546215935810915e-06
rate	2.898213255700819e-06
rate	2.218578342697102e-06
rate	1.8185451657302816e-06
rate	1.5774628514287018e-06
rate	1.3747517433467172e-06
rate	1.1994460768264045e-06
rate	1.0789297510194311e-06
rate	9.96763085994621e-07
rate	9.529426291107422e-07
rate	9.365106769620035e-07
rate	9.748548576668307e-07
rate	1.0844100824469106e-06
rate	1.2158841122005683e-06
rate	1.4021492370547667e-06
rate	1.588427298471502e-06
rate	1.7473221743874688e-06
rate	1.867868650663832e-06
rate	1.9555459090341496e-06
rate	2.0596641104742906e-06
rate	2.163786535143474e-06
rate	2.2569506532885665e-06
rate	2.350118007714383e-06
rate	2.4432885986504924e-06
rate	2.5364624263263076e-06
rate	2.629639490971813e-06
rate	2.777631841564162e-06
rate	2.9365978619148123e-06
rate	3.11201651355667e-06
rate	3.331302464937933e-06
rate	3.5725425699028e-06
rate	3.8138041976575514e-06
rate	4.093477345401099e-06
rate	4.362207574494741e-06
rate	4.6967882273138454e-06
rate	5.0478642110418446e-06
rate	5.4758050976372994e-06
rate	5.931251693255568e-06
rate	6.458122172614449e-06
rate	7.039992110831231e-06
rate	7.671414873732695e-06
rate	8.357908839605751e-06
rate	9.083039123588844e-06
rate	9.874314878990141e-06
rate	1.070430891584236e-05
rate	1.1617042463012547e-05
rate	1.2618084221400374e-05
rate	1.3707528578507223e-05
rate	1.4874460456270889e-05
rate	1.6141025820564257e-05
rate	1.7501867516608836e-05
rate	1.895166997549684e-05
rate	2.0413335034715163e-05
rate	2.1931046153030732e-05
rate	2.3554585824673367e-05
rate	2.5411249599647077e-05
rate	2.7567827395601572e-05
rate	3.010247285513082e-05
rate	3.294969669029793e-05
rate	3.611054691961641e-05
rate	3.9486214225175476e-05
rate	4.3099784904694e-05
rate	4.681285794476838e-05
rate	5.065362037759744e-05
rate	5.483506677164073e-05
rate	5.962192483780273e-05
rate	6.528670145380274e-05
rate	7.191342893796687e-05
rate	7.941312093158153e-05
rate	8.766889854909695e-05
rate	9.672186314250445e-05
rate	0.0001068812755016296
rate	0.00011815886829039269
rate	0.00013060228061969982
rate	0.00014403264244376926
rate	0.00015876591065627495
rate	0.00017562624001782415
rate	0.00019509672927294153
rate	0.00021715526216321672
rate	0.00024239532610610776
rate	0.000270316491303571
rate	0.00029955592766888373
rate	0.0003285304000823943
rate	0.00035727768730148984
rate	0.00039794199330149646
rate	0.0004429384290432023
rate	0.000491783208588177
rate	0.0005450681620940742
rate	0.0006026461337403254
rate	0.0006642963480204533
rate	0.0007291614670401716
rate	0.0007960726442003991
rate	0.0008638293579130774
rate	0.0009310702164074908
rate	0.00099593263606382
rate	0.001062422625025778
rate	0.0011313274210010805
rate	0.0012030949628641127
rate	0.001278243433156358
rate	0.0013562905566426567
rate	0.0014366583220518589
rate	0.0015187646859480366
rate	0.0016021646641735598
rate	0.001687240653037114
rate	0.001774583311415468
rate	0.0018647721359574968
rate	0.0019584707541417854
rate	0.0020560935804238064
rate	0.002157326456247875
rate	8.455015413958519e-05
rate	5.4785558270477425e-06
rate	3.454647889825609e-06
rate	2.624137679387666e-06
rate	2.207611452818854e-06
rate	1.9801947378752294e-06
rate	1.7911495082976096e-06
rate	1.6377318676168525e-06
rate	1.5199354818003779e-06
rate	1.4185815174549353e-06
rate	1.361060478848328e-06
rate	1.3857170394159124e-06
rate	1.5418567556132406e-06
rate	1.8541630768298562e-06
rate	2.2761081768439566e-06
rate	2.780336286716006e-06
rate	3.2462834657529625e-06
rate	3.6876336421771357e-06
rate	4.05502350428813e-06
rate	4.373104672497125e-06
rate	4.713160717289074e-06
rate	4.998401609980162e-06
rate	5.190408105491699e-06
rate	5.215097276799342e-06
rate	5.09989557256927e-06
rate	4.968241262769699e-06
rate	4.844823765252554e-06
rate	4.82288871669539e-06
rate	4.89420285002358e-06
rate	5.039574302985739e-06
rate	5.231583688151265e-06
rate	5.467503294637772e-06
rate	5.758315217828349e-06
rate	6.0930657457004165e-06
rate	6.493716712339714e-06
rate	6.965796401116311e-06
rate	7.520318638913497e-06
rate	8.165574798412029e-06
rate	8.940077839138895e-06
rate	9.797229703153448e-06
rate	1.0783830812995476e-05
rate	1.1880776200685754e-05
rate	1.3104712872177279e-05
rate	1.4428289460072342e-05
rate	1.5862657278202424e-05
rate	1.741626179092753e-05
rate	1.9127893202493985e-05
rate	2.109163877175656e-05
rate	2.33494264911914e-05
rate	2.5835667396486436e-05
rate	2.8575906235187715e-05
rate	3.144354457926527e-05
rate	3.443621338913387e-05
rate	3.746552986964044e-05
rate	4.06205267523139e-05
rate	4.388495771337035e-05
rate	4.7454135143818604e-05
rate	5.144633474853239e-05
rate	5.5944339215993604e-05
rate	6.091146994377457e-05
rate	6.62185707254801e-05
rate	7.17945972097589e-05
rate	7.77172048655078e-05
rate	8.389544712986946e-05
rate	9.036495426341697e-05
rate	9.726395967914323e-05
rate	0.00010471515438508285
rate	0.00011270306261945462
rate	0.00012073141602845892
rate	0.0001301270998370539
rate	0.00013973948835563043
rate	0.0001502130154165846
rate	0.0001617580267174347
rate	0.00017450466026123387
rate	0.0001884576855147689
rate	0.00020358833894843097
rate	0.0002200581996139614
rate	0.0002384635278798882
rate	0.0002591453780297064
rate	0.0002822880372532963
rate	0.000309234735264247
rate	0.00033971005547413127
rate	0.0003719172365465262
rate	0.0004037520065018772
rate	0.0004346275895348533
rate	0.00047224369979466526
rate	0.0005129344971812777
rate	0.0005570111002281412
rate	0.0006064097666512057
rate	0.0006612798053363181
rate	0.0007192501844384725
rate	0.0007785289766167118
rate	0.0008397476883754512
rate	0.0009019141030627651
rate	0.0009629857436576402
rate	0.001020324339132582
rate	0.001083022014224088
rate	0.0011483327137304675
rate	0.0012164859838157344
rate	0.0012877490865308991
rate	0.0013619922534534364
rate	0.0014389845716012615
rate	0.0015185834944718558
rate	0.001600723630552855
rate	0.001685606931165015
rate	0.0017734311076498203
rate	0.0018643229945119592
rate	0.001958442761188567
rate	0.0020560935804238064
rate	0.002157103698546577
rate	6.531847155300369e-05
rate	4.798272503420362e-06
rate	2.810506429322595e-06
rate	2.1500748722639082e-06
rate	1.7747097449564795e-06
rate	1.5391103123481074e-06
rate	1.3391413437079884e-06
rate	1.1665770762911153e-06
rate	1.048801190263465e-06
rate	9.66635429434553e-07
rate	9.200765878508475e-07
rate	9.009059770106524e-07
rate	9.365107592679138e-07
rate	1.0460644496549516e-06
rate	1.1720583396575639e-06
rate	1.352841789806158e-06
rate	1.5336374086121774e-06
rate	1.687049676979014e-06
rate	1.8048536567110525e-06
rate	1.8843090729083736e-06
rate	1.9829444465951234e-06
rate	2.0815836045093416e-06
rate	2.1720046493732874e-06
rate	2.2624287383274566e-06
rate	2.3528558715811426e-06
rate	2.443286049343449e-06
rate	2.533719271823987e-06
rate	2.678965612620323e-06
rate	2.832443919873432e-06
rate	3.005114721896743e-06
rate	3.2243921103880287e-06
rate	3.4601395039299443e-06
rate	3.6959074301302547e-06
rate	3.967341958469525e-06
rate	4.230574856523417e-06
rate	4.556910950739752e-06
rate	4.90248261779503e-06
rate	5.319426239975609e-06
rate	5.7638703665868815e-06
rate	6.2824746492214104e-06
rate	6.85607147030724e-06
rate	7.473722230608529e-06
rate	8.146433457947483e-06
rate	8.855023381678498e-06
rate	9.62699568356124e-06
rate	1.0434921969270611e-05
rate	1.1325565241022139e-05
rate	1.2309993794974983e-05
rate	1.3388306627048684e-05
rate	1.4552348990262692e-05
rate	1.5818765289603098e-05
rate	1.717669068813262e-05
rate	1.860150295481241e-05
rate	2.0021594682145917e-05
rate	2.148387424760605e-05
rate	2.3046374284212916e-05
rate	2.483911042597072e-05
rate	2.6939901897769742e-05
rate	2.9435193643624632e-05
rate	3.226231642539445e-05
rate	3.5408494379245634e-05
rate	3.875828366887432e-05
rate	4.2329150502120424e-05
rate	4.599659053850564e-05
rate	4.980271866189801e-05
rate	5.393534870578375e-05
rate	5.86422305314528e-05
rate	6.418431702171336e-05
rate	7.066771571779837e-05
rate	7.802011099609047e-05
rate	8.609905000558727e-05
rate	9.493666906319627e-05
rate	0.00010487278087733887
rate	0.0001159473936586724
rate	0.0001282282737756916
rate	0.0001414561489105874
rate	0.0001559574764951507
rate	0.00017264539401224335
rate	0.00019209753247293517
rate	0.00021430701719103712
rate	0.00023994026772318817
rate	0.00026836594071009626
rate	0.00029795448332297616
rate	0.0003268995455133672
rate	0.00035526101766432763
rate	0.00039711220654986166
rate	0.00044351444290262635
rate	0.0004938131714735572
rate	0.0005486349775033754
rate	0.000607839449087271
rate	0.0006711779274462167
rate	0.0007376642284368407
rate	0.0008059487502297511
rate	0.0008744436275964949
rate	0.0009414855431194636
rate	0.001005067830649259
rate	0.0010700611261585577
rate	0.001137583160397205
rate	0.0012079806281621967
rate	0.001281654069561211
rate	0.0013582661209006366
rate	0.0014373753218990249
rate	0.0015185834944718558
rate	0.0016015501070609456
rate	0.0016865661115859332
rate	0.0017740911463329596
rate	0.0018645503008569294
rate	0.001958442761188567
rate	0.0020560935804238064
rate	0.0021572662519467457
rate	8.334619196725202e-05
rate	5.305703911408429e-06
rate	3.3532119926201956e-06
rate	2.552881589869993e-06
rate	2.14732749389351e-06
rate	1.9226558538875754e-06
rate	1.7418341664100976e-06
rate	1.5938986399957848e-06
rate	1.478843681212965e-06
rate	1.3747517984217851e-06
rate	1.3090134685856625e-06
rate	1.3254511756307188e-06
rate	1.4843270834202283e-06
rate	1.802106691402044e-06
rate	2.229524418399369e-06
rate	2.7392255641267597e-06
rate	3.2051657458391005e-06
rate	3.6547343606763584e-06
rate	4.027603866937873e-06
rate	4.340197152830124e-06
rate	4.685734487755473e-06
rate	4.976458428216945e-06
rate	5.1684633847663385e-06
rate	5.1849228323047675e-06
rate	5.053263741756114e-06
rate	4.910639544841106e-06
rate	4.773509853064459e-06
rate	4.740603433247264e-06
rate	4.80642924291181e-06
rate	4.949052782691152e-06
rate	5.141055818810778e-06
rate	5.371480228474237e-06
rate	5.656793928739986e-06
rate	5.980554523481043e-06
rate	6.375699394153981e-06
rate	6.836777446795145e-06
rate	7.380289863860949e-06
rate	8.011779924139498e-06
rate	8.775249667729978e-06
rate	9.621356515958948e-06
rate	1.0599646092450456e-05
rate	1.1688266117619064e-05
rate	1.28983577544669e-05
rate	1.4202562241284492e-05
rate	1.561752880179321e-05
rate	1.7148943317252367e-05
rate	1.8841100390131353e-05
rate	2.0793599326321968e-05
rate	2.3062191034741832e-05
rate	2.5575820065749043e-05
rate	2.8351776864834777e-05
rate	3.124134300147296e-05
rate	3.4233790636866424e-05
rate	3.7224012347014654e-05
rate	4.031757334743052e-05
rate	4.350370533774609e-05
rate	4.700548749129459e-05
rate	5.09579484883094e-05
rate	5.5463538692822446e-05
rate	6.048021964112992e-05
rate	6.584822685865079e-05
rate	7.147411437764039e-05
rate	7.743829658423349e-05
rate	8.365262221043676e-05
rate	9.016967548657715e-05
rate	9.711075192946381e-05
rate	0.00010458713567358415
rate	0.00011255184191485726
rate	0.00012066560333905996
rate	0.00012984279994531907
rate	0.00013935617909573728
rate	0.00014969510487763106
rate	0.00016106059579429707
rate	0.0001736111584007849
rate	0.00018737457249025594
rate	0.00020229832476193854
rate	0.00021855525310161115
rate	0.00023681870110731738
rate	0.0002575302999139917
rate	0.0002809147491035458
rate	0.00030839434798515835
rate	0.00033955506114321035
rate	0.000372230785996396
rate	0.0004039296654236145
rate	0.0004340304781795483
rate	0.00047142989927778797
rate	0.000512025849927704
rate	0.0005562758358941704
rate	0.0006064131833058554
rate	0.0006625161561934762
rate	0.0007218266279196456
rate	0.0007822445224105381
rate	0.0008444455101376056
rate	0.0009071916857046236
rate	0.000968150189932473
rate	0.0010243740308902465
rate	0.001086340219335024
rate	0.001151005268682171
rate	0.0012185365305626393
rate	0.0012891280506125227
rate	0.0013627257735271498
rate	0.0014391651548810154
rate	0.0015184023029956749
rate	0.0016003845656096041
rate	0.001685252116520807
rate	0.0017731589554616917
rate	0.0018641769281930486
rate	0.0019584147682353485
rate	0.0020560935804238064
rate	0.0021570976787121704
rate	6.437007853082314e-05
rate	4.641923413259632e-06
rate	2.7227996029443706e-06
rate	2.0815714018307145e-06
rate	1.7308743241826775e-06
rate	1.500757773267513e-06
rate	1.3035309440692595e-06
rate	1.1337080757558261e-06
rate	1.0186726295074987e-06
rate	9.365077728744847e-07
rate	8.872105465909527e-07
rate	8.653012770593013e-07
rate	8.98166660868997e-07
rate	1.0077188168629927e-06
rate	1.1282325671145594e-06
rate	1.303534342557549e-06
rate	1.4788475187528528e-06
rate	1.626777179570559e-06
rate	1.741838662758273e-06
rate	1.8130722367825974e-06
rate	1.9062247827159567e-06
rate	1.9993806738752095e-06
rate	2.0870586454580078e-06
rate	2.17473946894053e-06
rate	2.262423144511793e-06
rate	2.3501096723605905e-06
rate	2.4377990526761607e-06
rate	2.5802993836764842e-06
rate	2.7282899778320516e-06
rate	2.898212930236816e-06
rate	3.117481755838125e-06
rate	3.3477364379570884e-06
rate	3.578010662602958e-06
rate	3.8412065715379514e-06
rate	4.0989421385520935e-06
rate	4.417033674165657e-06
rate	4.757101024548215e-06
rate	5.163047382313919e-06
rate	5.596489039918196e-06
rate	6.1068271258283726e-06
rate	6.672150829783251e-06
rate	7.276029587484363e-06
rate	7.934958076289215e-06
rate	8.627007639768152e-06
rate	9.37967648813234e-06
rate	1.0165535022698859e-05
rate	1.1034088019031731e-05
rate	1.2001903368549593e-05
rate	1.3069084675590144e-05
rate	1.4230237524254496e-05
rate	1.549650475864194e-05
rate	1.68515138596564e-05
rate	1.8251335934127983e-05
rate	1.9629854329576668e-05
rate	2.103670234218136e-05
rate	2.253816274375246e-05
rate	2.426697125229436e-05
rate	2.6311976399937915e-05
rate	2.8767914432118447e-05
rate	3.157493616049097e-05
rate	3.470644183887486e-05
rate	3.803035311257316e-05
rate	4.155851609954685e-05
rate	4.51803231322429e-05
rate	4.895181694619858e-05
rate	5.303563063992676e-05
rate	5.766253622510286e-05
rate	6.308193258962396e-05
rate	6.942200249762987e-05
rate	7.66271010605994e-05
rate	8.45292014620776e-05
rate	9.31514749838881e-05
rate	0.00010286428625304814
rate	0.00011373591902695212
rate	0.00012585426693168336
rate	0.00013887965537740557
rate	0.0001531490423340265
rate	0.00016966454800666254
rate	0.00018909833567292878
rate	0.00021145877221885747
rate	0.00023748520934026854
rate	0.0002664153901166215
rate	0.0002963530389770686
rate	0.0003252686909443401
rate	0.00035324434802716547
rate	0.0003962824197982269
rate	0.00044409045676205045
rate	0.0004958431343589374
rate	0.0005522017929126768
rate	0.0006130327644342166
rate	0.0006780595068719802
rate	0.0007461669898335097
rate	0.0008158248562591032
rate	0.0008850578972799123
rate	0.0009519008698314365
rate	0.001014203025234698
rate	0.0010776996272913373
rate	0.0011438388997933294
rate	0.0012128662934602808
rate	0.001285064705966064
rate	0.0013602416851586164
rate	0.0014380923217461909
rate	0.0015184023029956749
rate	0.0016009355499483312
rate	0.0016858915701347527
rate	0.0017735989812504513
rate	0.0018643284657563618
rate	0.0019584147682353485
rate	0.0020560935804238064
rate	0.0021572060476456162
rate	8.214222979491884e-05
rate	5.132851995769116e-06
rate	3.251776095414782e-06
rate	2.48162550035232e-06
rate	2.0870435349681653e-06
rate	1.8651169698999219e-06
rate	1.6925188245225854e-06
rate	1.5500654123747169e-06
rate	1.4377518806255522e-06
rate	1.330922079388635e-06
rate	1.256966458322997e-06
rate	1.2651853118455252e-06
rate	1.4267974112272158e-06
rate	1.750050305974232e-06
rate	2.1829406599547816e-06
rate	2.698114841537514e-06
rate	3.1640480259252384e-06
rate	3.621835079175581e-06
rate	4.000184229587615e-06
rate	4.307289633163123e-06
rate	4.658308258221871e-06
rate	4.954515246453727e-06
rate	5.146518664040979e-06
rate	5.154748387810193e-06
rate	5.006631910942959e-06
rate	4.853037826912513e-06
rate	4.702195940876365e-06
rate	4.65831814979914e-06
rate	4.71865563580004e-06
rate	4.8585312623965675e-06
rate	5.05052794947029e-06
rate	5.275457162310702e-06
rate	5.555272639651624e-06
rate	5.8680433012616695e-06
rate	6.257682075968249e-06
rate	6.707758492473979e-06
rate	7.240261088808402e-06
rate	7.857985049866965e-06
rate	8.610421496321063e-06
rate	9.445483328764449e-06
rate	1.0415461371905439e-05
rate	1.1495756034552375e-05
rate	1.269200263675652e-05
rate	1.3976835022496642e-05
rate	1.5372400325383995e-05
rate	1.6881624843577205e-05
rate	1.8554307577768717e-05
rate	2.049555988088738e-05
rate	2.2774955578292265e-05
rate	2.531597273501165e-05
rate	2.812764749448184e-05
rate	3.103914142368065e-05
rate	3.403136788459898e-05
rate	3.6982494824388874e-05
rate	4.001461994254714e-05
rate	4.312245296212182e-05
rate	4.655683983877057e-05
rate	5.04695622280864e-05
rate	5.498273816965129e-05
rate	6.004896933848527e-05
rate	6.547788299182148e-05
rate	7.11536315455219e-05
rate	7.715938830295917e-05
rate	8.340979729100404e-05
rate	8.997439670973734e-05
rate	9.695754417978439e-05
rate	0.00010445911696208544
rate	0.0001124006212102599
rate	0.00012059979064966098
rate	0.00012955850005358428
rate	0.00013897286983584415
rate	0.00014917719433867754
rate	0.00016036316487115943
rate	0.00017271765654033595
rate	0.000186291459465743
rate	0.0002010083105754461
rate	0.00021705230658926092
rate	0.00023517387433474654
rate	0.00025591522179827707
rate	0.00027954146095379533
rate	0.0003075539607060698
rate	0.00033940006681228943
rate	0.00037254433544626575
rate	0.00040410732434535186
rate	0.00043343336682424323
rate	0.00047061609876091067
rate	0.0005111172026741303
rate	0.0005555405715601997
rate	0.0006064165999605051
rate	0.0006637525070506341
rate	0.0007244030714008188
rate	0.0007859600682043645
rate	0.00084914333189976
rate	0.0009124692683464821
rate	0.0009733146362073059
rate	0.0010284237226479112
rate	0.0010896584244459602
rate	0.0011536778236338747
rate	0.0012205870773095442
rate	0.0012905070146941463
rate	0.001363459293600863
rate	0.0014393457381607691
rate	0.001518221111519494
rate	0.0016000455006663535
rate	0.0016848973018765991
rate	0.0017728868032735631
rate	0.0018640308618741378
rate	0.0019583867752821305
rate	0.0020560935804238064
rate	0.002157091658877764
rate	6.34216855086426e-05
rate	4.485574323098902e-06
rate	2.6350927765661463e-06
rate	2.0130679313975207e-06
rate	1.6870389034088754e-06
rate	1.4624052341869187e-06
rate	1.2679205444305307e-06
rate	1.1008390752205372e-06
rate	9.885440687515327e-07
rate	9.063801163144165e-07
rate	8.543445053310581e-07
rate	8.296965771079501e-07
rate	8.598225624700801e-07
rate	9.693731840710336e-07
rate	1.084406794571555e-06
rate	1.2542268953089403e-06
rate	1.4240576288935282e-06
rate	1.566504682162104e-06
rate	1.6788236688054934e-06
rate	1.7418354006568212e-06
rate	1.82950511883679e-06
rate	1.917177743241077e-06
rate	2.0021126415427286e-06
rate	2.0870501995536036e-06
rate	2.1719904174424434e-06
rate	2.256933295377732e-06
rate	2.341878833528335e-06
rate	2.4816331547326453e-06
rate	2.6241360357906718e-06
rate	2.791311138576889e-06
rate	3.010571401288221e-06
rate	3.2353333719842326e-06
rate	3.4601138950756615e-06
rate	3.715071184606378e-06
rate	3.96730942058077e-06
rate	4.277156397591563e-06
rate	4.611719431301401e-06
rate	5.00666852465223e-06
rate	5.429107713249509e-06
rate	5.931179602435334e-06
rate	6.488230189259261e-06
rate	7.078336944360198e-06
rate	7.723482694630946e-06
rate	8.398991897857806e-06
rate	9.13235729270344e-06
rate	9.89614807612711e-06
rate	1.0742610797041325e-05
rate	1.1693812942124202e-05
rate	1.2749862724131606e-05
rate	1.39081260582463e-05
rate	1.5174244227680779e-05
rate	1.6526337031180183e-05
rate	1.790116891344356e-05
rate	1.923811397700742e-05
rate	2.0589530436756675e-05
rate	2.202995120329201e-05
rate	2.3694832078618003e-05
rate	2.5684050902106084e-05
rate	2.810063522061226e-05
rate	3.088755589558749e-05
rate	3.400438929850408e-05
rate	3.7302422556272006e-05
rate	4.078788169697328e-05
rate	4.436405572598016e-05
rate	4.810091523049916e-05
rate	5.2135912574069766e-05
rate	5.6682841918752925e-05
rate	6.197954815753457e-05
rate	6.817628927746137e-05
rate	7.523409112510836e-05
rate	8.295935291856792e-05
rate	9.136628090457993e-05
rate	0.00010085579162875741
rate	0.00011152444439523185
rate	0.00012348026008767514
rate	0.0001363031618442237
rate	0.00015034060817290226
rate	0.00016668370200108174
rate	0.00018609913887292242
rate	0.00020861052724667787
rate	0.00023503015095734895
rate	0.0002644648395231467
rate	0.0002947515946311611
rate	0.000323637836375313
rate	0.00035122767839000326
rate	0.00039545263304659216
rate	0.0004446664706214745
rate	0.0004978730972443178
rate	0.0005557686083219782
rate	0.0006182260797811622
rate	0.0006849410862977437
rate	0.0007546697512301788
rate	0.0008257009622884551
rate	0.0008956721669633297
rate	0.0009623161965434092
rate	0.0010233382198201369
rate	0.001085338128424117
rate	0.001150094639189454
rate	0.001217751958758365
rate	0.0012884753423709169
rate	0.0013622172494165963
rate	0.0014388093215933569
rate	0.001518221111519494
rate	0.001600320992835717
rate	0.001685217028683572
rate	0.0017731068161679431
rate	0.0018641066306557944
rate	0.0019583867752821305
rate	0.0020560935804238064
rate	0.0021571458433444868
rate	8.093826762258566e-05
rate	4.960000080129803e-06
rate	3.150340198209369e-06
rate	2.410369410834647e-06
rate	2.026759576042821e-06
rate	1.807578085912268e-06
rate	1.6432034826350735e-06
rate	1.5062321847536492e-06
rate	1.3966600800381393e-06
rate	1.2870923603554849e-06
rate	1.2049194480603315e-06
rate	1.2049194480603315e-06
rate	1.3692677390342035e-06
rate	1.6979939205464195e-06
rate	2.136356901510194e-06
rate	2.657004118948268e-06
rate	3.1229303060113767e-06
rate	3.5889357976748043e-06
rate	3.972764592237357e-06
rate	4.2743821134961215e-06
rate	4.63088202868827e-06
rate	4.93257206469051e-06
rate	5.124573943315619e-06
rate	5.124573943315619e-06
rate	4.960000080129803e-06
rate	4.79543610898392e-06
rate	4.63088202868827e-06
rate	4.576032866351015e-06
rate	4.63088202868827e-06
rate	4.768009742101982e-06
rate	4.960000080129803e-06
rate	5.179434096147167e-06
rate	5.45375135056326e-06
rate	5.755532079042296e-06
rate	6.139664757782516e-06
rate	6.578739538152813e-06
rate	7.100232313755854e-06
rate	7.704190175594434e-06
rate	8.445593324912147e-06
rate	9.26961014156995e-06
rate	1.0231276651360421e-05
rate	1.1303245951485686e-05
rate	1.248564751904614e-05
rate	1.3751107803708791e-05
rate	1.5127271848974781e-05
rate	1.6614306369902047e-05
rate	1.8267514765406085e-05
rate	2.0197520435452786e-05
rate	2.2487720121842697e-05
rate	2.5056125404274257e-05
rate	2.79035181241289e-05
rate	3.083693984588834e-05
rate	3.3828945132331524e-05
rate	3.674097730176309e-05
rate	3.971166653766376e-05
rate	4.274120058649756e-05
rate	4.610819218624656e-05
rate	4.998117596786341e-05
rate	5.450193764648013e-05
rate	5.961771903584062e-05
rate	6.510753912499217e-05
rate	7.083314871340339e-05
rate	7.688048002168486e-05
rate	8.316697237157132e-05
rate	8.977911793289753e-05
rate	9.680433643010497e-05
rate	0.00010433109825058673
rate	0.00011224940050566253
rate	0.00012053397796026201
rate	0.00012927420016184947
rate	0.00013858956057595103
rate	0.00014865928379972402
rate	0.00015966573394802182
rate	0.00017182415467988698
rate	0.00018520834644123008
rate	0.00019971829638895368
rate	0.00021554936007691066
rate	0.00023352904756217572
rate	0.0002543001436825624
rate	0.0002781681728040448
rate	0.00030671357342698115
rate	0.0003392450724813685
rate	0.00037285788489613557
rate	0.00040428498326708915
rate	0.0004328362554689382
rate	0.0004698022982440334
rate	0.0005102085554205564
rate	0.0005548053072262288
rate	0.0006064200166151548
rate	0.0006649888579077922
rate	0.000726979514881992
rate	0.0007896756139981908
rate	0.0008538411536619144
rate	0.0009177468509883407
rate	0.0009784790824821387
rate	0.0010324734144055757
rate	0.0010929766295568965
rate	0.0011563503785855785
rate	0.001222637624056449
rate	0.0012918859787757698
rate	0.0013641928136745762
rate	0.0014395263214405229
rate	0.0015180399200433133
rate	0.0015997064357231026
rate	0.0016845424872323914
rate	0.0017726146510854347
rate	0.001863884795555227
rate	0.001958358782328912
rate	0.0020560935804238064
rate	0.0021570856390433573
rate	6.247329248646205e-05
rate	4.329225232938173e-06
rate	2.5473859501879223e-06
rate	1.944564460964327e-06
rate	1.6432034826350735e-06
rate	1.4240526951063243e-06
rate	1.232310144791802e-06
rate	1.067970074685248e-06
rate	9.584155079955666e-07
rate	8.762524597543484e-07
rate	8.214784640711634e-07
rate	7.940918771565989e-07
rate	8.214784640711634e-07
rate	9.310275512790748e-07
rate	1.0405810220285505e-06
rate	1.2049194480603315e-06
rate	1.3692677390342035e-06
rate	1.5062321847536492e-06
rate	1.615808674852714e-06
rate	1.6705985645310452e-06
rate	1.752785454957623e-06
rate	1.8349748126069448e-06
rate	1.9171666376274494e-06
rate	1.9993609301666773e-06
rate	2.0815576903730936e-06
rate	2.1637569183948734e-06
rate	2.245958614380509e-06
rate	2.3829669257888063e-06
rate	2.5199820937492914e-06
rate	2.684409346916962e-06
rate	2.903661046738317e-06
rate	3.1229303060113767e-06
rate	3.342217127548365e-06
rate	3.5889357976748043e-06
rate	3.835676702609446e-06
rate	4.137279121017469e-06
rate	4.466337838054586e-06
rate	4.85028966699054e-06
rate	5.261726386580824e-06
rate	5.755532079042296e-06
rate	6.3043095487352714e-06
rate	6.880644301236032e-06
rate	7.512007312972678e-06
rate	8.17097615594746e-06
rate	8.885038097274539e-06
rate	9.626761129555359e-06
rate	1.0451133575050918e-05
rate	1.1385722515698812e-05
rate	1.2430640772673067e-05
rate	1.3586014592238103e-05
rate	1.485198369671962e-05
rate	1.6201160202703963e-05
rate	1.755100189275913e-05
rate	1.8846373624438173e-05
rate	2.014235853133199e-05
rate	2.152173966283156e-05
rate	2.3122692904941645e-05
rate	2.5056125404274257e-05
rate	2.7433356009106075e-05
rate	3.0200175630684006e-05
rate	3.33023367581333e-05
rate	3.657449199997085e-05
rate	4.0017247294399707e-05
rate	4.354778831971742e-05
rate	4.725001351479973e-05
rate	5.123619450821278e-05
rate	5.570314761240299e-05
rate	6.0877163725445175e-05
rate	6.693057605729286e-05
rate	7.38410811896173e-05
rate	8.138950437505826e-05
rate	8.958108682527175e-05
rate	9.884729700446669e-05
rate	0.00010931296976351156
rate	0.00012110625324366691
rate	0.00013372666831104184
rate	0.00014753217401177805
rate	0.00016370285599550093
rate	0.00018309994207291603
rate	0.00020576228227449825
rate	0.00023257509257442935
rate	0.00026251428892967195
rate	0.00029315015028525353
rate	0.0003220069818062859
rate	0.00034921100875284105
rate	0.00039462284629495736
rate	0.00044524248448089853
rate	0.000499903060129698
rate	0.0005593354237312794
rate	0.0006234193951281077
rate	0.0006918226657235072
rate	0.0007631725126268478
rate	0.0008355770683178071
rate	0.0009062864366467472
rate	0.0009727315232553821
rate	0.0010324734144055757
rate	0.0010929766295568965
rate	0.0011563503785855785
rate	0.001222637624056449
rate	0.0012918859787757698
rate	0.0013641928136745762
rate	0.0014395263214405229
rate	0.0015180399200433133
rate	0.0015997064357231026
rate	0.0016845424872323914
rate	0.0017726146510854347
rate	0.001863884795555227
rate	0.001958358782328912
rate	0.0020560935804238064
rate	0.0021570856390433573
rate	7.90609603772711e-05
rate	4.828376590938307e-06
rate	3.0927851864806206e-06
rate	2.3829681599022016e-06
rate	1.9993621639343014e-06
rate	1.78566169143895e-06
rate	1.6267670091174256e-06
rate	1.4952749742820981e-06
rate	1.3829641835898483e-06
rate	1.2706580245200062e-06
rate	1.1830078771232175e-06
rate	1.1802690540538551e-06
rate	1.3473548527977942e-06
rate	1.689775395977049e-06
rate	2.1527973229792986e-06
rate	2.7035967376545788e-06
rate	3.19968837888647e-06
rate	3.6876455045424255e-06
rate	4.082459621986764e-06
rate	4.389575740972645e-06
rate	4.7488343134583655e-06
rate	5.058769383685958e-06
rate	5.256268659482937e-06
rate	5.256268659482937e-06
rate	5.088942757278256e-06
rate	4.910651666232664e-06
rate	4.732372804176208e-06
rate	4.663804714772239e-06
rate	4.710425664645579e-06
rate	4.847557362752291e-06
rate	5.039553280021052e-06
rate	5.258993673272167e-06
rate	5.533318900668367e-06
rate	5.835108401271487e-06
rate	6.216507465970925e-06
rate	6.655594572483124e-06
rate	7.179847735320169e-06
rate	7.78931594859623e-06
rate	8.530742156467446e-06
rate	9.354784608395779e-06
rate	1.0308234300005104e-05
rate	1.1366484334421406e-05
rate	1.253515856460018e-05
rate	1.379788962056014e-05
rate	1.517407718834315e-05
rate	1.666389214083867e-05
rate	1.831161718739489e-05
rate	2.0222344667751717e-05
rate	2.247115803611624e-05
rate	2.4989820907637196e-05
rate	2.777908104292692e-05
rate	3.066809133808741e-05
rate	3.364329148980475e-05
rate	3.658008390160137e-05
rate	3.960057500491084e-05
rate	4.2699489853664534e-05
rate	4.6124898792497006e-05
rate	5.003136980614986e-05
rate	5.454662767483262e-05
rate	5.9628911753994073e-05
rate	6.507669973684682e-05
rate	7.07713443098483e-05
rate	7.679320348718764e-05
rate	8.307667386194236e-05
rate	8.970557074071937e-05
rate	9.677313795220809e-05
rate	0.0001043510083412481
rate	0.00011232642703152767
rate	0.00012065703193749508
rate	0.00012942636439526982
rate	0.0001387480068544809
rate	0.00014882988352372337
rate	0.00015988349032529535
rate	0.0001721450125574662
rate	0.00018568333191828194
rate	0.00020039354116207041
rate	0.00021639486629338792
rate	0.00023438312415395836
rate	0.00025490167106660455
rate	0.0002782500123419416
rate	0.00030600707036022824
rate	0.0003376105851824956
rate	0.00037035016037117476
rate	0.00040126151643742725
rate	0.00042977492774985037
rate	0.0004664490343974899
rate	0.0005068546179865282
rate	0.0005512675182629213
rate	0.0006018560074670457
rate	0.0006584937997204023
rate	0.0007182614217622441
rate	0.0007791616286005615
rate	0.0008418413833210334
rate	0.0009048191983741843
rate	0.0009650968350239349
rate	0.0010190211252360558
rate	0.0010777949744512235
rate	0.0011388961422207045
rate	0.001202406352378593
rate	0.0012683544683909222
rate	0.0013368345898518111
rate	0.0014078174239978958
rate	0.001481441099676484
rate	0.0015576945755724381
rate	0.0016365946655919796
rate	0.0017182123896646248
rate	0.0018025254557160729
rate	0.0018895476655748675
rate	0.0019793394815554597
rate	0.002071911921717238
rate	6.104847483241063e-05
rate	4.21407774612671e-06
rate	2.50354307105295e-06
rate	1.9144283631314014e-06
rate	1.61854914237538e-06
rate	1.3994003281311948e-06
rate	1.2131372325154768e-06
rate	1.0542758223446308e-06
rate	9.474604896895555e-07
rate	8.652977701974809e-07
rate	8.10523993669481e-07
rate	7.831375163291752e-07
rate	8.132625701793985e-07
rate	9.282887830045604e-07
rate	1.0460588599597656e-06
rate	1.2186150704632625e-06
rate	1.391182379248692e-06
rate	1.536366774869511e-06
rate	1.6432047162133474e-06
rate	1.6979951541743735e-06
rate	1.7747031653094384e-06
rate	1.851413424362918e-06
rate	1.9308658234757045e-06
rate	2.010320553033829e-06
rate	2.0897776131752717e-06
rate	2.1692370040378402e-06
rate	2.248698725759539e-06
rate	2.3802267047104006e-06
rate	2.5145014047478478e-06
rate	2.6789283287548924e-06
rate	2.8926982422716994e-06
rate	3.1119666235370025e-06
rate	3.33399366591509e-06
rate	3.583452968422323e-06
rate	3.835676702609446e-06
rate	4.140021125942073e-06
rate	4.471822534531261e-06
rate	4.858517906760537e-06
rate	5.275442318005968e-06
rate	5.769250484592613e-06
rate	6.312542159591442e-06
rate	6.880644301236032e-06
rate	7.509261953627727e-06
rate	8.168230135750231e-06
rate	8.88778486131098e-06
rate	9.635003737108996e-06
rate	1.045937866488153e-05
rate	1.1388471789719542e-05
rate	1.2419639754933046e-05
rate	1.3555750088804662e-05
rate	1.4802438803585263e-05
rate	1.613231635947035e-05
rate	1.747385993296353e-05
rate	1.8774707188452116e-05
rate	2.0084445241065682e-05
rate	2.1480350931333605e-05
rate	2.3089562052840923e-05
rate	2.5009158060501317e-05
rate	2.7336583342287283e-05
rate	3.002859987881147e-05
rate	3.3036415718637425e-05
rate	3.622233540346979e-05
rate	3.9592518137700906e-05
rate	4.308363028695587e-05
rate	4.67685437299047e-05
rate	5.074566997756929e-05
rate	5.5195088652352206e-05
rate	6.0331822295285034e-05
rate	6.631403741385479e-05
rate	7.312758674693654e-05
rate	8.05531060021207e-05
rate	8.862094178122502e-05
rate	9.776795725840635e-05
rate	0.00010814437400804942
rate	0.00011986709455140515
rate	0.00013245890351315474
rate	0.0001462177540617957
rate	0.00016222740650255908
rate	0.0001812648891486005
rate	0.0002033877628220882
rate	0.00022947206597318225
rate	0.00025859794203342696
rate	0.000288491126269967
rate	0.0003168906663652306
rate	0.00034397389116418815
rate	0.00038793465777263556
rate	0.0004371582637357475
rate	0.0004902048254978587
rate	0.0005474433544030464
rate	0.0006088323682141602
rate	0.0006745268797354756
rate	0.0007435960132221882
rate	0.0008139456240131734
rate	0.0008828066927953042
rate	0.000947678294483822
rate	0.0010064747333056732
rate	0.0010655774097403975
rate	0.0011268034474376572
rate	0.001190298163624694
rate	0.0012562695251688767
rate	0.0013247851208099406
rate	0.0013958156671595736
rate	0.0014694992378140176
rate	0.001545816068623265
rate	0.0016247866262779412
rate	0.0017064771269062536
rate	0.0017908603010328825
rate	0.0018779533583209835
rate	0.001967816085853896
rate	0.0020604544097763203
rate	7.718365313195653e-05
rate	4.696753101746811e-06
rate	3.0352301747518723e-06
rate	2.3555669089697563e-06
rate	1.9719647518257814e-06
rate	1.7637452969656323e-06
rate	1.6103305355997777e-06
rate	1.4843177638105473e-06
rate	1.369268287141557e-06
rate	1.2542236886845275e-06
rate	1.1610963061861034e-06
rate	1.1556186600473785e-06
rate	1.3254419665613849e-06
rate	1.6815568714076785e-06
rate	2.1692377444484036e-06
rate	2.7501893563608897e-06
rate	3.2764464517615632e-06
rate	3.7863552114100462e-06
rate	4.19215465173617e-06
rate	4.504769368449169e-06
rate	4.866786598228461e-06
rate	5.184966702681405e-06
rate	5.387963375650256e-06
rate	5.387963375650256e-06
rate	5.217885434426709e-06
rate	5.0258672234814085e-06
rate	4.833863579664146e-06
rate	4.751576563193464e-06
rate	4.789969300602888e-06
rate	4.9271049834026005e-06
rate	5.119106479912301e-06
rate	5.338553250397168e-06
rate	5.612886450773475e-06
rate	5.914684723500678e-06
rate	6.293350174159335e-06
rate	6.732449606813436e-06
rate	7.259463156884483e-06
rate	7.874441721598028e-06
rate	8.615890988022744e-06
rate	9.439959075221607e-06
rate	1.0385191948649786e-05
rate	1.1429722717357126e-05
rate	1.258466961015422e-05
rate	1.3844671437411485e-05
rate	1.522088252771152e-05
rate	1.67134779117753e-05
rate	1.8355719609383695e-05
rate	2.0247168900050648e-05
rate	2.245459595038978e-05
rate	2.4923516411000135e-05
rate	2.7654643961724934e-05
rate	3.0499242830286475e-05
rate	3.3457637847277974e-05
rate	3.6419190501439654e-05
rate	3.948948347215792e-05
rate	4.2657779120831506e-05
rate	4.614160539874745e-05
rate	5.0081563644436304e-05
rate	5.45913177031851e-05
rate	5.9640104472147525e-05
rate	6.504586034870147e-05
rate	7.070953990629319e-05
rate	7.670592695269043e-05
rate	8.29863753523134e-05
rate	8.96320235485412e-05
rate	9.674193947431121e-05
rate	0.00010437091843190948
rate	0.00011240345355739283
rate	0.00012078008591472814
rate	0.00012957852862869018
rate	0.0001389064531330108
rate	0.00014900048324772272
rate	0.00016010124670256891
rate	0.0001724658704350454
rate	0.00018615831739533377
rate	0.00020106878593518715
rate	0.00021724037250986516
rate	0.000235237200745741
rate	0.00025550319845064667
rate	0.00027833185187983847
rate	0.0003053005672934753
rate	0.00033597609788362263
rate	0.000367842435846214
rate	0.00039823804960776536
rate	0.0004267136000307626
rate	0.0004630957705509464
rate	0.0005035006805525
rate	0.0005477297292996139
rate	0.0005972919983189366
rate	0.0006519987415330126
rate	0.0007095433286424963
rate	0.0007686476432029321
rate	0.0008298416129801524
rate	0.000891891545760028
rate	0.0009517145875657311
rate	0.0010055688360665358
rate	0.0010626133193455504
rate	0.0011214419058558304
rate	0.0011821750807007368
rate	0.0012448229580060747
rate	0.001309476366029046
rate	0.001376108526555269
rate	0.0014448422793096548
rate	0.0015156827154217739
rate	0.0015886468439515677
rate	0.001663810128243815
rate	0.0017411661158769185
rate	0.0018207365488208229
rate	0.001902585382687113
rate	0.0019867382043911187
rate	5.9623657178359205e-05
rate	4.098930259315246e-06
rate	2.4597001919179773e-06
rate	1.8842922652984763e-06
rate	1.5938948021156866e-06
rate	1.3747479611560656e-06
rate	1.1939643202391516e-06
rate	1.0405815700040133e-06
rate	9.365054713835443e-07
rate	8.543430806406135e-07
rate	7.995695232677985e-07
rate	7.721831555017515e-07
rate	8.050466762876337e-07
rate	9.255500147300459e-07
rate	1.0515366978909809e-06
rate	1.2323106928661935e-06
rate	1.4130970194631809e-06
rate	1.566501364985373e-06
rate	1.670600757573981e-06
rate	1.7253917438177015e-06
rate	1.7966208756612537e-06
rate	1.8678520361188913e-06
rate	1.9445650093239596e-06
rate	2.0212801759009815e-06
rate	2.0979975359774495e-06
rate	2.174717089680807e-06
rate	2.2514388371385694e-06
rate	2.377486483631995e-06
rate	2.5090207157464036e-06
rate	2.6734473105928227e-06
rate	2.881735437805082e-06
rate	3.1010029410626284e-06
rate	3.325770204281815e-06
rate	3.5779701391698425e-06
rate	3.835676702609446e-06
rate	4.142763130866676e-06
rate	4.477307231007935e-06
rate	4.866746146530534e-06
rate	5.2891582494311116e-06
rate	5.782968890142931e-06
rate	6.320774770447613e-06
rate	6.880644301236032e-06
rate	7.506516594282776e-06
rate	8.165484115553002e-06
rate	8.89053162534742e-06
rate	9.643246344662631e-06
rate	1.0467623754712142e-05
rate	1.139122106374027e-05
rate	1.2408638737193026e-05
rate	1.352548558537122e-05
rate	1.4752893910450904e-05
rate	1.6063472516236735e-05
rate	1.739671797316793e-05
rate	1.870304075246606e-05
rate	2.0026531950799373e-05
rate	2.143896219983565e-05
rate	2.3056431200740205e-05
rate	2.4962190716728376e-05
rate	2.7239810675468488e-05
rate	2.985702412693894e-05
rate	3.277049467914154e-05
rate	3.587017880696874e-05
rate	3.9167788981002106e-05
rate	4.2619472254194314e-05
rate	4.628707394500967e-05
rate	5.02551454469258e-05
rate	5.468702969230142e-05
rate	5.978648086512489e-05
rate	6.569749877041672e-05
rate	7.241409230425579e-05
rate	7.971670762918314e-05
rate	8.766079673717826e-05
rate	9.668861751234602e-05
rate	0.00010697577825258729
rate	0.00011862793585914341
rate	0.00013119113871526764
rate	0.00014490333411181335
rate	0.0001607519570096172
rate	0.00017942983622428496
rate	0.00020101324336967816
rate	0.00022636903937193518
rate	0.000254681595137182
rate	0.00028383210225468056
rate	0.00031177435092417526
rate	0.00033873677357553524
rate	0.0003812464692503138
rate	0.00042907404299059637
rate	0.0004805065908660194
rate	0.0005355512850748134
rate	0.0005942453413002128
rate	0.000657231093747444
rate	0.0007240195138175286
rate	0.0007923141797085398
rate	0.0008593269489438611
rate	0.000922625065712262
rate	0.0009804760522057704
rate	0.0010381781899238985
rate	0.0010972565162897362
rate	0.0011579587031929392
rate	0.0012206530715619835
rate	0.0012853774279453052
rate	0.001352105012878624
rate	0.0014209585555847216
rate	0.0014919257015234275
rate	0.0015650307653234908
rate	0.0016403396027270727
rate	0.0017178358065105376
rate	0.0017975479343130551
rate	0.001879538591283985
rate	0.0019638231805092833
rate	7.530634588664195e-05
rate	4.565129612555316e-06
rate	2.9776751630231245e-06
rate	2.328165658037311e-06
rate	1.9445673397172618e-06
rate	1.7418289024923146e-06
rate	1.59389406208213e-06
rate	1.4733605533389962e-06
rate	1.355572390693266e-06
rate	1.2377893528490486e-06
rate	1.1391847352489896e-06
rate	1.130968266040902e-06
rate	1.3035290803249755e-06
rate	1.6733383468383078e-06
rate	2.185678165917508e-06
rate	2.7967819750672006e-06
rate	3.3532045246366565e-06
rate	3.885064918277668e-06
rate	4.301849681485577e-06
rate	4.619962995925693e-06
rate	4.984738882998557e-06
rate	5.311164021676853e-06
rate	5.519658091817574e-06
rate	5.519658091817574e-06
rate	5.346828111575162e-06
rate	5.141082780730152e-06
rate	4.935354355152084e-06
rate	4.839348411614688e-06
rate	4.869512936560197e-06
rate	5.006652604052909e-06
rate	5.198659679803551e-06
rate	5.4181128275221694e-06
rate	5.6924540008785825e-06
rate	5.994261045729869e-06
rate	6.370192882347745e-06
rate	6.809304641143749e-06
rate	7.339078578448798e-06
rate	7.959567494599825e-06
rate	8.701039819578043e-06
rate	9.525133542047435e-06
rate	1.0462149597294468e-05
rate	1.1492961100292845e-05
rate	1.263418065570826e-05
rate	1.3891453254262833e-05
rate	1.526768786707989e-05
rate	1.6763063682711924e-05
rate	1.8399822031372498e-05
rate	2.0271993132349575e-05
rate	2.2438033864663323e-05
rate	2.4857211914363074e-05
rate	2.753020688052295e-05
rate	3.0330394322485542e-05
rate	3.3271984204751206e-05
rate	3.625829710127793e-05
rate	3.9378391939405e-05
rate	4.261606838799847e-05
rate	4.6158312004997895e-05
rate	5.013175748272275e-05
rate	5.463600773153759e-05
rate	5.965129719030098e-05
rate	6.501502096055613e-05
rate	7.06477355027381e-05
rate	7.661865041819321e-05
rate	8.289607684268442e-05
rate	8.955847635636302e-05
rate	9.671074099641432e-05
rate	0.00010439082852257086
rate	0.00011248048008325797
rate	0.0001209031398919612
rate	0.0001297306928621105
rate	0.00013906489941154066
rate	0.00014917108297172205
rate	0.00016031900307984245
rate	0.00017278672831262461
rate	0.00018663330287238563
rate	0.00020174403070830389
rate	0.00021808587872634242
rate	0.00023609127733752365
rate	0.00025610472583468885
rate	0.0002784136914177353
rate	0.0003045940642267224
rate	0.00033434161058474963
rate	0.00036533471132125324
rate	0.00039521458277810346
rate	0.0004236522723116748
rate	0.00045974250670440295
rate	0.000500146743118472
rate	0.0005441919403363065
rate	0.0005927279891708275
rate	0.0006455036833456228
rate	0.0007008252355227485
rate	0.0007581336578053029
rate	0.0008178418426392714
rate	0.0008789638931458717
rate	0.0009383323401075273
rate	0.0009921165468970159
rate	0.0010474316642398777
rate	0.0011039876694909564
rate	0.0011619438090228805
rate	0.001221291447621227
rate	0.0012821181422062809
rate	0.001344399629112642
rate	0.0014082434589428258
rate	0.0014736708552711094
rate	0.001540699022311156
rate	0.001609407866823005
rate	0.0016798067760377643
rate	0.0017519254320667783
rate	0.0018258312838187662
rate	0.0019015644870649996
rate	5.819883952430778e-05
rate	3.983782772503782e-06
rate	2.415857312783005e-06
rate	1.8541561674655508e-06
rate	1.5692404618559931e-06
rate	1.350095594180936e-06
rate	1.1747914079628266e-06
rate	1.0268873176633961e-06
rate	9.255504530775333e-07
rate	8.433883910837459e-07
rate	7.886150528661161e-07
rate	7.612287946743277e-07
rate	7.968307823958689e-07
rate	9.228112464555314e-07
rate	1.057014535822196e-06
rate	1.2460063152691243e-06
rate	1.4350116596776694e-06
rate	1.5966359551012348e-06
rate	1.6979967989346144e-06
rate	1.7527883334610298e-06
rate	1.8185385860130691e-06
rate	1.8842906478748645e-06
rate	1.9582641951722147e-06
rate	2.0322397987681335e-06
rate	2.1062174587796276e-06
rate	2.180197175323774e-06
rate	2.2541789485175996e-06
rate	2.374746262553589e-06
rate	2.50354002674496e-06
rate	2.667966292430753e-06
rate	2.8707726333384645e-06
rate	3.0900392585882546e-06
rate	3.31754674264854e-06
rate	3.572487309917362e-06
rate	3.835676702609446e-06
rate	4.145505135791279e-06
rate	4.48279192748461e-06
rate	4.8749743863005315e-06
rate	5.302874180856256e-06
rate	5.796687295693248e-06
rate	6.329007381303784e-06
rate	6.880644301236032e-06
rate	7.503771234937825e-06
rate	8.162738095355774e-06
rate	8.893278389383861e-06
rate	9.651488952216267e-06
rate	1.0475868844542755e-05
rate	1.1393970337761e-05
rate	1.2397637719453007e-05
rate	1.3495221081937778e-05
rate	1.4703349017316546e-05
rate	1.5994628673003124e-05
rate	1.7319576013372326e-05
rate	1.863137431648e-05
rate	1.996861866053306e-05
rate	2.13975734683377e-05
rate	2.3023300348639483e-05
rate	2.4915223372955435e-05
rate	2.7143038008649695e-05
rate	2.968544837506641e-05
rate	3.2504573639645665e-05
rate	3.5518022210467685e-05
rate	3.874305982430331e-05
rate	4.215531422143276e-05
rate	4.580560416011463e-05
rate	4.9764620916282305e-05
rate	5.417897073225063e-05
rate	5.9241139434964745e-05
rate	6.508096012697865e-05
rate	7.170059786157503e-05
rate	7.888030925624556e-05
rate	8.670065169313153e-05
rate	9.560927776628568e-05
rate	0.00010580718249712516
rate	0.00011738877716688167
rate	0.00012992337391738056
rate	0.000143588914161831
rate	0.00015927650751667533
rate	0.00017759478329996942
rate	0.00019863872391726812
rate	0.00022326601277068808
rate	0.00025076524824093694
rate	0.00027917307823939404
rate	0.00030665803548312
rate	0.0003334996559868823
rate	0.000374558280727992
rate	0.0004209898222454453
rate	0.00047080835623418014
rate	0.0005236592157465804
rate	0.0005796583143862653
rate	0.0006399353077594125
rate	0.000704443014412869
rate	0.0007706827354039061
rate	0.0008358472050924181
rate	0.0008975718369407019
rate	0.0009544773711058678
rate	0.0010107789701073995
rate	0.001067709585141815
rate	0.0011256192427611844
rate	0.0011850366179550903
rate	0.0012459697350806695
rate	0.0013083943585976746
rate	0.0013724178733554259
rate	0.00143803533442359
rate	0.0015052749043690406
rate	0.0015742020785478915
rate	0.001644811311988193
rate	0.0017171425103051268
rate	0.0017912610967140744
rate	0.0018671919512422462
rate	7.342903864132738e-05
rate	4.4335061233638196e-06
rate	2.9201201512943763e-06
rate	2.300764407104866e-06
rate	1.9171699276087417e-06
rate	1.7199125080189967e-06
rate	1.577457588564482e-06
rate	1.4624033428674452e-06
rate	1.3418764942449747e-06
rate	1.22135501701357e-06
rate	1.1172731643118756e-06
rate	1.1063178720344255e-06
rate	1.2816161940885662e-06
rate	1.6651198222689373e-06
rate	2.202118587386613e-06
rate	2.8433745937735116e-06
rate	3.42996259751175e-06
rate	3.983774625145289e-06
rate	4.411544711234983e-06
rate	4.735156623402217e-06
rate	5.102691167768653e-06
rate	5.437361340672301e-06
rate	5.651352807984893e-06
rate	5.651352807984893e-06
rate	5.475770788723615e-06
rate	5.256298337978897e-06
rate	5.036845130640022e-06
rate	4.927120260035913e-06
rate	4.949056572517506e-06
rate	5.086200224703219e-06
rate	5.2782128796948e-06
rate	5.49767240464717e-06
rate	5.7720215509836894e-06
rate	6.07383736795906e-06
rate	6.447035590536154e-06
rate	6.88615967547406e-06
rate	7.418694000013112e-06
rate	8.044693267601622e-06
rate	8.786188651133342e-06
rate	9.610308008873263e-06
rate	1.0539107245939152e-05
rate	1.1556199483228565e-05
rate	1.26836917012623e-05
rate	1.3938235071114181e-05
rate	1.531449320644826e-05
rate	1.6812649453648552e-05
rate	1.84439244533613e-05
rate	2.0296817364648505e-05
rate	2.2421471778936864e-05
rate	2.4790907417726013e-05
rate	2.7405769799320967e-05
rate	3.0161545814684612e-05
rate	3.308633056222443e-05
rate	3.6097403701116214e-05
rate	3.926730040665208e-05
rate	4.257435765516544e-05
rate	4.617501861124834e-05
rate	5.01819513210092e-05
rate	5.4680697759890074e-05
rate	5.9662489908454434e-05
rate	6.498418157241078e-05
rate	7.0585931099183e-05
rate	7.6531373883696e-05
rate	8.280577833305547e-05
rate	8.948492916418486e-05
rate	9.667954251851744e-05
rate	0.00010441073861323223
rate	0.00011255750660912313
rate	0.00012102619386919427
rate	0.00012988285709553086
rate	0.00013922334569007054
rate	0.0001493416826957214
rate	0.00016053675945711598
rate	0.00017310758619020383
rate	0.0001871082883494375
rate	0.00020241927548142062
rate	0.00021893138494281965
rate	0.0002369453539293063
rate	0.000256706253218731
rate	0.00027849553095563213
rate	0.0003038875611599695
rate	0.0003327071232858767
rate	0.0003628269867962924
rate	0.00039219111594844156
rate	0.000420590944592587
rate	0.00045638924285785944
rate	0.0004967928056844438
rate	0.000540654151372999
rate	0.0005881639800227184
rate	0.0006390086251582331
rate	0.0006921071424030007
rate	0.0007476196724076735
rate	0.0008058420722983904
rate	0.0008660362405317154
rate	0.0009249500926493234
rate	0.000978664257727496
rate	0.0010322500091342046
rate	0.0010865334331260823
rate	0.0011417125373450244
rate	0.0011977599372363795
rate	0.0012547599183835158
rate	0.001312690731670015
rate	0.0013716446385759965
rate	0.001431658995120445
rate	0.0014927512006707442
rate	0.0015550056054021953
rate	0.0016184474361986099
rate	0.0016831143153127337
rate	0.0017490771849504195
rate	0.0018163907697388805
rate	5.6774021870256354e-05
rate	3.868635285692319e-06
rate	2.3720144336480328e-06
rate	1.8240200696326255e-06
rate	1.5445861215962997e-06
rate	1.3254432272058066e-06
rate	1.1556184956865014e-06
rate	1.0131930653227787e-06
rate	9.145954347715222e-07
rate	8.324337015268785e-07
rate	7.776605824644336e-07
rate	7.502744338469039e-07
rate	7.88614888504104e-07
rate	9.20072478181017e-07
rate	1.062492373753411e-06
rate	1.2597019376720553e-06
rate	1.4569262998921582e-06
rate	1.6267705452170967e-06
rate	1.7253928402952478e-06
rate	1.7801849231043578e-06
rate	1.8404562963648845e-06
rate	1.9007292596308378e-06
rate	1.97196338102047e-06
rate	2.043199421635286e-06
rate	2.1144373815818053e-06
rate	2.185677260966741e-06
rate	2.25691905989663e-06
rate	2.3720060414751835e-06
rate	2.4980593377435163e-06
rate	2.662485274268683e-06
rate	2.859809828871847e-06
rate	3.0790755761138804e-06
rate	3.309323281015265e-06
rate	3.5670044806648807e-06
rate	3.835676702609446e-06
rate	4.1482471407158824e-06
rate	4.4882766239612844e-06
rate	4.883202626070528e-06
rate	5.316590112281399e-06
rate	5.810405701243566e-06
rate	6.337239992159954e-06
rate	6.880644301236032e-06
rate	7.501025875592874e-06
rate	8.159992075158544e-06
rate	8.896025153420302e-06
rate	9.659731559769904e-06
rate	1.0484113934373366e-05
rate	1.1396719611781729e-05
rate	1.2386636701712986e-05
rate	1.3464956578504337e-05
rate	1.4653804124182189e-05
rate	1.592578482976951e-05
rate	1.7242434053576727e-05
rate	1.8559707880493944e-05
rate	1.991070537026675e-05
rate	2.1356184736839745e-05
rate	2.2990169496538765e-05
rate	2.4868256029182494e-05
rate	2.70462653418309e-05
rate	2.9513872623193875e-05
rate	3.223865260014979e-05
rate	3.516586561396663e-05
rate	3.831833066760451e-05
rate	4.1691156188671206e-05
rate	4.53241343752196e-05
rate	4.927409638563881e-05
rate	5.367091177219984e-05
rate	5.8695798004804604e-05
rate	6.446442148354059e-05
rate	7.098710341889427e-05
rate	7.8043910883308e-05
rate	8.574050664908479e-05
rate	9.452993802022534e-05
rate	0.00010463858674166302
rate	0.00011614961847461991
rate	0.00012865560911949346
rate	0.00014227449421184865
rate	0.00015780105802373344
rate	0.0001757597303756539
rate	0.00019626420446485808
rate	0.00022016298616944101
rate	0.00024684890134469195
rate	0.0002745140542241075
rate	0.00030154172004206466
rate	0.0003282625383982294
rate	0.00036787009220567025
rate	0.0004129056015002942
rate	0.00046111012160234086
rate	0.0005117671464183474
rate	0.0005650712874723178
rate	0.0006226395217713809
rate	0.0006848665150082095
rate	0.0007490512910992724
rate	0.0008123674612409751
rate	0.0008725186081691418
rate	0.0009284786900059653
rate	0.0009833797502909005
rate	0.001038162653993894
rate	0.0010932797823294295
rate	0.0011494201643481971
rate	0.001206562042216034
rate	0.0012646837043167253
rate	0.00132387719112613
rate	0.0013841449673237525
rate	0.0014455190434145904
rate	0.0015080645543687106
rate	0.0015717868174658482
rate	0.0016367370862971982
rate	0.0017029836021441637
rate	0.0017705607219752092
rate	7.155173139601281e-05
rate	4.3018826341723235e-06
rate	2.862565139565628e-06
rate	2.27336315617242e-06
rate	1.8897725155002221e-06
rate	1.6979961135456788e-06
rate	1.5610211150468342e-06
rate	1.4514461323958941e-06
rate	1.3281805977966837e-06
rate	1.2049206811780913e-06
rate	1.0953615933747615e-06
rate	1.081667478027949e-06
rate	1.2597033078521569e-06
rate	1.6569012976995667e-06
rate	2.2185590088557178e-06
rate	2.8899672124798225e-06
rate	3.506720670386843e-06
rate	4.082484332012909e-06
rate	4.52123974098439e-06
rate	4.8503502508787415e-06
rate	5.220643452538748e-06
rate	5.563558659667749e-06
rate	5.783047524152211e-06
rate	5.783047524152211e-06
rate	5.604713465872068e-06
rate	5.37151389522764e-06
rate	5.1383359061279604e-06
rate	5.0148921084571375e-06
rate	5.028600208474815e-06
rate	5.165747845353528e-06
rate	5.3577660795860495e-06
rate	5.57723198177217e-06
rate	5.851589101088796e-06
rate	6.153413690188251e-06
rate	6.523878298724563e-06
rate	6.963014709804372e-06
rate	7.498309421577426e-06
rate	8.129819040603419e-06
rate	8.871337482688642e-06
rate	9.69548247569909e-06
rate	1.0616064894583835e-05
rate	1.1619437866164285e-05
rate	1.273320274681634e-05
rate	1.398501688796553e-05
rate	1.536129854581663e-05
rate	1.6862235224585177e-05
rate	1.8488026875350107e-05
rate	2.0321641596947436e-05
rate	2.2404909693210406e-05
rate	2.4724602921088952e-05
rate	2.7281332718118985e-05
rate	2.999269730688368e-05
rate	3.290067691969766e-05
rate	3.59365103009545e-05
rate	3.9156208873899164e-05
rate	4.2532646922332414e-05
rate	4.6191725217498784e-05
rate	5.023214515929565e-05
rate	5.472538778824256e-05
rate	5.9673682626607885e-05
rate	6.495334218426543e-05
rate	7.052412669562791e-05
rate	7.644409734919879e-05
rate	8.271547982342651e-05
rate	8.941138197200669e-05
rate	9.664834404062056e-05
rate	0.00010443064870389361
rate	0.00011263453313498827
rate	0.00012114924784642733
rate	0.00013003502132895122
rate	0.00013938179196860043
rate	0.00014951228241972075
rate	0.0001607545158343895
rate	0.00017342844406778303
rate	0.00018758327382648932
rate	0.00020309452025453738
rate	0.00021977689115929691
rate	0.00023779943052108896
rate	0.0002573077806027732
rate	0.00027857737049352894
rate	0.00030318105809321657
rate	0.00033107263598700375
rate	0.0003603192622713316
rate	0.0003891676491187797
rate	0.0004175296168734992
rate	0.000453035979011316
rate	0.0004934388682504156
rate	0.0005371163624096915
rate	0.0005835999708746094
rate	0.0006325135669708432
rate	0.0006833890492832528
rate	0.0007371056870100442
rate	0.0007938423019575095
rate	0.000853108587917559
rate	0.0009115678451911196
rate	0.000965211968557976
rate	0.0010170683540285316
rate	0.0010690791967612084
rate	0.0011214812656671683
rate	0.0011742284268515318
rate	0.0012274016945607509
rate	0.0012809818342273882
rate	0.0013350458182091673
rate	0.0013896471349697805
rate	0.0014448033790303324
rate	0.0015006033439813854
rate	0.0015570880963594557
rate	0.0016143031985586891
rate	0.0016723230860820728
rate	0.0017312170524127614
rate	5.534920421620493e-05
rate	3.753487798880855e-06
rate	2.3281715545130605e-06
rate	1.7938839717997002e-06
rate	1.5199317813366063e-06
rate	1.3007908602306773e-06
rate	1.1364455834101762e-06
rate	9.994988129821614e-07
rate	9.036404164655111e-07
rate	8.21479011970011e-07
rate	7.667061120627512e-07
rate	7.393200730194802e-07
rate	7.803989946123391e-07
rate	9.173337099065026e-07
rate	1.067970211684626e-06
rate	1.2733975600749863e-06
rate	1.4788409401066467e-06
rate	1.6569051353329586e-06
rate	1.7527888816558813e-06
rate	1.807581512747686e-06
rate	1.8623740067166997e-06
rate	1.9171678713868112e-06
rate	1.985662566868725e-06
rate	2.0541590445024378e-06
rate	2.1226573043839835e-06
rate	2.191157346609708e-06
rate	2.25965917127566e-06
rate	2.3692658203967778e-06
rate	2.492578648742072e-06
rate	2.657004256106614e-06
rate	2.8488470244052295e-06
rate	3.0681118936395062e-06
rate	3.3010998193819906e-06
rate	3.5615216514123996e-06
rate	3.835676702609446e-06
rate	4.150989145640486e-06
rate	4.493761320437959e-06
rate	4.891430865840525e-06
rate	5.330306043706544e-06
rate	5.824124106793883e-06
rate	6.345472603016125e-06
rate	6.880644301236032e-06
rate	7.498280516247923e-06
rate	8.157246054961315e-06
rate	8.898771917456743e-06
rate	9.66797416732354e-06
rate	1.049235902420398e-05
rate	1.1399468885802459e-05
rate	1.2375635683972965e-05
rate	1.3434692075070895e-05
rate	1.460425923104783e-05
rate	1.5856940986535896e-05
rate	1.7165292093781124e-05
rate	1.848804144450789e-05
rate	1.985279208000044e-05
rate	2.131479600534179e-05
rate	2.2957038644438043e-05
rate	2.4821288685409553e-05
rate	2.6949492675012107e-05
rate	2.934229687132134e-05
rate	3.1972731560653904e-05
rate	3.481370901746557e-05
rate	3.789360151090571e-05
rate	4.122699815590965e-05
rate	4.484266459032457e-05
rate	4.878357185499532e-05
rate	5.3162852812149055e-05
rate	5.815045657464446e-05
rate	6.384788284010251e-05
rate	7.027360897621351e-05
rate	7.720751251037044e-05
rate	8.478036160503805e-05
rate	9.345059827416501e-05
rate	0.00010346999098620089
rate	0.00011491045978235815
rate	0.00012738784432160636
rate	0.00014096007426186633
rate	0.00015632560853079159
rate	0.00017392467745133835
rate	0.000193889685012448
rate	0.00021705995956819392
rate	0.00024293255444844696
rate	0.00026985503020882106
rate	0.00029642540460100933
rate	0.0003230254208095765
rate	0.00036118190368334844
rate	0.00040482138075514316
rate	0.0004514118869705016
rate	0.0004998750770901143
rate	0.0005504842605583703
rate	0.0006053437357833493
rate	0.0006652900156035499
rate	0.0007274198467946387
rate	0.0007888877173895322
rate	0.0008474653793975816
rate	0.0009024800089060626
rate	0.0009559805304744016
rate	0.0010086157228459728
rate	0.0010609403218976745
rate	0.001113803710741304
rate	0.0011671543493513984
rate	0.001220973050035776
rate	0.0012753365088968341
rate	0.0013302546002239152
rate	0.0013857631824601402
rate	0.0014419270301895294
rate	0.0014987623229435036
rate	0.0015563316622892696
rate	0.001614706107574253
rate	0.0016739294927081722
rate	6.967442415069824e-05
rate	4.1702591449808275e-06
rate	2.80501012783688e-06
rate	2.245961905239975e-06
rate	1.8623751033917023e-06
rate	1.6760797190723611e-06
rate	1.5445846415291862e-06
rate	1.4404889219243433e-06
rate	1.3144847013483927e-06
rate	1.1884863453426126e-06
rate	1.0734500224376475e-06
rate	1.0570170840214726e-06
rate	1.2377904216157478e-06
rate	1.6486827731301962e-06
rate	2.2349994303248224e-06
rate	2.936559831186133e-06
rate	3.5834787432619366e-06
rate	4.181194038880531e-06
rate	4.630934770733797e-06
rate	4.965543878355265e-06
rate	5.3385957373088436e-06
rate	5.689755978663196e-06
rate	5.914742240319529e-06
rate	5.914742240319529e-06
rate	5.733656143020522e-06
rate	5.486729452476384e-06
rate	5.239826681615899e-06
rate	5.102663956878362e-06
rate	5.1081438444321245e-06
rate	5.245295466003837e-06
rate	5.437319279477299e-06
rate	5.656791558897171e-06
rate	5.931156651193904e-06
rate	6.2329900124174425e-06
rate	6.600721006912973e-06
rate	7.039869744134684e-06
rate	7.57792484314174e-06
rate	8.214944813605217e-06
rate	8.956486314243941e-06
rate	9.780656942524918e-06
rate	1.0693022543228517e-05
rate	1.1682676249100005e-05
rate	1.278271379237038e-05
rate	1.4031798704816876e-05
rate	1.5408103885185e-05
rate	1.69118209955218e-05
rate	1.853212929733891e-05
rate	2.0346465829246367e-05
rate	2.2388347607483948e-05
rate	2.4658298424451895e-05
rate	2.7156895636917e-05
rate	2.9823848799082746e-05
rate	3.271502327717088e-05
rate	3.577561690079278e-05
rate	3.904511734114624e-05
rate	4.2490936189499385e-05
rate	4.620843182374923e-05
rate	5.02823389975821e-05
rate	5.477007781659505e-05
rate	5.9684875344761336e-05
rate	6.492250279612007e-05
rate	7.046232229207282e-05
rate	7.635682081470157e-05
rate	8.262518131379754e-05
rate	8.933783477982852e-05
rate	9.661714556272369e-05
rate	0.000104450558794555
rate	0.00011271155966085341
rate	0.0001212723018236604
rate	0.00013018718556237157
rate	0.0001395402382471303
rate	0.0001496828821437201
rate	0.00016097227221166307
rate	0.00017374930194536225
rate	0.00018805825930354118
rate	0.00020376976502765412
rate	0.00022062239737577418
rate	0.0002386535071128716
rate	0.0002579093079868153
rate	0.00027865921003142574
rate	0.0003024745550264637
rate	0.0003294381486881308
rate	0.00035781153774637085
rate	0.0003861441822891178
rate	0.0004144682891544114
rate	0.00044968271516477253
rate	0.0004900849308163875
rate	0.0005335785734463841
rate	0.0005790359617265003
rate	0.0006260185087834534
rate	0.000674670956163505
rate	0.0007265917016124148
rate	0.0007818425316166284
rate	0.0008401809353034026
rate	0.0008981855977329159
rate	0.000951759679388456
rate	0.0010018866989228586
rate	0.0010516249603963344
rate	0.0011012499939893122
rate	0.001150696916466684
rate	0.0012000434707379857
rate	0.0012492729367847611
rate	0.001298446997842338
rate	0.0013476352748191163
rate	0.0013968555573899205
rate	0.0014462010825605754
rate	0.0014957287565203015
rate	0.0015454920818046447
rate	0.001595568987213726
rate	0.001646043335086642
rate	5.392438656215351e-05
rate	3.6383403120693916e-06
rate	2.284328675378088e-06
rate	1.7637478739667749e-06
rate	1.495277441076913e-06
rate	1.2761384932555479e-06
rate	1.117272671133851e-06
rate	9.85804560641544e-07
rate	8.926853981595e-07
rate	8.105243224131435e-07
rate	7.557516416610688e-07
rate	7.283657121920565e-07
rate	7.721831007205743e-07
rate	9.145949416319881e-07
rate	1.0734480496158413e-06
rate	1.2870931824779173e-06
rate	1.5007555803211353e-06
rate	1.6870397254488204e-06
rate	1.7801849230165148e-06
rate	1.8349781023910143e-06
rate	1.884291717068515e-06
rate	1.9336064831427843e-06
rate	1.9993617527169795e-06
rate	2.0651186673695897e-06
rate	2.1308772271861616e-06
rate	2.1966374322526747e-06
rate	2.26239928265469e-06
rate	2.366525599318372e-06
rate	2.4870979597406284e-06
rate	2.651523237944544e-06
rate	2.837884219938612e-06
rate	3.057148211165132e-06
rate	3.2928763577487157e-06
rate	3.556038822159919e-06
rate	3.835676702609446e-06
rate	4.153731150565089e-06
rate	4.499246016914633e-06
rate	4.899659105610522e-06
rate	5.344021975131688e-06
rate	5.837842512344201e-06
rate	6.353705213872296e-06
rate	6.880644301236032e-06
rate	7.495535156902972e-06
rate	8.154500034764085e-06
rate	8.901518681493184e-06
rate	9.676216774877176e-06
rate	1.0500604114034592e-05
rate	1.140221815982319e-05
rate	1.2364634666232945e-05
rate	1.3404427571637454e-05
rate	1.4554714337913472e-05
rate	1.578809714330228e-05
rate	1.708815013398552e-05
rate	1.8416375008521833e-05
rate	1.9794878789734132e-05
rate	2.1273407273843835e-05
rate	2.292390779233732e-05
rate	2.4774321341636616e-05
rate	2.6852720008193315e-05
rate	2.917072111944881e-05
rate	3.170681052115803e-05
rate	3.446155242096452e-05
rate	3.746887235420691e-05
rate	4.076284012314809e-05
rate	4.4361194805429537e-05
rate	4.8293047324351835e-05
rate	5.265479385209827e-05
rate	5.760511514448432e-05
rate	6.323134419666445e-05
rate	6.956011453353277e-05
rate	7.637111413743288e-05
rate	8.38202165609913e-05
rate	9.237125852810467e-05
rate	0.00010230139523073874
rate	0.00011367130109009641
rate	0.00012612007952371928
rate	0.00013964565431188398
rate	0.00015485015903784973
rate	0.00017208962452702284
rate	0.00019151516556003797
rate	0.00021395693296694682
rate	0.00023901620755220198
rate	0.00026519600619353455
rate	0.000291309089159954
rate	0.0003177883032209236
rate	0.00035449371516102664
rate	0.0003967371600099921
rate	0.0004417136523386623
rate	0.0004879830077618813
rate	0.0005358972336444228
rate	0.0005880479497953179
rate	0.0006457135161988903
rate	0.0007057884024900051
rate	0.0007654079735380891
rate	0.0008224121506260217
rate	0.00087648132780616
rate	0.0009285813106579027
rate	0.0009790687916980518
rate	0.0010286008614659196
rate	0.0010781872571344108
rate	0.0011277466564867627
rate	0.0011772623957548266
rate	0.0012267958266675384
rate	0.0012763642331240777
rate	0.0013260073215056898
rate	0.0013757895060103483
rate	0.001425737828421159
rate	0.0014759262382813413
rate	0.0015264286130043424
rate	0.0015772982634411352
rate	6.779711690538368e-05
rate	4.038635655789331e-06
rate	2.747455116108132e-06
rate	2.2185606543075297e-06
rate	1.8349776912831825e-06
rate	1.6541633245990434e-06
rate	1.5281481680115383e-06
rate	1.4295317114527922e-06
rate	1.3007888049001014e-06
rate	1.172052009507134e-06
rate	1.0515384515005336e-06
rate	1.032366690014996e-06
rate	1.2158775353793384e-06
rate	1.6404642485608257e-06
rate	2.2514398517939274e-06
rate	2.983152449892444e-06
rate	3.6602368161370294e-06
rate	4.279903745748152e-06
rate	4.740629800483203e-06
rate	5.080737505831789e-06
rate	5.456548022078939e-06
rate	5.815953297658644e-06
rate	6.0464369564868475e-06
rate	6.0464369564868475e-06
rate	5.8625988201689746e-06
rate	5.601945009725129e-06
rate	5.341317457103836e-06
rate	5.190435805299587e-06
rate	5.187687480389433e-06
rate	5.324843086654147e-06
rate	5.516872479368548e-06
rate	5.736351136022172e-06
rate	6.010724201299012e-06
rate	6.312566334646633e-06
rate	6.677563715101383e-06
rate	7.1167247784649955e-06
rate	7.657540264706055e-06
rate	8.300070586607014e-06
rate	9.04163514579924e-06
rate	9.865831409350747e-06
rate	1.0769980191873199e-05
rate	1.1745914632035725e-05
rate	1.283222483792442e-05
rate	1.4078580521668224e-05
rate	1.545490922455337e-05
rate	1.696140676645843e-05
rate	1.8576231719327712e-05
rate	2.0371290061545297e-05
rate	2.237178552175749e-05
rate	2.4591993927814834e-05
rate	2.7032458555715017e-05
rate	2.9655000291281816e-05
rate	3.252936963464411e-05
rate	3.5614723500631064e-05
rate	3.893402580839332e-05
rate	4.244922545666636e-05
rate	4.622513842999968e-05
rate	5.0332532835868545e-05
rate	5.481476784494754e-05
rate	5.969606806291479e-05
rate	6.489166340797473e-05
rate	7.040051788851772e-05
rate	7.626954428020436e-05
rate	8.253488280416857e-05
rate	8.926428758765034e-05
rate	9.658594708482681e-05
rate	0.00010447046888521637
rate	0.00011278858618671857
rate	0.00012139535580089347
rate	0.00013033934979579193
rate	0.0001396986845256602
rate	0.00014985348186771945
rate	0.0001611900285889366
rate	0.00017407015982294147
rate	0.00018853324478059304
rate	0.00020444500980077086
rate	0.0002214679035922514
rate	0.00023950758370465424
rate	0.0002585108353708575
rate	0.0002787410495693226
rate	0.0003017680519597108
rate	0.00032780366138925786
rate	0.0003553038132214101
rate	0.0003831207154594559
rate	0.0004114069614353236
rate	0.000446329451318229
rate	0.00048673099338235933
rate	0.0005300407844830767
rate	0.0005744719525783912
rate	0.0006195234505960637
rate	0.0006659528630437572
rate	0.0007160777162147855
rate	0.0007698427612757474
rate	0.0008272532826892463
rate	0.0008848033502747121
rate	0.0009383073902189361
rate	0.0009867050438171856
rate	0.0010341707240314603
rate	0.001081018722311456
rate	0.0011271654060818366
rate	0.0011726852469152206
rate	0.0012175640393421341
rate	0.001261848177475509
rate	0.0013056234146684518
rate	0.0013489077357495087
rate	0.0013917988211397656
rate	0.001434369416681147
rate	0.0014766809650506002
rate	0.0015188148883453793
rate	0.0015608696177605227
rate	5.2499568908102085e-05
rate	3.523192825257928e-06
rate	2.2404857962431155e-06
rate	1.7336117761338496e-06
rate	1.4706231008172196e-06
rate	1.2514861262804184e-06
rate	1.0980997588575259e-06
rate	9.721103083009268e-07
rate	8.81730379853489e-07
rate	7.995696328562761e-07
rate	7.447971712593863e-07
rate	7.174113513646327e-07
rate	7.639672068288095e-07
rate	9.118561733574736e-07
rate	1.0789258875470564e-06
rate	1.3007888048808483e-06
rate	1.522670220535624e-06
rate	1.7171743155646823e-06
rate	1.8075809643771482e-06
rate	1.8623746920343424e-06
rate	1.9062094274203304e-06
rate	1.9500450948987573e-06
rate	2.0130609385652346e-06
rate	2.076078290236742e-06
rate	2.1390971499883393e-06
rate	2.2021175178956416e-06
rate	2.26513939403372e-06
rate	2.3637853782399664e-06
rate	2.4816172707391847e-06
rate	2.6460422197824743e-06
rate	2.8269214154719946e-06
rate	3.046184528690758e-06
rate	3.2846528961154407e-06
rate	3.5505559929074382e-06
rate	3.835676702609446e-06
rate	4.156473155489692e-06
rate	4.504730713391307e-06
rate	4.907887345380519e-06
rate	5.3577379065568315e-06
rate	5.851560917894518e-06
rate	6.361937824728466e-06
rate	6.880644301236032e-06
rate	7.492789797558021e-06
rate	8.151754014566855e-06
rate	8.904265445529625e-06
rate	9.684459382430812e-06
rate	1.0508849203865203e-05
rate	1.1404967433843918e-05
rate	1.2353633648492924e-05
rate	1.3374163068204013e-05
rate	1.4505169444779115e-05
rate	1.5719253300068667e-05
rate	1.7011008174189922e-05
rate	1.8344708572535776e-05
rate	1.9736965499467823e-05
rate	2.123201854234588e-05
rate	2.2890776940236603e-05
rate	2.4727353997863675e-05
rate	2.675594734137452e-05
rate	2.8999145367576278e-05
rate	3.144088948166215e-05
rate	3.4109395824463465e-05
rate	3.704414319750811e-05
rate	4.029868209038654e-05
rate	4.3879725020534506e-05
rate	4.780252279370834e-05
rate	5.214673489204748e-05
rate	5.705977371432418e-05
rate	6.261480555322637e-05
rate	6.884662009085201e-05
rate	7.553471576449532e-05
rate	8.286007151694456e-05
rate	9.129191878204433e-05
rate	0.00010113279947527661
rate	0.00011243214239783466
rate	0.00012485231472583218
rate	0.00013833123436190163
rate	0.00015337470954490784
rate	0.0001702545716027073
rate	0.00018914064610762793
rate	0.00021085390636569975
rate	0.00023509986065595696
rate	0.00026053698217824803
rate	0.00028619277371889874
rate	0.0003125511856322707
rate	0.0003478055266387049
rate	0.000388652939264841
rate	0.000432015417706823
rate	0.0004760909384336483
rate	0.0005213102067304754
rate	0.0005707521638072863
rate	0.0006261370167942307
rate	0.0006841569581853714
rate	0.0007419282296866461
rate	0.0007973589218544615
rate	0.0008504826467062574
rate	0.0009011820908414038
rate	0.0009495218605501305
rate	0.0009962614010341647
rate	0.0010425708035275176
rate	0.0010883389636221273
rate	0.001133551741473877
rate	0.0011782551444382424
rate	0.0012224738660242401
rate	0.0012662514605512396
rate	0.0013096519818311674
rate	0.0013527133338988142
rate	0.001395520814273413
rate	0.001438151118434432
rate	0.0014806670341740982
rate	6.59198096600691e-05
rate	3.907012166597836e-06
rate	2.6899001043793833e-06
rate	2.1911594033750845e-06
rate	1.8075802791746626e-06
rate	1.6322469301257255e-06
rate	1.5117116944938907e-06
rate	1.4185745009812412e-06
rate	1.2870929084518104e-06
rate	1.155617673671655e-06
rate	1.0296268805634196e-06
rate	1.0077162960085196e-06
rate	1.193964649142929e-06
rate	1.632245723991455e-06
rate	2.267880273263032e-06
rate	3.029745068598755e-06
rate	3.736994889012123e-06
rate	4.378613452615773e-06
rate	4.85032483023261e-06
rate	5.195931133308313e-06
rate	5.574500306849035e-06
rate	5.942150616654092e-06
rate	6.178131672654166e-06
rate	6.178131672654166e-06
rate	5.9915414973174275e-06
rate	5.717160566973872e-06
rate	5.4428082325917745e-06
rate	5.278207653720811e-06
rate	5.267231116346742e-06
rate	5.4043907073044556e-06
rate	5.596425679259798e-06
rate	5.815910713147173e-06
rate	6.090291751404119e-06
rate	6.392142656875824e-06
rate	6.754406423289792e-06
rate	7.193579812795308e-06
rate	7.73715568627037e-06
rate	8.385196359608812e-06
rate	9.126783977354539e-06
rate	9.951005876176575e-06
rate	1.0846937840517882e-05
rate	1.1809153014971443e-05
rate	1.2881735883478459e-05
rate	1.4125362338519572e-05
rate	1.550171456392174e-05
rate	1.7010992537395054e-05
rate	1.8620334141316515e-05
rate	2.0396114293844225e-05
rate	2.235522343603103e-05
rate	2.4525689431177773e-05
rate	2.6908021474513032e-05
rate	2.9486151783480883e-05
rate	3.234371599211734e-05
rate	3.545383010046934e-05
rate	3.88229342756404e-05
rate	4.240751472383332e-05
rate	4.624184503625013e-05
rate	5.038272667415499e-05
rate	5.485945787330002e-05
rate	5.9707260781068245e-05
rate	6.486082401982938e-05
rate	7.033871348496263e-05
rate	7.618226774570714e-05
rate	8.244458429453962e-05
rate	8.919074039547218e-05
rate	9.655474860692992e-05
rate	0.00010449037897587775
rate	0.00011286561271258371
rate	0.00012151840977812654
rate	0.00013049151402921226
rate	0.00013985713080419006
rate	0.00015002408159171877
rate	0.00016140778496621014
rate	0.0001743910177005207
rate	0.0001890082302576449
rate	0.0002051202545738876
rate	0.00022231340980872867
rate	0.00024036166029643688
rate	0.00025911236275489967
rate	0.0002788228891072194
rate	0.00030106154889295787
rate	0.00032616917409038486
rate	0.0003527960886964493
rate	0.00038009724862979403
rate	0.0004083456337162358
rate	0.00044297618747168556
rate	0.00048337705594833115
rate	0.0005265029955197691
rate	0.0005699079434302821
rate	0.0006130283924086739
rate	0.0006572347699240093
rate	0.0007055637308171561
rate	0.0007578429909348664
rate	0.0008143256300750899
rate	0.0008714211028165083
rate	0.0009248551010494162
rate	0.0009715233887115127
rate	0.0010167164876665863
rate	0.0010607874506335998
rate	0.001103633895696989
rate	0.0011453270230924555
rate	0.001185855141899507
rate	0.0012252493571086797
rate	0.0012636115545177874
rate	0.001300959914109097
rate	0.0013373965597189557
rate	0.0013730100768419929
rate	0.0014078698482965554
rate	0.0014420607894770324
rate	0.0014756959004344036
rate	5.107475125405066e-05
rate	3.4080453384464645e-06
rate	2.1966429171081432e-06
rate	1.703475678300924e-06
rate	1.4459687605575262e-06
rate	1.226833759305289e-06
rate	1.0789268465812007e-06
rate	9.584160559603093e-07
rate	8.707753615474779e-07
rate	7.886149432994085e-07
rate	7.338427008577039e-07
rate	7.064569905372089e-07
rate	7.557513129370446e-07
rate	9.091174050829592e-07
rate	1.0844037254782714e-06
rate	1.3144844272837791e-06
rate	1.5445848607501126e-06
rate	1.7473089056805442e-06
rate	1.8349770057377817e-06
rate	1.8897712816776706e-06
rate	1.928127137772146e-06
rate	1.9664837066547308e-06
rate	2.0267601244134897e-06
rate	2.087037913103894e-06
rate	2.1473170727905175e-06
rate	2.2075976035386085e-06
rate	2.2678795054127503e-06
rate	2.3610451571615607e-06
rate	2.476136581737741e-06
rate	2.6405612016204046e-06
rate	2.815958611005377e-06
rate	3.035220846216384e-06
rate	3.276429434482166e-06
rate	3.545073163654957e-06
rate	3.835676702609446e-06
rate	4.1592151604142955e-06
rate	4.5102154098679825e-06
rate	4.916115585150516e-06
rate	5.371453837981976e-06
rate	5.8652793234448355e-06
rate	6.3701704355846366e-06
rate	6.880644301236032e-06
rate	7.49004443821307e-06
rate	8.149007994369628e-06
rate	8.907012209566065e-06
rate	9.692701989984449e-06
rate	1.0517094293695816e-05
rate	1.1407716707864648e-05
rate	1.2342632630752905e-05
rate	1.334389856477057e-05
rate	1.4455624551644757e-05
rate	1.5650409456835056e-05
rate	1.693386621439432e-05
rate	1.8273042136549718e-05
rate	1.967905220920151e-05
rate	2.119062981084793e-05
rate	2.285764608813588e-05
rate	2.4680386654090734e-05
rate	2.6659174674555727e-05
rate	2.8827569615703743e-05
rate	3.1174968442166274e-05
rate	3.375723922796241e-05
rate	3.661941404080932e-05
rate	3.9834524057624985e-05
rate	4.339825523563947e-05
rate	4.731199826306485e-05
rate	5.163867593199669e-05
rate	5.651443228416403e-05
rate	6.199826690978831e-05
rate	6.813312564817125e-05
rate	7.469831739155775e-05
rate	8.189992647289783e-05
rate	9.021257903598399e-05
rate	9.996420371981448e-05
rate	0.0001111929837055729
rate	0.00012358454992794507
rate	0.00013701681441191928
rate	0.00015189926005196598
rate	0.00016841951867839177
rate	0.00018676612665521788
rate	0.00020775087976445265
rate	0.00023118351375971198
rate	0.0002558779581629615
rate	0.0002810764582778434
rate	0.0003073140680436177
rate	0.0003411173381163831
rate	0.00038056871851968995
rate	0.0004223171830749837
rate	0.00046419886910541527
rate	0.0005067231798165279
rate	0.0005534563778192547
rate	0.0006065605173895712
rate	0.0006625255138807377
rate	0.000718448485835203
rate	0.0007723056930829014
rate	0.0008244839656063547
rate	0.0008737828710249048
rate	0.0009199749294022094
rate	0.0009639219406024098
rate	0.0010069543499206244
rate	0.0010489312707574916
rate	0.0010898410871929278
rate	0.0011297144622089467
rate	0.0011685834989244026
rate	0.0012064955995967895
rate	0.0012435144576519862
rate	0.0012796888393764696
rate	0.0013151153902654844
rate	0.001349873623864521
rate	0.0013840358049070612
rate	6.404250241475453e-05
rate	3.77538867740634e-06
rate	2.6323450926506355e-06
rate	2.1637581524426393e-06
rate	1.7801828670661428e-06
rate	1.6103305356524076e-06
rate	1.4952752209762427e-06
rate	1.4076172905096903e-06
rate	1.2733970120035191e-06
rate	1.1391833378361764e-06
rate	1.0077153096263055e-06
rate	9.83065902002043e-07
rate	1.1720517629065198e-06
rate	1.6240271994220845e-06
rate	2.284320694732137e-06
rate	3.076337687305066e-06
rate	3.8137529618872164e-06
rate	4.477323159483394e-06
rate	4.960019859982016e-06
rate	5.311124760784837e-06
rate	5.692452591619131e-06
rate	6.068347935649539e-06
rate	6.3098263888214845e-06
rate	6.3098263888214845e-06
rate	6.1204841744658805e-06
rate	5.832376124222617e-06
rate	5.544299008079713e-06
rate	5.365979502142036e-06
rate	5.346774752304052e-06
rate	5.483938327954765e-06
rate	5.675978879151047e-06
rate	5.895470290272173e-06
rate	6.169859301509226e-06
rate	6.471718979105015e-06
rate	6.831249131478201e-06
rate	7.27043484712562e-06
rate	7.816771107834684e-06
rate	8.470322132610609e-06
rate	9.211932808909837e-06
rate	1.0036180343002403e-05
rate	1.0923895489162566e-05
rate	1.1872391397907163e-05
rate	1.29312469290325e-05
rate	1.4172144155370918e-05
rate	1.5548519903290108e-05
rate	1.7060578308331682e-05
rate	1.866443656330532e-05
rate	2.0420938526143155e-05
rate	2.2338661350304573e-05
rate	2.445938493454071e-05
rate	2.678358439331105e-05
rate	2.9317303275679954e-05
rate	3.2158062349590564e-05
rate	3.5292936700307624e-05
rate	3.871184274288748e-05
rate	4.236580399100029e-05
rate	4.625855164250057e-05
rate	5.043292051244144e-05
rate	5.490414790165251e-05
rate	5.9718453499221696e-05
rate	6.482998463168403e-05
rate	7.027690908140753e-05
rate	7.609499121120993e-05
rate	8.235428578491066e-05
rate	8.911719320329401e-05
rate	9.652355012903304e-05
rate	0.00010451028906653912
rate	0.00011294263923844887
rate	0.00012164146375535959
rate	0.0001306436782626326
rate	0.00014001557708271994
rate	0.00015019468131571812
rate	0.0001616255413434837
rate	0.00017471187557809988
rate	0.00018948321573469674
rate	0.00020579549934700433
rate	0.0002231589160252059
rate	0.00024121573688821952
rate	0.0002597138901389418
rate	0.00027890472864511626
rate	0.00030035504582620495
rate	0.0003245346867915119
rate	0.00035028836417148846
rate	0.00037707378180013213
rate	0.00040528430599714803
rate	0.00043962292362514205
rate	0.00048002311851430297
rate	0.0005229652065564616
rate	0.0005653439342821731
rate	0.0006065333342212841
rate	0.0006485166768042615
rate	0.0006950497454195269
rate	0.0007458432205939854
rate	0.0008013979774609336
rate	0.0008580388553583045
rate	0.0009114028118798963
rate	0.0009563417336058398
rate	0.0009992622513017122
rate	0.0010405561789557437
rate	0.0010801023853121415
rate	0.0011179687992696904
rate	0.0011541462444568803
rate	0.0011886505367418505
rate	0.0012215996943671231
rate	0.001253012092468685
rate	0.0012829942982981457
rate	0.0013116507370028387
rate	0.001339058731542511
rate	0.0013653066906086856
rate	0.0013905221831082845
rate	4.964993359999924e-05
rate	3.292897851635001e-06
rate	2.1528000379731705e-06
rate	1.6733395804679988e-06
rate	1.4213144202978327e-06
rate	1.2021813923301596e-06
rate	1.0597539343048757e-06
rate	9.447218036196921e-07
rate	8.598203432414668e-07
rate	7.776602537425411e-07
rate	7.228882304560214e-07
rate	6.955026297097852e-07
rate	7.475354190452797e-07
rate	9.063786368084448e-07
rate	1.0898815634094867e-06
rate	1.3281800496867101e-06
rate	1.5664995009646014e-06
rate	1.777443495796406e-06
rate	1.8623730470984152e-06
rate	1.917167871320999e-06
rate	1.950044848123961e-06
rate	1.9829223184107042e-06
rate	2.040459310261745e-06
rate	2.0979975359710463e-06
rate	2.155536995592695e-06
rate	2.2130776891815754e-06
rate	2.2706196167917805e-06
rate	2.358304936083155e-06
rate	2.470655892736297e-06
rate	2.635080183458335e-06
rate	2.8049958065387596e-06
rate	3.02425716374201e-06
rate	3.268205972848891e-06
rate	3.539590334402476e-06
rate	3.835676702609446e-06
rate	4.161957165338899e-06
rate	4.515700106344657e-06
rate	4.924343824920513e-06
rate	5.385169769407119e-06
rate	5.878997728995153e-06
rate	6.378403046440808e-06
rate	6.880644301236032e-06
rate	7.487299078868119e-06
rate	8.146261974172398e-06
rate	8.909758973602506e-06
rate	9.700944597538086e-06
rate	1.0525339383526428e-05
rate	1.1410465981885376e-05
rate	1.2331631613012884e-05
rate	1.3313634061337129e-05
rate	1.4406079658510398e-05
rate	1.5581565613601442e-05
rate	1.685672425459872e-05
rate	1.820137570056366e-05
rate	1.96211389189352e-05
rate	2.1149241079349975e-05
rate	2.2824515236035162e-05
rate	2.4633419310317794e-05
rate	2.656240200773693e-05
rate	2.865599386383121e-05
rate	3.090904740267039e-05
rate	3.340508263146135e-05
rate	3.619468488411052e-05
rate	3.937036602486343e-05
rate	4.291678545074444e-05
rate	4.682147373242136e-05
rate	5.1130616971945904e-05
rate	5.596909085400389e-05
rate	6.138172826635023e-05
rate	6.74196312054905e-05
rate	7.386191901862019e-05
rate	8.093978142885108e-05
rate	8.913323928992367e-05
rate	9.879560796435234e-05
rate	0.00010995382501331115
rate	0.00012231678513005797
rate	0.00013570239446193693
rate	0.0001504238105590241
rate	0.00016658446575407623
rate	0.00018439160720280784
rate	0.00020464785316320558
rate	0.00022726716686346696
rate	0.00025121893414767506
rate	0.0002759601428367881
rate	0.0003020769504549648
rate	0.00033442914959406133
rate	0.00037248449777453884
rate	0.0004126189484431444
rate	0.0004523067997771823
rate	0.0004921361529025804
rate	0.0005361605918312232
rate	0.0005869840179849116
rate	0.0006408940695761041
rate	0.00069496874198376
rate	0.0007472524643113414
rate	0.0007984852845064521
rate	0.0008463836512084058
rate	0.0008904279982542883
rate	0.000931582480170655
rate	0.0009713378963137312
rate	0.001009523577892856
rate	0.0010461304329119786
rate	0.0010811737799796507
rate	0.001114693131824565
rate	0.001146739738642339
rate	0.001177376933472805
rate	0.001206664344854125
rate	0.0012347099662575558
rate	0.0012615961292946104
rate	0.0012874045756400242
rate	6.216519516943996e-05
rate	3.643765188214844e-06
rate	2.5747900809218873e-06
rate	2.136356901510194e-06
rate	1.752785454957623e-06
rate	1.58841414117909e-06
rate	1.4788387474585948e-06
rate	1.3966600800381393e-06
rate	1.259701115555228e-06
rate	1.1227490020006977e-06
rate	9.858037386891915e-07
rate	9.584155079955666e-07
rate	1.1501388766701104e-06
rate	1.615808674852714e-06
rate	2.3007611162012415e-06
rate	3.1229303060113767e-06
rate	3.89051103476231e-06
rate	4.576032866351015e-06
rate	5.069714889731423e-06
rate	5.426318388261361e-06
rate	5.810404876389227e-06
rate	6.1945452546449866e-06
rate	6.441521104988803e-06
rate	6.441521104988803e-06
rate	6.2494268516143334e-06
rate	5.9475916814713605e-06
rate	5.645789783567651e-06
rate	5.45375135056326e-06
rate	5.426318388261361e-06
rate	5.563485948605074e-06
rate	5.755532079042296e-06
rate	5.975029867397174e-06
rate	6.2494268516143334e-06
rate	6.551295301334206e-06
rate	6.908091839666611e-06
rate	7.3472898814559316e-06
rate	7.896386529398998e-06
rate	8.555447905612406e-06
rate	9.297081640465136e-06
rate	1.0121354809828231e-05
rate	1.1000853137807248e-05
rate	1.1935629780842883e-05
rate	1.298075797458654e-05
rate	1.4218925972222266e-05
rate	1.5595325242658478e-05
rate	1.7110164079268307e-05
rate	1.8708538985294125e-05
rate	2.0445762758442086e-05
rate	2.2322099264578115e-05
rate	2.439308043790365e-05
rate	2.6659147312109065e-05
rate	2.914845476787902e-05
rate	3.197240870706379e-05
rate	3.513204330014591e-05
rate	3.860075121013456e-05
rate	4.2324093258167265e-05
rate	4.627525824875102e-05
rate	5.0483114350727886e-05
rate	5.4948837930004994e-05
rate	5.972964621737515e-05
rate	6.479914524353869e-05
rate	7.021510467785244e-05
rate	7.600771467671271e-05
rate	8.226398727528169e-05
rate	8.904364601111584e-05
rate	9.649235165113616e-05
rate	0.0001045301991572005
rate	0.00011301966576431401
rate	0.00012176451773259266
rate	0.00013079584249605297
rate	0.00014017402336124983
rate	0.00015036528103971747
rate	0.00016184329772075723
rate	0.0001750327334556791
rate	0.0001899582012117486
rate	0.00020647074412012106
rate	0.00022400442224168317
rate	0.00024206981348000217
rate	0.00026031541752298396
rate	0.00027898656818301306
rate	0.00029964854275945204
rate	0.000322900199492639
rate	0.0003477806396465277
rate	0.00037405031497047024
rate	0.0004022229782780602
rate	0.0004362696597785986
rate	0.00047666918108027484
rate	0.0005194274175931542
rate	0.0005607799251340639
rate	0.0006000382760338943
rate	0.0006397985836845137
rate	0.0006845357600218975
rate	0.0007338434502531044
rate	0.0007884703248467773
rate	0.0008446566079001006
rate	0.0008979505227103763
rate	0.0009411600785001668
rate	0.0009818080149368383
rate	0.0010203249072778876
rate	0.0010565708749272938
rate	0.0010906105754469252
rate	0.0011224373470142533
rate	0.0011520517163750212
rate	0.0011795878342164587
rate	0.0012050642708282733
rate	0.001228592036877336
rate	0.0012502913971636843
rate	0.0012702476147884664
rate	0.001288552591740339
rate	0.0013053484657821652
rate	4.8225115945947816e-05
rate	3.1777503648235373e-06
rate	2.1089571588381983e-06
rate	1.6432034826350735e-06
rate	1.3966600800381393e-06
rate	1.1775290253550301e-06
rate	1.0405810220285505e-06
rate	9.310275512790748e-07
rate	8.488653249354557e-07
rate	7.667055641856736e-07
rate	7.11933760054339e-07
rate	6.845482688823615e-07
rate	7.393195251535149e-07
rate	9.036398685339303e-07
rate	1.0953594013407018e-06
rate	1.3418756720896411e-06
rate	1.58841414117909e-06
rate	1.807578085912268e-06
rate	1.8897690884590486e-06
rate	1.944564460964327e-06
rate	1.9719625584757766e-06
rate	1.9993609301666773e-06
rate	2.05415849611e-06
rate	2.1089571588381983e-06
rate	2.1637569183948734e-06
rate	2.2185577748245423e-06
rate	2.2733597281708107e-06
rate	2.3555647150047493e-06
rate	2.4651752037348532e-06
rate	2.629599165296265e-06
rate	2.794033002072142e-06
rate	3.0132934812676357e-06
rate	3.259982511215616e-06
rate	3.5341075051499953e-06
rate	3.835676702609446e-06
rate	4.164699170263502e-06
rate	4.521184802821331e-06
rate	4.93257206469051e-06
rate	5.3988857008322635e-06
rate	5.89271613454547e-06
rate	6.386635657296978e-06
rate	6.880644301236032e-06
rate	7.484553719523168e-06
rate	8.143515953975168e-06
rate	8.912505737638947e-06
rate	9.709187205091721e-06
rate	1.053358447335704e-05
rate	1.1413215255906106e-05
rate	1.2320630595272864e-05
rate	1.3283369557903688e-05
rate	1.435653476537604e-05
rate	1.5512721770367828e-05
rate	1.6779582294803117e-05
rate	1.8129709264577604e-05
rate	1.956322562866889e-05
rate	2.110785234785202e-05
rate	2.279138438393444e-05
rate	2.4586451966544853e-05
rate	2.646562934091814e-05
rate	2.8484418111958678e-05
rate	3.064312636317451e-05
rate	3.30529260349603e-05
rate	3.576995572741172e-05
rate	3.890620799210188e-05
rate	4.2435315665849406e-05
rate	4.6330949201777866e-05
rate	5.062255801189512e-05
rate	5.542374942384375e-05
rate	6.0765189622912165e-05
rate	6.670613676280974e-05
rate	7.302552064568263e-05
rate	7.997963638480434e-05
rate	8.805389954386333e-05
rate	9.762701220889021e-05
rate	0.0001087146663210494
rate	0.00012104902033217088
rate	0.00013438797451195458
rate	0.00014894836106608224
rate	0.0001647494128297607
rate	0.0001820170877503978
rate	0.00020154482656195848
rate	0.00022335081996722198
rate	0.00024655991013238854
rate	0.00027084382739573276
rate	0.0002968398328663119
rate	0.00032774096107173953
rate	0.0003644002770293878
rate	0.0004029207138113051
rate	0.00044041473044894924
rate	0.00047754912598863296
rate	0.0005188648058431916
rate	0.000567407518580252
rate	0.0006192626252714704
rate	0.0006714889981323171
rate	0.0007221992355397813
rate	0.0007724866034065495
rate	0.0008189844313919068
rate	0.0008608810671063672
rate	0.0008992430197389001
rate	0.000935721442706838
rate	0.0009701158850282205
rate	0.001002419778631029
rate	0.001032633097750355
rate	0.0010608027647247276
rate	0.0010869838776878889
rate	0.0011112394092936241
rate	0.0011336398503317801
rate	0.0011543045422496275
rate	0.0011733186347246997
rate	0.0011907733463729872
rate	5.9789314388880096e-05
rate	3.556051337071384e-06
rate	2.5172471658463664e-06
rate	2.0815626254770836e-06
rate	1.7062161454974092e-06
rate	1.544586614728192e-06
rate	1.4377518801812601e-06
rate	1.3555744459032445e-06
rate	1.2213562499751402e-06
rate	1.0816674778060618e-06
rate	9.447242691563517e-07
rate	9.200748615320892e-07
rate	1.1172728354102156e-06
rate	1.585676195287309e-06
rate	2.267881260428695e-06
rate	3.0735971919398654e-06
rate	3.824717083418165e-06
rate	4.493772306067537e-06
rate	4.981955350171194e-06
rate	5.341289836070326e-06
rate	5.7253643967632846e-06
rate	6.106749657952944e-06
rate	6.35371758935043e-06
rate	6.359204484190356e-06
rate	6.180832761313407e-06
rate	5.89820764838055e-06
rate	5.618356134037871e-06
rate	5.43729198547994e-06
rate	5.407116084262298e-06
rate	5.53056688857164e-06
rate	5.703408405965139e-06
rate	5.90095641548453e-06
rate	6.153399936425906e-06
rate	6.438797610026922e-06
rate	6.779118145400384e-06
rate	7.2045762703626115e-06
rate	7.734434682724427e-06
rate	8.368755038703458e-06
rate	9.08288668330499e-06
rate	9.87689279434418e-06
rate	1.0731595953754769e-05
rate	1.1652545496414139e-05
rate	1.2678330209320394e-05
rate	1.3888872191662767e-05
rate	1.5229355696476919e-05
rate	1.6705476180278104e-05
rate	1.8270586332107178e-05
rate	1.998274781797213e-05
rate	2.1842234083097224e-05
rate	2.3890793248860278e-05
rate	2.612333177842378e-05
rate	2.8559684286646032e-05
rate	3.131670201812795e-05
rate	3.4398127418146474e-05
rate	3.7782840293013975e-05
rate	4.141360366493736e-05
rate	4.5258016285388734e-05
rate	4.9358750160080136e-05
rate	5.372807419565425e-05
rate	5.842319346675563e-05
rate	6.342053452425044e-05
rate	6.87694972772466e-05
rate	7.450025845845147e-05
rate	8.068295500243387e-05
rate	8.736311274325887e-05
rate	9.46663572628396e-05
rate	0.00010254067510553916
rate	0.00011087390346450173
rate	0.00011952105448315881
rate	0.00012851651532163217
rate	0.00013792406047056396
rate	0.00014813851898608918
rate	0.00015956112753459103
rate	0.0001725486342332377
rate	0.00018713509281598147
rate	0.000203251069976592
rate	0.00022043551441816486
rate	0.00023823253030482884
rate	0.0002563398669707997
rate	0.00027500492470304203
rate	0.00029571221930901263
rate	0.00031902772230398306
rate	0.0003440110049180055
rate	0.00037033746362277286
rate	0.0003984438357851075
rate	0.00043209232940085037
rate	0.00047182450148517774
rate	0.0005137702088005651
rate	0.0005544590105824895
rate	0.0005933675294175185
rate	0.0006329977113840665
rate	0.0006776036825249487
rate	0.000726881209602188
rate	0.0007814656647830475
rate	0.0008376466145836271
rate	0.0008911453776647931
rate	0.0009348548351033365
rate	0.0009760649698578278
rate	0.0010151518664684306
rate	0.001051978263950148
rate	0.0010865951454960198
rate	0.0011189897513752634
rate	0.0011491604188538435
rate	0.001177234853058737
rate	0.0012032336626462059
rate	0.0012272573111200909
rate	0.0012494282520779216
rate	0.0012698255869327006
rate	0.001288548208408814
rate	0.0013057324344730088
rate	4.648629833594187e-05
rate	3.0955317998416586e-06
rate	2.0514240325678673e-06
rate	1.5938970220385772e-06
rate	1.3473580588877184e-06
rate	1.1446626553130727e-06
rate	1.010454872341047e-06
rate	9.036411013144384e-07
rate	8.242181363296356e-07
rate	7.420591151693465e-07
rate	6.900261340678567e-07
rate	6.653791920130768e-07
rate	7.201500648125767e-07
rate	8.844692576859712e-07
rate	1.0761874480600247e-06
rate	1.3172240450147472e-06
rate	1.5582819630967293e-06
rate	1.7692255468316736e-06
rate	1.8514153980885087e-06
rate	1.9062100030287051e-06
rate	1.9336077167461077e-06
rate	1.9637451854135167e-06
rate	2.018542038553642e-06
rate	2.070600398023077e-06
rate	2.1226597720511483e-06
rate	2.1747201606785305e-06
rate	2.2267815639449565e-06
rate	2.3035057247649686e-06
rate	2.410374347124113e-06
rate	2.563835504614216e-06
rate	2.720045551475928e-06
rate	2.9283398249803593e-06
rate	3.1613202329111354e-06
rate	3.4244739716498023e-06
rate	3.715068948878128e-06
rate	4.033113900806602e-06
rate	4.381359353140336e-06
rate	4.781760279618476e-06
rate	5.234339857100661e-06
rate	5.711688505727019e-06
rate	6.194605875372739e-06
rate	6.68583707758148e-06
rate	7.281473482627177e-06
rate	7.926667345317368e-06
rate	8.676384694008473e-06
rate	9.456526720506992e-06
rate	1.026437321689064e-05
rate	1.1135677903703908e-05
rate	1.2040253891297766e-05
rate	1.3000145959618411e-05
rate	1.4062202814429048e-05
rate	1.520176337472234e-05
rate	1.644646851734762e-05
rate	1.7777163140502287e-05
rate	1.9193971880908766e-05
rate	2.0719103800893038e-05
rate	2.237483009878921e-05
rate	2.4142042623023567e-05
rate	2.600711566885301e-05
rate	2.8020042860812335e-05
rate	3.0183913129657227e-05
rate	3.2596075242660136e-05
rate	3.5301575031797176e-05
rate	3.8392937983068516e-05
rate	4.184368401416674e-05
rate	4.5632911242636875e-05
rate	4.980383377729055e-05
rate	5.4475488113223156e-05
rate	5.969236489614283e-05
rate	6.551085409452055e-05
rate	7.172671553734888e-05
rate	7.856252909902517e-05
rate	8.646109695144879e-05
rate	9.575799111632497e-05
rate	0.00010648182761861084
rate	0.00011838073127150612
rate	0.0001312827581451281
rate	0.0001454382478753741
rate	0.00016092362114314713
rate	0.00017795383842915364
rate	0.00019723214838068741
rate	0.0002187409147929233
rate	0.00024169321751466935
rate	0.000265762025377863
rate	0.0002915333678663728
rate	0.0003220210239301571
rate	0.00035804119967161325
rate	0.00039582894016954197
rate	0.00043270384049320454
rate	0.0004694083319720463
rate	0.0005103838354933519
rate	0.0005584803580308085
rate	0.0006098722044044618
rate	0.0006617080785813695
rate	0.0007122662497247936
rate	0.0007626423782048303
rate	0.0008094306893410979
rate	0.0008519545066415591
rate	0.0008911433205998767
rate	0.000928462464821374
rate	0.000963713880084198
rate	0.0009968813138828347
rate	0.0010279505963873337
rate	0.0010569617202601154
rate	0.0010839667420260298
rate	0.0011090134688169209
rate	0.00113217741241122
rate	0.0011535668069384412
rate	0.0011732682069345837
rate	0.0011913746067627547
rate	5.741343360832023e-05
rate	3.4683374859279236e-06
rate	2.459704250770845e-06
rate	2.0267683494439732e-06
rate	1.6596468360371954e-06
rate	1.500759088277294e-06
rate	1.3966650129039254e-06
rate	1.3144888117683498e-06
rate	1.183011384395052e-06
rate	1.0405859536114259e-06
rate	9.036447996235119e-07
rate	8.817342150686119e-07
rate	1.084406794150321e-06
rate	1.555543715721904e-06
rate	2.2350014046561484e-06
rate	3.0242640778683545e-06
rate	3.75892313207402e-06
rate	4.411511745784058e-06
rate	4.8941958106109635e-06
rate	5.256261283879292e-06
rate	5.640323917137342e-06
rate	6.018954061260901e-06
rate	6.2659140737120575e-06
rate	6.27688786339191e-06
rate	6.112238671012482e-06
rate	5.848823615289741e-06
rate	5.590922484508091e-06
rate	5.420832620396621e-06
rate	5.387913780263234e-06
rate	5.4976478285382055e-06
rate	5.6512847328879824e-06
rate	5.8268829635718855e-06
rate	6.057373021237479e-06
rate	6.326299918719637e-06
rate	6.650144451134157e-06
rate	7.0618626592692915e-06
rate	7.572482836049856e-06
rate	8.182062171794511e-06
rate	8.868691726144843e-06
rate	9.632430778860125e-06
rate	1.0462338769702289e-05
rate	1.1369461211985396e-05
rate	1.2375902444054246e-05
rate	1.3558818411103269e-05
rate	1.4863386150295358e-05
rate	1.63007882812879e-05
rate	1.7832633678920234e-05
rate	1.9519732877502172e-05
rate	2.1362368901616333e-05
rate	2.3388506059816906e-05
rate	2.5587516244738494e-05
rate	2.797091380541304e-05
rate	3.066099532919212e-05
rate	3.366421153614704e-05
rate	3.696492937589339e-05
rate	4.050311407170745e-05
rate	4.424077432202644e-05
rate	4.823438596943238e-05
rate	5.2507310461303506e-05
rate	5.7116740716136105e-05
rate	6.20419238049622e-05
rate	6.732388987664075e-05
rate	7.299280224019021e-05
rate	7.910192272958607e-05
rate	8.568257947540192e-05
rate	9.284036287454303e-05
rate	0.00010055115105387783
rate	0.00010872814116468946
rate	0.00011727759123372496
rate	0.00012623718814721137
rate	0.0001356740975798781
rate	0.00014591175693246092
rate	0.00015727895734842483
rate	0.00017006453501079626
rate	0.00018431198442021434
rate	0.00020003139583306295
rate	0.00021686660659464655
rate	0.00023439524712965548
rate	0.00025236431641861547
rate	0.00027102328122307105
rate	0.00029177589585857323
rate	0.0003151552451153271
rate	0.00034024137018948326
rate	0.00036662461227507555
rate	0.0003946646932921548
rate	0.00042791499902310214
rate	0.0004669798218900806
rate	0.0005081130000079761
rate	0.0005481380960309152
rate	0.0005866967828011427
rate	0.0006261968390836193
rate	0.0006706716050279999
rate	0.0007199189689512716
rate	0.0007744610047193178
rate	0.0008306366212671534
rate	0.0008843402326192099
rate	0.0009285495917065063
rate	0.0009703219247788174
rate	0.0010099788256589736
rate	0.0010473856529730023
rate	0.0010825797155451142
rate	0.0011155421557362735
rate	0.0011462691213326658
rate	0.0011748818719010154
rate	0.0012014030544641383
rate	0.001225922585362846
rate	0.0012485651069921591
rate	0.001269403559076935
rate	0.001288543825077289
rate	0.0013061164031638525
rate	4.474748072593592e-05
rate	3.01331323485978e-06
rate	1.9938909062975368e-06
rate	1.5445905614420809e-06
rate	1.2980560377372975e-06
rate	1.1117962852711152e-06
rate	9.803287226535435e-07
rate	8.76254651349802e-07
rate	7.995709477238154e-07
rate	7.174126661530195e-07
rate	6.681185080813743e-07
rate	6.462101151437922e-07
rate	7.009806044716386e-07
rate	8.65298646838012e-07
rate	1.0570154947793475e-06
rate	1.2925724179398533e-06
rate	1.528149785014369e-06
rate	1.7308730077510792e-06
rate	1.8130617077179688e-06
rate	1.8678555450930831e-06
rate	1.8952528750164391e-06
rate	1.9281294406603565e-06
rate	1.982925580997284e-06
rate	2.032243637207956e-06
rate	2.0815626257074232e-06
rate	2.130882546532519e-06
rate	2.1802033997191022e-06
rate	2.2514467345251885e-06
rate	2.3555734905133724e-06
rate	2.4980718439321673e-06
rate	2.6460581008797136e-06
rate	2.8433861686930834e-06
rate	3.062657954606655e-06
rate	3.3148404381496093e-06
rate	3.59446119514681e-06
rate	3.901528631349702e-06
rate	4.24153390345934e-06
rate	4.630948494546441e-06
rate	5.069794013369057e-06
rate	5.5306608769085676e-06
rate	6.0025760934485e-06
rate	6.491029853926928e-06
rate	7.078393245731187e-06
rate	7.70981873665957e-06
rate	8.440263650377999e-06
rate	9.203866235922264e-06
rate	9.99516196042424e-06
rate	1.085814055150171e-05
rate	1.1759877187322667e-05
rate	1.2716922361333134e-05
rate	1.3767870863482053e-05
rate	1.4890804979076851e-05
rate	1.6113354739892127e-05
rate	1.742461701642697e-05
rate	1.8824718133148638e-05
rate	2.0330355253934055e-05
rate	2.1958275813643977e-05
rate	2.369763327950228e-05
rate	2.5548601996787882e-05
rate	2.755566760966599e-05
rate	2.972469989613994e-05
rate	3.2139224450359976e-05
rate	3.483319433618264e-05
rate	3.787966797403515e-05
rate	4.125205236248406e-05
rate	4.4934873283495885e-05
rate	4.898510954268598e-05
rate	5.352722680260256e-05
rate	5.86195401693735e-05
rate	6.431557142623135e-05
rate	7.042791042901514e-05
rate	7.7145421813246e-05
rate	8.486829435903425e-05
rate	9.388897002375974e-05
rate	0.00010424898891617227
rate	0.00011571244221084137
rate	0.0001281775417783016
rate	0.00014192813468466597
rate	0.00015709782945653354
rate	0.00017389058910790946
rate	0.00019291947019941632
rate	0.00021413100961862464
rate	0.00023682652489695016
rate	0.00026068022335999327
rate	0.00028622690286643363
rate	0.00031630108678857465
rate	0.00035168212231383866
rate	0.00038873716652777876
rate	0.0004249929505374598
rate	0.0004612675379554597
rate	0.0005019028651435121
rate	0.0005495531974813651
rate	0.0006004817835374532
rate	0.0006519271590304219
rate	0.000702333263909806
rate	0.0007527981530031111
rate	0.0007998769472902889
rate	0.0008430279461767512
rate	0.0008830436214608533
rate	0.0009212034869359101
rate	0.0009573118751401754
rate	0.0009913428491346403
rate	0.0010232680950243123
rate	0.0010531206757955032
rate	0.0010809496063641708
rate	0.0011067875283402178
rate	0.00113071497449066
rate	0.001152829071627255
rate	0.0011732177791444677
rate	0.001191975867152522
rate	5.5037552827760364e-05
rate	3.3806236347844633e-06
rate	2.4021613356953244e-06
rate	1.971974073410863e-06
rate	1.6130775265769815e-06
rate	1.456931561826396e-06
rate	1.3555781456265907e-06
rate	1.273403177633455e-06
rate	1.1446665188149642e-06
rate	9.995044294167902e-07
rate	8.62565330090672e-07
rate	8.433935686051346e-07
rate	1.0515407528904263e-06
rate	1.525411236156499e-06
rate	2.202121548883602e-06
rate	2.974930963796843e-06
rate	3.693129180729875e-06
rate	4.32925118550058e-06
rate	4.806436271050734e-06
rate	5.1712327316882574e-06
rate	5.5552834375113995e-06
rate	5.931158464568859e-06
rate	6.178110558073684e-06
rate	6.194571242593464e-06
rate	6.0436445807115555e-06
rate	5.7994395821989305e-06
rate	5.5634888349783105e-06
rate	5.4043732553133e-06
rate	5.3687114762641714e-06
rate	5.464728768504771e-06
rate	5.5991610598108265e-06
rate	5.752809511659241e-06
rate	5.961346106049052e-06
rate	6.213802227412353e-06
rate	6.521170756867929e-06
rate	6.9191490481759715e-06
rate	7.410530989375285e-06
rate	7.995369304885564e-06
rate	8.654496768984694e-06
rate	9.387968763376073e-06
rate	1.019308158564981e-05
rate	1.1086376927556653e-05
rate	1.20734746787881e-05
rate	1.322876463054377e-05
rate	1.44974166041138e-05
rate	1.5896100382297697e-05
rate	1.7394681025733287e-05
rate	1.9056717937032217e-05
rate	2.0882503720135445e-05
rate	2.2886218870773536e-05
rate	2.5051700711053208e-05
rate	2.738214332418005e-05
rate	3.0005288640256287e-05
rate	3.29302956541476e-05
rate	3.61470184587728e-05
rate	3.9592624478477545e-05
rate	4.322353235866416e-05
rate	4.711002177878463e-05
rate	5.128654672695276e-05
rate	5.581028796551659e-05
rate	6.066331308567395e-05
rate	6.587828247603491e-05
rate	7.148534602192895e-05
rate	7.752089045673827e-05
rate	8.400204620754495e-05
rate	9.101436848624647e-05
rate	9.856162700221648e-05
rate	0.00010658237886487718
rate	0.00011503412798429112
rate	0.00012395786097279054
rate	0.00013342413468919224
rate	0.00014368499487883263
rate	0.00015499678716225862
rate	0.00016758043578835486
rate	0.00018148887602444723
rate	0.0001968117216895339
rate	0.00021329769877112827
rate	0.00023055796395448215
rate	0.0002483887658664312
rate	0.00026704163774310006
rate	0.0002878395724081338
rate	0.00031128276792667116
rate	0.00033647173546096104
rate	0.0003629117609273782
rate	0.00039088555079920203
rate	0.0004237376686453539
rate	0.00046213514229498343
rate	0.000502455791215387
rate	0.0005418171814793409
rate	0.0005800260361847669
rate	0.0006193959667831722
rate	0.0006637395275310511
rate	0.0007129567283003551
rate	0.0007674563446555879
rate	0.0008236266279506799
rate	0.0008775350875736267
rate	0.000922244348309676
rate	0.0009645788796998069
rate	0.0010048057848495166
rate	0.0010427930419958569
rate	0.0010785642855942088
rate	0.0011120945600972835
rate	0.001143377823811488
rate	0.001172528890743294
rate	0.0011995724462820709
rate	0.001224587859605601
rate	0.0012477019619063965
rate	0.0012689815312211692
rate	0.0012885394417457639
rate	0.0013065003718546963
rate	4.300866311592997e-05
rate	2.9310946698779008e-06
rate	1.9363577800272062e-06
rate	1.4952841008455846e-06
rate	1.2487540165868766e-06
rate	1.0789299152291577e-06
rate	9.502025729660398e-07
rate	8.488682013851656e-07
rate	7.749237591179952e-07
rate	6.927662171366924e-07
rate	6.462108820948919e-07
rate	6.270410382745076e-07
rate	6.818111441307004e-07
rate	8.46128035990053e-07
rate	1.0378435414986702e-06
rate	1.2679207908649593e-06
rate	1.4980176069320084e-06
rate	1.6925204686704848e-06
rate	1.7747080173474289e-06
rate	1.8295010871574611e-06
rate	1.8568980332867705e-06
rate	1.8925136959071961e-06
rate	1.9473091234409257e-06
rate	1.9938868763928347e-06
rate	2.040465479363698e-06
rate	2.0870449323865067e-06
rate	2.133625235493248e-06
rate	2.199387744285408e-06
rate	2.300772633902632e-06
rate	2.4323081832501184e-06
rate	2.5720706502834993e-06
rate	2.758432512405807e-06
rate	2.9639956763021742e-06
rate	3.205206904649416e-06
rate	3.4738534414154916e-06
rate	3.7699433618928013e-06
rate	4.101708453778345e-06
rate	4.480136709474406e-06
rate	4.905248169637454e-06
rate	5.349633248090117e-06
rate	5.8105463115242605e-06
rate	6.296222630272375e-06
rate	6.8753130088351955e-06
rate	7.4929701280017704e-06
rate	8.204142606747525e-06
rate	8.951205751337535e-06
rate	9.72595070395784e-06
rate	1.0580603199299514e-05
rate	1.147950048334757e-05
rate	1.2433698763047857e-05
rate	1.347353891253506e-05
rate	1.4579846583431362e-05
rate	1.578024096243663e-05
rate	1.7072070892351653e-05
rate	1.8455464385388513e-05
rate	1.9941606706975072e-05
rate	2.154172152849875e-05
rate	2.3253223935980994e-05
rate	2.509008832472275e-05
rate	2.7091292358519645e-05
rate	2.9265486662622654e-05
rate	3.168237365805981e-05
rate	3.43648136405681e-05
rate	3.736639796500179e-05
rate	4.0660420710801395e-05
rate	4.4236835324354894e-05
rate	4.8166385308081406e-05
rate	5.257896549198196e-05
rate	5.754671544260417e-05
rate	6.312028875794215e-05
rate	6.91291053206814e-05
rate	7.572831452746685e-05
rate	8.327549176661971e-05
rate	9.20199489311945e-05
rate	0.0001020161502137337
rate	0.0001130441531501766
rate	0.0001250723254114751
rate	0.00013841802149395783
rate	0.00015327203776991998
rate	0.0001698273397866653
rate	0.00018860679201814526
rate	0.00020952110444432597
rate	0.000231959832279231
rate	0.0002555984213421235
rate	0.0002809204378664945
rate	0.0003105811496469922
rate	0.0003453230449560641
rate	0.0003816453928860156
rate	0.00041728206058171504
rate	0.00045312674393887305
rate	0.0004934218947936723
rate	0.0005406260369319215
rate	0.0005910913626704445
rate	0.0006421462394794744
rate	0.0006924002780948184
rate	0.0007429539278013919
rate	0.00079032320523948
rate	0.0008341013857119431
rate	0.0008749439223218299
rate	0.0009139445090504461
rate	0.0009509098701961528
rate	0.000985804384386446
rate	0.0010185855936612912
rate	0.0010492796313308912
rate	0.0010779324707023115
rate	0.0011045615878635146
rate	0.0011292525365700998
rate	0.0011520913363160688
rate	0.0011731673513543518
rate	0.0011925771275422895
rate	5.26616720472005e-05
rate	3.292909783641003e-06
rate	2.344618420619803e-06
rate	1.9171797973777525e-06
rate	1.5665082171167677e-06
rate	1.4131040353754982e-06
rate	1.314491278349256e-06
rate	1.23231754349856e-06
rate	1.1063216532348763e-06
rate	9.584229052221543e-07
rate	8.214858605578322e-07
rate	8.050529221416573e-07
rate	1.0186747116305317e-06
rate	1.495278756591094e-06
rate	2.1692416931110556e-06
rate	2.9255978497253322e-06
rate	3.62733522938573e-06
rate	4.246990625217102e-06
rate	4.718676731490505e-06
rate	5.0862041794972224e-06
rate	5.470242957885457e-06
rate	5.843362867876816e-06
rate	6.090307042435311e-06
rate	6.112254621795017e-06
rate	5.97505049041063e-06
rate	5.75005554910812e-06
rate	5.536055185448531e-06
rate	5.38791389022998e-06
rate	5.349509172265109e-06
rate	5.431809708471337e-06
rate	5.54703738673367e-06
rate	5.678736059746597e-06
rate	5.865319190860624e-06
rate	6.101304536105068e-06
rate	6.392197062601702e-06
rate	6.7764354370826515e-06
rate	7.248579142700714e-06
rate	7.808676437976617e-06
rate	8.440301811824548e-06
rate	9.143506747892021e-06
rate	9.92382440159733e-06
rate	1.0803292643127909e-05
rate	1.1771046913521954e-05
rate	1.289871084998427e-05
rate	1.413144705793224e-05
rate	1.5491412483307498e-05
rate	1.695672837254634e-05
rate	1.8593702996562262e-05
rate	2.0402638538654554e-05
rate	2.2383931681730164e-05
rate	2.4515885177367922e-05
rate	2.679337284294706e-05
rate	2.9349581951320453e-05
rate	3.2196379772148165e-05
rate	3.532910754165221e-05
rate	3.868213488524764e-05
rate	4.220629039530187e-05
rate	4.598565758813688e-05
rate	5.006578299260202e-05
rate	5.4503835214897064e-05
rate	5.9284702366385704e-05
rate	6.443267507542907e-05
rate	6.99778898036677e-05
rate	7.593985818389045e-05
rate	8.232151293968798e-05
rate	8.918837409794991e-05
rate	9.657210295055515e-05
rate	0.0001044366165650649
rate	0.00011279066473485727
rate	0.00012167853379836975
rate	0.00013117417179850637
rate	0.00014145823282520433
rate	0.00015271461697609242
rate	0.00016509633656591342
rate	0.0001786657676286801
rate	0.00019359204754600484
rate	0.00020972879094760996
rate	0.0002267206807793088
rate	0.000244413215314247
rate	0.000263059994263129
rate	0.0002839032489576944
rate	0.0003074102907380152
rate	0.0003327021007324388
rate	0.00035919890957968086
rate	0.00038710640830624934
rate	0.0004195603382676057
rate	0.00045729046269988633
rate	0.0004967985824227978
rate	0.0005354962669277665
rate	0.0005733552895683911
rate	0.000612595094482725
rate	0.0006568074500341022
rate	0.0007059944876494387
rate	0.0007604516845918581
rate	0.0008166166346342063
rate	0.0008707299425280435
rate	0.0009159391049128457
rate	0.0009588358346207965
rate	0.0009996327440400597
rate	0.0010382004310187111
rate	0.0010745488556433034
rate	0.0011086469644582936
rate	0.0011404865262903104
rate	0.0011701759095855723
rate	0.0011977418381000032
rate	0.0012232531338483561
rate	0.001246838816820634
rate	0.0012685595033654037
rate	0.0012885350584142389
rate	0.0013068843405455398
rate	4.126984550592402e-05
rate	2.848876104896022e-06
rate	1.8788246537568753e-06
rate	1.4459776402490882e-06
rate	1.1994519954364557e-06
rate	1.0460635451872005e-06
rate	9.200764232785363e-07
rate	8.214817514205291e-07
rate	7.502765705121751e-07
rate	6.681197681203653e-07
rate	6.243032561084095e-07
rate	6.07871961405223e-07
rate	6.626416837897622e-07
rate	8.269574251420938e-07
rate	1.0186715882179932e-06
rate	1.2432691637900654e-06
rate	1.467885428849648e-06
rate	1.6541679295898905e-06
rate	1.7363543269768887e-06
rate	1.7911466292218394e-06
rate	1.818543191557102e-06
rate	1.8568979511540357e-06
rate	1.9116926658845677e-06
rate	1.9555301155777136e-06
rate	1.999368333019973e-06
rate	2.043207318240495e-06
rate	2.0870470712673937e-06
rate	2.1473287540456276e-06
rate	2.2459717772918916e-06
rate	2.3665445225680695e-06
rate	2.498083199687285e-06
rate	2.6734788561185307e-06
rate	2.8653333979976937e-06
rate	3.0955733711492228e-06
rate	3.3532456876841737e-06
rate	3.6383580924359007e-06
rate	3.961883004097349e-06
rate	4.3293249244023716e-06
rate	4.740702325905851e-06
rate	5.168605619271665e-06
rate	5.618516529600021e-06
rate	6.101415406617823e-06
rate	6.672232771939205e-06
rate	7.276121519343971e-06
rate	7.96802156311705e-06
rate	8.698545266752808e-06
rate	9.45673944749144e-06
rate	1.0303065847097316e-05
rate	1.1199123779372471e-05
rate	1.215047516476258e-05
rate	1.3179206961588067e-05
rate	1.4268888187785875e-05
rate	1.5447127184981134e-05
rate	1.6719524768276336e-05
rate	1.808621063762839e-05
rate	1.955285816001609e-05
rate	2.1125167243353516e-05
rate	2.2808814592459708e-05
rate	2.4631574652657624e-05
rate	2.6626917107373302e-05
rate	2.8806273429105368e-05
rate	3.122552286575965e-05
rate	3.389643294495356e-05
rate	3.6853127955968427e-05
rate	4.006878905911872e-05
rate	4.3538797365213904e-05
rate	4.7347661073476836e-05
rate	5.1630704181361366e-05
rate	5.6473890715834836e-05
rate	6.192500608965295e-05
rate	6.783030021234766e-05
rate	7.431120724168768e-05
rate	8.168268917420517e-05
rate	9.015092783862927e-05
rate	9.978331151129513e-05
rate	0.00011037586408951184
rate	0.00012196710904464862
rate	0.0001349079083032497
rate	0.00014944624608330642
rate	0.00016576409046542115
rate	0.0001842941138368742
rate	0.0002049111992700273
rate	0.0002270931396615118
rate	0.0002505166193242538
rate	0.0002756139728665554
rate	0.0003048612125054098
rate	0.0003389639675982896
rate	0.0003745536192442524
rate	0.00040957117062597034
rate	0.0004449859499222864
rate	0.0004849409244438326
rate	0.000531698876382478
rate	0.0005817009418034359
rate	0.0006323653199285268
rate	0.0006824672922798306
rate	0.0007331097025996727
rate	0.0007807694631886711
rate	0.0008251748252471352
rate	0.0008668442231828065
rate	0.0009066855311649821
rate	0.0009445078652521302
rate	0.0009802659196382515
rate	0.00101390309229827
rate	0.001045438586866279
rate	0.0010749153350404525
rate	0.0011023356473868113
rate	0.0011277900986495398
rate	0.0011513536010048827
rate	0.0011731169235642358
rate	0.001193178387932057
rate	5.0285791266640626e-05
rate	3.205195932497543e-06
rate	2.2870755055442823e-06
rate	1.862385521344642e-06
rate	1.519938907656554e-06
rate	1.3692765089246e-06
rate	1.2734044110719215e-06
rate	1.1912319093636653e-06
rate	1.0679767876547882e-06
rate	9.173413810275184e-07
rate	7.804063910249925e-07
rate	7.667122756781801e-07
rate	9.85808670370637e-07
rate	1.465146277025689e-06
rate	2.136361837338509e-06
rate	2.876264735653821e-06
rate	3.5615412780415852e-06
rate	4.164730064933623e-06
rate	4.6309171919302745e-06
rate	5.0011756273061874e-06
rate	5.385202478259514e-06
rate	5.7555672711847734e-06
rate	6.0025035267969386e-06
rate	6.02993800099657e-06
rate	5.906456400109704e-06
rate	5.70067151601731e-06
rate	5.50862153591875e-06
rate	5.371454525146661e-06
rate	5.330306868266046e-06
rate	5.398890648437902e-06
rate	5.494913713656513e-06
rate	5.604662607833952e-06
rate	5.769292275672198e-06
rate	5.988806844797784e-06
rate	6.263223368335475e-06
rate	6.6337218259893315e-06
rate	7.086627296026143e-06
rate	7.62198357106767e-06
rate	8.226106854664401e-06
rate	8.899044732407967e-06
rate	9.654567217544851e-06
rate	1.0520208358699164e-05
rate	1.1468619148255807e-05
rate	1.2568657069424773e-05
rate	1.376547751175068e-05
rate	1.5086724584317294e-05
rate	1.6518775719359393e-05
rate	1.8130688056092303e-05
rate	1.9922773357173663e-05
rate	2.188164449268679e-05
rate	2.3980069643682637e-05
rate	2.6204602361714072e-05
rate	2.8693875262384618e-05
rate	3.146246389014873e-05
rate	3.451119662453163e-05
rate	3.7771645292017725e-05
rate	4.1189048431939586e-05
rate	4.486129339748913e-05
rate	4.884501925825128e-05
rate	5.3197382464277546e-05
rate	5.790609164709746e-05
rate	6.298706767482322e-05
rate	6.847043358540646e-05
rate	7.435882591104264e-05
rate	8.064097967183103e-05
rate	8.736237970965335e-05
rate	9.458257889889381e-05
rate	0.00010229085426525262
rate	0.00011054720148542344
rate	0.00011939920662394895
rate	0.00012892420890782053
rate	0.00013923147077157604
rate	0.00015043244678992622
rate	0.00016261223734347202
rate	0.00017584265923291297
rate	0.00019037237340247578
rate	0.00020615988312409165
rate	0.00022288339760413546
rate	0.0002404376647620627
rate	0.000259078350783158
rate	0.000279966925507255
rate	0.00030353781354935927
rate	0.0003289324660039166
rate	0.0003554860582319835
rate	0.00038332726581329665
rate	0.00041538300788985746
rate	0.00045244578310478924
rate	0.0004911413736302088
rate	0.000529175352376192
rate	0.0005666845429520153
rate	0.0006057942221822778
rate	0.0006498753725371535
rate	0.0006990322469985223
rate	0.0007534470245281284
rate	0.0008096066413177327
rate	0.0008639247974824603
rate	0.0009096338615160154
rate	0.0009530927895417861
rate	0.0009944597032306027
rate	0.0010336078200415654
rate	0.0010705334256923978
rate	0.0011051993688193037
rate	0.0011375952287691327
rate	0.0011678229284278507
rate	0.0011959112299179358
rate	0.001221918408091111
rate	0.0012459756717348714
rate	0.0012681374755096379
rate	0.0012885306750827139
rate	0.0013072683092363833
rate	3.953102789591808e-05
rate	2.7666575399141433e-06
rate	1.8212915274865445e-06
rate	1.396671179652592e-06
rate	1.1501499742860348e-06
rate	1.013197175145243e-06
rate	8.899502735910328e-07
rate	7.940953014558928e-07
rate	7.25629381906355e-07
rate	6.434733191040383e-07
rate	6.023956301219272e-07
rate	5.887028845359383e-07
rate	6.434722234488241e-07
rate	8.077868142941347e-07
rate	9.994996349373161e-07
rate	1.2186175367151715e-06
rate	1.4377532507672874e-06
rate	1.6158153905092961e-06
rate	1.6980006366063488e-06
rate	1.7527921712862176e-06
rate	1.7801883498274333e-06
rate	1.8212822064008754e-06
rate	1.8760762083282098e-06
rate	1.9171733547625924e-06
rate	1.958271186676248e-06
rate	1.9993697040944832e-06
rate	2.0404689070415395e-06
rate	2.095269763805847e-06
rate	2.1911709206811516e-06
rate	2.300780861886021e-06
rate	2.4240957490910712e-06
rate	2.5885251998312547e-06
rate	2.7666711196932135e-06
rate	2.9859398376490297e-06
rate	3.2326379339528558e-06
rate	3.5067728229790006e-06
rate	3.822057554416354e-06
rate	4.178513139330337e-06
rate	4.576156482174247e-06
rate	4.987577990453214e-06
rate	5.426486747675782e-06
rate	5.906608182963271e-06
rate	6.469152535043214e-06
rate	7.059272910686171e-06
rate	7.731900519486577e-06
rate	8.445884782168078e-06
rate	9.18752819102504e-06
rate	1.0025528494895118e-05
rate	1.0918747075397374e-05
rate	1.1867251566477302e-05
rate	1.2884875010641073e-05
rate	1.3957929792140388e-05
rate	1.511401340752564e-05
rate	1.6366978644201016e-05
rate	1.7716956889868264e-05
rate	1.916410961305711e-05
rate	2.0708612958208285e-05
rate	2.2364405248938422e-05
rate	2.4173060980592494e-05
rate	2.616254185622696e-05
rate	2.8347060195588082e-05
rate	3.076867207345949e-05
rate	3.3428052249339017e-05
rate	3.633985794693506e-05
rate	3.947715740743605e-05
rate	4.2840759406072914e-05
rate	4.6528936838872265e-05
rate	5.068244287074077e-05
rate	5.54010659890655e-05
rate	6.072972342136376e-05
rate	6.653149510401392e-05
rate	7.289409995590851e-05
rate	8.008988658179063e-05
rate	8.828190674606403e-05
rate	9.755047280885656e-05
rate	0.00010770757502884709
rate	0.00011886189267782212
rate	0.00013139779511254157
rate	0.00014562045439669286
rate	0.00016170084114417696
rate	0.00017998143565560313
rate	0.00020030129409572862
rate	0.00022222644704379262
rate	0.0002454348173063841
rate	0.00027030750786661623
rate	0.00029914127536382734
rate	0.000332604890240515
rate	0.00036746184560248926
rate	0.00040186028067022565
rate	0.00043684515590569975
rate	0.0004764599540939928
rate	0.0005227717158330346
rate	0.0005723105209364274
rate	0.0006225844003775792
rate	0.0006725343064648429
rate	0.0007232654773979535
rate	0.0007712157211378621
rate	0.0008162482647823271
rate	0.000858744524043783
rate	0.0008994265532795182
rate	0.0009381058603081076
rate	0.0009747274548900573
rate	0.0010092205909352486
rate	0.0010415975424016668
rate	0.0010718981993785934
rate	0.0011001097069101083
rate	0.0011263276607289797
rate	0.0011506158656936964
rate	0.0011730664957741196
rate	0.0011937796483218245
rate	4.790991048608077e-05
rate	3.1174820813540826e-06
rate	2.2295325904687614e-06
rate	1.8075912453115317e-06
rate	1.4733695981963401e-06
rate	1.3254489824737022e-06
rate	1.2323175437945868e-06
rate	1.1501462752287705e-06
rate	1.0296319220747003e-06
rate	8.762598568328825e-07
rate	7.393269214921526e-07
rate	7.283716292147027e-07
rate	9.529426291107422e-07
rate	1.4350137974602843e-06
rate	2.1034819815659625e-06
rate	2.8269316215823096e-06
rate	3.4957473266974404e-06
rate	4.082469504650145e-06
rate	4.543157652370045e-06
rate	4.916147075115153e-06
rate	5.300161998633572e-06
rate	5.667771674492731e-06
rate	5.914700011158566e-06
rate	5.947621380198124e-06
rate	5.8378623098087776e-06
rate	5.6512874829265004e-06
rate	5.48118788638897e-06
rate	5.354995160063341e-06
rate	5.311104564266982e-06
rate	5.365971588404467e-06
rate	5.442790040579356e-06
rate	5.530589155921307e-06
rate	5.67326536048377e-06
rate	5.876309153490499e-06
rate	6.1342496740692475e-06
rate	6.491008214896011e-06
rate	6.924675449351571e-06
rate	7.435290704158723e-06
rate	8.011911897504253e-06
rate	8.654582716923915e-06
rate	9.385310033492373e-06
rate	1.0237124074270422e-05
rate	1.116619138298966e-05
rate	1.2238603288865276e-05
rate	1.3399507965569122e-05
rate	1.4682036685327091e-05
rate	1.608082306617245e-05
rate	1.766767311562235e-05
rate	1.944290817569277e-05
rate	2.137935730364342e-05
rate	2.3444254109997348e-05
rate	2.561583188048108e-05
rate	2.8038168573448784e-05
rate	3.07285480081493e-05
rate	3.369328570741104e-05
rate	3.686115569878782e-05
rate	4.01718064685773e-05
rate	4.373692920684137e-05
rate	4.762425552390054e-05
rate	5.189092971365803e-05
rate	5.652748092780922e-05
rate	6.154146027421738e-05
rate	6.69629773671452e-05
rate	7.277779363819483e-05
rate	7.896044640397406e-05
rate	8.553638532135679e-05
rate	9.259305484723247e-05
rate	0.00010014509196544035
rate	0.00010830373823598959
rate	0.00011711987944952815
rate	0.00012667424601713466
rate	0.00013700470871794778
rate	0.00014815027660376005
rate	0.0001601281381210306
rate	0.00017301955083714584
rate	0.0001871526992589467
rate	0.00020259097530057335
rate	0.00021904611442896213
rate	0.00023646211420987845
rate	0.000255096707303187
rate	0.00027603060205681556
rate	0.00029966533636070335
rate	0.0003251628312753944
rate	0.0003517732068842861
rate	0.0003795481233203439
rate	0.0004112056775121093
rate	0.0004476011035096921
rate	0.0004854841648376197
rate	0.0005228544378246177
rate	0.0005600137963356395
rate	0.0005989933498818306
rate	0.0006429432950402047
rate	0.0006920700063476059
rate	0.0007464423644643986
rate	0.0008025966480012591
rate	0.0008571196524368771
rate	0.0009033286181191852
rate	0.0009473497444627757
rate	0.000989286662421146
rate	0.0010290152090644197
rate	0.0010665179957414924
rate	0.0011017517731803138
rate	0.001134703931247955
rate	0.001165469947270129
rate	0.0011940806217358684
rate	0.001220583682333866
rate	0.0012451125266491087
rate	0.001267715447653872
rate	0.0012885262917511889
rate	0.001307652277927227
rate	3.779221028591213e-05
rate	2.6844389749322646e-06
rate	1.7637584012162138e-06
rate	1.3473647190560956e-06
rate	1.1008479531356139e-06
rate	9.803308051032855e-07
rate	8.598241239035292e-07
rate	7.667088514912563e-07
rate	7.009821933005347e-07
rate	6.188268700877113e-07
rate	5.804880041354448e-07
rate	5.695338076666537e-07
rate	6.24302763107886e-07
rate	7.886162034461755e-07
rate	9.803276816566389e-07
rate	1.1939659096402775e-06
rate	1.4076210726849268e-06
rate	1.5774628514287018e-06
rate	1.6596469462358089e-06
rate	1.7144377133505956e-06
rate	1.7418335080977645e-06
rate	1.785666461647715e-06
rate	1.8404597507718517e-06
rate	1.8788165939474712e-06
rate	1.917174040332523e-06
rate	1.9555320899484715e-06
rate	1.993890742815685e-06
rate	2.0432107735660664e-06
rate	2.136370064070411e-06
rate	2.235017201203972e-06
rate	2.350108298494857e-06
rate	2.5035715435439784e-06
rate	2.668008841388733e-06
rate	2.8763063041488367e-06
rate	3.1120301802215375e-06
rate	3.3751875535221005e-06
rate	3.6822321047353585e-06
rate	4.027701354258303e-06
rate	4.411610638442644e-06
rate	4.806550361634763e-06
rate	5.234456965751544e-06
rate	5.711800959308719e-06
rate	6.266072298147223e-06
rate	6.842424302028372e-06
rate	7.495779475856103e-06
rate	8.193224297583351e-06
rate	8.91831693455864e-06
rate	9.74799114269292e-06
rate	1.0638370371422276e-05
rate	1.1584027968192025e-05
rate	1.259054305969408e-05
rate	1.3646971396494898e-05
rate	1.4780899630070144e-05
rate	1.60144325201257e-05
rate	1.7347703142108135e-05
rate	1.8775361066098128e-05
rate	2.0292058673063053e-05
rate	2.1919995905417136e-05
rate	2.3714547308527363e-05
rate	2.5698166605080616e-05
rate	2.7887846962070796e-05
rate	3.0311821281159327e-05
rate	3.295967155372448e-05
rate	3.58265879379017e-05
rate	3.8885525755753384e-05
rate	4.214272144693192e-05
rate	4.571021260426769e-05
rate	4.973418156012018e-05
rate	5.4328241262296164e-05
rate	5.9534440753074564e-05
rate	6.523268999568018e-05
rate	7.147699267012934e-05
rate	7.84970839893761e-05
rate	8.64128856534988e-05
rate	9.5317634106418e-05
rate	0.00010503928596818234
rate	0.00011575667631099563
rate	0.00012788768192183343
rate	0.00014179466271007927
rate	0.0001576375918229328
rate	0.00017566875747433204
rate	0.00019569138892142995
rate	0.00021735975442607343
rate	0.00024035301528851433
rate	0.0002650010428666771
rate	0.0002934213382222449
rate	0.00032624581288274047
rate	0.0003603700719607261
rate	0.0003941493907144809
rate	0.00042870436188911315
rate	0.00046797898374415306
rate	0.0005138445552835911
rate	0.0005629201000694187
rate	0.0006128034808266317
rate	0.0006626013206498553
rate	0.0007134212521962342
rate	0.0007616619790870531
rate	0.0008073217043175191
rate	0.0008506448249047596
rate	0.0008921675753940542
rate	0.0009317038553640851
rate	0.0009691889901418629
rate	0.0010045380895722274
rate	0.0010377564979370546
rate	0.0010688810637167344
rate	0.001097883766433405
rate	0.0011248652228084198
rate	0.0011498781303825101
rate	0.0011730160679840037
rate	0.0011943809087115917
rate	4.5534029705520895e-05
rate	3.0297682302106223e-06
rate	2.17198967539324e-06
rate	1.7527969692784213e-06
rate	1.4268002887361263e-06
rate	1.2816214560228043e-06
rate	1.1912306765172521e-06
rate	1.1090606410938758e-06
rate	9.912870564946124e-07
rate	8.351783326382467e-07
rate	6.982474519593129e-07
rate	6.900309827512254e-07
rate	9.200765878508475e-07
rate	1.4048813178948793e-06
rate	2.070602125793416e-06
rate	2.7775985075107986e-06
rate	3.4299533753532955e-06
rate	4.000208944366667e-06
rate	4.455398112809816e-06
rate	4.831118522924119e-06
rate	5.21512151900763e-06
rate	5.579976077800688e-06
rate	5.826896495520193e-06
rate	5.865304759399678e-06
rate	5.769268219507852e-06
rate	5.60190344983569e-06
rate	5.45375423685919e-06
rate	5.338535794980021e-06
rate	5.291902260267919e-06
rate	5.333052528371033e-06
rate	5.3906663675021995e-06
rate	5.456515704008663e-06
rate	5.577238445295343e-06
rate	5.763811462183214e-06
rate	6.00527597980302e-06
rate	6.348294603802691e-06
rate	6.762723602677001e-06
rate	7.2485978372497765e-06
rate	7.797716940344106e-06
rate	8.410120701439863e-06
rate	9.116052849439892e-06
rate	9.954039789841679e-06
rate	1.0863763617723515e-05
rate	1.1908549508305776e-05
rate	1.3033538419387561e-05
rate	1.4277348786336888e-05
rate	1.5642870412985503e-05
rate	1.7204658175152393e-05
rate	1.8963042994211884e-05
rate	2.087707011460005e-05
rate	2.2908438576312062e-05
rate	2.5027061399248088e-05
rate	2.738246188451295e-05
rate	2.999463212614986e-05
rate	3.287537479029046e-05
rate	3.595066610555791e-05
rate	3.915456450521501e-05
rate	4.261256501619362e-05
rate	4.6403491789549794e-05
rate	5.0584476963038505e-05
rate	5.514887020852097e-05
rate	6.0095852873611544e-05
rate	6.545552114888394e-05
rate	7.119676136534703e-05
rate	7.72799131361171e-05
rate	8.371039093306023e-05
rate	9.060353079557114e-05
rate	9.799932966562807e-05
rate	0.00010606027498655574
rate	0.00011484055227510734
rate	0.0001244242831264488
rate	0.00013477794666431949
rate	0.00014586810641759385
rate	0.00015764403889858918
rate	0.00017019644244137874
rate	0.00018393302511541764
rate	0.00019902206747705506
rate	0.00021520883125378877
rate	0.0002324865636576942
rate	0.000251115063823216
rate	0.00027209427860637616
rate	0.0002957928591720474
rate	0.00032139319654687215
rate	0.0003480603555365888
rate	0.00037576898082739116
rate	0.00040702834713436106
rate	0.00044275642391459493
rate	0.0004798269560450306
rate	0.0005165335232730434
rate	0.0005533430497192637
rate	0.0005921924775813834
rate	0.0006360112175432559
rate	0.0006851077656966894
rate	0.0007394377044006688
rate	0.0007955866546847856
rate	0.0008503145073912939
rate	0.000897023374722355
rate	0.0009416066993837653
rate	0.000984113621611689
rate	0.001024422598087274
rate	0.001062502565790587
rate	0.001098304177541324
rate	0.0011318126337267773
rate	0.0011631169661124074
rate	0.0011922500135538008
rate	0.0012192489565766211
rate	0.0012442493815633462
rate	0.0012672934197981065
rate	0.0012885219084196639
rate	0.0013080362466180709
rate	3.6053392675906184e-05
rate	2.602220409950386e-06
rate	1.706225274945883e-06
rate	1.2980582584595993e-06
rate	1.051545931985193e-06
rate	9.47464435061328e-07
rate	8.296979742160256e-07
rate	7.3932240152662e-07
rate	6.763350046947145e-07
rate	5.941804210713842e-07
rate	5.585803781489624e-07
rate	5.503647307973691e-07
rate	6.051333027669478e-07
rate	7.694455925982164e-07
rate	9.611557283759616e-07
rate	1.1693142825653836e-06
rate	1.3774888946025664e-06
rate	1.5391103123481074e-06
rate	1.621293255865269e-06
rate	1.6760832554149736e-06
rate	1.703478666368096e-06
rate	1.7500507168945546e-06
rate	1.8048432932154935e-06
rate	1.84045983313235e-06
rate	1.8760768939887982e-06
rate	1.9116944758024598e-06
rate	1.9473125785898306e-06
rate	1.991151783326286e-06
rate	2.0815692074596707e-06
rate	2.1692535405219232e-06
rate	2.2761208478986427e-06
rate	2.418617887256702e-06
rate	2.5693465630842524e-06
rate	2.7666727706486437e-06
rate	2.9914224264902196e-06
rate	3.2436022840652e-06
rate	3.542406655054363e-06
rate	3.876889569186268e-06
rate	4.247064794711041e-06
rate	4.625522732816311e-06
rate	5.042427183827304e-06
rate	5.516993735654167e-06
rate	6.062992061251233e-06
rate	6.625575693370572e-06
rate	7.2596584322256285e-06
rate	7.940563812998622e-06
rate	8.64910567809224e-06
rate	9.470453790490721e-06
rate	1.0357993667447177e-05
rate	1.1300804369906748e-05
rate	1.2296211108747087e-05
rate	1.333601300084941e-05
rate	1.4447785852614649e-05
rate	1.566188639605038e-05
rate	1.697844939434801e-05
rate	1.8386612519139145e-05
rate	1.987550438791782e-05
rate	2.147558656189585e-05
rate	2.3256033636462236e-05
rate	2.5233791353934273e-05
rate	2.742863372855351e-05
rate	2.9854970488859163e-05
rate	3.249129085810994e-05
rate	3.531331792886834e-05
rate	3.829389410407071e-05
rate	4.144468348779093e-05
rate	4.489148836966312e-05
rate	4.8785920249499583e-05
rate	5.325541653552683e-05
rate	5.833915808478537e-05
rate	6.393388488734643e-05
rate	7.005988538435017e-05
rate	7.690428139696155e-05
rate	8.454386456093357e-05
rate	9.308479540397943e-05
rate	0.00010237099690751758
rate	0.00011265145994416914
rate	0.0001243775687311253
rate	0.0001379688710234657
rate	0.00015357434250168865
rate	0.00017135607929306097
rate	0.00019108148374713128
rate	0.00021249306180835424
rate	0.00023527121327064458
rate	0.000259694577866738
rate	0.00028770140108066246
rate	0.00031988673552496593
rate	0.0003532782983189629
rate	0.0003864385007587362
rate	0.0004205635678725265
rate	0.0004594980133943133
rate	0.0005049173947341476
rate	0.0005535296792024101
rate	0.0006030225612756842
rate	0.0006526683348348676
rate	0.000703577026994515
rate	0.0007521082370362442
rate	0.0007983951438527111
rate	0.0008425451257657362
rate	0.0008849085975085901
rate	0.0009253018504200625
rate	0.0009636505253936685
rate	0.0009998555882092062
rate	0.0010339154534724424
rate	0.0010658639280548754
rate	0.0010956578259567018
rate	0.0011234027848878597
rate	0.001149140395071324
rate	0.0011729656401938877
rate	0.0011949821691013592
rate	4.315814892496103e-05
rate	2.942054379067162e-06
rate	2.1144467603177193e-06
rate	1.6980026932453107e-06
rate	1.3802309792759125e-06
rate	1.2377939295719062e-06
rate	1.1501438092399174e-06
rate	1.067975006958981e-06
rate	9.529421909145243e-07
rate	7.940968084436108e-07
rate	6.57167982426473e-07
rate	6.51690336287748e-07
rate	8.872105465909527e-07
rate	1.3747488383294743e-06
rate	2.0377222700208697e-06
rate	2.7282653934392873e-06
rate	3.3641594240091506e-06
rate	3.917948384083188e-06
rate	4.367638573249585e-06
rate	4.746089970733084e-06
rate	5.130081039381687e-06
rate	5.492180481108646e-06
rate	5.73909297988182e-06
rate	5.782988138601231e-06
rate	5.700674129206926e-06
rate	5.55251941674488e-06
rate	5.42632058732941e-06
rate	5.322076429896701e-06
rate	5.2726999562688565e-06
rate	5.300133468337599e-06
rate	5.3385426944250435e-06
rate	5.382442252096019e-06
rate	5.481211530106915e-06
rate	5.65131377087593e-06
rate	5.876302285536792e-06
rate	6.205580992709371e-06
rate	6.600771756002429e-06
rate	7.061904970340829e-06
rate	7.58352198318396e-06
rate	8.16565868595581e-06
rate	8.846795665387414e-06
rate	9.670955505412935e-06
rate	1.0561335852457369e-05
rate	1.1578495727746277e-05
rate	1.2667568873206002e-05
rate	1.3872660887346685e-05
rate	1.5204917759798558e-05
rate	1.6741643234682438e-05
rate	1.848317781273099e-05
rate	2.0374782925556673e-05
rate	2.2372623042626777e-05
rate	2.44382909180151e-05
rate	2.6726755195577116e-05
rate	2.9260716244150426e-05
rate	3.2057463873169865e-05
rate	3.5040176512328005e-05
rate	3.813732254185273e-05
rate	4.148820082554587e-05
rate	4.518272805519905e-05
rate	4.927802421241899e-05
rate	5.377025948923272e-05
rate	5.86502454730057e-05
rate	6.394806493062269e-05
rate	6.961572909249921e-05
rate	7.559937986826013e-05
rate	8.188439654476366e-05
rate	8.86140067439098e-05
rate	9.585356736581579e-05
rate	0.00010381681173712189
rate	0.00011256122510068654
rate	0.00012217432023576294
rate	0.0001325511846106912
rate	0.00014358593623142765
rate	0.00015515993967614778
rate	0.0001673733340456116
rate	0.00018071335097188859
rate	0.00019545315965353676
rate	0.00021137154807861544
rate	0.00022851101310550996
rate	0.000247133420343245
rate	0.00026815795515593675
rate	0.00029192038198339146
rate	0.00031762356181834993
rate	0.00034434750418889143
rate	0.00037198983833443847
rate	0.00040285101675661283
rate	0.00043791174431949783
rate	0.00047416974725244154
rate	0.000510212608721469
rate	0.0005466723031028878
rate	0.0005853916052809363
rate	0.0006290791400463071
rate	0.0006781455250457729
rate	0.000732433044336939
rate	0.000788576661368312
rate	0.0008435093623457107
rate	0.0008907181313255247
rate	0.0009358636543047548
rate	0.000978940580802232
rate	0.0010198299871101285
rate	0.0010584871358396816
rate	0.001094856581902334
rate	0.0011289213362055996
rate	0.001160763984954686
rate	0.0011904194053717334
rate	0.001217914230819376
rate	0.0012433862364775836
rate	0.0012668713919423407
rate	0.0012885175250881389
rate	0.0013084202153089144
rate	3.431457506590023e-05
rate	2.5200018449685067e-06
rate	1.6486921486755523e-06
rate	1.248751797863103e-06
rate	1.002243910834772e-06
rate	9.145980650193706e-07
rate	7.995718245285221e-07
rate	7.119359515619835e-07
rate	6.516878160888944e-07
rate	5.695339720550571e-07
rate	5.3667275216248e-07
rate	5.311956539280845e-07
rate	5.859638424260096e-07
rate	7.502749817502573e-07
rate	9.419837750952846e-07
rate	1.1446626554904897e-06
rate	1.3473567165202058e-06
rate	1.500757773267513e-06
rate	1.582939565494729e-06
rate	1.6377287974793518e-06
rate	1.6651238246384273e-06
rate	1.7144349721413942e-06
rate	1.7692268356591356e-06
rate	1.8021030723172287e-06
rate	1.834979747645073e-06
rate	1.8678568616564478e-06
rate	1.9007344143639764e-06
rate	1.9390927930865056e-06
rate	2.0267683508489303e-06
rate	2.1034898798398743e-06
rate	2.2021333973024284e-06
rate	2.3336642309694257e-06
rate	2.470684284779772e-06
rate	2.6570392371484502e-06
rate	2.8708146727589013e-06
rate	3.1120170146082994e-06
rate	3.4025812053733676e-06
rate	3.726077784114233e-06
rate	4.0825189509794375e-06
rate	4.44449510399786e-06
rate	4.8503974019030646e-06
rate	5.3221865119996144e-06
rate	5.8599118243552415e-06
rate	6.408727084712773e-06
rate	7.0235373885951544e-06
rate	7.687903328413894e-06
rate	8.37989442162584e-06
rate	9.192916438288523e-06
rate	1.007761696347208e-05
rate	1.1017580771621471e-05
rate	1.2001879157800094e-05
rate	1.3025054605203922e-05
rate	1.4114672075159153e-05
rate	1.5309340271975065e-05
rate	1.6609195646587882e-05
rate	1.7997863972180162e-05
rate	1.945895010277259e-05
rate	2.1031177218374564e-05
rate	2.2797519964397106e-05
rate	2.4769416102787927e-05
rate	2.6969420495036223e-05
rate	2.9398119696559002e-05
rate	3.20229101624954e-05
rate	3.4800047919834976e-05
rate	3.770226245238804e-05
rate	4.074664552864994e-05
rate	4.407276413505855e-05
rate	4.783765893887898e-05
rate	5.21825918087575e-05
rate	5.7143875416496175e-05
rate	6.26350797790127e-05
rate	6.8642778098571e-05
rate	7.531147880454702e-05
rate	8.267484346836833e-05
rate	9.085195670154087e-05
rate	9.970270784685282e-05
rate	0.00010954624357734265
rate	0.00012086745554041718
rate	0.00013414307933685212
rate	0.0001495110931804445
rate	0.0001670434011117899
rate	0.0001864715785728326
rate	0.00020762636919063507
rate	0.00023018941125277484
rate	0.00025438811286679884
rate	0.00028198146393908
rate	0.0003135276581671914
rate	0.00034618652467719975
rate	0.00037872761080299145
rate	0.00041242277385593985
rate	0.00045101704304447354
rate	0.000495990234184704
rate	0.0005441392583354015
rate	0.0005932416417247366
rate	0.0006427353490198799
rate	0.0006937328017927957
rate	0.0007425544949854353
rate	0.0007894685833879031
rate	0.0008344454266267129
rate	0.0008776496196231261
rate	0.0009188998454760399
rate	0.0009581120606454742
rate	0.000995173086846185
rate	0.0010300744090078304
rate	0.001062846792393016
rate	0.0010934318854799985
rate	0.0011219403469672996
rate	0.0011484026597601378
rate	0.0011729152124037717
rate	0.0011955834294911268
rate	4.0782268144401164e-05
rate	2.854340527923702e-06
rate	2.056903845242198e-06
rate	1.6432084172122003e-06
rate	1.3336616698156987e-06
rate	1.1939664031210083e-06
rate	1.1090569419625827e-06
rate	1.0268893728240862e-06
rate	9.145973253344364e-07
rate	7.53015284248975e-07
rate	6.160885128936333e-07
rate	6.133496898242707e-07
rate	8.543445053310581e-07
rate	1.3446163587640693e-06
rate	2.004842414248323e-06
rate	2.6789322793677764e-06
rate	3.2983654726650057e-06
rate	3.83568782379971e-06
rate	4.279879033689356e-06
rate	4.661061418542049e-06
rate	5.045040559755745e-06
rate	5.404384884416603e-06
rate	5.651289464243447e-06
rate	5.700671517802784e-06
rate	5.6320800389060005e-06
rate	5.50313538365407e-06
rate	5.39888693779963e-06
rate	5.305617064813381e-06
rate	5.253497652269793e-06
rate	5.267214408304164e-06
rate	5.286419021347887e-06
rate	5.308368800183374e-06
rate	5.385184614918489e-06
rate	5.538816079568645e-06
rate	5.747328591270565e-06
rate	6.062867381616051e-06
rate	6.438819909327859e-06
rate	6.875212103431882e-06
rate	7.369327026023813e-06
rate	7.921196670471757e-06
rate	8.577538481334934e-06
rate	9.38787122098419e-06
rate	1.0258908087191221e-05
rate	1.1248441947186778e-05
rate	1.2301599327024442e-05
rate	1.3467972988356483e-05
rate	1.4766965106611613e-05
rate	1.627862829421248e-05
rate	1.80033126312501e-05
rate	1.9872495736513304e-05
rate	2.183680750894149e-05
rate	2.384952043678211e-05
rate	2.607104850664128e-05
rate	2.852680036215099e-05
rate	3.123955295604928e-05
rate	3.41296869190981e-05
rate	3.712008057849044e-05
rate	4.036383663489811e-05
rate	4.3961964320848306e-05
rate	4.797157146179946e-05
rate	5.239164876994448e-05
rate	5.720463807239986e-05
rate	6.244060871236145e-05
rate	6.80346968196514e-05
rate	7.391884660040318e-05
rate	8.00584021564671e-05
rate	8.662448269224847e-05
rate	9.370780506600352e-05
rate	0.00010157334848768805
rate	0.00011028189792626573
rate	0.00011992435734507707
rate	0.00013032442255706293
rate	0.00014130376604526144
rate	0.00015267584045370634
rate	0.00016455022564984447
rate	0.00017749367682835953
rate	0.00019188425183001845
rate	0.0002075342649034421
rate	0.0002245354625533257
rate	0.00024315177686327398
rate	0.00026422163170549735
rate	0.0002880479047947355
rate	0.0003138539270898277
rate	0.0003406346528411941
rate	0.0003682106958414858
rate	0.0003986736863788646
rate	0.00043306706472440073
rate	0.0004685125384598524
rate	0.0005038916941698945
rate	0.0005400015564865121
rate	0.000578590732980489
rate	0.0006221470625493582
rate	0.0006711832843948565
rate	0.0007254283842732092
rate	0.0007815666680518384
rate	0.0008367042173001275
rate	0.0008844128879286943
rate	0.0009301206092257444
rate	0.000973767539992775
rate	0.0010152373761329828
rate	0.001054471705888776
rate	0.001091408986263344
rate	0.0011260300386844219
rate	0.0011584110037969643
rate	0.0011885887971896658
rate	0.0012165795050621312
rate	0.0012425230913918211
rate	0.0012664493640865751
rate	0.0012885131417566139
rate	0.001308804183999758
rate	3.2575757455894284e-05
rate	2.437783279986628e-06
rate	1.5911590224052215e-06
rate	1.1994453372666067e-06
rate	9.529418896843512e-07
rate	8.817316949774131e-07
rate	7.694456748410185e-07
rate	6.845495015973471e-07
rate	6.270406274830743e-07
rate	5.448875230387301e-07
rate	5.147651261759976e-07
rate	5.120265770587998e-07
rate	5.667943820850715e-07
rate	7.311043709022982e-07
rate	9.228118218146074e-07
rate	1.1200110284155957e-06
rate	1.3172245384378454e-06
rate	1.4624052341869187e-06
rate	1.5445858751241891e-06
rate	1.59937433954373e-06
rate	1.6267689829087585e-06
rate	1.6788192273882338e-06
rate	1.7336103781027777e-06
rate	1.7637463115021075e-06
rate	1.793882601301348e-06
rate	1.8240192475104359e-06
rate	1.8541562501381221e-06
rate	1.8870338028467252e-06
rate	1.97196749423819e-06
rate	2.0377262191578254e-06
rate	2.128145946706214e-06
rate	2.2487105746821497e-06
rate	2.3720220064752913e-06
rate	2.547405703648257e-06
rate	2.7502069190275834e-06
rate	2.9804317451513992e-06
rate	3.2627557556923724e-06
rate	3.5752659990421987e-06
rate	3.917973107247835e-06
rate	4.263467475179408e-06
rate	4.658367619978826e-06
rate	5.127379288345062e-06
rate	5.656831587459251e-06
rate	6.1918784760549735e-06
rate	6.78741634496468e-06
rate	7.435242843829165e-06
rate	8.11068316515944e-06
rate	8.915379086086327e-06
rate	9.797240259496981e-06
rate	1.0734357173336195e-05
rate	1.1707547206853099e-05
rate	1.2714096209558434e-05
rate	1.3781558297703657e-05
rate	1.4956794147899748e-05
rate	1.6239941898827757e-05
rate	1.760911542522118e-05
rate	1.904239581762736e-05
rate	2.0586767874853277e-05
rate	2.2339006292331975e-05
rate	2.4305040851641584e-05
rate	2.6510207261518937e-05
rate	2.8941268904258838e-05
rate	3.1554529466880864e-05
rate	3.428677791080161e-05
rate	3.711063080070537e-05
rate	4.004860756950895e-05
rate	4.3254039900453977e-05
rate	4.688939762825839e-05
rate	5.110976708198817e-05
rate	5.594859274820698e-05
rate	6.133627467067895e-05
rate	6.722567081279185e-05
rate	7.371867621213247e-05
rate	8.08058223758031e-05
rate	8.86191179991023e-05
rate	9.703441878618807e-05
rate	0.00010644102721051615
rate	0.00011735734234970904
rate	0.00013031728765023855
rate	0.0001454478438592003
rate	0.00016273072293051882
rate	0.00018186167339853394
rate	0.00020275967657291588
rate	0.00022510760923490512
rate	0.0002490816478668597
rate	0.0002762615267974976
rate	0.0003071685808094168
rate	0.00033909475103543655
rate	0.00037101672084724675
rate	0.00040428197983935325
rate	0.0004425360726946338
rate	0.0004870630736352606
rate	0.0005347488374683928
rate	0.000583460722173789
rate	0.0006328023632048922
rate	0.0006838885765910765
rate	0.0007330007529346264
rate	0.0007805420229230951
rate	0.0008263457274876895
rate	0.0008703906417376622
rate	0.0009124978405320173
rate	0.0009525735958972798
rate	0.0009904905854831636
rate	0.0010262333645432182
rate	0.001059829656731157
rate	0.0010912059450032955
rate	0.0011204779090467395
rate	0.0011476649244489517
rate	0.0011728647846136558
rate	0.001196184689880894
rate	3.84063873638413e-05
rate	2.7666266767802415e-06
rate	1.9993609301666773e-06
rate	1.58841414117909e-06
rate	1.2870923603554849e-06
rate	1.1501388766701104e-06
rate	1.067970074685248e-06
rate	9.858037386891915e-07
rate	8.762524597543484e-07
rate	7.11933760054339e-07
rate	5.750090433607935e-07
rate	5.750090433607935e-07
rate	8.214784640711634e-07
rate	1.3144838791986643e-06
rate	1.9719625584757766e-06
rate	2.629599165296265e-06
rate	3.232571521320861e-06
rate	3.7534272635162317e-06
rate	4.192119494129127e-06
rate	4.576032866351015e-06
rate	4.960000080129803e-06
rate	5.31658928772456e-06
rate	5.563485948605074e-06
rate	5.618354897004338e-06
rate	5.563485948605074e-06
rate	5.45375135056326e-06
rate	5.3714532882698496e-06
rate	5.289157699730061e-06
rate	5.23429534827073e-06
rate	5.23429534827073e-06
rate	5.23429534827073e-06
rate	5.23429534827073e-06
rate	5.289157699730061e-06
rate	5.426318388261361e-06
rate	5.618354897004338e-06
rate	5.920153770522731e-06
rate	6.276868062653287e-06
rate	6.688519236522935e-06
rate	7.1551320688636655e-06
rate	7.676734654987705e-06
rate	8.308281297282455e-06
rate	9.104786936555447e-06
rate	9.956480321925076e-06
rate	1.091838816662728e-05
rate	1.1935629780842883e-05
rate	1.306328508936628e-05
rate	1.4329012453424666e-05
rate	1.5815613353742525e-05
rate	1.752344744976921e-05
rate	1.937020854746993e-05
rate	2.1300991975256206e-05
rate	2.326074995554912e-05
rate	2.5415341817705447e-05
rate	2.7792884480151555e-05
rate	3.0421642038928694e-05
rate	3.321919732586819e-05
rate	3.6102838615128154e-05
rate	3.923947244425036e-05
rate	4.274120058649756e-05
rate	4.6665118711179946e-05
rate	5.1013038050656234e-05
rate	5.5759030671794016e-05
rate	6.0933152494100187e-05
rate	6.64536645468036e-05
rate	7.223831333254621e-05
rate	7.823240776817054e-05
rate	8.463495864058712e-05
rate	9.156204276619124e-05
rate	9.93298852382542e-05
rate	0.00010800257075184493
rate	0.00011767439445439121
rate	0.00012809766050343464
rate	0.00013902159585909524
rate	0.00015019174123126494
rate	0.00016172711725407734
rate	0.00017427400268483047
rate	0.00018831534400650014
rate	0.00020369698172826876
rate	0.00022055991200114146
rate	0.00023917013338330297
rate	0.00026028530825505795
rate	0.00028417542760607957
rate	0.0003100842923613055
rate	0.00033692180149349674
rate	0.00036443155334853303
rate	0.0003944963560011164
rate	0.0004282223851293036
rate	0.00046285532966726335
rate	0.0004975707796183202
rate	0.0005333308098701363
rate	0.0005717898606800418
rate	0.0006152149850524094
rate	0.0006642210437439401
rate	0.0007184237242094794
rate	0.0007745566747353648
rate	0.0008298990722545443
rate	0.0008781076445318641
rate	0.000924377564146734
rate	0.0009685944991833181
rate	0.0010106447651558371
rate	0.0010504562759378706
rate	0.0010879613906243542
rate	0.0011231387411632441
rate	0.0011560580226392426
rate	0.0011867581890075984
rate	0.0012152447793048861
rate	0.0012416599463060585
rate	0.0012660273362308093
rate	0.0012885087584250888
rate	0.0013091881526906017
rate	3.083693984588834e-05
rate	2.3555647150047493e-06
rate	1.5336258961348908e-06
rate	1.1501388766701104e-06
rate	9.036398685339303e-07
rate	8.488653249354557e-07
rate	7.393195251535149e-07
rate	6.571630516327107e-07
rate	6.023934388772541e-07
rate	5.20241074022403e-07
rate	4.928575001895152e-07
rate	4.928575001895152e-07
rate	5.476249217441333e-07
rate	7.11933760054339e-07
rate	9.036398685339303e-07
rate	1.0953594013407018e-06
rate	1.2870923603554849e-06
rate	1.4240526951063243e-06
rate	1.5062321847536492e-06
rate	1.561019881608108e-06
rate	1.58841414117909e-06
rate	1.6432034826350735e-06
rate	1.6979939205464195e-06
rate	1.7253895506869863e-06
rate	1.752785454957623e-06
rate	1.7801816333644242e-06
rate	1.807578085912268e-06
rate	1.8349748126069448e-06
rate	1.9171666376274494e-06
rate	1.9719625584757766e-06
rate	2.05415849611e-06
rate	2.1637569183948734e-06
rate	2.2733597281708107e-06
rate	2.437772170148064e-06
rate	2.629599165296265e-06
rate	2.848846475694499e-06
rate	3.1229303060113767e-06
rate	3.4244542139701642e-06
rate	3.7534272635162317e-06
rate	4.082439846360957e-06
rate	4.466337838054586e-06
rate	4.93257206469051e-06
rate	5.45375135056326e-06
rate	5.975029867397174e-06
rate	6.551295301334206e-06
rate	7.1825823592444365e-06
rate	7.84147190869304e-06
rate	8.637841733884129e-06
rate	9.516863555521884e-06
rate	1.0451133575050918e-05
rate	1.1413215255906106e-05
rate	1.2403137813912945e-05
rate	1.3448444520248162e-05
rate	1.460424802382443e-05
rate	1.5870688151067632e-05
rate	1.7220366878262197e-05
rate	1.862584153248213e-05
rate	2.014235853133199e-05
rate	2.1880492620266848e-05
rate	2.384066560049524e-05
rate	2.605099402800165e-05
rate	2.8484418111958678e-05
rate	3.108614877126632e-05
rate	3.377350790176825e-05
rate	3.65189991490227e-05
rate	3.935056961036796e-05
rate	4.2435315665849406e-05
rate	4.5941136317637794e-05
rate	5.0036942355218835e-05
rate	5.475331007991778e-05
rate	6.003746956234521e-05
rate	6.580856352701268e-05
rate	7.212587361971794e-05
rate	7.893680128323786e-05
rate	8.638627929666373e-05
rate	9.43661297255233e-05
rate	0.00010333581084368966
rate	0.00011384722915900091
rate	0.000126491495963625
rate	0.00014138459453795615
rate	0.00015841804474924775
rate	0.00017725176822423527
rate	0.0001978929839551967
rate	0.00022002580721703537
rate	0.00024377518286692058
rate	0.00027054158965591514
rate	0.00030080950345164227
rate	0.0003320029773936734
rate	0.000363305830891502
rate	0.0003961411858227666
rate	0.000434055102344794
rate	0.0004781359130858171
rate	0.0005253584166013842
rate	0.0005736798026228415
rate	0.0006228693773899046
rate	0.0006740443513893573
rate	0.0007234470108838174
rate	0.0007716154624582871
rate	0.0008182460283486661
rate	0.0008631316638521982
rate	0.0009060958355879947
rate	0.0009470351311490854
rate	0.0009858080841201424
rate	0.001022392320078606
rate	0.001056812521069298
rate	0.0010889800045265922
rate	0.0011190154711261794
rate	0.0011469271891377654
rate	0.0011728143568235398
rate	0.0011967859502706615
rate	3.742525659787419e-05
rate	2.7035996992532367e-06
rate	1.947308711895869e-06
rate	1.544586614728192e-06
rate	1.254224675119493e-06
rate	1.120011521496645e-06
rate	1.0378436236352906e-06
rate	9.584167408257063e-07
rate	8.516050246088434e-07
rate	6.955028762233184e-07
rate	5.64055559048774e-07
rate	5.64055559048774e-07
rate	8.077854445522832e-07
rate	1.298049378945809e-06
rate	1.950044848123961e-06
rate	2.610416465781445e-06
rate	3.2161255036728477e-06
rate	3.734236688580918e-06
rate	4.161958648192445e-06
rate	4.523931641809891e-06
rate	4.888696168690816e-06
rate	5.2260795561528104e-06
rate	5.4647406403796685e-06
rate	5.522350109496257e-06
rate	5.481195718740636e-06
rate	5.385177189717133e-06
rate	5.316594234504005e-06
rate	5.253499136226106e-06
rate	5.2233232077752186e-06
rate	5.248011142270642e-06
rate	5.272701303144091e-06
rate	5.300137426898204e-06
rate	5.374208405535306e-06
rate	5.525094373795968e-06
rate	5.7281158921955705e-06
rate	6.032671759418788e-06
rate	6.389400715474837e-06
rate	6.792831910023814e-06
rate	7.242986651998949e-06
rate	7.742635504677224e-06
rate	8.341237340942622e-06
rate	9.0937992741194e-06
rate	9.904276616714035e-06
rate	1.082769308810115e-05
rate	1.18119161747003e-05
rate	1.2912024890250803e-05
rate	1.4150176745141541e-05
rate	1.559540496198439e-05
rate	1.7245290323365817e-05
rate	1.9025764098353286e-05
rate	2.090119496659283e-05
rate	2.2827582733878692e-05
rate	2.4948727697139653e-05
rate	2.7289973747149464e-05
rate	2.9879564387397426e-05
rate	3.2635082405966804e-05
rate	3.549042746716953e-05
rate	3.8612504617426386e-05
rate	4.2105107722080636e-05
rate	4.60114444426995e-05
rate	5.030267817379665e-05
rate	5.4961058778811975e-05
rate	6.00276243107663e-05
rate	6.544847487732888e-05
rate	7.114419273944492e-05
rate	7.705172834289905e-05
rate	8.334469987508397e-05
rate	9.016147453443275e-05
rate	9.782086212760782e-05
rate	0.00010639249159423686
rate	0.00011596488823715394
rate	0.00012630753631693385
rate	0.00013718141743592903
rate	0.00014832395630418413
rate	0.00015982551279451407
rate	0.0001723115439596362
rate	0.0001862584035867492
rate	0.00020152314028378405
rate	0.00021828144716508346
rate	0.0002368228670148218
rate	0.000257928902487948
rate	0.0002818135152042315
rate	0.0003076513909547296
rate	0.0003342687140675714
rate	0.0003614267926046879
rate	0.00039122415449381647
rate	0.0004248655935945284
rate	0.00045965146973988175
rate	0.0004948004322960006
rate	0.0005312033736862362
rate	0.0005704839721060785
rate	0.0006147800167666632
rate	0.0006644095456734647
rate	0.0007187014942433164
rate	0.0007744731267045137
rate	0.0008293620461513209
rate	0.0008784776601400695
rate	0.0009254888328191199
rate	0.0009709169659816232
rate	0.00101480679828932
rate	0.0010571268507049228
rate	0.0010978706357456106
rate	0.0011370626581136347
rate	0.001174828839328564
rate	0.0012112718087646619
rate	0.0012464792808435986
rate	0.001280675462922331
rate	0.0013139948615447483
rate	0.0013467232507994107
rate	0.0013790936897143564
rate	3.0029623576312568e-05
rate	2.306245424849699e-06
rate	1.4952771941884127e-06
rate	1.1227502349785341e-06
rate	8.817307085687734e-07
rate	8.296950976051812e-07
rate	7.228884769742428e-07
rate	6.434708538716799e-07
rate	5.887015150135886e-07
rate	5.1202608403715e-07
rate	4.84642592367719e-07
rate	4.84642592367719e-07
rate	5.421481795886715e-07
rate	7.009797279366306e-07
rate	8.899464380991046e-07
rate	1.0816650120061883e-06
rate	1.2706580245200062e-06
rate	1.4076175371512147e-06
rate	1.4897965334872484e-06
rate	1.5418446673507175e-06
rate	1.5719779965718135e-06
rate	1.6267670091174256e-06
rate	1.6815571181052667e-06
rate	1.7089525837790985e-06
rate	1.7363483235797698e-06
rate	1.7637443375132532e-06
rate	1.7911406255845484e-06
rate	1.8212767234008922e-06
rate	1.9062077824559313e-06
rate	1.966482966390944e-06
rate	2.05415849611e-06
rate	2.166496947505189e-06
rate	2.278840033201489e-06
rate	2.440512473506743e-06
rate	2.6268586973622457e-06
rate	2.840624495803073e-06
rate	3.1037441497909814e-06
rate	3.3970428123940847e-06
rate	3.7150474586873283e-06
rate	4.035830897293863e-06
rate	4.408755157725359e-06
rate	4.8585268076343714e-06
rate	5.3632370852307355e-06
rate	5.870784087126508e-06
rate	6.438797610026922e-06
rate	7.06182711005971e-06
rate	7.720687601534518e-06
rate	8.50878654864131e-06
rate	9.374036837597761e-06
rate	1.029452402727328e-05
rate	1.1248307660393089e-05
rate	1.2243667906059623e-05
rate	1.3294413247645303e-05
rate	1.4450151730378616e-05
rate	1.5711016201912254e-05
rate	1.7052355788857837e-05
rate	1.8460499061046662e-05
rate	1.99879503051945e-05
rate	2.1739778021062567e-05
rate	2.370813149765973e-05
rate	2.590730238375937e-05
rate	2.8310185078052932e-05
rate	3.088131097483082e-05
rate	3.3551850975690804e-05
rate	3.629434757333261e-05
rate	3.913123613464116e-05
rate	4.220739999068238e-05
rate	4.5690674756943893e-05
rate	4.9752678506099674e-05
rate	5.443228550588879e-05
rate	5.968228403227717e-05
rate	6.542742284427825e-05
rate	7.17242046879961e-05
rate	7.850318261778532e-05
rate	8.58894222811538e-05
rate	9.378014782057346e-05
rate	0.00010263161319845576
rate	0.00011298949060318278
rate	0.0001254497795004702
rate	0.00014013624471003177
rate	0.0001569252359807555
rate	0.00017547575176609777
rate	0.00019581717876677809
rate	0.00021765364515795006
rate	0.00024113038503688572
rate	0.0002676465611079657
rate	0.00029768299728358727
rate	0.00032880419052870336
rate	0.0003602435520876061
rate	0.00039336772251651866
rate	0.0004316817223344853
rate	0.0004761640425697525
rate	0.000523675248710027
rate	0.0005721177745253313
rate	0.0006214090040090202
rate	0.0006728283188687326
rate	0.0007231690130451023
rate	0.0007723968494012283
rate	0.0008202504587831603
rate	0.0008665945475740372
rate	0.0009117146450585068
rate	0.0009555669838350399
rate	0.0009980925045947973
rate	0.0010393446452480444
rate	0.001079430405767186
rate	0.001118382293546265
rate	0.0011564315318368884
rate	0.0011937317545789358
rate	0.0012305593936038262
rate	0.0012672533117663296
rate	3.644412583190708e-05
rate	2.640572721726232e-06
rate	1.8952564936250607e-06
rate	1.500759088277294e-06
rate	1.2213569898835011e-06
rate	1.0898841663231794e-06
rate	1.0077171725853332e-06
rate	9.31029742962221e-07
rate	8.269575894633384e-07
rate	6.790719923922979e-07
rate	5.531020747367547e-07
rate	5.531020747367547e-07
rate	7.94092425033403e-07
rate	1.2816148786929535e-06
rate	1.928127137772146e-06
rate	2.591233766266625e-06
rate	3.199679486024834e-06
rate	3.7150461136456037e-06
rate	4.1317978022557636e-06
rate	4.4718304172687684e-06
rate	4.81739225725183e-06
rate	5.135569824581061e-06
rate	5.365995332154262e-06
rate	5.426345321988177e-06
rate	5.398905488876198e-06
rate	5.3166030288710044e-06
rate	5.26173518073816e-06
rate	5.217840572722151e-06
rate	5.212351067279708e-06
rate	5.261726936270554e-06
rate	5.311107258017452e-06
rate	5.3659795055256784e-06
rate	5.459259111340552e-06
rate	5.623870359330576e-06
rate	5.837876887386803e-06
rate	6.145189748314844e-06
rate	6.5019333682963864e-06
rate	6.897144583524693e-06
rate	7.330841235134232e-06
rate	7.808536354366743e-06
rate	8.37419338460279e-06
rate	9.082811611683351e-06
rate	9.852072911502995e-06
rate	1.073699800957502e-05
rate	1.1688202568557716e-05
rate	1.2760764691135325e-05
rate	1.3971341036858419e-05
rate	1.5375196570226253e-05
rate	1.696713319696242e-05
rate	1.8681319649236645e-05
rate	2.0501397957929454e-05
rate	2.2394415512208268e-05
rate	2.448211357657386e-05
rate	2.6787063014147373e-05
rate	2.9337486735866158e-05
rate	3.205096748606541e-05
rate	3.48780163192109e-05
rate	3.79855367906024e-05
rate	4.146901485766371e-05
rate	4.5357770174219044e-05
rate	4.9592318296937055e-05
rate	5.4163086885829934e-05
rate	5.912209612743242e-05
rate	6.444328520785417e-05
rate	7.005007214634362e-05
rate	7.587104891762755e-05
rate	8.205444110958084e-05
rate	8.876090630267426e-05
rate	9.631183901696146e-05
rate	0.00010478241243662877
rate	0.00011425538201991667
rate	0.00012451741213043307
rate	0.0001353412390127628
rate	0.0001464561713771033
rate	0.00015792390833495082
rate	0.00017034908523444196
rate	0.00018420146316699827
rate	0.00019934929883929937
rate	0.00021600298232902547
rate	0.00023447560064634066
rate	0.0002555724967208381
rate	0.0002794516028023834
rate	0.0003052184895481537
rate	0.00033161562664164596
rate	0.0003584220318608428
rate	0.00038795195298651656
rate	0.0004215088020597533
rate	0.00045644760981250015
rate	0.0004920300849736809
rate	0.0005290759375023361
rate	0.0005691780835321151
rate	0.0006143450484809171
rate	0.0006645980476029893
rate	0.0007189792642771532
rate	0.0007743895786736625
rate	0.0008288250200480975
rate	0.0008788476757482748
rate	0.0009266001014915058
rate	0.0009732394327799283
rate	0.001018968831422803
rate	0.0010637974254719747
rate	0.0011077798808668668
rate	0.0011509865750640254
rate	0.0011935996560178857
rate	0.0012357854285217251
rate	0.0012777137823823108
rate	0.001319690979538603
rate	0.0013619623868586872
rate	0.0014049377431737326
rate	0.0014489992267381112
rate	2.92223073067368e-05
rate	2.2569261346946484e-06
rate	1.4569284922419346e-06
rate	1.095361593286958e-06
rate	8.598215486036166e-07
rate	8.105248702749067e-07
rate	7.064574287949707e-07
rate	6.297786561106491e-07
rate	5.750095911499232e-07
rate	5.03811094051897e-07
rate	4.7642768454592295e-07
rate	4.7642768454592295e-07
rate	5.366714374332097e-07
rate	6.90025695818922e-07
rate	8.76253007664279e-07
rate	1.0679706226716748e-06
rate	1.2542236886845275e-06
rate	1.3911823791961051e-06
rate	1.4733608822208477e-06
rate	1.522669453093327e-06
rate	1.5555418519645368e-06
rate	1.6103305355997777e-06
rate	1.6651203156641137e-06
rate	1.6925156168712107e-06
rate	1.7199111922019163e-06
rate	1.747307041662082e-06
rate	1.774703165256829e-06
rate	1.8075786341948397e-06
rate	1.8952489272844131e-06
rate	1.961003374306111e-06
rate	2.05415849611e-06
rate	2.1692369766155043e-06
rate	2.2843203382321672e-06
rate	2.443252776865422e-06
rate	2.624118229428226e-06
rate	2.8324025159116477e-06
rate	3.0845579935705864e-06
rate	3.3696314108180052e-06
rate	3.6766676538584244e-06
rate	3.98922194822677e-06
rate	4.351172477396131e-06
rate	4.784481550578234e-06
rate	5.272722819898211e-06
rate	5.766538306855842e-06
rate	6.326299918719637e-06
rate	6.941071860874984e-06
rate	7.599903294375996e-06
rate	8.37973136339849e-06
rate	9.231210119673639e-06
rate	1.0137914479495643e-05
rate	1.1083400064880072e-05
rate	1.2084197998206303e-05
rate	1.3140381975042445e-05
rate	1.42960554369328e-05
rate	1.5551344252756876e-05
rate	1.6884344699453473e-05
rate	1.8295156589611195e-05
rate	1.983354207905701e-05
rate	2.1599063421858288e-05
rate	2.3575597394824215e-05
rate	2.576361073951709e-05
rate	2.813595204414719e-05
rate	3.067647317839531e-05
rate	3.333019404961336e-05
rate	3.606969599764253e-05
rate	3.891190265891435e-05
rate	4.197948431551536e-05
rate	4.544021319625e-05
rate	4.946841465698051e-05
rate	5.411126093185981e-05
rate	5.932709850220913e-05
rate	6.504628216154382e-05
rate	7.132253575627428e-05
rate	7.806956395233279e-05
rate	8.539256526564387e-05
rate	9.319416591562361e-05
rate	0.00010192741555322185
rate	0.00011213175204736466
rate	0.00012440806303731542
rate	0.00013888789488210738
rate	0.00015543242721226329
rate	0.0001736997353079603
rate	0.0001937413735783595
rate	0.0002152814830988648
rate	0.00023848558720685088
rate	0.00026475153256001635
rate	0.00029455649111553226
rate	0.0003256054036637333
rate	0.00035718127328371015
rate	0.0003905942592102707
rate	0.0004293083423241766
rate	0.00047419217205368794
rate	0.0005219920808186699
rate	0.0005705557464278211
rate	0.0006199486306281357
rate	0.000671612286348108
rate	0.0007228910152063871
rate	0.0007731782363441696
rate	0.0008222548892176546
rate	0.0008700574312958762
rate	0.0009173334545290188
rate	0.0009640988365209944
rate	0.001010376925069452
rate	0.001056296970417483
rate	0.001102048290465074
rate	0.001147784582565938
rate	0.0011938475925475974
rate	0.001240536320020106
rate	0.0012883044303841126
rate	0.0013377206732619977
rate	3.546299506593997e-05
rate	2.5775457441992275e-06
rate	1.8432042753542526e-06
rate	1.456931561826396e-06
rate	1.1884893046475093e-06
rate	1.059756811149714e-06
rate	9.775907215353757e-07
rate	9.036427450987357e-07
rate	8.023101543178335e-07
rate	6.626411085612773e-07
rate	5.421485904247353e-07
rate	5.421485904247353e-07
rate	7.803994055145228e-07
rate	1.2651803784400981e-06
rate	1.9062094274203304e-06
rate	2.572051066751805e-06
rate	3.183233468376821e-06
rate	3.69585553871029e-06
rate	4.101636956319081e-06
rate	4.419729192727645e-06
rate	4.746088345812842e-06
rate	5.045060093009311e-06
rate	5.267250023928856e-06
rate	5.330340534480097e-06
rate	5.316615259011759e-06
rate	5.248028868024876e-06
rate	5.206876126972315e-06
rate	5.182182009218196e-06
rate	5.2013789267841965e-06
rate	5.275442730270466e-06
rate	5.349513212890812e-06
rate	5.431821584153152e-06
rate	5.544309817145798e-06
rate	5.7226463448651845e-06
rate	5.947637882578035e-06
rate	6.257707737210901e-06
rate	6.614466021117936e-06
rate	7.001457257025572e-06
rate	7.418695818269515e-06
rate	7.874437204056263e-06
rate	8.407149428262957e-06
rate	9.071823949247303e-06
rate	9.799869206291953e-06
rate	1.0646302931048889e-05
rate	1.1564488962415133e-05
rate	1.2609504492019848e-05
rate	1.3792505328575294e-05
rate	1.5154988178468118e-05
rate	1.6688976070559027e-05
rate	1.833687520012e-05
rate	2.0101600949266078e-05
rate	2.196124829053784e-05
rate	2.4015499456008066e-05
rate	2.6284152281145282e-05
rate	2.8795409084334893e-05
rate	3.146685256616402e-05
rate	3.426560517125228e-05
rate	3.7358568963778425e-05
rate	4.083292199324678e-05
rate	4.4704095905738596e-05
rate	4.888195842007747e-05
rate	5.3365114992847894e-05
rate	5.821656794409853e-05
rate	6.343809553837945e-05
rate	6.895595155324234e-05
rate	7.469036949235606e-05
rate	8.07641823440777e-05
rate	8.736033807091576e-05
rate	9.480281590631509e-05
rate	0.00010317233327902068
rate	0.0001125458758026794
rate	0.00012272728794393225
rate	0.00013350106058959655
rate	0.00014458838645002247
rate	0.00015602230387538754
rate	0.0001683866265092477
rate	0.00018214452274724731
rate	0.00019717545739481466
rate	0.00021372451749296747
rate	0.00023212833427785947
rate	0.00025321609095372823
rate	0.00027708969040053536
rate	0.00030278558814157783
rate	0.0003289625392157206
rate	0.00035541727111699763
rate	0.0003846797514792167
rate	0.00041815201052497816
rate	0.0004532437498851185
rate	0.0004892597376513614
rate	0.000526948501318436
rate	0.0005678721949581517
rate	0.0006139100801951709
rate	0.0006647865495325139
rate	0.0007192570343109902
rate	0.0007743060306428113
rate	0.000828287993944874
rate	0.0008792176913564802
rate	0.0009277113701638917
rate	0.0009755618995782334
rate	0.001023130864556286
rate	0.0010704680002390269
rate	0.0011176891259881232
rate	0.0011649104920144159
rate	0.001212370472707207
rate	0.0012602990482787886
rate	0.0013089482839210233
rate	0.0013587064961548755
rate	0.001409929912172626
rate	0.0014631522355480545
rate	0.0015189047637618658
rate	2.841499103716103e-05
rate	2.207606844539598e-06
rate	1.4185797902954568e-06
rate	1.0679729515953818e-06
rate	8.379123886384597e-07
rate	7.913546429446322e-07
rate	6.900263806156984e-07
rate	6.160864583496184e-07
rate	5.613176672862577e-07
rate	4.95596104066644e-07
rate	4.682127767241268e-07
rate	4.682127767241268e-07
rate	5.311946952777478e-07
rate	6.790716637012136e-07
rate	8.625595772294533e-07
rate	1.0542762333371611e-06
rate	1.2377893528490486e-06
rate	1.3747472212409955e-06
rate	1.4569252309544467e-06
rate	1.5034942388359368e-06
rate	1.5391057073572601e-06
rate	1.59389406208213e-06
rate	1.6486835132229609e-06
rate	1.6760786499633228e-06
rate	1.7034740608240631e-06
rate	1.730869745810911e-06
rate	1.7582657049291097e-06
rate	1.7938805449887871e-06
rate	1.884290072112895e-06
rate	1.9555237822212783e-06
rate	2.05415849611e-06
rate	2.17197700572582e-06
rate	2.2898006432628457e-06
rate	2.445993080224101e-06
rate	2.6213777614942066e-06
rate	2.8241805360202218e-06
rate	3.065371837350191e-06
rate	3.3422200092419257e-06
rate	3.638287849029521e-06
rate	3.942612999159676e-06
rate	4.293589797066903e-06
rate	4.710436293522095e-06
rate	5.182208554565687e-06
rate	5.662292526585175e-06
rate	6.213802227412353e-06
rate	6.820316611690258e-06
rate	7.4791189872174745e-06
rate	8.25067617815567e-06
rate	9.088383401749517e-06
rate	9.981304931718003e-06
rate	1.0918492469367055e-05
rate	1.1924728090352982e-05
rate	1.2986350702439586e-05
rate	1.4141959143486985e-05
rate	1.5391672303601498e-05
rate	1.6716333610049112e-05
rate	1.8129814118175728e-05
rate	1.967913385291952e-05
rate	2.1458348822654006e-05
rate	2.34430632919887e-05
rate	2.561991909527481e-05
rate	2.7961719010241444e-05
rate	3.047163538195981e-05
rate	3.310853712353591e-05
rate	3.5845044421952444e-05
rate	3.869256918318755e-05
rate	4.175156864034833e-05
rate	4.51897516355561e-05
rate	4.918415080786136e-05
rate	5.379023635783082e-05
rate	5.8971912972141086e-05
rate	6.466514147880937e-05
rate	7.092086682455245e-05
rate	7.763594528688025e-05
rate	8.489570825013396e-05
rate	9.260818401067377e-05
rate	0.00010122321790798795
rate	0.00011127401349154655
rate	0.00012336634657416062
rate	0.000137639545054183
rate	0.00015393961844377104
rate	0.0001719237188498228
rate	0.0001916655683899409
rate	0.00021290932103977948
rate	0.00023584078937681602
rate	0.0002618565040120669
rate	0.00029142998494747726
rate	0.0003224066167987633
rate	0.0003541189944798142
rate	0.0003878207959040227
rate	0.0004269349623138679
rate	0.00047222030153762335
rate	0.0005203089129273127
rate	0.000568993718330311
rate	0.0006184882572472513
rate	0.0006703962538274833
rate	0.000722613017367672
rate	0.000773959623287111
rate	0.0008242593196521489
rate	0.0008735203150177153
rate	0.0009229522639995309
rate	0.0009726306892069489
rate	0.0010226613455441066
rate	0.0010732492955869216
rate	0.0011246661751629621
rate	0.0011771868715856107
rate	0.0012312636532583062
rate	0.0012873408854612764
rate	0.001346049467164399
rate	0.0014081880347576658
rate	3.4481864299972863e-05
rate	2.5145187666722226e-06
rate	1.7911520570834443e-06
rate	1.4131040353754982e-06
rate	1.1556216194115176e-06
rate	1.0296294559762485e-06
rate	9.474642704854183e-07
rate	8.762557472352506e-07
rate	7.776627191723285e-07
rate	6.462102247302567e-07
rate	5.311951061127159e-07
rate	5.311951061127159e-07
rate	7.667063859956426e-07
rate	1.2487458781872428e-06
rate	1.884291717068515e-06
rate	2.552868367236985e-06
rate	3.166787450728808e-06
rate	3.6766649637749762e-06
rate	4.0714761103824e-06
rate	4.367627968186522e-06
rate	4.6747844343738555e-06
rate	4.954550361437561e-06
rate	5.168504715703451e-06
rate	5.234335746972016e-06
rate	5.234325029147321e-06
rate	5.179454707178749e-06
rate	5.152017073206471e-06
rate	5.146523445714241e-06
rate	5.190406786288686e-06
rate	5.289158524270378e-06
rate	5.387919167764173e-06
rate	5.497663662780626e-06
rate	5.629360522951043e-06
rate	5.821422330399792e-06
rate	6.0573988777692676e-06
rate	6.370225726106958e-06
rate	6.726998673939486e-06
rate	7.105769930526451e-06
rate	7.506550401404799e-06
rate	7.940338053745782e-06
rate	8.440105471923125e-06
rate	9.060836286811255e-06
rate	9.747665501080913e-06
rate	1.055560785252276e-05
rate	1.144077535627255e-05
rate	1.245824429290437e-05
rate	1.3613669620292171e-05
rate	1.4934779786709982e-05
rate	1.641081894415563e-05
rate	1.7992430751003358e-05
rate	1.97018039406027e-05
rate	2.1528081068867417e-05
rate	2.3548885335442272e-05
rate	2.578124154814319e-05
rate	2.8253331432803625e-05
rate	3.088273764626263e-05
rate	3.365319402329366e-05
rate	3.673160113695445e-05
rate	4.0196829128829856e-05
rate	4.405042163725814e-05
rate	4.8171598543217875e-05
rate	5.256714309986585e-05
rate	5.731103976076464e-05
rate	6.243290586890472e-05
rate	6.786183096014103e-05
rate	7.350969006708456e-05
rate	7.947392357857456e-05
rate	8.595976983915727e-05
rate	9.329379279566873e-05
rate	0.00010156225412141261
rate	0.00011083636958544213
rate	0.00012093716375743147
rate	0.00013166088216643034
rate	0.00014272060152294166
rate	0.00015412069941582427
rate	0.00016642416778405345
rate	0.0001800875823274964
rate	0.00019500161595032998
rate	0.00021144605265690947
rate	0.00022978106790937832
rate	0.0002508596851866183
rate	0.0002747277779986873
rate	0.0003003526867350019
rate	0.00032630945178979524
rate	0.0003524125103731525
rate	0.0003814075499719168
rate	0.000414795218990203
rate	0.0004500398899577369
rate	0.00048648939032904165
rate	0.000524821065134536
rate	0.0005665663063841883
rate	0.0006134751119094247
rate	0.0006649750514620386
rate	0.000719534804344827
rate	0.0007742224826119601
rate	0.0008277509678416506
rate	0.0008795877069646855
rate	0.0009288226388362777
rate	0.0009778843663765385
rate	0.001027292897689769
rate	0.0010771385750060788
rate	0.0011275983711093796
rate	0.0011788344089648064
rate	0.0012311412893965287
rate	0.0012848126680358519
rate	0.0013401827854597355
rate	0.001397722012771148
rate	0.0014578974374865649
rate	0.0015213667279223764
rate	0.0015888103007856205
rate	2.760767476758526e-05
rate	2.1582875543845476e-06
rate	1.3802310883489787e-06
rate	1.0405843099038055e-06
rate	8.160032286733027e-07
rate	7.721844156143577e-07
rate	6.735953324364263e-07
rate	6.023942605885876e-07
rate	5.476257434225922e-07
rate	4.873811140813911e-07
rate	4.599978689023307e-07
rate	4.599978689023307e-07
rate	5.25717953122286e-07
rate	6.68117631583505e-07
rate	8.488661467946276e-07
rate	1.0405818440026476e-06
rate	1.22135501701357e-06
rate	1.358312063285886e-06
rate	1.440489579688046e-06
rate	1.4843190245785463e-06
rate	1.5226695627499837e-06
rate	1.577457588564482e-06
rate	1.632246710781808e-06
rate	1.659641683055435e-06
rate	1.6870369294462097e-06
rate	1.7144324499597401e-06
rate	1.7418282446013902e-06
rate	1.7801824557827346e-06
rate	1.8733312169413768e-06
rate	1.9500441901364455e-06
rate	2.05415849611e-06
rate	2.1747170348361357e-06
rate	2.295280948293524e-06
rate	2.44873338358278e-06
rate	2.618637293560187e-06
rate	2.8159585561287963e-06
rate	3.046185681129796e-06
rate	3.3148086076658462e-06
rate	3.5999080442006176e-06
rate	3.896004050092582e-06
rate	4.236007116737676e-06
rate	4.6363910364659565e-06
rate	5.0916942892331626e-06
rate	5.558046746314508e-06
rate	6.101304536105068e-06
rate	6.699561362505532e-06
rate	7.3583346800589534e-06
rate	8.12162099291285e-06
rate	8.945556683825395e-06
rate	9.824695383940366e-06
rate	1.0753584873854038e-05
rate	1.176525818249966e-05
rate	1.2832319429836728e-05
rate	1.3987862850041171e-05
rate	1.523200035444612e-05
rate	1.654832252064475e-05
rate	1.796447164674026e-05
rate	1.952472562678203e-05
rate	2.1317634223449725e-05
rate	2.331052918915319e-05
rate	2.5476227451032528e-05
rate	2.7787485976335698e-05
rate	3.0266797585524306e-05
rate	3.288688019745847e-05
rate	3.5620392846262364e-05
rate	3.847323570746074e-05
rate	4.152365296518131e-05
rate	4.4939290074862206e-05
rate	4.88998869587422e-05
rate	5.346921178380183e-05
rate	5.8616727442073046e-05
rate	6.428400079607494e-05
rate	7.051919789283063e-05
rate	7.720232662142772e-05
rate	8.439885123462404e-05
rate	9.202220210572393e-05
rate	0.00010051902026275404
rate	0.00011041627493572842
rate	0.00012232463011100582
rate	0.0001363911952262586
rate	0.00015244680967527882
rate	0.00017014770239168534
rate	0.0001895897632015223
rate	0.00021053715898069418
rate	0.00023319599154678118
rate	0.0002589614754641175
rate	0.00028830347877942226
rate	0.00031920782993379325
rate	0.0003510567156759183
rate	0.00038504733259777475
rate	0.00042456158230355916
rate	0.00047024843102155876
rate	0.0005186257450359556
rate	0.0005674316902328008
rate	0.000617027883866367
rate	0.0006691802213068586
rate	0.0007223350195289567
rate	0.0007747410102300523
rate	0.0008262637500866431
rate	0.0008769831987395542
rate	0.0009285710734700429
rate	0.0009811625418929034
rate	0.0010349457660187614
rate	0.00109020162075636
rate	0.0011472840598608502
rate	0.0012065891606052837
rate	0.0012686797139690152
rate	0.001334145450902447
rate	0.0014037945039446853
rate	0.001478655396253334
rate	3.3500733534005755e-05
rate	2.4514917891452178e-06
rate	1.739099838812636e-06
rate	1.3692765089246e-06
rate	1.1227539341755256e-06
rate	9.99502100802783e-07
rate	9.173378194354609e-07
rate	8.488687493717653e-07
rate	7.530152840268235e-07
rate	6.297793408992361e-07
rate	5.202416218006964e-07
rate	5.202416218006964e-07
rate	7.530133664767625e-07
rate	1.2323113779343874e-06
rate	1.8623740067166997e-06
rate	2.533685667722165e-06
rate	3.1503414330807942e-06
rate	3.657474388839662e-06
rate	4.041315264445718e-06
rate	4.315526743645398e-06
rate	4.603480522934869e-06
rate	4.864040629865811e-06
rate	5.069759407478045e-06
rate	5.138330959463935e-06
rate	5.152034799282883e-06
rate	5.110880546332621e-06
rate	5.097158019440625e-06
rate	5.110864882210285e-06
rate	5.1794346457931745e-06
rate	5.30287431827029e-06
rate	5.426325122637534e-06
rate	5.5635057414081e-06
rate	5.714411228756288e-06
rate	5.9201983159344e-06
rate	6.167159872960501e-06
rate	6.4827437150030155e-06
rate	6.839531326761035e-06
rate	7.21008260402733e-06
rate	7.594404984540082e-06
rate	8.006238903435301e-06
rate	8.473061515583292e-06
rate	9.049848624375206e-06
rate	9.695461795869873e-06
rate	1.0464912773996628e-05
rate	1.1317061750129966e-05
rate	1.230698409378889e-05
rate	1.3434833912009047e-05
rate	1.4714571394951846e-05
rate	1.6132661817752237e-05
rate	1.7647986301886713e-05
rate	1.9302006931939322e-05
rate	2.109491384719699e-05
rate	2.308227121487648e-05
rate	2.52783308151411e-05
rate	2.7711253781272357e-05
rate	3.029862272636124e-05
rate	3.304078287533503e-05
rate	3.610463331013047e-05
rate	3.956073626441293e-05
rate	4.3396747368777694e-05
rate	4.746123866635829e-05
rate	5.1769171206883806e-05
rate	5.640551157743075e-05
rate	6.142771619943001e-05
rate	6.676771036703975e-05
rate	7.232901064181307e-05
rate	7.818366481307141e-05
rate	8.455920160739879e-05
rate	9.178476968502236e-05
rate	9.995217496380453e-05
rate	0.00010912686336820486
rate	0.00011914703957093068
rate	0.00012982070374326413
rate	0.00014085281659586085
rate	0.000152219094956261
rate	0.00016446170905885918
rate	0.00017803064190774544
rate	0.00019282777450584527
rate	0.00020916758782085147
rate	0.00022743380154089716
rate	0.0002485032794195084
rate	0.0002723658655968392
rate	0.00029791978532842605
rate	0.0003236563643638699
rate	0.0003494077496293074
rate	0.0003781353484646169
rate	0.0004114384274554279
rate	0.0004468360300303553
rate	0.00048371904300672207
rate	0.0005226936289506358
rate	0.0005652604178102249
rate	0.0006130401436236785
rate	0.0006651635533915631
rate	0.000719812574378664
rate	0.000774138934581109
rate	0.0008272139417384272
rate	0.0008799577225728908
rate	0.0009299339075086636
rate	0.0009802068331748437
rate	0.001031454930823252
rate	0.001083809149773131
rate	0.0011375076162306358
rate	0.001192758325915197
rate	0.0012499121060858501
rate	0.0013093262877929153
rate	0.001371417286998448
rate	0.0014367375293874202
rate	0.0015058649628005038
rate	0.001579581220296698
rate	0.0016587158378093753
rate	2.680035849800949e-05
rate	2.1089682642294974e-06
rate	1.3418823864025006e-06
rate	1.0131956682122295e-06
rate	7.940940687081458e-07
rate	7.530141882840832e-07
rate	6.571642842571542e-07
rate	5.887020628275568e-07
rate	5.339338195589268e-07
rate	4.791661240961382e-07
rate	4.517829610805345e-07
rate	4.517829610805345e-07
rate	5.202412109668243e-07
rate	6.571635994657966e-07
rate	8.35172716359802e-07
rate	1.0268874546681342e-06
rate	1.2049206811780913e-06
rate	1.3418769053307763e-06
rate	1.4240539284216452e-06
rate	1.4651438103211558e-06
rate	1.5062334181427072e-06
rate	1.5610211150468342e-06
rate	1.6158099083406553e-06
rate	1.6432047161475472e-06
rate	1.6705997980683565e-06
rate	1.697995154108569e-06
rate	1.7253907842736707e-06
rate	1.7664843665766822e-06
rate	1.8623723617698587e-06
rate	1.9445645980516128e-06
rate	2.05415849611e-06
rate	2.1774570639464514e-06
rate	2.3007612533242023e-06
rate	2.4514736869414587e-06
rate	2.6158968256261675e-06
rate	2.8077365762373703e-06
rate	3.0269995249094008e-06
rate	3.2873972060897663e-06
rate	3.561528239371714e-06
rate	3.849395101025488e-06
rate	4.178424436408448e-06
rate	4.562345779409818e-06
rate	5.001180023900638e-06
rate	5.453800966043842e-06
rate	5.988806844797784e-06
rate	6.578806113320805e-06
rate	7.237550372900432e-06
rate	7.99256580767003e-06
rate	8.80272996590127e-06
rate	9.668085836162728e-06
rate	1.0588677278341021e-05
rate	1.1605788274646337e-05
rate	1.267828815723387e-05
rate	1.3833766556595355e-05
rate	1.5072328405290742e-05
rate	1.638031143124039e-05
rate	1.7799129175304795e-05
rate	1.9370317400644544e-05
rate	2.1176919624245443e-05
rate	2.317799508631768e-05
rate	2.5332535806790247e-05
rate	2.7613252942429956e-05
rate	3.0061959789088805e-05
rate	3.2665223271381025e-05
rate	3.539574127057228e-05
rate	3.825390223173394e-05
rate	4.129573729001428e-05
rate	4.4688828514168306e-05
rate	4.861562310962304e-05
rate	5.3148187209772844e-05
rate	5.8261541912005006e-05
rate	6.390286011334051e-05
rate	7.01175289611088e-05
rate	7.676870795597518e-05
rate	8.390199421911411e-05
rate	9.143622020077409e-05
rate	9.981482261752015e-05
rate	0.00010955853637991029
rate	0.00012128291364785104
rate	0.00013514284539833422
rate	0.00015095400090678657
rate	0.00016837168593354784
rate	0.00018751395801310368
rate	0.0002081649969216089
rate	0.00023055119371674632
rate	0.00025606644691616813
rate	0.00028517697261136725
rate	0.00031600904306882326
rate	0.0003479944368720224
rate	0.0003822738692915268
rate	0.0004221882022932504
rate	0.00046827656050549423
rate	0.0005169425771445983
rate	0.0005658696621352906
rate	0.0006155675104854825
rate	0.0006679641887862339
rate	0.0007220570216902416
rate	0.0007755223971729936
rate	0.0008282681805211374
rate	0.0008804460824613932
rate	0.000934189882940555
rate	0.000989694394578858
rate	0.0010472301864934163
rate	0.0011071539459257987
rate	0.0011699019445587382
rate	0.0012359914496249565
rate	0.0013060957746797242
rate	0.0013809500163436171
rate	0.0014615395407249717
rate	0.001549122757749002
rate	3.2519602768038646e-05
rate	2.388464811618213e-06
rate	1.6870476205418278e-06
rate	1.3254489824737022e-06
rate	1.0898862489395338e-06
rate	9.693747456293177e-07
rate	8.872113683855034e-07
rate	8.2148175150828e-07
rate	7.283678488813185e-07
rate	6.133484570682156e-07
rate	5.09288137488677e-07
rate	5.09288137488677e-07
rate	7.393203469578822e-07
rate	1.215876877681532e-06
rate	1.8404562963648845e-06
rate	2.5145029682073443e-06
rate	3.133895415432781e-06
rate	3.6382838139043483e-06
rate	4.011154418509037e-06
rate	4.2634255191042745e-06
rate	4.532176611495882e-06
rate	4.77353089829406e-06
rate	4.9710140992526385e-06
rate	5.042326171955855e-06
rate	5.0697445694184446e-06
rate	5.042306385486493e-06
rate	5.042298965674781e-06
rate	5.07520631870633e-06
rate	5.168462505297663e-06
rate	5.316590112270202e-06
rate	5.464731077510895e-06
rate	5.629347820035574e-06
rate	5.799461934561534e-06
rate	6.018974301469007e-06
rate	6.276920868151733e-06
rate	6.595261703899072e-06
rate	6.952063979582585e-06
rate	7.314395277528209e-06
rate	7.682259567675366e-06
rate	8.07213975312482e-06
rate	8.506017559243459e-06
rate	9.038860961939158e-06
rate	9.643258090658832e-06
rate	1.0374217695470497e-05
rate	1.1193348143987381e-05
rate	1.2155723894673413e-05
rate	1.3255998203725923e-05
rate	1.4494363003193712e-05
rate	1.585450469134884e-05
rate	1.7303541852770068e-05
rate	1.8902209923275946e-05
rate	2.0661746625526562e-05
rate	2.2615657094310688e-05
rate	2.4775420082139012e-05
rate	2.716917612974109e-05
rate	2.971450780645985e-05
rate	3.242837172737641e-05
rate	3.547766548330649e-05
rate	3.8924643399995996e-05
rate	4.2743073100297246e-05
rate	4.67508787894987e-05
rate	5.0971199313901765e-05
rate	5.549998339409687e-05
rate	6.0422526529955295e-05
rate	6.567358977393846e-05
rate	7.114833121654157e-05
rate	7.689340604756827e-05
rate	8.31586333756403e-05
rate	9.027574657437598e-05
rate	9.834209580619645e-05
rate	0.0001074173571509676
rate	0.0001173569153844299
rate	0.0001279805253200979
rate	0.00013898503166878004
rate	0.00015031749049669775
rate	0.0001624992503336649
rate	0.0001759737014879945
rate	0.00019065393306136056
rate	0.0002068891229847935
rate	0.000225086535172416
rate	0.0002461468736523985
rate	0.0002700039531949912
rate	0.0002954868839218502
rate	0.00032100327693794446
rate	0.0003464029888854623
rate	0.000374863146957317
rate	0.00040808163592065275
rate	0.0004436321701029737
rate	0.0004809486956844024
rate	0.0005205661927667357
rate	0.0005639545292362616
rate	0.0006126051753379323
rate	0.0006653520553210877
rate	0.000720090344412501
rate	0.0007740553865502578
rate	0.0008266769156352038
rate	0.0008803277381810961
rate	0.0009310451761810495
rate	0.0009825292999731487
rate	0.0010356169639567348
rate	0.0010904797245401832
rate	0.0011474168613518922
rate	0.0012066822428655876
rate	0.0012686829227751715
rate	0.0013338399075499788
rate	0.0014026517885371605
rate	0.0014757530460036926
rate	0.0015538324881144427
rate	0.00163779571267102
rate	0.00172862137483313
rate	2.5993042228433725e-05
rate	2.0596489740744467e-06
rate	1.3035336844560225e-06
rate	9.858070265206532e-07
rate	7.72184908742989e-07
rate	7.338439609538087e-07
rate	6.407332360778821e-07
rate	5.750098650665261e-07
rate	5.202418956952613e-07
rate	4.7095113411088514e-07
rate	4.4356805325873836e-07
rate	4.4356805325873836e-07
rate	5.147644688113625e-07
rate	6.462095673480881e-07
rate	8.214792859249763e-07
rate	1.0131930653336207e-06
rate	1.1884863453426126e-06
rate	1.3254417473756665e-06
rate	1.4076182771552444e-06
rate	1.4459685960637653e-06
rate	1.4897972735354306e-06
rate	1.5445846415291862e-06
rate	1.5993731058995022e-06
rate	1.6267677492396593e-06
rate	1.6541626666905032e-06
rate	1.681557858257398e-06
rate	1.7089533239459512e-06
rate	1.7527862773706297e-06
rate	1.8514135065983405e-06
rate	1.9390850059667805e-06
rate	2.05415849611e-06
rate	2.1801970930567667e-06
rate	2.3062415583548808e-06
rate	2.4542139903001375e-06
rate	2.613156357692148e-06
rate	2.7995145963459444e-06
rate	3.0078133686890054e-06
rate	3.259985804513687e-06
rate	3.5231484345428104e-06
rate	3.8027861519583946e-06
rate	4.12084175607922e-06
rate	4.48830052235368e-06
rate	4.910665758568113e-06
rate	5.349555185773176e-06
rate	5.876309153490499e-06
rate	6.458050864136079e-06
rate	7.1167660657419105e-06
rate	7.86351062242721e-06
rate	8.659903247977149e-06
rate	9.51147628838509e-06
rate	1.0423769682828004e-05
rate	1.1446318366793017e-05
rate	1.2524256884631011e-05
rate	1.367967026314954e-05
rate	1.4912656456135362e-05
rate	1.6212300341836027e-05
rate	1.7633786703869328e-05
rate	1.9215909174507054e-05
rate	2.1036205025041164e-05
rate	2.3045460983482164e-05
rate	2.5188844162547966e-05
rate	2.743901990852421e-05
rate	2.98571219926533e-05
rate	3.244356634530358e-05
rate	3.517108969488219e-05
rate	3.803456875600714e-05
rate	4.1067821614847255e-05
rate	4.4438366953474406e-05
rate	4.8331359260503876e-05
rate	5.282716263574386e-05
rate	5.7906356381936966e-05
rate	6.352171943060608e-05
rate	6.971586002938696e-05
rate	7.633508929052264e-05
rate	8.340513720360418e-05
rate	9.085023829582423e-05
rate	9.911062497228625e-05
rate	0.00010870079782409218
rate	0.00012024119718469624
rate	0.00013389449557040984
rate	0.00014946119213829433
rate	0.00016659566947541034
rate	0.0001854381528246851
rate	0.0002057928348625236
rate	0.00022790639588671146
rate	0.0002531714183682187
rate	0.00028205046644331225
rate	0.0003128102562038532
rate	0.00034493215806812646
rate	0.0003795004059852788
rate	0.0004198148222829417
rate	0.00046630468998942965
rate	0.0005152594092532411
rate	0.0005643076340377804
rate	0.0006141071371045981
rate	0.0006667481562656093
rate	0.0007217790238515265
rate	0.0007763037841159348
rate	0.0008302726109556315
rate	0.0008839089661832323
rate	0.000939808692411067
rate	0.0009982262472648124
rate	0.001059514606968071
rate	0.0011241062710952371
rate	0.0011925198292566264
rate	0.0012653937386446293
rate	0.0013435118353904332
rate	0.0014277545817847877
rate	0.0015192845775052581
rate	0.00161959011924467
rate	3.153847200207154e-05
rate	2.325437834091208e-06
rate	1.6349954022710197e-06
rate	1.2816214560228043e-06
rate	1.057018563703542e-06
rate	9.392473904558522e-07
rate	8.57084917335546e-07
rate	7.940947536447948e-07
rate	7.037204137358136e-07
rate	5.96917573237195e-07
rate	4.983346531766577e-07
rate	4.983346531766577e-07
rate	7.25627327439002e-07
rate	1.1994423774286766e-06
rate	1.8185385860130691e-06
rate	2.4953202686925243e-06
rate	3.117449397784768e-06
rate	3.6190932389690345e-06
rate	3.980993572572355e-06
rate	4.211324294563152e-06
rate	4.460872700056896e-06
rate	4.6830211667223105e-06
rate	4.872268791027233e-06
rate	4.946321384447775e-06
rate	4.987454339554006e-06
rate	4.973732224640365e-06
rate	4.987439911908936e-06
rate	5.039547755202375e-06
rate	5.1574903648021524e-06
rate	5.330305906270113e-06
rate	5.503137032384256e-06
rate	5.695189898663049e-06
rate	5.88451264036678e-06
rate	6.117750287003615e-06
rate	6.3866818633429655e-06
rate	6.7077796927951285e-06
rate	7.064596632404134e-06
rate	7.418707951029088e-06
rate	7.770114150810649e-06
rate	8.13804060281434e-06
rate	8.538973602903627e-06
rate	9.02787329950311e-06
rate	9.591054385447792e-06
rate	1.0283522616944368e-05
rate	1.1069634537844798e-05
rate	1.2004463695557936e-05
rate	1.30771624954428e-05
rate	1.4274154611435577e-05
rate	1.5576347564945447e-05
rate	1.6959097403653426e-05
rate	1.850241291461257e-05
rate	2.0228579403856138e-05
rate	2.2149042973744894e-05
rate	2.427250934913692e-05
rate	2.662709847820982e-05
rate	2.913039288655846e-05
rate	3.1815960579417786e-05
rate	3.485069765648251e-05
rate	3.828855053557907e-05
rate	4.208939883181679e-05
rate	4.604051891263911e-05
rate	5.0173227420919725e-05
rate	5.4594455210762984e-05
rate	5.941733686048058e-05
rate	6.457946918083716e-05
rate	6.996765179127008e-05
rate	7.560314728206514e-05
rate	8.175806514388181e-05
rate	8.876672346372962e-05
rate	9.673201664858836e-05
rate	0.00010570785093373034
rate	0.0001155667911979291
rate	0.00012614034689693165
rate	0.00013711724674169922
rate	0.00014841588603713447
rate	0.00016053679160847066
rate	0.00017391676106824356
rate	0.00018848009161687588
rate	0.0002046106581487355
rate	0.00022273926880393485
rate	0.0002437904678852886
rate	0.0002676420407931431
rate	0.00029305398251527426
rate	0.0003183501895120191
rate	0.00034339822814161716
rate	0.0003715909454500171
rate	0.0004047248443858776
rate	0.0004404283101755921
rate	0.0004781783483620828
rate	0.0005184387565828356
rate	0.0005626486406622982
rate	0.0006121702070521861
rate	0.0006655405572506124
rate	0.0007203681144463378
rate	0.0007739718385194066
rate	0.0008261398895319803
rate	0.0008806977537893014
rate	0.0009321564448534354
rate	0.0009848517667714538
rate	0.0010397789970902178
rate	0.001097150299307235
rate	0.0011573261064731486
rate	0.001220606159815978
rate	0.0012874537394644931
rate	0.001358353527307042
rate	0.0014338862900758727
rate	0.001514768562619965
rate	0.0016018000134283817
rate	0.0016960102050453418
rate	0.0017985269118568846
rate	2.5185725958857956e-05
rate	2.0103296839193965e-06
rate	1.2651849825095447e-06
rate	9.58418384829077e-07
rate	7.502757487778321e-07
rate	7.146737336235342e-07
rate	6.243021878986099e-07
rate	5.613176673054953e-07
rate	5.065499718315958e-07
rate	4.627361441256322e-07
rate	4.3535314543694223e-07
rate	4.3535314543694223e-07
rate	5.092877266559007e-07
rate	6.352555352303796e-07
rate	8.077858554901506e-07
rate	9.994986759991072e-07
rate	1.172052009507134e-06
rate	1.309006589420557e-06
rate	1.3911826258888436e-06
rate	1.426793381806375e-06
rate	1.4733611289281541e-06
rate	1.5281481680115383e-06
rate	1.5829363034583494e-06
rate	1.6103307823317715e-06
rate	1.6377255353126498e-06
rate	1.665120562406227e-06
rate	1.6925158636182317e-06
rate	1.7390881881645772e-06
rate	1.8404546514268224e-06
rate	1.9336054138819477e-06
rate	2.05415849611e-06
rate	2.1829371221670824e-06
rate	2.311721863385559e-06
rate	2.4569542936588163e-06
rate	2.6104158897581283e-06
rate	2.791292616454519e-06
rate	2.9886272124686105e-06
rate	3.2325744029376073e-06
rate	3.484768629713907e-06
rate	3.756177202891301e-06
rate	4.063259075749992e-06
rate	4.4142552652975416e-06
rate	4.820151493235589e-06
rate	5.24530940550251e-06
rate	5.763811462183214e-06
rate	6.337295614951353e-06
rate	6.995981758583389e-06
rate	7.734455437184391e-06
rate	8.517076530053026e-06
rate	9.354866740607453e-06
rate	1.0258862087314987e-05
rate	1.1286848458939696e-05
rate	1.2370225612028153e-05
rate	1.3525573969703726e-05
rate	1.4752984506979984e-05
rate	1.6044289252431666e-05
rate	1.746844423243386e-05
rate	1.9061500948369564e-05
rate	2.0895490425836883e-05
rate	2.2912926880646653e-05
rate	2.5045152518305685e-05
rate	2.7264786874618464e-05
rate	2.9652284196217795e-05
rate	3.222190941922614e-05
rate	3.494643811919211e-05
rate	3.781523528028033e-05
rate	4.0839905939680234e-05
rate	4.418790539278051e-05
rate	4.8047095411384715e-05
rate	5.2506138061714874e-05
rate	5.7551170851868926e-05
rate	6.314057874787164e-05
rate	6.931419109766514e-05
rate	7.590147062507011e-05
rate	8.290828018809426e-05
rate	9.02642563908744e-05
rate	9.840642732705234e-05
rate	0.00010784305926827406
rate	0.00011919948072154145
rate	0.00013264614574248545
rate	0.0001479683833698021
rate	0.00016481965301727287
rate	0.0001833623476362665
rate	0.0002034206728034383
rate	0.00022526159805667662
rate	0.0002502763898202693
rate	0.00027892396027525725
rate	0.0003096114693388832
rate	0.0003418698792642305
rate	0.00037672694267903083
rate	0.00041744144227263296
rate	0.00046433281947336506
rate	0.000513576241361884
rate	0.0005627456059402702
rate	0.0006126467637237137
rate	0.0006655321237449846
rate	0.0007215010260128113
rate	0.0007770851710588761
rate	0.0008322770413901258
rate	0.0008873718499050713
rate	0.000945427501881579
rate	0.0010067580999507668
rate	0.0010717990274427256
rate	0.0011410585962646756
rate	0.0012151377139545145
rate	0.0012947960276643022
rate	0.0013809278961011422
rate	0.0014745591472259578
rate	0.0015770296142855445
rate	0.0016900574807403382
rate	3.055734123610443e-05
rate	2.2624108565642037e-06
rate	1.5829431840002114e-06
rate	1.2377939295719062e-06
rate	1.02415087846755e-06
rate	9.091200352823866e-07
rate	8.269584662855885e-07
rate	7.667077557813095e-07
rate	6.790729785903086e-07
rate	5.804866894061744e-07
rate	4.873811688646383e-07
rate	4.873811688646383e-07
rate	7.119343079201219e-07
rate	1.1830078771758212e-06
rate	1.7966208756612537e-06
rate	2.4761375691777042e-06
rate	3.1010033801367548e-06
rate	3.5999026640337208e-06
rate	3.950832726635673e-06
rate	4.159223070022028e-06
rate	4.389568788617908e-06
rate	4.592511435150561e-06
rate	4.773523482801826e-06
rate	4.850316596939694e-06
rate	4.905164109689568e-06
rate	4.9051580637942375e-06
rate	4.932580858143092e-06
rate	5.00388919169842e-06
rate	5.146518224306641e-06
rate	5.344021700270026e-06
rate	5.541542987257616e-06
rate	5.761031977290522e-06
rate	5.969563346172025e-06
rate	6.2165262725382235e-06
rate	6.496442858534198e-06
rate	6.820297681691186e-06
rate	7.177129285225684e-06
rate	7.523020624529967e-06
rate	7.857968733945932e-06
rate	8.203941452503859e-06
rate	8.571929646563794e-06
rate	9.016885637067062e-06
rate	9.53885068023675e-06
rate	1.0192827538418237e-05
rate	1.0945920931702214e-05
rate	1.1853203496442458e-05
rate	1.2898326787159676e-05
rate	1.4053946219677441e-05
rate	1.529819043854205e-05
rate	1.661465295453678e-05
rate	1.8102615905949194e-05
rate	1.979541218218571e-05
rate	2.16824288531791e-05
rate	2.376959861613483e-05
rate	2.6085020826678556e-05
rate	2.8546277966657068e-05
rate	3.120354943145916e-05
rate	3.422372982965853e-05
rate	3.765245767116214e-05
rate	4.1435724563336344e-05
rate	4.533015903577952e-05
rate	4.9375255527937684e-05
rate	5.3688927027429096e-05
rate	5.8412147191005866e-05
rate	6.348534858773587e-05
rate	6.878697236599858e-05
rate	7.431288851656199e-05
rate	8.035749691212331e-05
rate	8.725770035308325e-05
rate	9.512193749098029e-05
rate	0.00010399834471649306
rate	0.00011377666701142831
rate	0.00012430016847376544
rate	0.00013524946181461839
rate	0.0001465142815775712
rate	0.0001585743328832764
rate	0.0001718598206484926
rate	0.00018630625017239117
rate	0.0002023321933126775
rate	0.00022039200243545367
rate	0.00024143406211817866
rate	0.00026528012839129505
rate	0.0002906210811086984
rate	0.00031569710208609374
rate	0.000340393467397772
rate	0.00036831874394271724
rate	0.00040136805285110244
rate	0.00043722445024821046
rate	0.00047540800103976314
rate	0.0005163113203989356
rate	0.0005613427520883348
rate	0.00061173523876644
rate	0.0006657290591801369
rate	0.0007206458844801748
rate	0.0007738882904885554
rate	0.0008256028634287569
rate	0.0008810677693975068
rate	0.0009332677135258213
rate	0.000987174233569759
rate	0.0010439410302237008
rate	0.0011038208740742873
rate	0.001167235351594405
rate	0.0012345300767663686
rate	0.0013062245561538146
rate	0.0013828671470641055
rate	0.0014651207916145852
rate	0.0015537840792362375
rate	0.0016497675387423206
rate	0.0017542246974196637
rate	0.0018684324488806394
rate	2.4378409689282187e-05
rate	1.961010393764346e-06
rate	1.2268362805630666e-06
rate	9.310297431375008e-07
rate	7.283665888126752e-07
rate	6.955035062932597e-07
rate	6.078711397193377e-07
rate	5.476254695444645e-07
rate	4.928580479679304e-07
rate	4.545211541403792e-07
rate	4.271382376151461e-07
rate	4.271382376151461e-07
rate	5.038109845004388e-07
rate	6.243015031126711e-07
rate	7.940924250553249e-07
rate	9.858042866645935e-07
rate	1.155617673671655e-06
rate	1.2925714314654473e-06
rate	1.3747469746224427e-06
rate	1.4076181675489843e-06
rate	1.4569249843208774e-06
rate	1.5117116944938907e-06
rate	1.5664995010171966e-06
rate	1.5938938154238837e-06
rate	1.6212884039347966e-06
rate	1.648683266555056e-06
rate	1.6760784032905124e-06
rate	1.7253900989585246e-06
rate	1.8294957962553042e-06
rate	1.928125821797115e-06
rate	2.05415849611e-06
rate	2.185677151277398e-06
rate	2.3172021684162373e-06
rate	2.4596945970174956e-06
rate	2.607675421824109e-06
rate	2.783070636563093e-06
rate	2.969441056248215e-06
rate	3.205163001361528e-06
rate	3.4463888248850036e-06
rate	3.709568253824207e-06
rate	4.005676395420765e-06
rate	4.340210008241403e-06
rate	4.729637227903065e-06
rate	5.1410636252318425e-06
rate	5.65131377087593e-06
rate	6.216540365766626e-06
rate	6.8751974514248675e-06
rate	7.605400251941571e-06
rate	8.374249812128904e-06
rate	9.198257192829814e-06
rate	1.009395449180197e-05
rate	1.1127378551086374e-05
rate	1.2216194339425294e-05
rate	1.3371477676257911e-05
rate	1.4593312557824605e-05
rate	1.5876278163027305e-05
rate	1.7303101760998394e-05
rate	1.8907092722232074e-05
rate	2.07547758266326e-05
rate	2.278039277781114e-05
rate	2.4901460874063404e-05
rate	2.709055384071272e-05
rate	2.944744639978229e-05
rate	3.200025249314869e-05
rate	3.472178654350202e-05
rate	3.7595901804553526e-05
rate	4.061199026451321e-05
rate	4.393744383208661e-05
rate	4.776283156226556e-05
rate	5.2185113487685886e-05
rate	5.719598532180088e-05
rate	6.27594380651372e-05
rate	6.89125221659433e-05
rate	7.546785195961757e-05
rate	8.241142317258434e-05
rate	8.967827448592455e-05
rate	9.770222968181844e-05
rate	0.00010698532071245593
rate	0.00011815776425838667
rate	0.00013139779591456107
rate	0.00014647557460130986
rate	0.00016304363655913538
rate	0.00018128654244784788
rate	0.00020104851074435298
rate	0.00022261680022664176
rate	0.00024738136127231986
rate	0.00027579745410720224
rate	0.00030641268247391315
rate	0.0003388076004603346
rate	0.0003739534793727829
rate	0.00041506806226232425
rate	0.0004623609489573005
rate	0.0005118930734705268
rate	0.0005611835778427601
rate	0.0006111863903428293
rate	0.0006643160912243599
rate	0.0007212230281740962
rate	0.0007778665580018175
rate	0.00083428147182462
rate	0.0008908347336269103
rate	0.0009510463113520911
rate	0.0010152899526367214
rate	0.0010840834479173805
rate	0.001158010921434114
rate	0.0012377555986524025
rate	0.001324198316683975
rate	0.001418343956811851
rate	0.0015213637126671284
rate	0.001634774651065831
rate	0.0017605248422360063
rate	2.9576210470137323e-05
rate	2.199383879037199e-06
rate	1.5308909657294031e-06
rate	1.1939664031210083e-06
rate	9.912831932315583e-07
rate	8.789926801089211e-07
rate	7.96832015235631e-07
rate	7.393207579178242e-07
rate	6.544255434448036e-07
rate	5.640558055751539e-07
rate	4.7642768455261885e-07
rate	4.7642768455261885e-07
rate	6.982412884012416e-07
rate	1.1665733769229658e-06
rate	1.7747031653094384e-06
rate	2.456954869662884e-06
rate	3.084557362488741e-06
rate	3.5807120890984066e-06
rate	3.920671880698991e-06
rate	4.107121845480905e-06
rate	4.3182648771789215e-06
rate	4.502001703578811e-06
rate	4.674778174576421e-06
rate	4.754311809431613e-06
rate	4.82287387982513e-06
rate	4.83658390294811e-06
rate	4.877721804377246e-06
rate	4.968230628194465e-06
rate	5.13554608381113e-06
rate	5.357737494269938e-06
rate	5.579948942130977e-06
rate	5.826874055917996e-06
rate	6.05461405197727e-06
rate	6.315302258072831e-06
rate	6.60620385372543e-06
rate	6.932815670587243e-06
rate	7.289661938047234e-06
rate	7.6273332980308465e-06
rate	7.945823317081216e-06
rate	8.269842302193378e-06
rate	8.604885690223962e-06
rate	9.005897974631013e-06
rate	9.48664697502571e-06
rate	1.0102132459892107e-05
rate	1.0822207325559631e-05
rate	1.170194329732698e-05
rate	1.2719491078876553e-05
rate	1.3833737827919306e-05
rate	1.5020033312138657e-05
rate	1.627020850542014e-05
rate	1.7702818897285818e-05
rate	1.9362244960515287e-05
rate	2.1215814732613307e-05
rate	2.326668788313274e-05
rate	2.5542943175147287e-05
rate	2.7962163046755677e-05
rate	3.0591138283500535e-05
rate	3.359676200283455e-05
rate	3.7016364806745216e-05
rate	4.078205029485589e-05
rate	4.461979915891993e-05
rate	4.857728363495564e-05
rate	5.2783398844095215e-05
rate	5.7406957521531145e-05
rate	6.239122799463457e-05
rate	6.760629294072709e-05
rate	7.302262975105884e-05
rate	7.895692868036482e-05
rate	8.574867724243689e-05
rate	9.351185833337221e-05
rate	0.0001022888384992558
rate	0.00011198654282492751
rate	0.00012245999005059923
rate	0.00013338167688753757
rate	0.00014461267711800795
rate	0.00015661187415808215
rate	0.0001698028802287417
rate	0.0001841324087279065
rate	0.0002000537284766195
rate	0.0002180447360669725
rate	0.00023907765635106874
rate	0.000262918215989447
rate	0.00028818817970212247
rate	0.0003130440146601683
rate	0.0003373887066539269
rate	0.00036504654243541733
rate	0.00039801126131632734
rate	0.00043402059032082886
rate	0.0004726376537174435
rate	0.0005141838842150355
rate	0.0005600368635143714
rate	0.0006113002704806938
rate	0.0006659175611096616
rate	0.0007209236545140116
rate	0.0007738047424577043
rate	0.0008250658373255335
rate	0.0008814377850057121
rate	0.0009343789821982072
rate	0.0009894967003680642
rate	0.0010481030633571837
rate	0.0011104914488413392
rate	0.0011771445967156612
rate	0.0012484539937167593
rate	0.0013249953728431362
rate	0.0014073807668211688
rate	0.0014963552931532976
rate	0.0015927995958525097
rate	0.0016977350640562593
rate	0.0018124391897939855
rate	0.0019383379859043942
rate	2.3571093419706417e-05
rate	1.9116911036092956e-06
rate	1.1884875786165885e-06
rate	9.036411014459246e-07
rate	7.064574288475184e-07
rate	6.763332789629852e-07
rate	5.914400915400656e-07
rate	5.339332717834338e-07
rate	4.791661241042649e-07
rate	4.4630616415512623e-07
rate	4.1892332979334996e-07
rate	4.1892332979334996e-07
rate	4.98334242344977e-07
rate	6.133474709949625e-07
rate	7.803989946204993e-07
rate	9.7210989733008e-07
rate	1.1391833378361764e-06
rate	1.2761362735103377e-06
rate	1.358311323356042e-06
rate	1.388442953291594e-06
rate	1.440488839713601e-06
rate	1.4952752209762427e-06
rate	1.5500626985760436e-06
rate	1.5774568485159958e-06
rate	1.6048512725569432e-06
rate	1.632245970703885e-06
rate	1.659640942962793e-06
rate	1.711692009752472e-06
rate	1.818536941083786e-06
rate	1.922646229712282e-06
rate	2.05415849611e-06
rate	2.1884171803877134e-06
rate	2.3226824734469154e-06
rate	2.4624349003761744e-06
rate	2.604934953890089e-06
rate	2.7748486566716675e-06
rate	2.95025490002782e-06
rate	3.1777515997854483e-06
rate	3.4080090200560998e-06
rate	3.6629593047571133e-06
rate	3.948093715091538e-06
rate	4.266164751185265e-06
rate	4.6391229625705405e-06
rate	5.036817844961176e-06
rate	5.538816079568645e-06
rate	6.0957851165819006e-06
rate	6.7544131442663464e-06
rate	7.476345066698751e-06
rate	8.231423094204782e-06
rate	9.041647645052176e-06
rate	9.929046896288953e-06
rate	1.0967908643233052e-05
rate	1.2062163066822436e-05
rate	1.3217381382812095e-05
rate	1.4433640608669227e-05
rate	1.570826707362294e-05
rate	1.7137759289562928e-05
rate	1.8752684496094584e-05
rate	2.0614061227428322e-05
rate	2.2647858674975628e-05
rate	2.4757769229821124e-05
rate	2.6916320806806976e-05
rate	2.9242608603346788e-05
rate	3.1778595567071245e-05
rate	3.449713496781194e-05
rate	3.737656832882672e-05
rate	4.0384074589346186e-05
rate	4.368698227139272e-05
rate	4.74785677131464e-05
rate	5.1864088913656904e-05
rate	5.684079979173284e-05
rate	6.237829738240277e-05
rate	6.851085323422148e-05
rate	7.503423329416505e-05
rate	8.191456615707442e-05
rate	8.90922925809747e-05
rate	9.699803203658453e-05
rate	0.0001061275821566378
rate	0.00011711604779523186
rate	0.00013014944608663668
rate	0.00014498276583281764
rate	0.0001612676201009979
rate	0.0001792107372594293
rate	0.0001986763486852677
rate	0.00021997200239660692
rate	0.0002444863327243705
rate	0.00027267094793914724
rate	0.0003032138956089431
rate	0.0003357453216564387
rate	0.00037118001606653496
rate	0.00041269468225201553
rate	0.0004603890784412359
rate	0.0005102099055791697
rate	0.0005596215497452499
rate	0.0006097260169619449
rate	0.0006631000587037352
rate	0.000720945030335381
rate	0.0007786479449447588
rate	0.0008362859022591143
rate	0.0008942976173487492
rate	0.0009566651208226031
rate	0.001023821805322676
rate	0.0010963678683920354
rate	0.0011749632466035527
rate	0.0012603734833502905
rate	0.001353600605703648
rate	0.00145576001752256
rate	0.0015681682781082988
rate	0.0016925196878461175
rate	0.0018309922037316744
rate	2.8595079704170215e-05
rate	2.136356901510194e-06
rate	1.4788387474585948e-06
rate	1.1501388766701104e-06
rate	9.584155079955666e-07
rate	8.488653249354557e-07
rate	7.667055641856736e-07
rate	7.11933760054339e-07
rate	6.297781082992987e-07
rate	5.476249217441333e-07
rate	4.654742002405995e-07
rate	4.654742002405995e-07
rate	6.845482688823615e-07
rate	1.1501388766701104e-06
rate	1.752785454957623e-06
rate	2.437772170148064e-06
rate	3.068111344840728e-06
rate	3.561521514163093e-06
rate	3.89051103476231e-06
rate	4.055020620939781e-06
rate	4.246960965739935e-06
rate	4.411491972007061e-06
rate	4.576032866351015e-06
rate	4.658307021923533e-06
rate	4.7405836499606915e-06
rate	4.768009742101982e-06
rate	4.822862750611402e-06
rate	4.93257206469051e-06
rate	5.124573943315619e-06
rate	5.3714532882698496e-06
rate	5.618354897004338e-06
rate	5.89271613454547e-06
rate	6.139664757782516e-06
rate	6.414078243607439e-06
rate	6.7159648489166626e-06
rate	7.0453336594832996e-06
rate	7.402194590868783e-06
rate	7.731645971531726e-06
rate	8.033677900216499e-06
rate	8.335743151882897e-06
rate	8.637841733884129e-06
rate	8.994910312194965e-06
rate	9.43444326981467e-06
rate	1.0011437381365976e-05
rate	1.0698493719417048e-05
rate	1.1550683098211503e-05
rate	1.2540655370593428e-05
rate	1.361352943616117e-05
rate	1.4741876185735262e-05
rate	1.5925764056303494e-05
rate	1.7303021888622442e-05
rate	1.892907773884486e-05
rate	2.0749200612047513e-05
rate	2.2763777150130648e-05
rate	2.500086552361602e-05
rate	2.7378048126854286e-05
rate	2.997872713554191e-05
rate	3.2969794176010574e-05
rate	3.638027194232829e-05
rate	4.012837602637544e-05
rate	4.390943928206034e-05
rate	4.77793117419736e-05
rate	5.187787066076133e-05
rate	5.640176785205643e-05
rate	6.129710740153328e-05
rate	6.642561351545559e-05
rate	7.173237098555571e-05
rate	7.755636044860633e-05
rate	8.423965413179051e-05
rate	9.190177917576412e-05
rate	0.00010057933228201852
rate	0.00011019641863842673
rate	0.00012061981162743299
rate	0.00013151389196045676
rate	0.00014271107265844467
rate	0.00015464941543288788
rate	0.00016774593980899074
rate	0.00018195856728342178
rate	0.0001977752636405615
rate	0.00021569746969849136
rate	0.00023672125058395884
rate	0.0002605563035875989
rate	0.0002857552782955466
rate	0.00031039092723424296
rate	0.00033438394591008176
rate	0.0003617743409281174
rate	0.0003946544697815522
rate	0.00043081673039344726
rate	0.00046986730639512385
rate	0.0005120564480311354
rate	0.000558730974940408
rate	0.0006108653021949476
rate	0.0006661060630391861
rate	0.0007212014245478486
rate	0.0007737211944268531
rate	0.0008245288112223101
rate	0.0008818078006139175
rate	0.0009354902508705932
rate	0.0009918191671663692
rate	0.0010522650964906667
rate	0.0011171620236083914
rate	0.0011870538418369176
rate	0.0012623779106671498
rate	0.0013437661895324576
rate	0.0014318943865782323
rate	0.0015275897946920099
rate	0.0016318151124687821
rate	0.0017457025893701983
rate	0.0018706536821683074
rate	0.002008243522928149
rate	2.2763777150130648e-05
rate	1.8623718134542452e-06
rate	1.1501388766701104e-06
rate	8.762524597543484e-07
rate	6.845482688823615e-07
rate	6.571630516327107e-07
rate	5.750090433607935e-07
rate	5.20241074022403e-07
rate	4.654742002405995e-07
rate	4.3809117416987325e-07
rate	4.107084219715538e-07
rate	4.107084219715538e-07
rate	4.928575001895152e-07
rate	6.023934388772541e-07
rate	7.667055641856736e-07
rate	9.584155079955666e-07
rate	1.1227490020006977e-06
rate	1.259701115555228e-06
rate	1.3418756720896411e-06
rate	1.3692677390342035e-06
rate	1.4240526951063243e-06
rate	1.4788387474585948e-06
rate	1.5336258961348908e-06
rate	1.561019881608108e-06
rate	1.58841414117909e-06
rate	1.615808674852714e-06
rate	1.6432034826350735e-06
rate	1.6979939205464195e-06
rate	1.807578085912268e-06
rate	1.9171666376274494e-06
rate	2.05415849611e-06
rate	2.191157209498029e-06
rate	2.328162778477594e-06
rate	2.4651752037348532e-06
rate	2.60219448595607e-06
rate	2.7666266767802415e-06
rate	2.931068743807425e-06
rate	3.150340198209369e-06
rate	3.3696292152271964e-06
rate	3.6163503556900195e-06
rate	3.89051103476231e-06
rate	4.192119494129127e-06
rate	4.548608697238016e-06
rate	4.93257206469051e-06
rate	5.426318388261361e-06
rate	5.975029867397174e-06
rate	6.6336288371078245e-06
rate	7.3472898814559316e-06
rate	8.08859637628066e-06
rate	8.885038097274539e-06
rate	9.764139300775936e-06
rate	1.0808438735379731e-05
rate	1.1908131794219578e-05
rate	1.306328508936628e-05
rate	1.4273968659513849e-05
rate	1.554025598421858e-05
rate	1.697241681812746e-05
rate	1.8598276269957094e-05
rate	2.047334662822404e-05
rate	2.2515324572140114e-05
rate	2.4614077585578843e-05
rate	2.674208777290123e-05
rate	2.9037770806911283e-05
rate	3.15569386409938e-05
rate	3.4272483392121856e-05
rate	3.7157234853099916e-05
rate	4.015615891417916e-05
rate	4.343652071069882e-05
rate	4.719430386402724e-05
rate	5.1543064339627916e-05
rate	5.64856142616648e-05
rate	6.199715669966833e-05
rate	6.810918430249965e-05
rate	7.46006146287125e-05
rate	8.141770914156449e-05
rate	8.850631067602486e-05
rate	9.629383439135063e-05
rate	0.00010526984360081969
rate	0.00011607433133207708
rate	0.0001289010962587123
rate	0.0001434899570643254
rate	0.0001594916036428604
rate	0.0001771349320710107
rate	0.0001963041866261824
rate	0.00021732720456657206
rate	0.00024159130417642107
rate	0.00026954444177109223
rate	0.0003000151087439731
rate	0.00033268304285254276
rate	0.000368406552760287
rate	0.0004103213022417068
rate	0.0004584172079251713
rate	0.0005085267376878124
rate	0.0005580595216477397
rate	0.0006082656435810605
rate	0.0006618840261831105
rate	0.0007206670324966659
rate	0.0007794293318877
rate	0.0008382903326936086
rate	0.0008977605010705883
rate	0.0009622839302931152
rate	0.0010323536580086304
rate	0.00110865228886669
rate	0.0011919155717729911
rate	0.0012829913680481786
rate	0.0013830028947233208
rate	0.001493176078233269
rate	0.001614972843549469
rate	0.0017502647246264039
rate	0.0019014595652273425
rate	2.7832562114995972e-05
rate	2.0733444298345395e-06
rate	1.4350129749155904e-06
rate	1.1145341767187593e-06
rate	9.255517680259398e-07
rate	8.214796967779895e-07
rate	7.420591151693465e-07
rate	6.900261340678567e-07
rate	6.106094148863561e-07
rate	5.311950239337971e-07
rate	4.5178296107240833e-07
rate	4.5178296107240833e-07
rate	6.653791920130768e-07
rate	1.1172728354102156e-06
rate	1.7062161454974092e-06
rate	2.3720131164697e-06
rate	2.985896071794706e-06
rate	3.4710697746416105e-06
rate	3.8000484273927375e-06
rate	3.972775710977889e-06
rate	4.172934246228882e-06
rate	4.34842712167336e-06
rate	4.510222440984171e-06
rate	4.584269180999437e-06
rate	4.647351279801207e-06
rate	4.655585286713268e-06
rate	4.693987226065261e-06
rate	4.787242889281103e-06
rate	4.962785926046998e-06
rate	5.195942995011867e-06
rate	5.4291205405938554e-06
rate	5.692495624567154e-06
rate	5.93394226664036e-06
rate	6.2055929425405124e-06
rate	6.504714095041609e-06
rate	6.834057500004021e-06
rate	7.188147770439987e-06
rate	7.523060352735318e-06
rate	7.838788646293161e-06
rate	8.16004279050989e-06
rate	8.484080791871301e-06
rate	8.863092746474239e-06
rate	9.321827072561448e-06
rate	9.912531548718021e-06
rate	1.0607805923698588e-05
rate	1.1459967075096035e-05
rate	1.244440758303061e-05
rate	1.3506242029604396e-05
rate	1.4612533019186551e-05
rate	1.576608889601561e-05
rate	1.709921233033806e-05
rate	1.8664548409834312e-05
rate	2.04211144904148e-05
rate	2.237755037742955e-05
rate	2.4559147459905787e-05
rate	2.6902817829832736e-05
rate	2.9469889332810538e-05
rate	3.2407854218879994e-05
rate	3.573181360484488e-05
rate	3.936264402610935e-05
rate	4.3051112836543804e-05
rate	4.68614556887897e-05
rate	5.090859075489708e-05
rate	5.5364057364629066e-05
rate	6.01850329907117e-05
rate	6.523324592855804e-05
rate	7.045375908901608e-05
rate	7.621616779405975e-05
rate	8.283439022679727e-05
rate	9.04052809600111e-05
rate	9.893407110071464e-05
rate	0.00010836978601921019
rate	0.00011863280602583903
rate	0.00012944200736558786
rate	0.00014064217965034895
rate	0.00015262902258445264
rate	0.00016575056933706183
rate	0.0001800080431619371
rate	0.00019584854446288595
rate	0.00021373755261921038
rate	0.00023458332753220564
rate	0.00025813996407676905
rate	0.00028312097881528993
rate	0.00030780886499288116
rate	0.00033214721788498564
rate	0.00035979426281756874
rate	0.000392647416675006
rate	0.0004287449248795371
rate	0.0004677529503735084
rate	0.0005099159370981316
rate	0.0005564705415573377
rate	0.0006083173685217432
rate	0.0006633612055684555
rate	0.0007187045202373117
rate	0.0007721747195779517
rate	0.0008245843168237855
rate	0.0008833118786264173
rate	0.0009393237624434461
rate	0.0009982621217741908
rate	0.0010614650425895197
rate	0.0011292587114496207
rate	0.0012021442470496692
rate	0.0012805331331788485
rate	0.0013650046609631349
rate	0.0014561782495360052
rate	0.001554804919661382
rate	0.0016617510474202677
rate	0.001778044377063286
rate	0.0019049348572356406
rate	0.002043841418789073
rate	2.220668101138273e-05
rate	1.8021047436643434e-06
rate	1.1117955454216667e-06
rate	8.516050246088434e-07
rate	6.681175493963656e-07
rate	6.379941664934996e-07
rate	5.585789812218695e-07
rate	5.065495609842398e-07
rate	4.545211541336835e-07
rate	4.2713823760875475e-07
rate	3.99755594954072e-07
rate	4.0249376063026724e-07
rate	4.819043445346408e-07
rate	5.914398450084803e-07
rate	7.557513129303773e-07
rate	9.474604896895555e-07
rate	1.1117933261371103e-06
rate	1.2487448916667163e-06
rate	1.3281800496867101e-06
rate	1.3555719796099633e-06
rate	1.404878440074872e-06
rate	1.4569249842682583e-06
rate	1.5089725425569502e-06
rate	1.5363662813671636e-06
rate	1.563760294270145e-06
rate	1.591154581270863e-06
rate	1.61854914237538e-06
rate	1.6733390869162627e-06
rate	1.7801828669345302e-06
rate	1.8870308413499759e-06
rate	2.0212816015676985e-06
rate	2.158278669893651e-06
rate	2.2952825936465023e-06
rate	2.437773404311171e-06
rate	2.5830119784439276e-06
rate	2.752923925631844e-06
rate	2.9228465169961323e-06
rate	3.144858247210778e-06
rate	3.3723704514410934e-06
rate	3.6245748878023965e-06
rate	3.904220098297637e-06
rate	4.211314489815154e-06
rate	4.570548801724412e-06
rate	4.951772252553021e-06
rate	5.434548359415822e-06
rate	5.969542257709729e-06
rate	6.60892951912674e-06
rate	7.303370077276999e-06
rate	8.02819211060491e-06
rate	8.810885882944601e-06
rate	9.67073573502269e-06
rate	1.068477604095439e-05
rate	1.1756935383691536e-05
rate	1.2892779585586007e-05
rate	1.4092386194334006e-05
rate	1.53613411661676e-05
rate	1.679616150556777e-05
rate	1.8419161568193392e-05
rate	2.0272057377418736e-05
rate	2.228078604937291e-05
rate	2.436279853089134e-05
rate	2.6496137850933507e-05
rate	2.879990845743106e-05
rate	3.1316090253682325e-05
rate	3.402308653593571e-05
rate	3.6902029792557574e-05
rate	3.987014316627892e-05
rate	4.31307118563047e-05
rate	4.6871381690822075e-05
rate	5.1191764673129116e-05
rate	5.6083440861441224e-05
rate	6.154943414617546e-05
rate	6.764645121799528e-05
rate	7.418453634797163e-05
rate	8.111326542479165e-05
rate	8.838191559883009e-05
rate	9.635906689688185e-05
rate	0.00010551178997740569
rate	0.00011642589671700735
rate	0.00012928592440593906
rate	0.0001438768427261356
rate	0.00015989238380674007
rate	0.00017755585665276007
rate	0.00019678404919807335
rate	0.00021788501125963915
rate	0.00024212711364054453
rate	0.0002699404935118544
rate	0.0003002871318081695
rate	0.0003329026338224171
rate	0.00036859141460312124
rate	0.00041019411119683577
rate	0.0004577383054125311
rate	0.0005074968198255031
rate	0.0005571713971628692
rate	0.0006079205441893186
rate	0.0006622329081401176
rate	0.0007217270749946769
rate	0.0007817649377681861
rate	0.0008424834401309084
rate	0.0009043763117178432
rate	0.0009714710958460578
rate	0.0010442359039877843
rate	0.001123318073529355
rate	0.0012093912468339385
rate	0.0013032456950433995
rate	0.0014059037456303734
rate	0.0015184753526658401
rate	0.0016422977964973134
rate	0.0017790434186444588
rate	0.001930883871729042
rate	2.707004452582173e-05
rate	2.010331958158885e-06
rate	1.391187202372586e-06
rate	1.0789294767674082e-06
rate	8.92688028056313e-07
rate	7.940940686205232e-07
rate	7.174126661530195e-07
rate	6.681185080813743e-07
rate	5.914407214734136e-07
rate	5.147651261234609e-07
rate	4.380917219042172e-07
rate	4.380917219042172e-07
rate	6.462101151437922e-07
rate	1.084406794150321e-06
rate	1.6596468360371954e-06
rate	2.306254062791336e-06
rate	2.9036807987486842e-06
rate	3.3806180351201277e-06
rate	3.7095858200231658e-06
rate	3.890530801015998e-06
rate	4.098907526717829e-06
rate	4.285362271339658e-06
rate	4.444412015617327e-06
rate	4.510231340075341e-06
rate	4.554118909641723e-06
rate	4.543160831324554e-06
rate	4.565111701519121e-06
rate	4.6419137138716965e-06
rate	4.800997908778377e-06
rate	5.020432701753883e-06
rate	5.239886184183374e-06
rate	5.492275114588838e-06
rate	5.728219775498204e-06
rate	5.997107641473585e-06
rate	6.293463341166557e-06
rate	6.622781340524742e-06
rate	6.974100950011191e-06
rate	7.31447473393891e-06
rate	7.643899392369824e-06
rate	7.98434242913688e-06
rate	8.330319849858474e-06
rate	8.731275180753513e-06
rate	9.209210875308227e-06
rate	9.813625716070068e-06
rate	1.051711812798013e-05
rate	1.1369251051980568e-05
rate	1.2348159795467791e-05
rate	1.3398954623047621e-05
rate	1.4483189852637841e-05
rate	1.5606413735727728e-05
rate	1.689540277205368e-05
rate	1.8400019080823764e-05
rate	2.0093028368782084e-05
rate	2.1991323604728453e-05
rate	2.411742939619555e-05
rate	2.6427587532811187e-05
rate	2.8961051530079163e-05
rate	3.1845914261749414e-05
rate	3.508335526736147e-05
rate	3.859691202584326e-05
rate	4.2192786391027267e-05
rate	4.5943599635605794e-05
rate	4.993931084903284e-05
rate	5.43263468772017e-05
rate	5.907295857989011e-05
rate	6.40408783416605e-05
rate	6.917514719247644e-05
rate	7.487597513951318e-05
rate	8.142912632180403e-05
rate	8.890878274425808e-05
rate	9.728880991941076e-05
rate	0.00010654315339999365
rate	0.00011664580042424508
rate	0.00012737012277071893
rate	0.00013857328664225322
rate	0.00015060862973601742
rate	0.00016375519886513293
rate	0.00017805751904045243
rate	0.0001939218252852104
rate	0.0002117776355399294
rate	0.0002324454044804524
rate	0.0002557236245659392
rate	0.0002804866793350332
rate	0.00030522680275151936
rate	0.00032991048985988957
rate	0.00035781418470702
rate	0.0003906403635684598
rate	0.000426673119365627
rate	0.00046563859435189294
rate	0.000507775426165128
rate	0.0005542101081742673
rate	0.0006057694348485387
rate	0.0006606163480977247
rate	0.0007162076159267749
rate	0.0007706282447290503
rate	0.0008246398224252609
rate	0.0008848159566389172
rate	0.0009431572740162991
rate	0.0010047050763820123
rate	0.001070664988688373
rate	0.00114135539929085
rate	0.0012172346522624207
rate	0.001298688355690547
rate	0.0013862431323938122
rate	0.001480462112493778
rate	0.001582020044630754
rate	0.0016916869823717534
rate	0.0018103861647563737
rate	0.001939216032302974
rate	0.0020794393146499972
rate	2.1649584872634813e-05
rate	1.7418376738744418e-06
rate	1.073452214173223e-06
rate	8.269575894633384e-07
rate	6.516868299103697e-07
rate	6.188252813542885e-07
rate	5.421489190829456e-07
rate	4.928580479460767e-07
rate	4.4356810802676747e-07
rate	4.161853010476362e-07
rate	3.8880276793659024e-07
rate	3.9427909928898066e-07
rate	4.709511888797664e-07
rate	5.804862511397063e-07
rate	7.44797061675081e-07
rate	9.365054713835443e-07
rate	1.1008376502735227e-06
rate	1.2377886677782046e-06
rate	1.3144844272837791e-06
rate	1.3418762201857231e-06
rate	1.38570418504342e-06
rate	1.4350112210779215e-06
rate	1.4843191889790096e-06
rate	1.5117126811262194e-06
rate	1.5391064473612003e-06
rate	1.5665004876890119e-06
rate	1.5938948021156866e-06
rate	1.6486842532861059e-06
rate	1.7527876479567925e-06
rate	1.8568950450725023e-06
rate	1.988404707025397e-06
rate	2.125400130289272e-06
rate	2.2624024088154106e-06
rate	2.4103716048874882e-06
rate	2.5638294709317852e-06
rate	2.739221174483446e-06
rate	2.9146242901848398e-06
rate	3.1393762962121868e-06
rate	3.3751116876549905e-06
rate	3.6327994199147734e-06
rate	3.917929161832965e-06
rate	4.230509485501182e-06
rate	4.592488906210809e-06
rate	4.970972440415532e-06
rate	5.4427783305702825e-06
rate	5.9640546480222855e-06
rate	6.584230201145655e-06
rate	7.259450273098068e-06
rate	7.967787844929161e-06
rate	8.736733668614665e-06
rate	9.577332169269446e-06
rate	1.056111334652905e-05
rate	1.1605738973163494e-05
rate	1.2722274081805733e-05
rate	1.3910803729154161e-05
rate	1.5182426348116623e-05
rate	1.6619906193008078e-05
rate	1.8240046866429687e-05
rate	2.0070768126613428e-05
rate	2.2046247526605707e-05
rate	2.411151947620384e-05
rate	2.625018792896578e-05
rate	2.856204610795084e-05
rate	3.107524186637085e-05
rate	3.3773689679749566e-05
rate	3.6646824732015226e-05
rate	3.9584127418378677e-05
rate	4.282490300191057e-05
rate	4.6548459517616905e-05
rate	5.0840465006630316e-05
rate	5.568126746121765e-05
rate	6.110171159268258e-05
rate	6.718371813349092e-05
rate	7.376845806723077e-05
rate	8.080882170801881e-05
rate	8.825752052163532e-05
rate	9.642429940241307e-05
rate	0.00010575373635399169
rate	0.00011677746210193763
rate	0.00012967075255316583
rate	0.00014426372838794582
rate	0.0001602931639706197
rate	0.00017797678123450945
rate	0.0001972639117699643
rate	0.00021844281795270625
rate	0.000242662923104668
rate	0.00027033654525261653
rate	0.000300559154872366
rate	0.00033312222479229154
rate	0.00036877627644595545
rate	0.00041006692015196466
rate	0.00045705940289989086
rate	0.0005064669019631939
rate	0.0005562832726779985
rate	0.0006075754447975767
rate	0.0006625817900971247
rate	0.0007227871174926879
rate	0.0007841005436486723
rate	0.0008466765475682083
rate	0.0009109921223650981
rate	0.0009806582613990002
rate	0.0010561181499669382
rate	0.0011379838581920198
rate	0.0012268669218948856
rate	0.0013235000220386205
rate	0.0014288045965374261
rate	0.0015437746270984113
rate	0.0016696227494451576
rate	0.0018078221126625138
rate	0.0019603081782307414
rate	2.630752693664749e-05
rate	1.9473194864832307e-06
rate	1.3473614298295815e-06
rate	1.043324776816057e-06
rate	8.598242880866862e-07
rate	7.66708440463057e-07
rate	6.927662171366924e-07
rate	6.462108820948919e-07
rate	5.72272028060471e-07
rate	4.983352283131247e-07
rate	4.2440048273602607e-07
rate	4.2440048273602607e-07
rate	6.270410382745076e-07
rate	1.0515407528904263e-06
rate	1.6130775265769815e-06
rate	2.240495009112972e-06
rate	2.8214655257026623e-06
rate	3.2901662955986453e-06
rate	3.619123212653594e-06
rate	3.8082858910541053e-06
rate	4.0248808072067766e-06
rate	4.222297421005957e-06
rate	4.378601590250483e-06
rate	4.4361934991512456e-06
rate	4.460886539482239e-06
rate	4.43073637593584e-06
rate	4.43623617697298e-06
rate	4.496584538462289e-06
rate	4.639209891509755e-06
rate	4.8449224084959005e-06
rate	5.050651827772891e-06
rate	5.2920546046105225e-06
rate	5.5224972843560486e-06
rate	5.788622340406659e-06
rate	6.082212587291504e-06
rate	6.411505181045462e-06
rate	6.760054129582395e-06
rate	7.1058891151425036e-06
rate	7.449010138446486e-06
rate	7.808642067763872e-06
rate	8.176558907845646e-06
rate	8.599457615032787e-06
rate	9.096594678055004e-06
rate	9.714719883422115e-06
rate	1.042643033226167e-05
rate	1.1278535028865102e-05
rate	1.2251912007904974e-05
rate	1.3291667216490847e-05
rate	1.4353846686089132e-05
rate	1.5446738575439845e-05
rate	1.6691593213769295e-05
rate	1.813548975181322e-05
rate	1.976494224714937e-05
rate	2.1605096832027352e-05
rate	2.367571133248532e-05
rate	2.5952357235789634e-05
rate	2.8452213727347792e-05
rate	3.1283974304618834e-05
rate	3.443489692987806e-05
rate	3.783118002557717e-05
rate	4.1334459945510736e-05
rate	4.502574358242189e-05
rate	4.8970030943168594e-05
rate	5.3288636389774335e-05
rate	5.796088416906853e-05
rate	6.284851075476295e-05
rate	6.789653529593681e-05
rate	7.35357824849666e-05
rate	8.002386241681079e-05
rate	8.741228452850505e-05
rate	9.564354873810687e-05
rate	0.00010471652078077711
rate	0.00011465879482265112
rate	0.00012529823817585003
rate	0.0001365043936341575
rate	0.0001485882368875822
rate	0.00016175982839320403
rate	0.00017610699491896775
rate	0.00019199510610753488
rate	0.00020981771846064842
rate	0.0002303074814286992
rate	0.0002533072850551094
rate	0.0002778523798547765
rate	0.00030264474051015756
rate	0.00032767376183479344
rate	0.0003558341065964713
rate	0.00038863331046191355
rate	0.00042460131385171684
rate	0.00046352423833027754
rate	0.0005056349152321242
rate	0.0005519496747911968
rate	0.0006032215011753343
rate	0.0006578714906269941
rate	0.000713710711616238
rate	0.0007690817698801489
rate	0.0008246953280267362
rate	0.0008863200346514171
rate	0.0009469907855891521
rate	0.0010111480309898339
rate	0.0010798649347872262
rate	0.0011534520871320792
rate	0.0012323250574751722
rate	0.0013168435782022457
rate	0.0014074816038244895
rate	0.0015047459754515512
rate	0.001609235169600126
rate	0.0017216229173232388
rate	0.0018427279524494615
rate	0.0019734972073703074
rate	0.0021150372105109214
rate	2.1092488733886895e-05
rate	1.68157060408454e-06
rate	1.0351088829247794e-06
rate	8.023101543178335e-07
rate	6.352561104243739e-07
rate	5.996563962150773e-07
rate	5.257188569440216e-07
rate	4.791665349079135e-07
rate	4.326150619198514e-07
rate	4.052323644865177e-07
rate	3.7784994091910847e-07
rate	3.8606443794769414e-07
rate	4.59998033224892e-07
rate	5.695326572709324e-07
rate	7.338428104197847e-07
rate	9.255504530775333e-07
rate	1.0898819744099351e-06
rate	1.2268324438896928e-06
rate	1.3007888048808483e-06
rate	1.3281804607614831e-06
rate	1.3665299300119676e-06
rate	1.4130974578875847e-06
rate	1.459665835401069e-06
rate	1.487059080885275e-06
rate	1.5144526004522553e-06
rate	1.5418463941071608e-06
rate	1.5692404618559931e-06
rate	1.6240294196559488e-06
rate	1.7253924289790548e-06
rate	1.8267592487950287e-06
rate	1.9555278124830958e-06
rate	2.092521590684894e-06
rate	2.229522223984319e-06
rate	2.382969805463806e-06
rate	2.544646963419643e-06
rate	2.7255184233350486e-06
rate	2.9064020633735472e-06
rate	3.1338943452135958e-06
rate	3.3778529238688876e-06
rate	3.6410239520271504e-06
rate	3.931638225368293e-06
rate	4.249704481187209e-06
rate	4.614429010697206e-06
rate	4.990172628278042e-06
rate	5.451008301724744e-06
rate	5.9585670383348415e-06
rate	6.559530883164571e-06
rate	7.2155304689191355e-06
rate	7.907383579253412e-06
rate	8.662581454284727e-06
rate	9.4839286035162e-06
rate	1.0437450652103708e-05
rate	1.1454542562635452e-05
rate	1.255176857802546e-05
rate	1.3729221263974318e-05
rate	1.5003511530065644e-05
rate	1.6443650880448387e-05
rate	1.8060932164665986e-05
rate	1.9869478875808123e-05
rate	2.1811709003838504e-05
rate	2.3860240421516343e-05
rate	2.6004238006998052e-05
rate	2.8324183758470617e-05
rate	3.083439347905937e-05
rate	3.3524292823563424e-05
rate	3.639161967147288e-05
rate	3.929811167047844e-05
rate	4.251909414751645e-05
rate	4.622553734441174e-05
rate	5.0489165340131517e-05
rate	5.527909406099408e-05
rate	6.06539890391897e-05
rate	6.672098504898655e-05
rate	7.335237978648991e-05
rate	8.050437799124597e-05
rate	8.813312544444055e-05
rate	9.648953190794428e-05
rate	0.00010599568273057768
rate	0.00011712902748686791
rate	0.00013005558070039257
rate	0.00014465061404975605
rate	0.00016069394413449937
rate	0.00017839770581625883
rate	0.00019774377434185526
rate	0.00021900062464577335
rate	0.00024319873256879143
rate	0.0002707325969933787
rate	0.00030083117793656245
rate	0.00033334181576216595
rate	0.0003689611382887897
rate	0.0004099397291070936
rate	0.00045638050038725067
rate	0.0005054369841008847
rate	0.000555395148193128
rate	0.0006072303454058346
rate	0.0006629306720541318
rate	0.000723847159990699
rate	0.0007864361495291584
rate	0.0008508696550055081
rate	0.0009176079330123531
rate	0.0009898454269519428
rate	0.001068000395946092
rate	0.0011526496428546848
rate	0.001244342596955833
rate	0.0013437543490338415
rate	0.0014517054474444786
rate	0.0015690739015309827
rate	0.001696947702393002
rate	0.0018366008066805688
rate	0.001989732484732441
rate	2.554500934747325e-05
rate	1.8843070148075762e-06
rate	1.303535657286577e-06
rate	1.0077200768647057e-06
rate	8.269605481170594e-07
rate	7.393228123055908e-07
rate	6.681197681203653e-07
rate	6.243032561084095e-07
rate	5.531033346475285e-07
rate	4.819053305027884e-07
rate	4.107092435678349e-07
rate	4.107092435678349e-07
rate	6.07871961405223e-07
rate	1.0186747116305317e-06
rate	1.5665082171167677e-06
rate	2.174735955434608e-06
rate	2.7392502526566404e-06
rate	3.199714556077163e-06
rate	3.528660605284022e-06
rate	3.726040981092213e-06
rate	3.950854087695724e-06
rate	4.1592325706722554e-06
rate	4.312791164883639e-06
rate	4.36215565822715e-06
rate	4.367654169322756e-06
rate	4.318311920547126e-06
rate	4.307360652426839e-06
rate	4.351255363052882e-06
rate	4.477421874241134e-06
rate	4.669412115237918e-06
rate	4.861417471362409e-06
rate	5.091834094632206e-06
rate	5.316774793213892e-06
rate	5.580137039339733e-06
rate	5.870961833416451e-06
rate	6.200229021566184e-06
rate	6.546007309153599e-06
rate	6.897303496346096e-06
rate	7.254120884523148e-06
rate	7.632941706390863e-06
rate	8.022797965832819e-06
rate	8.46764004931206e-06
rate	8.983978480801783e-06
rate	9.61581405077416e-06
rate	1.033574253654321e-05
rate	1.1187819005749634e-05
rate	1.2155664220342154e-05
rate	1.3184379809934073e-05
rate	1.4224503519540422e-05
rate	1.5287063415151962e-05
rate	1.648778365548491e-05
rate	1.787096042280267e-05
rate	1.9436856125516656e-05
rate	2.1218870059326254e-05
rate	2.3233993268775083e-05
rate	2.5477126938768084e-05
rate	2.794337592461642e-05
rate	3.0722034347488254e-05
rate	3.378643859239465e-05
rate	3.706544802531108e-05
rate	4.04761334999942e-05
rate	4.4107887529237986e-05
rate	4.800075103730435e-05
rate	5.225092590234697e-05
rate	5.684880975824694e-05
rate	6.16561431678654e-05
rate	6.661792339939718e-05
rate	7.219558983042002e-05
rate	7.861859851181755e-05
rate	8.591578631275203e-05
rate	9.399828755680298e-05
rate	0.00010288988816156057
rate	0.00011267178922105717
rate	0.0001232263535809811
rate	0.00013443550062606176
rate	0.00014656784403914696
rate	0.00015976445792127513
rate	0.00017415647079748307
rate	0.00019006838692985932
rate	0.00020785780138136745
rate	0.000228169558376946
rate	0.0002508909455442795
rate	0.0002752180803745198
rate	0.00030006267826879576
rate	0.0003254370338096973
rate	0.00035385402848592257
rate	0.00038662625735536737
rate	0.00042252950833780674
rate	0.0004614098823086621
rate	0.0005034944042991205
rate	0.0005496892414081265
rate	0.0006006735675021298
rate	0.0006551266331562633
rate	0.0007112138073057012
rate	0.0007675352950312474
rate	0.0008247508336282116
rate	0.0008878241126639169
rate	0.000950824297162005
rate	0.0010175909855976554
rate	0.0010890648808860792
rate	0.0011655487749733086
rate	0.0012474154626879238
rate	0.0013349988007139442
rate	0.0014287200752551668
rate	0.001529029838409324
rate	0.001636450294569498
rate	0.0017515588522747244
rate	0.0018750697401425493
rate	0.0020077783824376406
rate	0.0021506351063718455
rate	2.0535392595138977e-05
rate	1.6213035342946382e-06
rate	9.967655516763357e-07
rate	7.776627191723285e-07
rate	6.18825390938378e-07
rate	5.804875110758662e-07
rate	5.092887948050976e-07
rate	4.654750218697503e-07
rate	4.216620158129354e-07
rate	3.942794279253992e-07
rate	3.6689711390162665e-07
rate	3.7784977660640756e-07
rate	4.490448775700176e-07
rate	5.585790634021585e-07
rate	7.228885591644884e-07
rate	9.145954347715222e-07
rate	1.0789262985463477e-06
rate	1.215876220001181e-06
rate	1.2870931824779173e-06
rate	1.314484701337243e-06
rate	1.3473556749805153e-06
rate	1.3911836946972481e-06
rate	1.4350124818231285e-06
rate	1.4624054806443305e-06
rate	1.4897987535433104e-06
rate	1.5171923005253098e-06
rate	1.5445861215962997e-06
rate	1.599374586025792e-06
rate	1.697997210001317e-06
rate	1.7966234525175552e-06
rate	1.9226509179407944e-06
rate	2.0596430510805157e-06
rate	2.1966420391532274e-06
rate	2.3555680060401237e-06
rate	2.5254644559075006e-06
rate	2.711815672186651e-06
rate	2.8981798365622547e-06
rate	3.1284123942150048e-06
rate	3.3805941600827846e-06
rate	3.6492484841395273e-06
rate	3.94534728890362e-06
rate	4.268899476873237e-06
rate	4.636369115183602e-06
rate	5.009372816140554e-06
rate	5.459238272879205e-06
rate	5.953079428647397e-06
rate	6.534831565183486e-06
rate	7.171610664740203e-06
rate	7.846979313577662e-06
rate	8.588429239954791e-06
rate	9.390525037762956e-06
rate	1.0313787957678368e-05
rate	1.130334615210741e-05
rate	1.2381263074245186e-05
rate	1.3547638798794473e-05
rate	1.4824596712014665e-05
rate	1.6267395567888695e-05
rate	1.788181746290228e-05
rate	1.9668189625002815e-05
rate	2.15771704810713e-05
rate	2.360896136682884e-05
rate	2.5758288085030328e-05
rate	2.8086321408990397e-05
rate	3.059354509174789e-05
rate	3.3274895967377276e-05
rate	3.6136414610930536e-05
rate	3.90120959225782e-05
rate	4.221328529312233e-05
rate	4.590261517120657e-05
rate	5.013786567363272e-05
rate	5.48769206607705e-05
rate	6.0206266485696824e-05
rate	6.625825196448218e-05
rate	7.293630150574903e-05
rate	8.019993427447313e-05
rate	8.800873036724578e-05
rate	9.65547644134755e-05
rate	0.00010623762910716368
rate	0.00011748059287179818
rate	0.00013044040884761934
rate	0.00014503749971156625
rate	0.000161094724298379
rate	0.0001788186303980082
rate	0.00019822363691374622
rate	0.00021955843133884045
rate	0.0002437345420329149
rate	0.0002711286487341408
rate	0.00030110320100075894
rate	0.0003335614067320403
rate	0.000369146000131624
rate	0.00040981253806222256
rate	0.0004557015978746105
rate	0.0005044070662385754
rate	0.0005545070237082573
rate	0.0006068852460140927
rate	0.0006632795540111388
rate	0.0007249072024887099
rate	0.0007887717554096446
rate	0.000855062762442808
rate	0.000924223743659608
rate	0.0009990325925048854
rate	0.001079882641925246
rate	0.0011673154275173498
rate	0.00126181827201678
rate	0.0013640086760290625
rate	0.0014746062983515312
rate	0.001594373175963554
rate	0.0017242726553408463
rate	0.0018653795006986237
rate	0.0020191567912341405
rate	2.4782491758299006e-05
rate	1.8212945431319216e-06
rate	1.2597098847435728e-06
rate	9.721153769133546e-07
rate	7.940968081474327e-07
rate	7.119371841481246e-07
rate	6.434733191040383e-07
rate	6.023956301219272e-07
rate	5.33934641234586e-07
rate	4.6547543269245225e-07
rate	3.970180043996438e-07
rate	3.970180043996438e-07
rate	5.887028845359383e-07
rate	9.85808670370637e-07
rate	1.519938907656554e-06
rate	2.108976901756244e-06
rate	2.6570349796106185e-06
rate	3.1092628165556805e-06
rate	3.4381979979144498e-06
rate	3.643796071130321e-06
rate	3.876827368184671e-06
rate	4.0961677203385545e-06
rate	4.246980739516795e-06
rate	4.288117817303053e-06
rate	4.274421799163272e-06
rate	4.205887465158413e-06
rate	4.178485127880699e-06
rate	4.205926187643475e-06
rate	4.315633856972513e-06
rate	4.493901821979934e-06
rate	4.672183114951926e-06
rate	4.89161358465389e-06
rate	5.111052302071737e-06
rate	5.371651738272806e-06
rate	5.659711079541398e-06
rate	5.988952862086905e-06
rate	6.331960488724804e-06
rate	6.688717877549688e-06
rate	7.059231630599811e-06
rate	7.457241345017855e-06
rate	7.869037023819991e-06
rate	8.335822483591336e-06
rate	8.871362283548562e-06
rate	9.516908218126206e-06
rate	1.0245054740824752e-05
rate	1.1097102982634167e-05
rate	1.2059416432779337e-05
rate	1.3077092403377298e-05
rate	1.4095160352991712e-05
rate	1.512738825486408e-05
rate	1.628397409720053e-05
rate	1.7606431093792124e-05
rate	1.9108770003883945e-05
rate	2.0832643286625157e-05
rate	2.279227520506485e-05
rate	2.5001896641746534e-05
rate	2.7434538121885046e-05
rate	3.0160094390357675e-05
rate	3.3137980254911244e-05
rate	3.6299716025045e-05
rate	3.961780705447766e-05
rate	4.319003147605408e-05
rate	4.70314711314401e-05
rate	5.1213215414919605e-05
rate	5.5736735347425356e-05
rate	6.0463775580967864e-05
rate	6.533931150285754e-05
rate	7.085539717587345e-05
rate	7.721333460682431e-05
rate	8.441928809699901e-05
rate	9.23530263754991e-05
rate	0.00010106325554234402
rate	0.00011068478361946321
rate	0.0001211544689861122
rate	0.00013236660761796603
rate	0.00014454745119071172
rate	0.0001577690874493462
rate	0.0001722059466759984
rate	0.00018814166775218377
rate	0.00020589788430208647
rate	0.00022603163532519276
rate	0.00024847460603344965
rate	0.0002725837808942631
rate	0.00029748061602743396
rate	0.00032320030578460125
rate	0.0003518739503753739
rate	0.0003846192042488212
rate	0.0004204577028238966
rate	0.00045929552628704663
rate	0.0005013538933661167
rate	0.0005474288080250561
rate	0.0005981256338289255
rate	0.0006523817756855327
rate	0.0007087169029951644
rate	0.0007659888201823461
rate	0.000824806339229687
rate	0.0008893281906764167
rate	0.000954657808734858
rate	0.001024033940205477
rate	0.0010982648269849322
rate	0.001177645462814538
rate	0.001262505867900675
rate	0.0013531540232256428
rate	0.001449958546685844
rate	0.001553313701367097
rate	0.0016636654195388697
rate	0.00178149478722621
rate	0.001907411527835637
rate	0.0020420595575049738
rate	0.0021862330022327696
rate	1.9978296456391056e-05
rate	1.5610364645047367e-06
rate	9.58422220427892e-07
rate	7.530152840268235e-07
rate	6.023946714523823e-07
rate	5.613186259366551e-07
rate	4.928587326661736e-07
rate	4.5178350883158715e-07
rate	4.107089697060194e-07
rate	3.8332649136428066e-07
rate	3.5594428688414483e-07
rate	3.69635115265121e-07
rate	4.380917219151432e-07
rate	5.476254695333847e-07
rate	7.119343079091922e-07
rate	9.036404164655111e-07
rate	1.0679706226827604e-06
rate	1.2049199961126692e-06
rate	1.2733975600749863e-06
rate	1.3007889419130027e-06
rate	1.328181419949063e-06
rate	1.3692699315069116e-06
rate	1.4103591282451877e-06
rate	1.4377518804033863e-06
rate	1.4651449066343656e-06
rate	1.4925382069434588e-06
rate	1.5199317813366063e-06
rate	1.5747197523956351e-06
rate	1.6706019910235793e-06
rate	1.7664876562400818e-06
rate	1.889774023398493e-06
rate	2.026764511476137e-06
rate	2.1637618543221354e-06
rate	2.3281662066164414e-06
rate	2.5062819483953583e-06
rate	2.698112921038253e-06
rate	2.8899576097509618e-06
rate	3.1229304432164137e-06
rate	3.383335396296682e-06
rate	3.6574730162519047e-06
rate	3.959056352438948e-06
rate	4.2880944725592644e-06
rate	4.658309219669999e-06
rate	5.028573004003065e-06
rate	5.4674682440336655e-06
rate	5.947591818959952e-06
rate	6.510132247202401e-06
rate	7.127690860561272e-06
rate	7.786575047901915e-06
rate	8.514277025624854e-06
rate	9.29712147200971e-06
rate	1.0190125263253026e-05
rate	1.1152149741579367e-05
rate	1.2210757570464914e-05
rate	1.336605633361463e-05
rate	1.4645681893963686e-05
rate	1.6091140255329004e-05
rate	1.770270276113858e-05
rate	1.946690037419751e-05
rate	2.1342631958304094e-05
rate	2.335768231214134e-05
rate	2.5512338163062604e-05
rate	2.7848459059510174e-05
rate	3.035269670443641e-05
rate	3.302549911119113e-05
rate	3.5881209550388195e-05
rate	3.872608017467796e-05
rate	4.190747643872821e-05
rate	4.557969299800141e-05
rate	4.978656600713392e-05
rate	5.4474747260546925e-05
rate	5.9758543932203945e-05
rate	6.579551887997782e-05
rate	7.252022322500816e-05
rate	7.989549055770028e-05
rate	8.788433529005103e-05
rate	9.661999691900671e-05
rate	0.00010647957548374968
rate	0.00011783215825672847
rate	0.0001308252369948461
rate	0.00014542438537337645
rate	0.00016149550446225867
rate	0.00017923955497975755
rate	0.00019870349948563718
rate	0.00022011623803190752
rate	0.0002442703514970384
rate	0.000271524700474903
rate	0.0003013752240649554
rate	0.0003337809977019147
rate	0.00036933086197445824
rate	0.0004096853470173515
rate	0.0004550226953619703
rate	0.0005033771483762661
rate	0.0005536188992233868
rate	0.0006065401466223508
rate	0.000663628435968146
rate	0.000725967244986721
rate	0.0007911073612901307
rate	0.0008592558698801078
rate	0.0009308395543068629
rate	0.001008219758057828
rate	0.0010917648879043998
rate	0.0011819812121800148
rate	0.0012792939470777274
rate	0.0013842630030242837
rate	0.001497507149258584
rate	0.001619672450396125
rate	0.0017515976082886904
rate	0.0018941581947166785
rate	0.00204858109773584
rate	2.4019974169124764e-05
rate	1.758282071456267e-06
rate	1.2158841122005683e-06
rate	9.365106769620035e-07
rate	7.612330681778059e-07
rate	6.845515559906584e-07
rate	6.188268700877113e-07
rate	5.804880041354448e-07
rate	5.147659478216434e-07
rate	4.4904553488211606e-07
rate	3.833267652314527e-07
rate	3.833267652314527e-07
rate	5.695338076666537e-07
rate	9.529426291107422e-07
rate	1.4733695981963401e-06
rate	2.04321784807788e-06
rate	2.5748197065645966e-06
rate	3.0188110770341977e-06
rate	3.347735390544878e-06
rate	3.5615511611684292e-06
rate	3.8028006486736187e-06
rate	4.0331028700048535e-06
rate	4.181170314149951e-06
rate	4.214079976378958e-06
rate	4.1811894290037875e-06
rate	4.0934630097696995e-06
rate	4.049609603334558e-06
rate	4.060597012234068e-06
rate	4.153845839703892e-06
rate	4.318391528721951e-06
rate	4.4829487585414446e-06
rate	4.691393074675574e-06
rate	4.90532981092958e-06
rate	5.163166437205879e-06
rate	5.448460325666346e-06
rate	5.777676702607626e-06
rate	6.117913668296008e-06
rate	6.480132258753281e-06
rate	6.864342376676474e-06
rate	7.281540983644847e-06
rate	7.715276081807164e-06
rate	8.20400491787061e-06
rate	8.758746086295341e-06
rate	9.418002385478253e-06
rate	1.0154366945106292e-05
rate	1.10063869595187e-05
rate	1.1963168645216519e-05
rate	1.2969804996820526e-05
rate	1.3965817186443001e-05
rate	1.4967713094576197e-05
rate	1.6080164538916148e-05
rate	1.7341901764781576e-05
rate	1.878068388225123e-05
rate	2.044641651392406e-05
rate	2.2350557141354618e-05
rate	2.4526666344724985e-05
rate	2.6925700319153675e-05
rate	2.9598154433227098e-05
rate	3.2489521917427835e-05
rate	3.553398402477891e-05
rate	3.875948060896112e-05
rate	4.227217542287018e-05
rate	4.6062191225575854e-05
rate	5.017550492749224e-05
rate	5.462466093660377e-05
rate	5.9271407994070314e-05
rate	6.406069960631791e-05
rate	6.951520452132686e-05
rate	7.580807070183106e-05
rate	8.292278988124599e-05
rate	9.070776519419522e-05
rate	9.923662292312748e-05
rate	0.00010869777801786924
rate	0.00011908258439124329
rate	0.0001302977146098703
rate	0.0001425270583422765
rate	0.0001557737169774173
rate	0.00017025542255451372
rate	0.00018621494857450822
rate	0.0002039379672228055
rate	0.00022389371227343955
rate	0.0002460582665226198
rate	0.00026994948141400644
rate	0.0002948985537860721
rate	0.0003209635777595051
rate	0.0003498938722648252
rate	0.00038261215114227497
rate	0.0004183858973099864
rate	0.0004571811702654312
rate	0.0004992133824331129
rate	0.0005451683746419857
rate	0.0005955777001557211
rate	0.000649636918214802
rate	0.0007062199986846275
rate	0.0007644423453334447
rate	0.0008248618448311624
rate	0.0008908322686889166
rate	0.000958491320307711
rate	0.0010304768948132985
rate	0.0011074647730837854
rate	0.0011897421506557673
rate	0.0012775962731134266
rate	0.0013713092457373415
rate	0.0014711970181165213
rate	0.0015775975643248698
rate	0.0016908805445082417
rate	0.0018114307221776956
rate	0.0019397533155287247
rate	0.002076340732572307
rate	0.0022218308980936933
rate	1.942120031764314e-05
rate	1.500769394714835e-06
rate	9.200788891794483e-07
rate	7.283678488813185e-07
rate	5.859639519663864e-07
rate	5.421497407974439e-07
rate	4.7642867052724967e-07
rate	4.38091995793424e-07
rate	3.997559235991034e-07
rate	3.7237355480316217e-07
rate	3.4499145986666306e-07
rate	3.614204539238344e-07
rate	4.2713856626026886e-07
rate	5.366718756646108e-07
rate	7.009800566538959e-07
rate	8.926853981595e-07
rate	1.0570149468191728e-06
rate	1.1939637722241575e-06
rate	1.2597019376720553e-06
rate	1.2870931824887625e-06
rate	1.309007164917611e-06
rate	1.3473561683165748e-06
rate	1.3857057746672471e-06
rate	1.4130982801624418e-06
rate	1.4404910597254207e-06
rate	1.4678841133616077e-06
rate	1.495277441076913e-06
rate	1.5500649187654783e-06
rate	1.6432067720458416e-06
rate	1.7363518599626082e-06
rate	1.8568971288561918e-06
rate	1.993885971871759e-06
rate	2.1308816694910437e-06
rate	2.3007644071927587e-06
rate	2.487099440883216e-06
rate	2.6844101698898556e-06
rate	2.8817353829396692e-06
rate	3.1174484922178227e-06
rate	3.386076632510579e-06
rate	3.6656975483642817e-06
rate	3.972765415974276e-06
rate	4.307289468245292e-06
rate	4.680249324156396e-06
rate	5.047773191865575e-06
rate	5.475698215188127e-06
rate	5.942104209272508e-06
rate	6.485432929221317e-06
rate	7.0837710563823395e-06
rate	7.726170782226165e-06
rate	8.440124811294916e-06
rate	9.203717906256464e-06
rate	1.0066462568827685e-05
rate	1.1000953331051325e-05
rate	1.204025206668464e-05
rate	1.3184473868434786e-05
rate	1.4466767075912707e-05
rate	1.5914884942769312e-05
rate	1.752358805937488e-05
rate	1.9265611123392206e-05
rate	2.110809343553689e-05
rate	2.310640325745384e-05
rate	2.5266388241094877e-05
rate	2.761059671002995e-05
rate	3.0111848317124934e-05
rate	3.2776102255004986e-05
rate	3.562600448984585e-05
rate	3.844006442677772e-05
rate	4.160166758433408e-05
rate	4.525677082479625e-05
rate	4.9435266340635124e-05
rate	5.407257386032335e-05
rate	5.931082137871107e-05
rate	6.533278579547345e-05
rate	7.21041449442673e-05
rate	7.959104684092744e-05
rate	8.775994021285626e-05
rate	9.668522942453793e-05
rate	0.00010672152186033568
rate	0.00011818372364165875
rate	0.00013121006514207287
rate	0.00014581127103518668
rate	0.00016189628462613833
rate	0.00017966047956150693
rate	0.00019918336205752813
rate	0.00022067404472497461
rate	0.0002448061609611618
rate	0.0002719207522156652
rate	0.0003016472471291518
rate	0.0003340005886717891
rate	0.00036951572381729245
rate	0.0004095581559724804
rate	0.00045434379284933004
rate	0.0005023472305139569
rate	0.0005527307747385163
rate	0.0006061950472306089
rate	0.0006639773179251531
rate	0.0007270272874847321
rate	0.0007934429671706168
rate	0.0008634489773174077
rate	0.0009374553649541178
rate	0.0010174069236107705
rate	0.0011036471338835537
rate	0.0011966469968426796
rate	0.0012967696221386747
rate	0.0014045173300195047
rate	0.0015204080001656366
rate	0.0016449717248286963
rate	0.0017789225612365347
rate	0.0019229368887347335
rate	0.0020780054042375397
rate	2.325745657995052e-05
rate	1.6952695997806127e-06
rate	1.1720583396575639e-06
rate	9.009059770106524e-07
rate	7.283693282081791e-07
rate	6.571659278331921e-07
rate	5.941804210713842e-07
rate	5.585803781489624e-07
rate	4.955972544087009e-07
rate	4.3261563707177987e-07
rate	3.6963552606326155e-07
rate	3.6963552606326155e-07
rate	5.503647307973691e-07
rate	9.200765878508475e-07
rate	1.4268002887361263e-06
rate	1.977458794399516e-06
rate	2.4926044335185747e-06
rate	2.9283593375127154e-06
rate	3.2572727831753064e-06
rate	3.479306251206537e-06
rate	3.728773929162566e-06
rate	3.970038019671152e-06
rate	4.115359888783107e-06
rate	4.140042135454862e-06
rate	4.087957058844303e-06
rate	3.981038554380986e-06
rate	3.920734078788417e-06
rate	3.915267836824661e-06
rate	3.992057822435271e-06
rate	4.142881235463969e-06
rate	4.293714402130962e-06
rate	4.4911725646972575e-06
rate	4.699607319787425e-06
rate	4.954681136138953e-06
rate	5.237209571791293e-06
rate	5.566400543128347e-06
rate	5.903866847867212e-06
rate	6.271546639956873e-06
rate	6.669453122753136e-06
rate	7.105840622271838e-06
rate	7.561515139794337e-06
rate	8.072187352149884e-06
rate	8.64612988904212e-06
rate	9.3190965528303e-06
rate	1.0063679149387832e-05
rate	1.0915670936403232e-05
rate	1.18669208576537e-05
rate	1.2862517590263751e-05
rate	1.3836474019894291e-05
rate	1.4808037934288314e-05
rate	1.5876354980631765e-05
rate	1.7077372435771028e-05
rate	1.8452597760618516e-05
rate	2.0060189741222962e-05
rate	2.1908839077644382e-05
rate	2.4051436047703435e-05
rate	2.6416862516422304e-05
rate	2.9036214476096518e-05
rate	3.1841063579944426e-05
rate	3.476825202451282e-05
rate	3.7901154163444585e-05
rate	4.135431936968627e-05
rate	4.509291131971161e-05
rate	4.9137794440064874e-05
rate	5.3512586525782185e-05
rate	5.807904040717277e-05
rate	6.278208770977828e-05
rate	6.817501186678028e-05
rate	7.440280679683782e-05
rate	8.142629166549296e-05
rate	8.906250401289134e-05
rate	9.740999030391094e-05
rate	0.00010671077241627528
rate	0.00011701069979637438
rate	0.00012822882160177458
rate	0.00014050666549384128
rate	0.0001537783465054884
rate	0.00016830489843302904
rate	0.00018428822939683267
rate	0.00020197805014352452
rate	0.00022175578922168634
rate	0.00024364192701178996
rate	0.0002673151819337497
rate	0.0002923164915447103
rate	0.000318726849734409
rate	0.00034791379415427645
rate	0.0003806050980357288
rate	0.0004163140917960763
rate	0.0004550668142438157
rate	0.0004970728715001093
rate	0.0005429079412589152
rate	0.0005930297664825166
rate	0.0006468920607440713
rate	0.0007037230943740906
rate	0.0007628958704845433
rate	0.0008249173504326378
rate	0.0008923363467014165
rate	0.000962324831880564
rate	0.0010369198494211201
rate	0.0011166647191826386
rate	0.0012018388384969967
rate	0.0012926866783261781
rate	0.00138946446824904
rate	0.0014924354895471986
rate	0.0016018814272826427
rate	0.0017180956694776137
rate	0.001841366657129181
rate	0.0019720951032218123
rate	0.00211062190763964
rate	0.0022574287939546175
rate	1.886410417889522e-05
rate	1.4405023249249333e-06
rate	8.817355579310047e-07
rate	7.037204137358136e-07
rate	5.695332324803906e-07
rate	5.229808556582328e-07
rate	4.599986083883257e-07
rate	4.244004827552608e-07
rate	3.888028774921874e-07
rate	3.6142061824204367e-07
rate	3.340386328491813e-07
rate	3.5320579258254787e-07
rate	4.1618541060539445e-07
rate	5.257182817958368e-07
rate	6.900258053985996e-07
rate	8.81730379853489e-07
rate	1.0460592709555852e-06
rate	1.1830075483356457e-06
rate	1.2460063152691243e-06
rate	1.2733974230645223e-06
rate	1.2898329098861586e-06
rate	1.325442405126238e-06
rate	1.3610524210893066e-06
rate	1.3884446799214974e-06
rate	1.4158372128164758e-06
rate	1.4432300197797567e-06
rate	1.4706231008172196e-06
rate	1.5254100851353214e-06
rate	1.615811553068104e-06
rate	1.7062160636851347e-06
rate	1.8240202343138905e-06
rate	1.9610074322673806e-06
rate	2.098001484659952e-06
rate	2.2733626077690764e-06
rate	2.4679169333710737e-06
rate	2.670707418741458e-06
rate	2.8735131561283767e-06
rate	3.1119665412192317e-06
rate	3.3888178687244763e-06
rate	3.6739220804766586e-06
rate	3.986474479509604e-06
rate	4.3264844639313196e-06
rate	4.702189428642792e-06
rate	5.066973379728086e-06
rate	5.483928186342588e-06
rate	5.936616599585064e-06
rate	6.460733611240232e-06
rate	7.039851252203407e-06
rate	7.665766516550416e-06
rate	8.36597259696498e-06
rate	9.11031434050322e-06
rate	9.942799874402345e-06
rate	1.0849756920523283e-05
rate	1.1869746562904366e-05
rate	1.3002891403254942e-05
rate	1.4287852257861728e-05
rate	1.573862963020962e-05
rate	1.7344473357611174e-05
rate	1.90643218725869e-05
rate	2.0873554912769687e-05
rate	2.2855124202766338e-05
rate	2.5020438319127153e-05
rate	2.737273436054973e-05
rate	2.9870999929813457e-05
rate	3.2526705398818845e-05
rate	3.5370799429303505e-05
rate	3.815404867887748e-05
rate	4.129585872993996e-05
rate	4.493384865159108e-05
rate	4.9083966674136325e-05
rate	5.367040046009977e-05
rate	5.886309882521819e-05
rate	6.487005271096909e-05
rate	7.168806666352643e-05
rate	7.92866031241546e-05
rate	8.763554513566149e-05
rate	9.675046193006915e-05
rate	0.00010696346823692167
rate	0.00011853528902658903
rate	0.00013159489328929964
rate	0.0001461981566969969
rate	0.00016229706479001796
rate	0.0001800814041432563
rate	0.00019966322462941909
rate	0.0002212318514180417
rate	0.00024534197042528526
rate	0.0002723168039564273
rate	0.0003019192701933483
rate	0.0003342201796416635
rate	0.0003697005856601267
rate	0.00040943096492760935
rate	0.00045366489033668984
rate	0.0005013173126516477
rate	0.0005518426502536456
rate	0.000605849947838867
rate	0.0006643261998821601
rate	0.000728087329982743
rate	0.000795778573051103
rate	0.0008676420847547075
rate	0.0009440711756013727
rate	0.001026594089163713
rate	0.0011155293798627076
rate	0.0012113127815053446
rate	0.0013142452971996218
rate	0.0014247716570147256
rate	0.001543308851072689
rate	0.0016702709992612674
rate	0.001806247514184379
rate	0.0019517155827527884
rate	0.002107429710739239
rate	2.249493899077628e-05
rate	1.6322571281049581e-06
rate	1.1282325671145594e-06
rate	8.653012770593013e-07
rate	6.955055882385522e-07
rate	6.297802996757259e-07
rate	5.695339720550571e-07
rate	5.3667275216248e-07
rate	4.7642856099575833e-07
rate	4.161857392614437e-07
rate	3.559442868950704e-07
rate	3.559442868950704e-07
rate	5.311956539280845e-07
rate	8.872105465909527e-07
rate	1.3802309792759125e-06
rate	1.911699740721152e-06
rate	2.410389160472553e-06
rate	2.8379075979912326e-06
rate	3.1668101758057342e-06
rate	3.397061341244645e-06
rate	3.654747209651513e-06
rate	3.906973169337451e-06
rate	4.049549463416263e-06
rate	4.066004294530766e-06
rate	3.994724688684819e-06
rate	3.868614098992272e-06
rate	3.7918585542422763e-06
rate	3.769938661415254e-06
rate	3.8302698051666495e-06
rate	3.967370942205986e-06
rate	4.10448004572048e-06
rate	4.290952054718942e-06
rate	4.493884828645269e-06
rate	4.7461958350720255e-06
rate	5.02595881791624e-06
rate	5.355124383649068e-06
rate	5.689820027438416e-06
rate	6.062961021160466e-06
rate	6.474563868829798e-06
rate	6.93014026089883e-06
rate	7.407754197781509e-06
rate	7.940369786429157e-06
rate	8.533513691788897e-06
rate	9.220190720182345e-06
rate	9.972991353669372e-06
rate	1.0824954913287766e-05
rate	1.1770673070090882e-05
rate	1.2755230183706977e-05
rate	1.3707130853345582e-05
rate	1.4648362774000431e-05
rate	1.567254542234738e-05
rate	1.6812843106760484e-05
rate	1.81245116389858e-05
rate	1.967396296852186e-05
rate	2.146712101393415e-05
rate	2.3576205750681882e-05
rate	2.590802471369093e-05
rate	2.8474274518965938e-05
rate	3.119260524246102e-05
rate	3.400252002424673e-05
rate	3.7042827717928054e-05
rate	4.043646331650237e-05
rate	4.4123631413847366e-05
rate	4.810008395263751e-05
rate	5.24005121149606e-05
rate	5.6886672820275226e-05
rate	6.150347581323865e-05
rate	6.68348192122337e-05
rate	7.299754289184458e-05
rate	7.992979344973994e-05
rate	8.741724283158745e-05
rate	9.55833576846944e-05
rate	0.00010472376681468133
rate	0.00011493881520150546
rate	0.00012615992859367885
rate	0.00013848627264540604
rate	0.0001517829760335595
rate	0.00016635437431154437
rate	0.00018236151021915715
rate	0.00020001813306424354
rate	0.00021961786616993314
rate	0.0002412255875009601
rate	0.00026468088245349303
rate	0.0002897344293033485
rate	0.0003164901217093129
rate	0.00034593371604372777
rate	0.00037859804492918256
rate	0.00041424228628216615
rate	0.0004529524582222003
rate	0.0004949323605671055
rate	0.0005406475078758449
rate	0.0005904818328093122
rate	0.0006441472032733406
rate	0.0007012261900635538
rate	0.0007613493956356419
rate	0.000824972856034113
rate	0.0008938404247139163
rate	0.0009661583434534169
rate	0.0010433628040289417
rate	0.0011258646652814916
rate	0.0012139355263382258
rate	0.0013077770835389297
rate	0.0014076196907607387
rate	0.001513673960977876
rate	0.0016261652902404158
rate	0.0017453107944469858
rate	0.0018713025920806666
rate	0.0020044368909149
rate	0.0021449030827069737
rate	0.0022930266898155416
rate	1.8307008040147303e-05
rate	1.3802352551350315e-06
rate	8.43392226682561e-07
rate	6.790729785903086e-07
rate	5.531025129943947e-07
rate	5.038119705190217e-07
rate	4.4356854624940177e-07
rate	4.107089697170976e-07
rate	3.7784983138527133e-07
rate	3.5046768168092517e-07
rate	3.2308580583169947e-07
rate	3.4499113124126124e-07
rate	4.0523225495052005e-07
rate	5.14764687927063e-07
rate	6.790715541433033e-07
rate	8.707753615474779e-07
rate	1.0351035950919978e-06
rate	1.1720513244471339e-06
rate	1.2323106928661935e-06
rate	1.2597016636402824e-06
rate	1.2706586548547063e-06
rate	1.3035286419359014e-06
rate	1.336399067511366e-06
rate	1.363791079680553e-06
rate	1.3911833659075308e-06
rate	1.4185759261979056e-06
rate	1.4459687605575262e-06
rate	1.5007552515051644e-06
rate	1.5884163340903662e-06
rate	1.676080267407661e-06
rate	1.791143339771589e-06
rate	1.928128892663002e-06
rate	2.0651212998288605e-06
rate	2.245960808345394e-06
rate	2.4487344258589314e-06
rate	2.6570046675930605e-06
rate	2.865290929317084e-06
rate	3.1064845902206407e-06
rate	3.3915591049383733e-06
rate	3.6821466125890356e-06
rate	4.000183543044931e-06
rate	4.345679459617347e-06
rate	4.724129533129188e-06
rate	5.086173567590597e-06
rate	5.492158157497049e-06
rate	5.931128989897619e-06
rate	6.436034293259148e-06
rate	6.995931448024475e-06
rate	7.605362250874667e-06
rate	8.291820382635042e-06
rate	9.016910774749973e-06
rate	9.819137179977003e-06
rate	1.0698560509995241e-05
rate	1.1699241059124093e-05
rate	1.2821308938075098e-05
rate	1.4108937439810749e-05
rate	1.556237431764993e-05
rate	1.7165358655847472e-05
rate	1.8863032621781594e-05
rate	2.0639016390002484e-05
rate	2.260384514807884e-05
rate	2.4774488397159426e-05
rate	2.7134872011069508e-05
rate	2.9630151542501976e-05
rate	3.2277308542632696e-05
rate	3.511559436876116e-05
rate	3.7868032930977244e-05
rate	4.099004987554584e-05
rate	4.4610926478385914e-05
rate	4.8732667007637525e-05
rate	5.32682270598762e-05
rate	5.8415376271725314e-05
rate	6.440731962646472e-05
rate	7.127198838278556e-05
rate	7.898215940738175e-05
rate	8.751115005846672e-05
rate	9.681569443560036e-05
rate	0.00010720541461350767
rate	0.0001188868544115193
rate	0.00013197972143652638
rate	0.0001465850423588071
rate	0.00016269784495389763
rate	0.00018050232872500569
rate	0.00020014308720131004
rate	0.0002217896581111088
rate	0.0002458777798894087
rate	0.00027271285569718947
rate	0.00030219129325754476
rate	0.00033443977061153787
rate	0.000369885447502961
rate	0.0004093037738827383
rate	0.00045298598782404965
rate	0.0005002873947893383
rate	0.0005509545257687751
rate	0.0006055048484471249
rate	0.0006646750818391672
rate	0.0007291473724807541
rate	0.0007981141789315891
rate	0.0008718351921920074
rate	0.0009506869862486278
rate	0.0010357812547166555
rate	0.0011274116258418614
rate	0.0012259785661680096
rate	0.0013317209722605691
rate	0.0014450259840099466
rate	0.001566209701979742
rate	0.0016955702736938388
rate	0.0018335724671322234
rate	0.0019804942767708434
rate	0.0021368540172409384
rate	2.173242140160204e-05
rate	1.5692446564293038e-06
rate	1.084406794571555e-06
rate	8.296965771079501e-07
rate	6.626418482689254e-07
rate	6.023946715182596e-07
rate	5.448875230387301e-07
rate	5.147651261759976e-07
rate	4.572598675828158e-07
rate	3.9975584145110744e-07
rate	3.4225304772687923e-07
rate	3.4225304772687923e-07
rate	5.120265770587998e-07
rate	8.543445053310581e-07
rate	1.3336616698156987e-06
rate	1.8459406870427882e-06
rate	2.328173887426531e-06
rate	2.74745585846975e-06
rate	3.076347568436162e-06
rate	3.3148164312827527e-06
rate	3.5807204901404604e-06
rate	3.843908319003749e-06
rate	3.983739038049419e-06
rate	3.991966453606671e-06
rate	3.901492318525335e-06
rate	3.756189643603558e-06
rate	3.6629830296961362e-06
rate	3.624609486005847e-06
rate	3.6684817878980288e-06
rate	3.7918606489480023e-06
rate	3.915245689309997e-06
rate	4.090731544740626e-06
rate	4.288162337503113e-06
rate	4.537710534005099e-06
rate	4.814708064041186e-06
rate	5.143848224169789e-06
rate	5.47577320700962e-06
rate	5.854375402364059e-06
rate	6.279674614906461e-06
rate	6.754439899525821e-06
rate	7.253993255768682e-06
rate	7.808552220708431e-06
rate	8.420897494535676e-06
rate	9.12128488753439e-06
rate	9.882303557950914e-06
rate	1.0734238890172298e-05
rate	1.1674425282528063e-05
rate	1.2647942777150203e-05
rate	1.3577787686796872e-05
rate	1.4488687613712548e-05
rate	1.5468735864063e-05
rate	1.6548313777749936e-05
rate	1.7796425517353087e-05
rate	1.9287736195820763e-05
rate	2.1025402950223914e-05
rate	2.3100975453660333e-05
rate	2.5399186910959558e-05
rate	2.7912334561835358e-05
rate	3.054414690497761e-05
rate	3.323678802398064e-05
rate	3.618450127241152e-05
rate	3.9518607263318464e-05
rate	4.315435150798312e-05
rate	4.7062373465210144e-05
rate	5.1288437704139014e-05
rate	5.5694305233377675e-05
rate	6.0224863916699014e-05
rate	6.549462655768713e-05
rate	7.159227898685134e-05
rate	7.843329523398692e-05
rate	8.577198165028356e-05
rate	9.375672506547786e-05
rate	0.00010273676121308737
rate	0.00011286693060663655
rate	0.00012409103558558312
rate	0.0001364658797969708
rate	0.0001497876055616306
rate	0.0001644038501900597
rate	0.0001804347910414816
rate	0.00019805821598496256
rate	0.0002174799431181799
rate	0.00023880924799013026
rate	0.0002620465829732363
rate	0.0002871523670619867
rate	0.0003142533936842168
rate	0.000343953637933179
rate	0.0003765909918226364
rate	0.00041217048076825605
rate	0.00045083810220058486
rate	0.0004927918496341018
rate	0.0005383870744927746
rate	0.0005879338991361077
rate	0.0006414023458026099
rate	0.000698729285753017
rate	0.0007598029207867404
rate	0.0008250283616355884
rate	0.0008953445027264162
rate	0.00096999185502627
rate	0.0010498057586367632
rate	0.0011350646113803447
rate	0.0012260322141794552
rate	0.0013228674887516812
rate	0.0014257749132724372
rate	0.0015349124324085532
rate	0.0016504491531981887
rate	0.0017725259194163578
rate	0.0019012385270321523
rate	0.002036778678607988
rate	0.002179184257774307
rate	0.0023286245856764657
rate	1.7749911901399385e-05
rate	1.3199681853451297e-06
rate	8.050488954341172e-07
rate	6.544255434448036e-07
rate	5.366717935083989e-07
rate	4.846430853798106e-07
rate	4.2713848411047777e-07
rate	3.970174566789344e-07
rate	3.668967852783553e-07
rate	3.395147451198066e-07
rate	3.1213297881421765e-07
rate	3.367764698999747e-07
rate	3.9427909929564565e-07
rate	5.038110940582892e-07
rate	6.68117302888007e-07
rate	8.598203432414668e-07
rate	1.0241479192284104e-06
rate	1.1610951005586223e-06
rate	1.2186150704632625e-06
rate	1.2460059042160421e-06
rate	1.2514843998232542e-06
rate	1.2816148787455649e-06
rate	1.3117457139334254e-06
rate	1.3391374794396087e-06
rate	1.366529518998586e-06
rate	1.3939218326160546e-06
rate	1.4213144202978327e-06
rate	1.4761004178750076e-06
rate	1.5610211151126285e-06
rate	1.6459444711301875e-06
rate	1.7582664452292877e-06
rate	1.8952503530586237e-06
rate	2.032241114997769e-06
rate	2.2185590089217114e-06
rate	2.429551918346789e-06
rate	2.6433019164446626e-06
rate	2.8570687025057916e-06
rate	3.1010026392220497e-06
rate	3.3943003411522704e-06
rate	3.6903711447014125e-06
rate	4.0138926065802585e-06
rate	4.364874455303375e-06
rate	4.7460696376155855e-06
rate	5.1053737554531085e-06
rate	5.50038812865151e-06
rate	5.9256413802101745e-06
rate	6.4113349752780626e-06
rate	6.9520116438455435e-06
rate	7.544957985198917e-06
rate	8.217668168305106e-06
rate	8.92350720899673e-06
rate	9.695474485551664e-06
rate	1.0547364099467199e-05
rate	1.1528735555343819e-05
rate	1.2639726472895253e-05
rate	1.393002262175977e-05
rate	1.5386119005090238e-05
rate	1.6986243954083767e-05
rate	1.8661743370976286e-05
rate	2.040447786723528e-05
rate	2.235256609339134e-05
rate	2.4528538475191702e-05
rate	2.6897009661589288e-05
rate	2.9389303155190498e-05
rate	3.202791168644655e-05
rate	3.4860389308218815e-05
rate	3.7582017183077003e-05
rate	4.068424102115172e-05
rate	4.4288004305180744e-05
rate	4.8381367341138725e-05
rate	5.286605365965263e-05
rate	5.796765371823244e-05
rate	6.394458654196036e-05
rate	7.085591010204468e-05
rate	7.867771569060891e-05
rate	8.738675498127195e-05
rate	9.688092694113158e-05
rate	0.00010744736099009367
rate	0.00011923841979644958
rate	0.00013236454958375315
rate	0.0001469719280206173
rate	0.00016309862511777726
rate	0.00018092325330675506
rate	0.000200622949773201
rate	0.0002223474648041759
rate	0.0002464135893535322
rate	0.0002731089074379516
rate	0.00030246331632174126
rate	0.00033465936158141223
rate	0.0003700703093457952
rate	0.0004091765828378672
rate	0.0004523070853114094
rate	0.000499257476927029
rate	0.0005500664012839044
rate	0.000605159749055383
rate	0.0006650239637961743
rate	0.0007302074149787651
rate	0.0008004497848120753
rate	0.0008760282996293073
rate	0.0009573027968958827
rate	0.001044968420269598
rate	0.0011392938718210153
rate	0.0012406443508306744
rate	0.0013491966473215163
rate	0.0014652803110051676
rate	0.0015891105528867944
rate	0.00172086954812641
rate	0.0018608974200800675
rate	0.0020092729707888984
rate	0.002166278323742638
rate	2.0969903812427798e-05
rate	1.5062321847536492e-06
rate	1.0405810220285505e-06
rate	7.940918771565989e-07
rate	6.297781082992987e-07
rate	5.750090433607935e-07
rate	5.20241074022403e-07
rate	4.928575001895152e-07
rate	4.3809117416987325e-07
rate	3.8332594364077125e-07
rate	3.2856180855868813e-07
rate	3.2856180855868813e-07
rate	4.928575001895152e-07
rate	8.214784640711634e-07
rate	1.2870923603554849e-06
rate	1.7801816333644242e-06
rate	2.245958614380509e-06
rate	2.657004118948268e-06
rate	2.9858849610665904e-06
rate	3.232571521320861e-06
rate	3.5066937706294076e-06
rate	3.780843468670048e-06
rate	3.917928612682575e-06
rate	3.917928612682575e-06
rate	3.8082599483658513e-06
rate	3.643765188214844e-06
rate	3.5341075051499953e-06
rate	3.47928031059644e-06
rate	3.5066937706294076e-06
rate	3.6163503556900195e-06
rate	3.726011332899515e-06
rate	3.89051103476231e-06
rate	4.082439846360957e-06
rate	4.329225232938173e-06
rate	4.603457310166134e-06
rate	4.93257206469051e-06
rate	5.261726386580824e-06
rate	5.645789783567651e-06
rate	6.084785360983123e-06
rate	6.578739538152813e-06
rate	7.100232313755854e-06
rate	7.676734654987705e-06
rate	8.308281297282455e-06
rate	9.022379054886437e-06
rate	9.791615762232454e-06
rate	1.064352286705683e-05
rate	1.1578177494965245e-05
rate	1.2540655370593428e-05
rate	1.3448444520248162e-05
rate	1.4329012453424666e-05
rate	1.5264926305778617e-05
rate	1.6283784448739388e-05
rate	1.7468339395720373e-05
rate	1.8901509423119666e-05
rate	2.0583684886513682e-05
rate	2.2625745156638783e-05
rate	2.4890349108228187e-05
rate	2.7350394604704778e-05
rate	2.98956885674942e-05
rate	3.247105602371455e-05
rate	3.532617482689498e-05
rate	3.860075121013456e-05
rate	4.218507160211888e-05
rate	4.602466297778278e-05
rate	5.017636329331743e-05
rate	5.450193764648013e-05
rate	5.894625202015938e-05
rate	6.415443390314055e-05
rate	7.01870150818581e-05
rate	7.693679701823389e-05
rate	8.412672046897968e-05
rate	9.193009244626132e-05
rate	0.00010074975561149341
rate	0.00011079504601176764
rate	0.0001220221425774874
rate	0.00013444548694853558
rate	0.0001477922350897017
rate	0.000162453326068575
rate	0.00017850807186380605
rate	0.00019609829890568158
rate	0.0002153420200664267
rate	0.0002363929084793004
rate	0.0002594122834929796
rate	0.0002845703048206249
rate	0.0003120166656591207
rate	0.00034197355982263034
rate	0.00037458393871609016
rate	0.0004100986752543459
rate	0.0004487237461789694
rate	0.000490651338701098
rate	0.0005361266411097041
rate	0.0005853859654629033
rate	0.0006386574883318792
rate	0.0006962323814424801
rate	0.0007582564459378391
rate	0.0008250838672370638
rate	0.000896848580738916
rate	0.0009738253665991229
rate	0.0010562487132445848
rate	0.0011442645574791979
rate	0.0012381289020206845
rate	0.0013379578939644327
rate	0.0014439301357841358
rate	0.0015561509038392305
rate	0.0016747330161559616
rate	0.0017997410443857298
rate	0.0019311744619836379
rate	0.0020691204663010757
rate	0.00221346543284164
rate	0.00236422248153739
rate	1.7192815762651468e-05
rate	1.259701115555228e-06
rate	7.667055641856736e-07
rate	6.297781082992987e-07
rate	5.20241074022403e-07
rate	4.654742002405995e-07
rate	4.107084219715538e-07
rate	3.8332594364077125e-07
rate	3.559437391714393e-07
rate	3.2856180855868813e-07
rate	3.011801517967359e-07
rate	3.2856180855868813e-07
rate	3.8332594364077125e-07
rate	4.928575001895152e-07
rate	6.571630516327107e-07
rate	8.488653249354557e-07
rate	1.0131922433648228e-06
rate	1.1501388766701104e-06
rate	1.2049194480603315e-06
rate	1.232310144791802e-06
rate	1.232310144791802e-06
rate	1.259701115555228e-06
rate	1.2870923603554849e-06
rate	1.3144838791986643e-06
rate	1.3418756720896411e-06
rate	1.3692677390342035e-06
rate	1.3966600800381393e-06
rate	1.4514455842448507e-06
rate	1.5336258961348908e-06
rate	1.615808674852714e-06
rate	1.7253895506869863e-06
rate	1.8623718134542452e-06
rate	1.9993609301666773e-06
rate	2.191157209498029e-06
rate	2.410369410834647e-06
rate	2.629599165296265e-06
rate	2.848846475694499e-06
rate	3.0955206882234586e-06
rate	3.3970415773661675e-06
rate	3.6985956768137895e-06
rate	4.027601670115587e-06
rate	4.384069450989402e-06
rate	4.768009742101982e-06
rate	5.124573943315619e-06
rate	5.508618099805971e-06
rate	5.920153770522731e-06
rate	6.386635657296978e-06
rate	6.908091839666611e-06
rate	7.484553719523168e-06
rate	8.143515953975168e-06
rate	8.830103643243483e-06
rate	9.571811791126322e-06
rate	1.0396167688939157e-05
rate	1.1358230051563545e-05
rate	1.245814400771541e-05
rate	1.3751107803708791e-05
rate	1.5209863692530547e-05
rate	1.6807129252320066e-05
rate	1.846045412017098e-05
rate	2.0169939344468077e-05
rate	2.2101287038703838e-05
rate	2.4282588553223975e-05
rate	2.6659147312109065e-05
rate	2.914845476787902e-05
rate	3.1778514830260406e-05
rate	3.460518424767647e-05
rate	3.729600143517676e-05
rate	4.037843216675759e-05
rate	4.396508213197558e-05
rate	4.8030067674639925e-05
rate	5.246388025942905e-05
rate	5.751993116473956e-05
rate	6.348185345745599e-05
rate	7.043983182130382e-05
rate	7.837327197383607e-05
rate	8.726235990407718e-05
rate	9.69461594466628e-05
rate	0.00010768930736667967
rate	0.00011958998518137986
rate	0.00013274937773097992
rate	0.00014735881368242753
rate	0.00016349940528165692
rate	0.00018134417788850444
rate	0.00020110281234509195
rate	0.000222905271497243
rate	0.00024694939881765565
rate	0.00027350495917871377
rate	0.0003027353393859377
rate	0.00033487895255128664
rate	0.00037025517118862946
rate	0.00040904939179299614
rate	0.0004516281827987692
rate	0.0004982275590647198
rate	0.0005491782767990339
rate	0.0006048146496636411
rate	0.0006653728457531814
rate	0.0007312674574767762
rate	0.0008027853906925614
rate	0.0008802214070666071
rate	0.0009639186075431376
rate	0.0010541555858225406
rate	0.0011511761178001692
rate	0.0012553101354933394
rate	0.0013666723223824636
rate	0.0014855346380003886
rate	0.001612011403793847
rate	0.0017461688225589812
rate	0.001888222373027912
rate	0.0020380516648069533
rate	0.0021957026302443375
rate	2.0649889975989367e-05
rate	1.5528016571861892e-06
rate	1.0296254776842343e-06
rate	7.694441831555057e-07
rate	6.489475398718211e-07
rate	5.476249217441333e-07
rate	5.065492528701582e-07
rate	4.709508383198306e-07
rate	4.1618495050178546e-07
rate	3.4772913123298454e-07
rate	2.984420011820325e-07
rate	3.2034728277604817e-07
rate	4.7368916146778467e-07
rate	7.940918771565989e-07
rate	1.2405274072474393e-06
rate	1.7363478794993496e-06
rate	2.2103375764328073e-06
rate	2.643301607832985e-06
rate	2.994107488316419e-06
rate	3.2709469840157477e-06
rate	3.5560386904009056e-06
rate	3.830193329796762e-06
rate	3.991957444558456e-06
rate	4.016634166671977e-06
rate	3.937121080595275e-06
rate	3.816484945811131e-06
rate	3.7205281797199204e-06
rate	3.6547311980882454e-06
rate	3.657472707419659e-06
rate	3.715045037521838e-06
rate	3.7863267426455275e-06
rate	3.879544080472572e-06
rate	4.0714721232403995e-06
rate	4.307287853330716e-06
rate	4.6418519930164665e-06
rate	5.017599806964534e-06
rate	5.412602010187943e-06
rate	5.826866930051859e-06
rate	6.254915071819044e-06
rate	6.702242008328849e-06
rate	7.1688571796513775e-06
rate	7.676734654987705e-06
rate	8.258850653136878e-06
rate	8.948214082096004e-06
rate	9.742158330147183e-06
rate	1.0621534835147953e-05
rate	1.1553432525461847e-05
rate	1.2515901700629053e-05
rate	1.347045526724865e-05
rate	1.4419837132841942e-05
rate	1.542461414682089e-05
rate	1.6515145603813373e-05
rate	1.768326707947445e-05
rate	1.8975944512666576e-05
rate	2.0451279510165784e-05
rate	2.21647687296453e-05
rate	2.4119621162210793e-05
rate	2.6310824811754307e-05
rate	2.869744565935027e-05
rate	3.127999361935022e-05
rate	3.420040353527131e-05
rate	3.752636949070829e-05
rate	4.1114841232647486e-05
rate	4.4897268016806333e-05
rate	4.8893958388263364e-05
rate	5.309467836835157e-05
rate	5.764854922873675e-05
rate	6.294110651600322e-05
rate	6.906085970223425e-05
rate	7.582475077004536e-05
rate	8.30343277753812e-05
rate	9.095911444557638e-05
rate	0.00010001133112086107
rate	0.00011024487408088558
rate	0.00012152981397741395
rate	0.00013399979716197994
rate	0.00014733569980121005
rate	0.00016196238781585268
rate	0.00017799379417241003
rate	0.00019555718215193165
rate	0.0002147852417413235
rate	0.000235825864847836
rate	0.000258831424707771
rate	0.0002839658620649905
rate	0.0003114061337009377
rate	0.00034133460193547385
rate	0.0003739498797781796
rate	0.0004094563388518312
rate	0.00044806583534127856
rate	0.000490002922846641
rate	0.0005354940008072799
rate	0.0005847757385609805
rate	0.0006380871189528391
rate	0.0006956710711846804
rate	0.0007577689352857127
rate	0.0008246250128698232
rate	0.0008964725020725939
rate	0.0009735401438943425
rate	0.0010560433549566157
rate	0.0011441980248541443
rate	0.001241186604086104
rate	0.0013456450435849073
rate	0.0014588947200714472
rate	0.0015816755052894085
rate	0.0017147895386926799
rate	0.0018591064679046258
rate	0.0020155691302151326
rate	0.002185199712233263
rate	0.0023691064279371373
rate	0.0025684907587494358
rate	1.6859469235202213e-05
rate	1.3007880855214047e-06
rate	8.023078244665745e-07
rate	5.996549869998559e-07
rate	4.846424814473351e-07
rate	4.4904435173319247e-07
rate	4.079701618144493e-07
rate	3.778494808380182e-07
rate	3.4772913123298454e-07
rate	3.2308545529822664e-07
rate	3.0665646124120374e-07
rate	3.148709459465525e-07
rate	3.6963480717372834e-07
rate	4.791658159800933e-07
rate	6.297781082992987e-07
rate	8.077851363706977e-07
rate	9.775872407133327e-07
rate	1.1090541674198274e-06
rate	1.180268055294326e-06
rate	1.2021803934586233e-06
rate	1.218614762172605e-06
rate	1.2487446943657693e-06
rate	1.2788749581412128e-06
rate	1.3117447149822114e-06
rate	1.3500932633971035e-06
rate	1.3993993292120537e-06
rate	1.4541848882325233e-06
rate	1.5199290061829638e-06
rate	1.58841414117909e-06
rate	1.6678590440060741e-06
rate	1.7555250604621598e-06
rate	1.8623718134542452e-06
rate	2.0185399534902316e-06
rate	2.2021174027215483e-06
rate	2.4350318818747376e-06
rate	2.6816688117755804e-06
rate	2.9365503161455183e-06
rate	3.21064292699674e-06
rate	3.503952412274485e-06
rate	3.816484945811131e-06
rate	4.148247107761981e-06
rate	4.493761183095153e-06
rate	4.844804261734218e-06
rate	5.206864584794883e-06
rate	5.593663734146255e-06
rate	6.013443789665844e-06
rate	6.477197236024922e-06
rate	7.00416039117554e-06
rate	7.5916242907706036e-06
rate	8.234135665727788e-06
rate	8.931733249859903e-06
rate	9.678964022594472e-06
rate	1.0481365282790511e-05
rate	1.1371976249122408e-05
rate	1.2381135645824663e-05
rate	1.3561251469128308e-05
rate	1.4915297520723289e-05
rate	1.6404971186858274e-05
rate	1.798364300627602e-05
rate	1.9665254440477472e-05
rate	2.1576929365847756e-05
rate	2.3766098135981538e-05
rate	2.6109039191708232e-05
rate	2.8550814530542505e-05
rate	3.11193783419427e-05
rate	3.388438348543574e-05
rate	3.662998597571328e-05
rate	3.980889307888148e-05
rate	4.346155552847171e-05
rate	4.7595438653333384e-05
rate	5.214574519960795e-05
rate	5.7352177552469664e-05
rate	6.349866595506131e-05
rate	7.067300573079153e-05
rate	7.883253961637033e-05
rate	8.801431712640736e-05
rate	9.788805066643393e-05
rate	0.00010884856097341109
rate	0.00012101181958126575
rate	0.00013449724917443057
rate	0.00014944564537327997
rate	0.00016600871832186766
rate	0.00018434136142536138
rate	0.00020462912450070113
rate	0.00022705464793617073
rate	0.00025182869152821593
rate	0.0002791714987996114
rate	0.0003093178553942401
rate	0.00034251958374141095
rate	0.0003790484782755242
rate	0.0004191806323935572
rate	0.0004632152299731111
rate	0.0005114590463171884
rate	0.0005642330189309698
rate	0.0006218555717665638
rate	0.0006846658389730824
rate	0.0007529923145745466
rate	0.000827168181861317
rate	0.0009075142254522567
rate	0.0009943454008268361
rate	0.0010909484704174056
rate	0.0011961876223734605
rate	0.0013115787470438568
rate	0.0014381011619931802
rate	0.0015768286553799874
rate	0.0017289385991326072
rate	0.0018957219412341706
rate	0.002078594161920853
rate	0.0022791072867778526
rate	0.0024989630586875907
rate	2.0994734035852686e-05
rate	1.4788387474585948e-06
rate	9.885425768272475e-07
rate	7.311037668610787e-07
rate	6.270396290313997e-07
rate	5.394097386689582e-07
rate	5.038108968562625e-07
rate	4.709508383198306e-07
rate	4.2166148998644613e-07
rate	3.559437391714393e-07
rate	3.093946200712832e-07
rate	3.312999892966781e-07
rate	4.819041473441548e-07
rate	7.968305235205787e-07
rate	1.2377883170219012e-06
rate	1.733608293184208e-06
rate	2.2130776398212047e-06
rate	2.6542636112388323e-06
rate	3.007811755276652e-06
rate	3.2846526367647363e-06
rate	3.561521514163093e-06
rate	3.827451647508553e-06
rate	3.980990083900145e-06
rate	4.0001829938834815e-06
rate	3.9151868425349374e-06
rate	3.7918100276030467e-06
rate	3.6848879517187495e-06
rate	3.6163503556900195e-06
rate	3.619091826589553e-06
rate	3.687629491247092e-06
rate	3.7753602056759554e-06
rate	3.876802348764432e-06
rate	4.065988278156331e-06
rate	4.2414767691449865e-06
rate	4.512957688061011e-06
rate	4.822862750611402e-06
rate	5.173948031396733e-06
rate	5.588176839306663e-06
rate	6.065577831985152e-06
rate	6.5897173099091245e-06
rate	7.138662026741146e-06
rate	7.709681312755416e-06
rate	8.327504566579815e-06
rate	9.016885284300557e-06
rate	9.786120447881416e-06
rate	1.0627031826570156e-05
rate	1.1523188977562443e-05
rate	1.2463644687878454e-05
rate	1.3429185261779121e-05
rate	1.442258944288999e-05
rate	1.548518783342204e-05
rate	1.663634258343598e-05
rate	1.787616526460537e-05
rate	1.922959038501326e-05
rate	2.0729889928463902e-05
rate	2.2421470576663537e-05
rate	2.430468657343169e-05
rate	2.6377168538172945e-05
rate	2.863657895443255e-05
rate	3.111660919564865e-05
rate	3.3956455022744084e-05
rate	3.717666175119027e-05
rate	4.062851114760463e-05
rate	4.420714168894433e-05
rate	4.796041094514092e-05
rate	5.195599802725859e-05
rate	5.631792401015742e-05
rate	6.147910300017321e-05
rate	6.743843787559115e-05
rate	7.41054874412575e-05
rate	8.123438335281216e-05
rate	8.904081765432553e-05
rate	9.794196388357925e-05
rate	0.00010809370864911374
rate	0.00011941266527670977
rate	0.00013190746295835469
rate	0.00014536018419421717
rate	0.00016014464939992555
rate	0.0001763843786911738
rate	0.00019421367532155662
rate	0.00021377562948744134
rate	0.00023522612018471293
rate	0.00025872911001923875
rate	0.0002844579108921558
rate	0.00031260585069416716
rate	0.0003433667568163012
rate	0.00037695197142970354
rate	0.0004135800880916788
rate	0.00045348540947507315
rate	0.0004969010268556395
rate	0.0005440770616658897
rate	0.000595263415043434
rate	0.0006507183337289453
rate	0.0007107037139149579
rate	0.0007754796319429747
rate	0.0008452977785350746
rate	0.0009204125369698283
rate	0.0010010658168556283
rate	0.0010874848094689774
rate	0.0011798869265049936
rate	0.0012817654483736059
rate	0.001391612654051939
rate	0.00151087375726562
rate	0.0016403555283485752
rate	0.0017809338777936556
rate	0.001933559781559234
rate	0.0020992657141741216
rate	0.002279172633159149
rate	0.002474497562013127
rate	0.002686561823060178
rate	1.7223122005072072e-05
rate	1.180268055294326e-06
rate	7.557511157007447e-07
rate	5.339329636466304e-07
rate	4.5452095694717225e-07
rate	4.243997638369671e-07
rate	3.915406583842421e-07
rate	3.6963480717372834e-07
rate	3.4772913123298454e-07
rate	3.2308545529822664e-07
rate	3.1213278163952825e-07
rate	3.2308545529822664e-07
rate	3.8332594364077125e-07
rate	4.983341930453457e-07
rate	6.571630516327107e-07
rate	8.433879308462586e-07
rate	1.0214088481948519e-06
rate	1.1583558925036188e-06
rate	1.226831983523273e-06
rate	1.2432665002130064e-06
rate	1.2542228994796258e-06
rate	1.2761358295505142e-06
rate	1.2953097872335928e-06
rate	1.3117447149822114e-06
rate	1.3336581054470015e-06
rate	1.3610500901749123e-06
rate	1.3966600800381393e-06
rate	1.4514455842448507e-06
rate	1.5226683786916036e-06
rate	1.6075902859695216e-06
rate	1.7062125808054093e-06
rate	1.8212764149910612e-06
rate	1.9801820411938923e-06
rate	2.144576877782986e-06
rate	2.3610451352209793e-06
rate	2.5967135830047454e-06
rate	2.848846475694499e-06
rate	3.13663521780858e-06
rate	3.460091051890342e-06
rate	3.8082599483658513e-06
rate	4.164699170263502e-06
rate	4.529411942303521e-06
rate	4.902401565070229e-06
rate	5.294643995341311e-06
rate	5.714378202748431e-06
rate	6.172592923889606e-06
rate	6.669307471547626e-06
rate	7.188072450347642e-06
rate	7.720663620116886e-06
rate	8.272581298101903e-06
rate	8.860317456557039e-06
rate	9.516863555521884e-06
rate	1.027524662371217e-05
rate	1.1176786711750049e-05
rate	1.2229875526489166e-05
rate	1.3448444520248162e-05
rate	1.4796929387706407e-05
rate	1.6231455470064074e-05
rate	1.7719090000522477e-05
rate	1.9293005524958688e-05
rate	2.1094057181526778e-05
rate	2.3175153764102428e-05
rate	2.5418105203559646e-05
rate	2.7781821361632192e-05
rate	3.030536994088255e-05
rate	3.307509495699763e-05
rate	3.588368616221785e-05
rate	3.9120048018430715e-05
rate	4.279125773643408e-05
rate	4.691298744312968e-05
rate	5.145936915626536e-05
rate	5.665890497898356e-05
rate	6.276741772637499e-05
rate	6.988366580726626e-05
rate	7.799577221712865e-05
rate	8.716625995562125e-05
rate	9.707380644317191e-05
rate	0.00010808231624604228
rate	0.00012031654471282707
rate	0.0001338991675731257
rate	0.00014897437951723813
rate	0.00016569747347059365
rate	0.00018423300759977065
rate	0.00020476779310461558
rate	0.00022749492209286123
rate	0.0002526332451097084
rate	0.00028040873306221136
rate	0.0003110687121430471
rate	0.0003448755601067659
rate	0.0003821065349365927
rate	0.00042305383939080253
rate	0.00046802817172971085
rate	0.0005173496386617649
rate	0.0005713479374890867
rate	0.0006303591025054996
rate	0.0006947322810603721
rate	0.0007648083382042386
rate	0.0008409318429765341
rate	0.0009234375558793835
rate	0.0010126414672037602
rate	0.0011120108230543383
rate	0.0012203388577283337
rate	0.0013392198140583418
rate	0.0014696817191456855
rate	0.0016128527467387955
rate	0.0017699709731539654
rate	0.0019423950835822659
rate	0.002131616121365831
rate	0.0023392703818457057
rate	0.0025671535622813066
rate	2.091748519136894e-05
rate	1.4295312510083725e-06
rate	1.0159311089017153e-06
rate	7.886145926469522e-07
rate	5.887012068810161e-07
rate	5.366713497883321e-07
rate	4.901191578701618e-07
rate	4.5178265297065314e-07
rate	4.024936497165393e-07
rate	3.4499093406383163e-07
rate	3.093946200712832e-07
rate	3.422527396335235e-07
rate	4.928575001895152e-07
rate	7.968305235205787e-07
rate	1.218614762172605e-06
rate	1.6925148274136507e-06
rate	2.1555368845368413e-06
rate	2.591232691025922e-06
rate	2.9557359057573957e-06
rate	3.2490180823255405e-06
rate	3.542331679031898e-06
rate	3.8137432772504496e-06
rate	3.970022767175022e-06
rate	3.9892156002750465e-06
rate	3.901478032982333e-06
rate	3.7698769536638153e-06
rate	3.6547311980882454e-06
rate	3.5834529190122113e-06
rate	3.5916772411233506e-06
rate	3.6684387721968203e-06
rate	3.77261857829703e-06
rate	3.882285814926638e-06
rate	4.079697911461714e-06
rate	4.2222821675729115e-06
rate	4.460853202008042e-06
rate	4.737841055856977e-06
rate	5.064229044829776e-06
rate	5.470211259885244e-06
rate	5.950335487689969e-06
rate	6.482685912831011e-06
rate	7.034354060725134e-06
rate	7.608097058004081e-06
rate	8.242373970074532e-06
rate	8.967441845093783e-06
rate	9.780625144560046e-06
rate	1.0668259614034923e-05
rate	1.1591924796883373e-05
rate	1.2554407506169129e-05
rate	1.353648856999257e-05
rate	1.4557456024738787e-05
rate	1.567242406540001e-05
rate	1.6884262207914526e-05
rate	1.8146245558448743e-05
rate	1.9436384299525384e-05
rate	2.077954624715257e-05
rate	2.2217211236740906e-05
rate	2.3818571325208403e-05
rate	2.5669584992422983e-05
rate	2.787032756152142e-05
rate	3.045209507108441e-05
rate	3.348802393948438e-05
rate	3.687694780849246e-05
rate	4.0428446135556164e-05
rate	4.3942824856306055e-05
rate	4.746172052656338e-05
rate	5.1230615375089375e-05
rate	5.531479185818857e-05
rate	6.013262196226201e-05
rate	6.570480059792485e-05
rate	7.200219526886506e-05
rate	7.880436146903346e-05
rate	8.634672098127557e-05
rate	9.517106485773767e-05
rate	0.00010513327881691625
rate	0.00011623429557074577
rate	0.00012850795716325898
rate	0.0001417103872307844
rate	0.0001562316079562041
rate	0.0001721914921608088
rate	0.00018972931557235956
rate	0.00020898726529084671
rate	0.00023011720939393828
rate	0.0002532878698346188
rate	0.00027867433663963486
rate	0.00030646552990653777
rate	0.0003368598745796687
rate	0.00037007338726631803
rate	0.0004063231353133144
rate	0.0004458449417163834
rate	0.0004888800203061633
rate	0.0005356771184932831
rate	0.0005864948924340381
rate	0.0006415907173374348
rate	0.0007012327653595167
rate	0.0007656845582169362
rate	0.000835213026499189
rate	0.0009100668899749254
rate	0.0009904979548137566
rate	0.001076741008198119
rate	0.001169022641893992
rate	0.0012708330629267997
rate	0.001380683901472225
rate	0.0015000302489724942
rate	0.0016296928974352553
rate	0.0017705635881477587
rate	0.00192361114453419
rate	0.002089888135137302
rate	0.0022705381125483724
rate	0.002466803478070384
rate	0.0026800340262028983
rate	1.670520689391449e-05
rate	1.1337049189870501e-06
rate	8.242171378298389e-07
rate	5.969165378618122e-07
rate	4.709508383198306e-07
rate	4.326146018204462e-07
rate	3.860641791497674e-07
rate	3.504673311406838e-07
rate	3.2034728277604817e-07
rate	2.984420011820325e-07
rate	2.874894261079456e-07
rate	3.0391830514958843e-07
rate	3.614201581567499e-07
rate	4.7368916146778467e-07
rate	6.243011525023017e-07
rate	8.023078244665745e-07
rate	9.74848413534232e-07
rate	1.1172710599479747e-06
rate	1.2049194480603315e-06
rate	1.2514837955526723e-06
rate	1.2925706422006574e-06
rate	1.3391364804681312e-06
rate	1.3747461853102113e-06
rate	1.3966600800381393e-06
rate	1.413095616190892e-06
rate	1.4295312510083725e-06
rate	1.459663504430764e-06
rate	1.500753475367773e-06
rate	1.561019881608108e-06
rate	1.6349850115184714e-06
rate	1.7226499753370924e-06
rate	1.826755765812828e-06
rate	1.9774422108792786e-06
rate	2.1308769310387734e-06
rate	2.3391235201780763e-06
rate	2.5693092328311068e-06
rate	2.824180276761047e-06
rate	3.1147073918622836e-06
rate	3.4409019276784512e-06
rate	3.7890683837515673e-06
rate	4.145505106956551e-06
rate	4.504730598023019e-06
rate	4.8804595923517305e-06
rate	5.278185141489219e-06
rate	5.711634632990059e-06
rate	6.186313109984633e-06
rate	6.685774690415494e-06
rate	7.207287855904879e-06
rate	7.745373972750643e-06
rate	8.308281297282455e-06
rate	8.923492870945013e-06
rate	9.613023691555797e-06
rate	1.0385174644136893e-05
rate	1.1253761205525427e-05
rate	1.2227125419851723e-05
rate	1.3302627790664317e-05
rate	1.4488645714108652e-05
rate	1.5821120783620474e-05
rate	1.7333329350985088e-05
rate	1.9053138594954946e-05
rate	2.107750307368874e-05
rate	2.3349110121511735e-05
rate	2.568616688915165e-05
rate	2.795053877660274e-05
rate	3.0205712072561973e-05
rate	3.266776966687183e-05
rate	3.5198601130065516e-05
rate	3.822036631959135e-05
rate	4.1762489111638335e-05
rate	4.582141921510386e-05
rate	5.0332523173336323e-05
rate	5.549918412487849e-05
rate	6.155190462719185e-05
rate	6.856673324971314e-05
rate	7.655386428393538e-05
rate	8.559804636542729e-05
rate	9.541202456295048e-05
rate	0.00010632560543566317
rate	0.00011846334113851181
rate	0.00013195343114425558
rate	0.000146939904866451
rate	0.0001635778773373562
rate	0.00018203757020935658
rate	0.00020250276891099707
rate	0.00022517832713370164
rate	0.0002502772912698571
rate	0.00027803482784664174
rate	0.0003086987310060561
rate	0.00034254130285366215
rate	0.000379844125160247
rate	0.000420904219366133
rate	0.0004660377099838232
rate	0.0005155741889663371
rate	0.0005698472805138611
rate	0.0006292047076008602
rate	0.0006940019414789257
rate	0.0007645911369485147
rate	0.0008413189825115591
rate	0.0009245310655364992
rate	0.0010145563407407288
rate	0.0011149219087452672
rate	0.0012244094034156456
rate	0.001344648782496195
rate	0.0014766959018973796
rate	0.001621710304628699
rate	0.001780965403072997
rate	0.001955859661179853
rate	0.0021479288747720702
rate	0.002358859657802086
rate	0.002590504252984926
rate	2.0542307518550166e-05
rate	1.3911815899122415e-06
rate	8.926848721465614e-07
rate	6.845482688823615e-07
rate	5.695321971255067e-07
rate	5.229794464695652e-07
rate	4.983341930453457e-07
rate	4.682125179109734e-07
rate	4.1618495050178546e-07
rate	3.422527396335235e-07
rate	2.874894261079456e-07
rate	3.0391830514958843e-07
rate	4.4356775747390473e-07
rate	7.502739078941745e-07
rate	1.180268055294326e-06
rate	1.6651195262225959e-06
rate	2.1281369499165435e-06
rate	2.561087981267683e-06
rate	2.9146240926416204e-06
rate	3.1941965965136994e-06
rate	3.46831500343841e-06
rate	3.726011332899515e-06
rate	3.887769292071348e-06
rate	3.93163750460573e-06
rate	3.887769292071348e-06
rate	3.8082599483658513e-06
rate	3.739719263890966e-06
rate	3.6821464149353326e-06
rate	3.660214219496249e-06
rate	3.6739218210567164e-06
rate	3.7040787860688165e-06
rate	3.7561688716774277e-06
rate	3.901478032982333e-06
rate	4.02485979013605e-06
rate	4.255187281229752e-06
rate	4.529411942303521e-06
rate	4.85028966699054e-06
rate	5.237038439734182e-06
rate	5.686942628883366e-06
rate	6.1780809900768454e-06
rate	6.683030147059615e-06
rate	7.215523070999521e-06
rate	7.822252051661481e-06
rate	8.536223035795674e-06
rate	9.357519908333416e-06
rate	1.0245017191863628e-05
rate	1.1168539572915811e-05
rate	1.2150123555525558e-05
rate	1.3189831497064777e-05
rate	1.4290481681490205e-05
rate	1.5507214960826306e-05
rate	1.6809883963315927e-05
rate	1.811317307058281e-05
rate	1.93564221337837e-05
rate	2.0578167867987823e-05
rate	2.1841855427653625e-05
rate	2.3257988746312372e-05
rate	2.492902934616354e-05
rate	2.6990924231935302e-05
rate	2.946946356118127e-05
rate	3.23962531362532e-05
rate	3.564236135084368e-05
rate	3.904228607638143e-05
rate	4.23852650232524e-05
rate	4.571284311407691e-05
rate	4.930370508768488e-05
rate	5.315329973232446e-05
rate	5.76401609099476e-05
rate	6.279543130200598e-05
rate	6.869025650248999e-05
rate	7.52027649296929e-05
rate	8.246431138645147e-05
rate	9.084873349910433e-05
rate	0.00010042596035511329
rate	0.00011112292123691901
rate	0.00012291829334088152
rate	0.00013563626580636703
rate	0.0001496335961014964
rate	0.00016503147018571707
rate	0.00018196441927383124
rate	0.00020056954351320978
rate	0.00022100211090856394
rate	0.0002434250467079741
rate	0.000268016186688858
rate	0.00029495777837941056
rate	0.0003244532438818387
rate	0.00035670778049600436
rate	0.0003919488210488081
rate	0.000430403392270903
rate	0.00047231924039796246
rate	0.0005179417111744382
rate	0.000567532149845255
rate	0.0006213573981031179
rate	0.0006796850659596315
rate	0.0007427815967258068
rate	0.0008109134282355972
rate	0.000884351725518748
rate	0.0009633424670434519
rate	0.0010481387131850263
rate	0.0011389678014639925
rate	0.0012392426793745698
rate	0.0013475429313278995
rate	0.0014653077899868942
rate	0.0015933643889775356
rate	0.00173261214702507
rate	0.0018840290851141579
rate	0.0020486786957200818
rate	0.0022277174123577943
rate	0.002422402731911936
rate	0.0026341020467958456
rate	1.6727243839097013e-05
rate	1.2514837955526723e-06
rate	7.311037668610787e-07
rate	5.394097386689582e-07
rate	4.5999757311619204e-07
rate	4.1344668486733074e-07
rate	3.778494808380182e-07
rate	3.532055337869349e-07
rate	3.2856180855868813e-07
rate	3.0665646124120374e-07
rate	2.9296570816796346e-07
rate	3.093946200712832e-07
rate	3.6963480717372834e-07
rate	4.873808182893356e-07
rate	6.489475398718211e-07
rate	8.379105477155179e-07
rate	1.0159311089017153e-06
rate	1.1528778792078885e-06
rate	1.2213538332156618e-06
rate	1.2405274072474393e-06
rate	1.2487446943657693e-06
rate	1.2706575805906285e-06
rate	1.2898314999078554e-06
rate	1.317223046155294e-06
rate	1.347354063554274e-06
rate	1.3857031107491866e-06
rate	1.4295312510083725e-06
rate	1.4815780788544255e-06
rate	1.5473228546098117e-06
rate	1.624027088405665e-06
rate	1.7171708328614983e-06
rate	1.826755765812828e-06
rate	1.96648291703916e-06
rate	2.0925174448545623e-06
rate	2.2596591369958348e-06
rate	2.4432527549235225e-06
rate	2.6597446294008733e-06
rate	2.9338095286047612e-06
rate	3.259982511215616e-06
rate	3.619091826589553e-06
rate	3.980990083900145e-06
rate	4.345678382997423e-06
rate	4.732355875891878e-06
rate	5.160232917613918e-06
rate	5.6320723059219205e-06
rate	6.147896762181711e-06
rate	6.685774690415494e-06
rate	7.218268148202468e-06
rate	7.728900379547916e-06
rate	8.239627865871443e-06
rate	8.788903526059309e-06
rate	9.412464945996834e-06
rate	1.0135094798672818e-05
rate	1.097611338564581e-05
rate	1.1924630553051892e-05
rate	1.2967003697304911e-05
rate	1.4100587941626386e-05
rate	1.535853528985431e-05
rate	1.6779582294803117e-05
rate	1.8397058260942508e-05
rate	2.030508934524542e-05
rate	2.24518347525437e-05
rate	2.4688668149354384e-05
rate	2.6896916689298682e-05
rate	2.9123550486524283e-05
rate	3.1573556233175694e-05
rate	3.4095059465603975e-05
rate	3.7057327268852996e-05
rate	4.048679692057835e-05
rate	4.44047004062243e-05
rate	4.8799195774186614e-05
rate	5.381776292784061e-05
rate	5.962331528624469e-05
rate	6.629938743085156e-05
rate	7.390577397675709e-05
rate	8.256588977559491e-05
rate	9.197539428808803e-05
rate	0.00010243751919459275
rate	0.00011406414921580761
rate	0.00012698184985283104
rate	0.00014132405326483118
rate	0.00015724051566587394
rate	0.0001748926442558642
rate	0.00019445469366300236
rate	0.00021612407018037827
rate	0.0002401024789933377
rate	0.0002666125143373054
rate	0.0002958971187373073
rate	0.00032821007553933526
rate	0.00036382172956215815
rate	0.00040302221743090304
rate	0.0004461123850060311
rate	0.0004934071813412908
rate	0.0005452395430754467
rate	0.0006019410034852662
rate	0.0006638581519905084
rate	0.0007313354039376563
rate	0.0008047205492198449
rate	0.0008843555072555924
rate	0.0009705646602488474
rate	0.0010666267046914733
rate	0.001171454991494061
rate	0.0012865858233816643
rate	0.0014130317365548286
rate	0.0015519047794752875
rate	0.0017044262929509888
rate	0.0018719376514098203
rate	0.002055912059827911
rate	0.002257967510062375
rate	0.002479881010535073
rate	2.0796098553520646e-05
rate	1.4377491054164899e-06
rate	9.967591076813208e-07
rate	7.146723242372158e-07
rate	5.832243332559409e-07
rate	5.28456199580282e-07
rate	4.873808182893356e-07
rate	4.463060532341768e-07
rate	3.8332594364077125e-07
rate	3.1213278163952825e-07
rate	2.6010818011161743e-07
rate	2.82013155001327e-07
rate	4.2987631975380964e-07
rate	7.365809363166124e-07
rate	1.161094903261886e-06
rate	1.624027088405665e-06
rate	2.065118140911445e-06
rate	2.4870978280844607e-06
rate	2.86803145072589e-06
rate	3.21064292699674e-06
rate	3.5642629301618103e-06
rate	3.901478032982333e-06
rate	4.123569199374814e-06
rate	4.197603591856867e-06
rate	4.1537311176110215e-06
rate	4.065988278156331e-06
rate	3.991957444558456e-06
rate	3.93163750460573e-06
rate	3.917928612682575e-06
rate	3.94260466756746e-06
rate	3.991957444558456e-06
rate	4.052278713500514e-06
rate	4.189377449384479e-06
rate	4.246960965739935e-06
rate	4.392296178454773e-06
rate	4.567805586773705e-06
rate	4.803664072623569e-06
rate	5.146517872536174e-06
rate	5.615611423468114e-06
rate	6.17533695560796e-06
rate	6.770856899104656e-06
rate	7.3829778173286824e-06
rate	8.03916969825096e-06
rate	8.747704028859289e-06
rate	9.516863555521884e-06
rate	1.0330210082206811e-05
rate	1.1187782935506634e-05
rate	1.2128123420631589e-05
rate	1.3176076169412925e-05
rate	1.4331764672169836e-05
rate	1.5609092730343026e-05
rate	1.6961397336622167e-05
rate	1.8306101548642458e-05
rate	1.9568740602370744e-05
rate	2.077954624715257e-05
rate	2.199916740694185e-05
rate	2.3351871422648546e-05
rate	2.4937318039676218e-05
rate	2.6905211342632994e-05
rate	2.930065252085233e-05
rate	3.218016738540301e-05
rate	3.5387190435488144e-05
rate	3.868127741750009e-05
rate	4.1762489111638335e-05
rate	4.4680193402608116e-05
rate	4.775145138930273e-05
rate	5.146773855946875e-05
rate	5.583447461136622e-05
rate	6.1005939605115626e-05
rate	6.706244272316034e-05
rate	7.36920123257198e-05
rate	8.078599200267619e-05
rate	8.850913848069244e-05
rate	9.717592832548445e-05
rate	0.00010680666698505775
rate	0.00011659710624832251
rate	0.00012755547462294406
rate	0.0001403181109125102
rate	0.00015501445563818566
rate	0.000171762936557777
rate	0.0001904541857503556
rate	0.00021053022105611095
rate	0.00023263172437089274
rate	0.00025687607047098003
rate	0.00028534199853360757
rate	0.0003195752107785792
rate	0.0003573378584248737
rate	0.0003988541500564178
rate	0.00044434065726211327
rate	0.0004939711437905894
rate	0.0005478970650440003
rate	0.00060622185658036
rate	0.0006689884620208594
rate	0.0007361782478231807
rate	0.0008076975608989317
rate	0.0008833799922878699
rate	0.0009629610353134036
rate	0.0010460999166425618
rate	0.0011323684798231553
rate	0.0012212558250153593
rate	0.001322047138562758
rate	0.0014286348884644715
rate	0.0015438160902165187
rate	0.0016682835759198875
rate	0.0018027860360580303
rate	0.0019481325229817534
rate	0.0021051973174797097
rate	0.0022749251877077154
rate	0.0024583370721100416
rate	0.0026565362205163805
rate	1.6906300594365168e-05
rate	1.1419218854979701e-06
rate	7.11933760054339e-07
rate	5.065492528701582e-07
rate	4.408294644523707e-07
rate	4.2713804042618773e-07
rate	3.997553977754189e-07
rate	3.751112535448583e-07
rate	3.422527396335235e-07
rate	3.093946200712832e-07
rate	2.847512891854262e-07
rate	2.874894261079456e-07
rate	3.3403817277287757e-07
rate	4.408294644523707e-07
rate	5.859627686991191e-07
rate	7.53012510427781e-07
rate	9.118561445907779e-07
rate	1.0405810220285505e-06
rate	1.1254879771372024e-06
rate	1.1775290253550301e-06
rate	1.226831983523273e-06
rate	1.2843532235438447e-06
rate	1.3281797413876452e-06
rate	1.3583108793698406e-06
rate	1.3802246425483214e-06
rate	1.3993993292120537e-06
rate	1.432270533070461e-06
rate	1.4788387474585948e-06
rate	1.5528016571861892e-06
rate	1.645942978489241e-06
rate	1.7637438934236721e-06
rate	1.8925088310385108e-06
rate	2.0431988951799506e-06
rate	2.169236954677997e-06
rate	2.3199422509986935e-06
rate	2.4816171555400396e-06
rate	2.678928279377722e-06
rate	2.931068743807425e-06
rate	3.2490180823255405e-06
rate	3.6081259594622586e-06
rate	3.978248250600064e-06
rate	4.34842058428698e-06
rate	4.751554053848779e-06
rate	5.193149306117815e-06
rate	5.673224945047837e-06
rate	6.189057155454492e-06
rate	6.724198586285462e-06
rate	7.264934881761659e-06
rate	7.80852366495941e-06
rate	8.368697741007385e-06
rate	8.981176044196125e-06
rate	9.656983735786277e-06
rate	1.0385174644136893e-05
rate	1.1157543426447278e-05
rate	1.1979627133902617e-05
rate	1.2843218311084382e-05
rate	1.3792382662118585e-05
rate	1.4907039112819423e-05
rate	1.626725940005312e-05
rate	1.7911990709700778e-05
rate	1.9894143715387382e-05
rate	2.212336745990921e-05
rate	2.4417941726493394e-05
rate	2.6592796752498703e-05
rate	2.869191226662358e-05
rate	3.098646247903252e-05
rate	3.3729158925516093e-05
rate	3.684642322937492e-05
rate	4.040343903695262e-05
rate	4.439356995869682e-05
rate	4.881870545602002e-05
rate	5.3650235994614316e-05
rate	5.909452015223139e-05
rate	6.517202587328151e-05
rate	7.167335046815912e-05
rate	7.833382926569046e-05
rate	8.608678055547029e-05
rate	9.546305404512066e-05
rate	0.00010640245574971228
rate	0.00011913240884803859
rate	0.0001327005223580684
rate	0.00014732703214606169
rate	0.00016438597970069995
rate	0.00018383769892347398
rate	0.00020636151096544098
rate	0.00023490392357314465
rate	0.0002647692124313598
rate	0.0002979965502379473
rate	0.0003348449179795771
rate	0.00037557926793164325
rate	0.0004204381054819498
rate	0.0004696430347970619
rate	0.0005233755695320915
rate	0.0005817740469368322
rate	0.0006449151509136797
rate	0.0007128092737424836
rate	0.0007853864708230102
rate	0.0008624788003104078
rate	0.0009438370751522371
rate	0.0010290943043245744
rate	0.00112622719112684
rate	0.0012303840093668412
rate	0.0013441735579043821
rate	0.0014684867000987038
rate	0.0016042966889846957
rate	0.00175266678691354
rate	0.0019147585898802103
rate	0.0020918411217094143
rate	0.0022853007692986804
rate	0.002496652136702107
rate	2.0180971747519836e-05
rate	1.2898314999078554e-06
rate	9.036398685339303e-07
rate	6.900253452029415e-07
rate	5.476249217441333e-07
rate	5.20241074022403e-07
rate	4.901191578701618e-07
rate	4.4904435173319247e-07
rate	3.805877108700887e-07
rate	2.9296570816796346e-07
rate	2.2177489576223272e-07
rate	2.2451296970246993e-07
rate	3.6689658809605136e-07
rate	6.790712035189665e-07
rate	1.1145320930320493e-06
rate	1.582935267336712e-06
rate	2.0185399534902316e-06
rate	2.445993051425361e-06
rate	2.8461057759499034e-06
rate	3.218866129286266e-06
rate	3.6163503556900195e-06
rate	3.994699291587407e-06
rate	4.249703068156639e-06
rate	4.340193988658276e-06
rate	4.299061381295049e-06
rate	4.214055950951087e-06
rate	4.145505106956551e-06
rate	4.0851817840062285e-06
rate	4.063246359733139e-06
rate	4.074214049901593e-06
rate	4.101633467544141e-06
rate	4.1427631088972755e-06
rate	4.255187281229752e-06
rate	4.318256521162437e-06
rate	4.460853202008042e-06
rate	4.633624515649689e-06
rate	4.858517795481496e-06
rate	5.165718954882554e-06
rate	5.577203082615729e-06
rate	6.076553546341005e-06
rate	6.622650889281427e-06
rate	7.204542789711178e-06
rate	7.84970903158152e-06
rate	8.558194326606327e-06
rate	9.327300607626847e-06
rate	1.0124102802080852e-05
rate	1.0959620341733238e-05
rate	1.1880634083773062e-05
rate	1.292023967139451e-05
rate	1.4086828037462985e-05
rate	1.5372301586871343e-05
rate	1.672999846971664e-05
rate	1.810214899673948e-05
rate	1.9414325537782665e-05
rate	2.067471729728871e-05
rate	2.1949488963293702e-05
rate	2.3324258536600344e-05
rate	2.4848906602562974e-05
rate	2.664808877384178e-05
rate	2.8808115862462486e-05
rate	3.139907654553993e-05
rate	3.433624792430116e-05
rate	3.7473632923864135e-05
rate	4.0553485054853464e-05
rate	4.355057006788153e-05
rate	4.677094755938668e-05
rate	5.0541679823382534e-05
rate	5.477844859267789e-05
rate	5.941905955710844e-05
rate	6.469822388110794e-05
rate	7.04342134179017e-05
rate	7.675940240169014e-05
rate	8.417754004076814e-05
rate	9.279378788003876e-05
rate	0.00010212489187655605
rate	0.00011211248714403685
rate	0.00012314452472582057
rate	0.0001355844820417733
rate	0.0001495613058329283
rate	0.00016562184922371657
rate	0.00018423886445368372
rate	0.00020477664453056202
rate	0.00022640031716800383
rate	0.00024898462916597035
rate	0.0002781621115287232
rate	0.00031069759645363813
rate	0.0003465188039836962
rate	0.0003858393477028533
rate	0.0004288595335552653
rate	0.0004757536867974101
rate	0.000526668944722138
rate	0.000581716484568265
rate	0.0006409609150724022
rate	0.0007044108974632515
rate	0.0007720147009859078
rate	0.0008436466959434263
rate	0.0009191138398428014
rate	0.000998135185061086
rate	0.0010803582165326703
rate	0.0011653660737638973
rate	0.0012614368572238853
rate	0.0013631902300544581
rate	0.0014731515039171788
rate	0.001591982766342706
rate	0.0017203995119260032
rate	0.0018591749503889324
rate	0.0020091446621512137
rate	0.0021712116294414704
rate	0.00234635167324108
rate	0.0025356193287972735
rate	1.661706088689432e-05
rate	1.199441341597475e-06
rate	7.749214293133455e-07
rate	5.175027043141322e-07
rate	4.5178265297065314e-07
rate	4.1344668486733074e-07
rate	3.723730289899955e-07
rate	3.3951454794144676e-07
rate	3.0391830514958843e-07
rate	2.68322525157553e-07
rate	2.464176598030141e-07
rate	2.4915575838784316e-07
rate	3.0391830514958843e-07
rate	4.1344668486733074e-07
rate	5.640553618464844e-07
rate	7.338423502193383e-07
rate	8.926848721465614e-07
rate	1.024147721951411e-06
rate	1.1117931288559007e-06
rate	1.172050973696445e-06
rate	1.226831983523273e-06
rate	1.2925706422006574e-06
rate	1.347354063554274e-06
rate	1.3911815899122415e-06
rate	1.4267919716869954e-06
rate	1.4651421315917876e-06
rate	1.5089715435575782e-06
rate	1.5582804707267037e-06
rate	1.610329746189612e-06
rate	1.6760776138042706e-06
rate	1.7582646687080604e-06
rate	1.8623718134542452e-06
rate	1.9938812338936707e-06
rate	2.1308769310387734e-06
rate	2.2898005280798416e-06
rate	2.4624348880336686e-06
rate	2.6597446294008733e-06
rate	2.903661046738317e-06
rate	3.2051608058587684e-06
rate	3.5532972826371213e-06
rate	3.9206703855756055e-06
rate	4.299061381295049e-06
rate	4.7131578325542395e-06
rate	5.162975934874138e-06
rate	5.643046282540379e-06
rate	6.153384778865574e-06
rate	6.672052001147619e-06
rate	7.196307607644144e-06
rate	7.726154790317459e-06
rate	8.283565863653859e-06
rate	8.887784848910426e-06
rate	9.555327204650575e-06
rate	1.0291735545402295e-05
rate	1.108881851159798e-05
rate	1.1932879969752637e-05
rate	1.281571120750341e-05
rate	1.3759362725611545e-05
rate	1.4827209120664298e-05
rate	1.6107522404767194e-05
rate	1.7647444627139223e-05
rate	1.9530136019744988e-05
rate	2.167351402319905e-05
rate	2.3898663921452365e-05
rate	2.5990186128763464e-05
rate	2.7964368533958374e-05
rate	3.009775347531359e-05
rate	3.265391613077829e-05
rate	3.558966106099038e-05
rate	3.898396606922814e-05
rate	4.286356412435073e-05
rate	4.717202032111586e-05
rate	5.1995062546564823e-05
rate	5.731024075538431e-05
rate	6.332494179147688e-05
rate	6.973200377301095e-05
rate	7.634552632316404e-05
rate	8.385005268107212e-05
rate	9.279095564648447e-05
rate	0.00010321355762920291
rate	0.00011515186283063541
rate	0.00012843335319697444
rate	0.00014318414639581903
rate	0.00015934650351472372
rate	0.0001775789359808132
rate	0.0001992471315055764
rate	0.000228101902547283
rate	0.0002567437584824276
rate	0.00028858001349781146
rate	0.0003238645856886136
rate	0.0003628494197855262
rate	0.00040577058906221634
rate	0.00045284573527645203
rate	0.0005042674592398907
rate	0.0005601751573845947
rate	0.0006206704107241259
rate	0.0006857875868823466
rate	0.0007554842090725425
rate	0.0008296469899769056
rate	0.0009080634769313245
rate	0.0009904311247025512
rate	0.0010840982652897209
rate	0.0011846584729263787
rate	0.0012945465760903162
rate	0.001414627823939354
rate	0.001545847725546628
rate	0.0016892394947550036
rate	0.0018459321856110387
rate	0.0020171595824362036
rate	0.002204269914534972
rate	0.0024087364720325405
rate	2.0307847577993525e-05
rate	1.3857031107491866e-06
rate	8.926848721465614e-07
rate	6.818097348312087e-07
rate	5.640553618464844e-07
rate	5.092876116229179e-07
rate	4.709508383198306e-07
rate	4.2987631975380964e-07
rate	3.6689658809605136e-07
rate	2.902275657688909e-07
rate	2.2998912579754532e-07
rate	2.3820338047765515e-07
rate	3.805877108700887e-07
rate	6.790712035189665e-07
rate	1.089881514089569e-06
rate	1.5171896364155206e-06
rate	1.9171666376274494e-06
rate	2.3144619130583723e-06
rate	2.703593169716632e-06
rate	3.0845569179420272e-06
rate	3.495728353678294e-06
rate	3.887769292071348e-06
rate	4.156473126654948e-06
rate	4.246960965739935e-06
rate	4.197603591856867e-06
rate	4.104375424411761e-06
rate	4.030343552841346e-06
rate	3.972764592237357e-06
rate	3.959055494382737e-06
rate	3.9837319199457436e-06
rate	4.02485979013605e-06
rate	4.074214049901593e-06
rate	4.181151331628271e-06
rate	4.260671505288058e-06
rate	4.406007445830323e-06
rate	4.578775298370915e-06
rate	4.798178760782801e-06
rate	5.080686612510564e-06
rate	5.45100804196359e-06
rate	5.900947396466829e-06
rate	6.405845438832136e-06
rate	6.9602429207833536e-06
rate	7.588878839200722e-06
rate	8.291804316739646e-06
rate	9.049848073173117e-06
rate	9.824587879971504e-06
rate	1.0635277334397074e-05
rate	1.1536936003374194e-05
rate	1.2568159710821705e-05
rate	1.3731846416061588e-05
rate	1.5003388755055034e-05
rate	1.6330605961676468e-05
rate	1.768326707947445e-05
rate	1.902005515032106e-05
rate	2.0363012816503045e-05
rate	2.1775621508847372e-05
rate	2.3313213460158487e-05
rate	2.496218427077579e-05
rate	2.675867616657594e-05
rate	2.8727879519252416e-05
rate	3.091723802262401e-05
rate	3.331896494755063e-05
rate	3.5919748018281064e-05
rate	3.872015298600025e-05
rate	4.179028858696494e-05
rate	4.53175511225648e-05
rate	4.940684827136903e-05
rate	5.3856854020619896e-05
rate	5.85406538194947e-05
rate	6.349866595506131e-05
rate	6.88306306002492e-05
rate	7.493825269303768e-05
rate	8.207778364038839e-05
rate	9.027142874911433e-05
rate	9.945764342235608e-05
rate	0.00010895682101179232
rate	0.00011919818073966798
rate	0.00013118069359072264
rate	0.00014524758808975865
rate	0.00016111434687384612
rate	0.0001792650539613705
rate	0.0001989733041747833
rate	0.00021963716312252925
rate	0.00024253344913381024
rate	0.0002761141688706312
rate	0.00030763857579934115
rate	0.00034227758243193785
rate	0.0003802278794288
rate	0.00042168338138770463
rate	0.00046680385021319066
rate	0.0005157394522543961
rate	0.0005685934296214195
rate	0.0006254382195414771
rate	0.000686297624269417
rate	0.0007511329857443878
rate	0.0008198560032052127
rate	0.000892301115095665
rate	0.0009682396307653516
rate	0.001047363952190071
rate	0.0011293104986778723
rate	0.0012216605955955987
rate	0.00131952390146007
rate	0.001425226722382366
rate	0.0015393970567302
rate	0.0016627132098031457
rate	0.0017959078237593513
rate	0.0019397722303667124
rate	0.002095161152438997
rate	0.002262997781888875
rate	0.002444279264567491
rate	1.6760299589452952e-05
rate	1.2131366283067453e-06
rate	7.201494608214243e-07
rate	5.421481302885141e-07
rate	4.1618495050178546e-07
rate	4.052319043963156e-07
rate	3.6689658809605136e-07
rate	3.367763589878999e-07
rate	3.0665646124120374e-07
rate	2.792750235559468e-07
rate	2.6010818011161743e-07
rate	2.6558440740386094e-07
rate	3.176091129920573e-07
rate	4.243997638369671e-07
rate	5.640553618464844e-07
rate	7.201494608214243e-07
rate	8.652975729517912e-07
rate	9.830649032906547e-07
rate	1.0707089950208502e-06
rate	1.130965935630221e-06
rate	1.193963246095317e-06
rate	1.2624402277035834e-06
rate	1.3227013882906268e-06
rate	1.3747461853102113e-06
rate	1.4158348818087946e-06
rate	1.459663504430764e-06
rate	1.5062321847536492e-06
rate	1.555541062585965e-06
rate	1.6075902859695216e-06
rate	1.6705985645310452e-06
rate	1.750045852194445e-06
rate	1.8514129802167566e-06
rate	1.974702383306474e-06
rate	2.114437085435724e-06
rate	2.270619604450974e-06
rate	2.440512461164425e-06
rate	2.629599165296265e-06
rate	2.8543278834140547e-06
rate	3.117448360501017e-06
rate	3.421712937958881e-06
rate	3.7506856581004037e-06
rate	4.104375424411761e-06
rate	4.512957688061011e-06
rate	4.976457021287132e-06
rate	5.478441251655141e-06
rate	5.996980614125224e-06
rate	6.5211069585721785e-06
rate	7.056313302273109e-06
rate	7.6135880024402595e-06
rate	8.201182696232195e-06
rate	8.843837153415793e-06
rate	9.530600511035685e-06
rate	1.0247765308239257e-05
rate	1.098710880345184e-05
rate	1.176239707575932e-05
rate	1.2587412913385602e-05
rate	1.3500720333309453e-05
rate	1.4551951136245878e-05
rate	1.5782569007126077e-05
rate	1.7206591285800664e-05
rate	1.8838103350402365e-05
rate	2.0633338553532282e-05
rate	2.254568978893306e-05
rate	2.4539489053908434e-05
rate	2.667849986155709e-05
rate	2.916229057762958e-05
rate	3.206936079502623e-05
rate	3.5201374408092885e-05
rate	3.847580143927008e-05
rate	4.2015474740744326e-05
rate	4.5896589807485826e-05
rate	5.036040980349589e-05
rate	5.558020889666562e-05
rate	6.14539028879984e-05
rate	6.808111630425124e-05
rate	7.495232184936695e-05
rate	8.243045276087779e-05
rate	9.108082167322579e-05
rate	0.00010131791000454506
rate	0.00011305675807884684
rate	0.0001256400373588921
rate	0.00013981095636079406
rate	0.00015651568803940234
rate	0.00017431776989898962
rate	0.0001951190735696391
rate	0.00022263500742458604
rate	0.0002507933268543606
rate	0.0002821290537158022
rate	0.0003168935335301507
rate	0.0003553483043688148
rate	0.00039773318315552134
rate	0.00044427625239767526
rate	0.0004951683095399694
rate	0.0005505739074644173
rate	0.0006105983814283973
rate	0.0006752843819362186
rate	0.0007446065121294929
rate	0.0008184564529260248
rate	0.0008966396417688688
rate	0.0009788626824449348
rate	0.0010724215755847618
rate	0.0011729729483014094
rate	0.0012829521232792052
rate	0.001403243061155124
rate	0.0015348126036434128
rate	0.001678718244552407
rate	0.0018361166294200211
rate	0.0020082728520840203
rate	0.0021965706229084424
rate	0.0024025233903936286
rate	1.9770044745630926e-05
rate	1.4377491054164899e-06
rate	9.063786244796775e-07
rate	7.03718083940425e-07
rate	5.339329636466304e-07
rate	4.819041473441548e-07
rate	4.326146018204462e-07
rate	3.860641791497674e-07
rate	3.2308545529822664e-07
rate	2.518938597113253e-07
rate	1.9987040281908057e-07
rate	2.1082262738447692e-07
rate	3.4772913123298454e-07
rate	6.297781082992987e-07
rate	1.0104533805678085e-06
rate	1.4076170931774207e-06
rate	1.777442003187413e-06
rate	2.147316875358297e-06
rate	2.5199820937492914e-06
rate	2.892698044733642e-06
rate	3.2983583581247294e-06
rate	3.6903710335209745e-06
rate	3.9645391252871444e-06
rate	4.065988278156331e-06
rate	4.0358273265303356e-06
rate	3.961797308461896e-06
rate	3.909703310476735e-06
rate	3.8740606198016035e-06
rate	3.876802348764432e-06
rate	3.917928612682575e-06
rate	3.975506420045804e-06
rate	4.0358273265303356e-06
rate	4.140021113584453e-06
rate	4.2222821675729115e-06
rate	4.34842058428698e-06
rate	4.510215321968332e-06
rate	4.715900401931761e-06
rate	4.970971363243358e-06
rate	5.289157699730061e-06
rate	5.681455547101326e-06
rate	6.1259448054534005e-06
rate	6.6336288371078245e-06
rate	7.2539544023035e-06
rate	7.984252213616325e-06
rate	8.79165018124973e-06
rate	9.613023691555797e-06
rate	1.0459378553146262e-05
rate	1.139122104165448e-05
rate	1.2441642033535852e-05
rate	1.361352943616117e-05
rate	1.4879511266380763e-05
rate	1.6190143824959472e-05
rate	1.7531713753548112e-05
rate	1.8879454970405605e-05
rate	2.02637161874736e-05
rate	2.174802451558025e-05
rate	2.3368439287955205e-05
rate	2.509204492481662e-05
rate	2.6919035820700997e-05
rate	2.886621950996122e-05
rate	3.097815545184779e-05
rate	3.328016599600502e-05
rate	3.577827730635004e-05
rate	3.8514674090243346e-05
rate	4.155400204353244e-05
rate	4.503921072466376e-05
rate	4.901380992106717e-05
rate	5.335988025791335e-05
rate	5.7970120825781694e-05
rate	6.292149593955946e-05
rate	6.823549385562795e-05
rate	7.435866629339079e-05
rate	8.173080156387027e-05
rate	8.999979804122852e-05
rate	9.895232367223529e-05
rate	0.00010861211314345445
rate	0.00011896083743722703
rate	0.0001308618951815441
rate	0.00014489828092526785
rate	0.00016113757737285309
rate	0.0001784145596434566
rate	0.0001967895546646901
rate	0.00021757323064195143
rate	0.0002420518678717453
rate	0.0002736290068125285
rate	0.0003057399019814608
rate	0.0003411144131362758
rate	0.00037996994030519126
rate	0.000422504295987317
rate	0.0004688988447516625
rate	0.0005193082666319058
rate	0.0005738486108989671
rate	0.000632590014122122
rate	0.0006955510575097387
rate	0.0007626877432548311
rate	0.0008338835706906278
rate	0.0009089524297906609
rate	0.0009876257320803857
rate	0.0010695654072780281
rate	0.0011543504524177167
rate	0.001250188628594658
rate	0.001351768347688735
rate	0.0014616015727700088
rate	0.0015803589136973001
rate	0.0017087654683958864
rate	0.0018476052500954146
rate	0.0019977259742875735
rate	0.002160044234631363
rate	0.0023355510994084653
rate	0.0025253181626991163
rate	1.6369165455925597e-05
rate	1.1830070879741386e-06
rate	6.818097348312087e-07
rate	5.28456199580282e-07
rate	4.326146018204462e-07
rate	3.805877108700887e-07
rate	3.3951454794144676e-07
rate	3.0665646124120374e-07
rate	2.76536894848672e-07
rate	2.518938597113253e-07
rate	2.3820338047765515e-07
rate	2.4915575838784316e-07
rate	2.984420011820325e-07
rate	3.942789021094278e-07
rate	5.20241074022403e-07
rate	6.571630516327107e-07
rate	7.858759545015783e-07
rate	8.954236171337067e-07
rate	9.803260706319356e-07
rate	1.046058810640131e-06
rate	1.1172710599479747e-06
rate	1.1912242024546005e-06
rate	1.2624402277035834e-06
rate	1.317223046155294e-06
rate	1.3665285200073923e-06
rate	1.4158348818087946e-06
rate	1.470620769716246e-06
rate	1.5226683786916036e-06
rate	1.577456404458712e-06
rate	1.6404639895217409e-06
rate	1.7171708328614983e-06
rate	1.8185367436922722e-06
rate	1.9336052987289103e-06
rate	2.065118140911445e-06
rate	2.2103375764328073e-06
rate	2.36926578611436e-06
rate	2.552866754391059e-06
rate	2.772107919891451e-06
rate	3.0379613840507157e-06
rate	3.3531819296851297e-06
rate	3.693112578540099e-06
rate	4.068730199325213e-06
rate	4.499245885065509e-06
rate	4.987428370348279e-06
rate	5.5058747362299575e-06
rate	6.029907064202708e-06
rate	6.556784126689751e-06
rate	7.09748735489768e-06
rate	7.660261474779653e-06
rate	8.258850653136878e-06
rate	8.915252516831925e-06
rate	9.60478126184196e-06
rate	1.0297231874700574e-05
rate	1.0984359944860401e-05
rate	1.1690907408451545e-05
rate	1.243889171417582e-05
rate	1.3294374245750799e-05
rate	1.4329012453424666e-05
rate	1.5595325242658478e-05
rate	1.7085369060796656e-05
rate	1.8774698746076614e-05
rate	2.0602994538903814e-05
rate	2.2523605961502412e-05
rate	2.450633924763992e-05
rate	2.6614913427038705e-05
rate	2.9037770806911283e-05
rate	3.185330084170074e-05
rate	3.4932379518059385e-05
rate	3.821203731472912e-05
rate	4.180140845613137e-05
rate	4.572397892627547e-05
rate	5.0368775847932506e-05
rate	5.571991241045282e-05
rate	6.169191319731493e-05
rate	6.809515026740672e-05
rate	7.492699742002843e-05
rate	8.263361079547914e-05
rate	9.136388266074381e-05
rate	0.00010163044518395979
rate	0.00011326220153573917
rate	0.00012594389455382131
rate	0.00013974756864678487
rate	0.0001558432196249501
rate	0.0001754005017129493
rate	0.00019703668417778554
rate	0.00022319338455750525
rate	0.00025217390011349547
rate	0.00028450651310581984
rate	0.00032046455750215584
rate	0.00036032802593644774
rate	0.0004043548013834181
rate	0.00045278436025696073
rate	0.000505821509228914
rate	0.0005636274880258892
rate	0.0006263053608794384
rate	0.0006938890561263709
rate	0.0007663256074849555
rate	0.0008434678573771778
rate	0.0009250799033960742
rate	0.0010108031803841948
rate	0.0011086639213814275
rate	0.0012138423280533203
rate	0.0013289989589793708
rate	0.001455080443438504
rate	0.0015931232169686424
rate	0.0017442620412427962
rate	0.0019097393322216399
rate	0.002090915373263397
rate	0.0022892794971464793
rate	0.002506462328925181
rate	1.920201904317703e-05
rate	1.2788749581412128e-06
rate	8.73513733944241e-07
rate	6.681171056623399e-07
rate	4.983341930453457e-07
rate	4.682125179109734e-07
rate	4.2166148998644613e-07
rate	3.778494808380182e-07
rate	3.2582363055920615e-07
rate	2.628462923885509e-07
rate	2.2177489576223272e-07
rate	2.3820338047765515e-07
rate	3.586819472948105e-07
rate	6.078703508492233e-07
rate	9.447214953907116e-07
rate	1.2898314999078554e-06
rate	1.6185481432960409e-06
rate	1.9527838614290925e-06
rate	2.3007611162012415e-06
rate	2.6542636112388323e-06
rate	3.043443170407692e-06
rate	3.4134891263923132e-06
rate	3.6821464149353326e-06
rate	3.797293323542042e-06
rate	3.797293323542042e-06
rate	3.7589104825839973e-06
rate	3.742460858325377e-06
rate	3.734236083258463e-06
rate	3.7589104825839973e-06
rate	3.811001611435561e-06
rate	3.876802348764432e-06
rate	3.950830068619313e-06
rate	4.063246359733139e-06
rate	4.164699170263502e-06
rate	4.3100300161689906e-06
rate	4.493761183095153e-06
rate	4.715900401931761e-06
rate	4.981942690321888e-06
rate	5.294643995341311e-06
rate	5.667737890758088e-06
rate	6.093017200375669e-06
rate	6.5897173099091245e-06
rate	7.185327403419911e-06
rate	7.874420548942007e-06
rate	8.632348734856071e-06
rate	9.393234057385283e-06
rate	1.0184559329464487e-05
rate	1.108881851159798e-05
rate	1.2161123689266585e-05
rate	1.3379662076371668e-05
rate	1.47033396030218e-05
rate	1.6055196794875797e-05
rate	1.7427009083101737e-05
rate	1.87967523549513e-05
rate	2.019476231385117e-05
rate	2.1701110265421615e-05
rate	2.334082623481006e-05
rate	2.5056125404274257e-05
rate	2.6819501136628633e-05
rate	2.8642112235327973e-05
rate	3.0562836225314765e-05
rate	3.264560404276965e-05
rate	3.4935152526433266e-05
rate	3.7531920767363095e-05
rate	4.0509026118183985e-05
rate	4.397064647916507e-05
rate	4.7896328319184485e-05
rate	5.208993584262815e-05
rate	5.64520753896862e-05
rate	6.097234531342393e-05
rate	6.598805463498148e-05
rate	7.17436131331247e-05
rate	7.830565625062104e-05
rate	8.616589024642458e-05
rate	9.485359738880494e-05
rate	0.00010395853402342219
rate	0.00011419830574691549
rate	0.00012616464215471594
rate	0.0001397907873835101
rate	0.0001546117553242808
rate	0.0001710925419428306
rate	0.0001889870361236739
rate	0.00020964335860467671
rate	0.0002326734538126127
rate	0.0002629120816796623
rate	0.00029361337460874655
rate	0.0003274385483041093
rate	0.0003646067073387809
rate	0.00040531021902162325
rate	0.00044973994855131854
rate	0.0004980502130866777
rate	0.0005503764009195996
rate	0.0006068061282244552
rate	0.0006673739447467777
rate	0.000732072194891221
rate	0.000800811249776854
rate	0.0008734518032444778
rate	0.0009497604857918576
rate	0.0010294451866165334
rate	0.0011121310949040745
rate	0.0012054994222529508
rate	0.001304640800798741
rate	0.001411935657279502
rate	0.001528054541201517
rate	0.0016537231486777
rate	0.0017897268577351316
rate	0.0019369156366104273
rate	0.00209620935570784
rate	0.002268603536417659
rate	0.002455175572722715
rate	1.5721988740819e-05
rate	1.067970074685248e-06
rate	6.982409802277549e-07
rate	5.28456199580282e-07
rate	4.189232188746194e-07
rate	3.8332594364077125e-07
rate	3.367763589878999e-07
rate	3.0391830514958843e-07
rate	2.792750235559468e-07
rate	2.5737007057335895e-07
rate	2.464176598030141e-07
rate	2.6010818011161743e-07
rate	3.093946200712832e-07
rate	3.9701714857294883e-07
rate	5.120259731145471e-07
rate	6.379935625385937e-07
rate	7.584897237127671e-07
rate	8.652975729517912e-07
rate	9.501990922133318e-07
rate	1.0214088481948519e-06
rate	1.0953594013407018e-06
rate	1.1775290253550301e-06
rate	1.2542228994796258e-06
rate	1.3227013882906268e-06
rate	1.3857031107491866e-06
rate	1.448706282997629e-06
rate	1.5144502693886602e-06
rate	1.5801958345273573e-06
rate	1.645942978489241e-06
rate	1.7171708328614983e-06
rate	1.8020987734712497e-06
rate	1.9062075850602034e-06
rate	2.0212798249326312e-06
rate	2.141836882949818e-06
rate	2.276099854633049e-06
rate	2.42681103351048e-06
rate	2.6076753998793306e-06
rate	2.8132175930109146e-06
rate	3.0571476843197114e-06
rate	3.3476995231274867e-06
rate	3.660214219496249e-06
rate	4.013892297676057e-06
rate	4.43891476769352e-06
rate	4.927086494575449e-06
rate	5.45100804196359e-06
rate	5.972286036430677e-06
rate	6.496407652986608e-06
rate	7.048078566052847e-06
rate	7.64927940970541e-06
rate	8.302788959416942e-06
rate	9.019632168215522e-06
rate	9.755896416109514e-06
rate	1.047586858382635e-05
rate	1.1152045369774423e-05
rate	1.1822889790767691e-05
rate	1.2529653711867817e-05
rate	1.3341144662580968e-05
rate	1.4318003606110828e-05
rate	1.5507214960826306e-05
rate	1.6884262207914526e-05
rate	1.8419108828090163e-05
rate	2.0065133732660354e-05
rate	2.1814257766757014e-05
rate	2.3669439630482765e-05
rate	2.569998521314267e-05
rate	2.8058412736669354e-05
rate	3.078156316508559e-05
rate	3.374856151423133e-05
rate	3.6915797765031066e-05
rate	4.0295077582340244e-05
rate	4.41487115605626e-05
rate	4.8662631893895264e-05
rate	5.359160398966217e-05
rate	5.92204144921369e-05
rate	6.562627991419612e-05
rate	7.226642398229055e-05
rate	7.956809184456851e-05
rate	8.802845363837711e-05
rate	9.799020292515364e-05
rate	0.00010917620316337096
rate	0.00012093741959582535
rate	0.00013387041694135255
rate	0.00014986782968336846
rate	0.00016843007317917562
rate	0.0001890193049588489
rate	0.00021476155155808103
rate	0.0002416660657424939
rate	0.00027159049762722355
rate	0.00030477881761990756
rate	0.00034148347200216745
rate	0.00038194284868991004
rate	0.00042638221112310776
rate	0.0004749980645070336
rate	0.000527960179467495
rate	0.0005853961370636696
rate	0.0006473695095905517
rate	0.0007138857585541317
rate	0.0007848795184875102
rate	0.0008601950031214146
rate	0.0009395929521100004
rate	0.0010298025611785032
rate	0.0011268853972805407
rate	0.00123312054803096
rate	0.0013493708318926966
rate	0.001476580408030855
rate	0.001615782444565207
rate	0.0017681075097337748
rate	0.001934792754118705
rate	0.0021171919585104264
rate	0.0023167865290166377
rate	1.8314370215804764e-05
rate	1.229571062787534e-06
rate	8.817299195933801e-07
rate	6.763326749459337e-07
rate	4.873808182893356e-07
rate	4.5452095694717225e-07
rate	4.024936497165393e-07
rate	3.532055337869349e-07
rate	2.984420011820325e-07
rate	2.3820338047765515e-07
rate	1.9713235352329553e-07
rate	2.1356069037156948e-07
rate	3.312999892966781e-07
rate	5.722706188736523e-07
rate	8.981623648607985e-07
rate	1.2350492295366907e-06
rate	1.5582804707267037e-06
rate	1.8897690884590486e-06
rate	2.237738333719149e-06
rate	2.5884922491509184e-06
rate	2.969439980649867e-06
rate	3.331252369324294e-06
rate	3.5916772411233506e-06
rate	3.709561906304615e-06
rate	3.7205281797199204e-06
rate	3.693112578540099e-06
rate	3.6821464149353326e-06
rate	3.6848879517187495e-06
rate	3.723269754937064e-06
rate	3.7918100276030467e-06
rate	3.8740606198016035e-06
rate	3.956313683049055e-06
rate	4.0413111112033675e-06
rate	4.126311178211164e-06
rate	4.225024245272897e-06
rate	4.362131631932993e-06
rate	4.545866295435013e-06
rate	4.7625245016947936e-06
rate	5.0148569353508345e-06
rate	5.319332461640451e-06
rate	5.656763815169369e-06
rate	6.076553546341005e-06
rate	6.636373330942362e-06
rate	7.358270735254372e-06
rate	8.190198461205145e-06
rate	9.058088832401044e-06
rate	9.939993419205903e-06
rate	1.0885402873626881e-05
rate	1.1913631369449771e-05
rate	1.3024772126232137e-05
rate	1.419690920714905e-05
rate	1.542186082927235e-05
rate	1.673275310310779e-05
rate	1.8160025879637093e-05
rate	1.97121338180399e-05
rate	2.141688229198418e-05
rate	2.3235899172670024e-05
rate	2.508651881406018e-05
rate	2.689415181043817e-05
rate	2.866424547073873e-05
rate	3.0490853965548718e-05
rate	3.2473826540277294e-05
rate	3.465232013850252e-05
rate	3.71683359208438e-05
rate	4.010614991912244e-05
rate	4.355613357268852e-05
rate	4.7486792177869315e-05
rate	5.16797719749612e-05
rate	5.600213525385483e-05
rate	6.0672814435760685e-05
rate	6.573845300890696e-05
rate	7.137826696446419e-05
rate	7.797041962111935e-05
rate	8.5510478935246e-05
rate	9.418193488958315e-05
rate	0.00010347797260890471
rate	0.00011330500419638976
rate	0.00012513559422196917
rate	0.00013820654630679197
rate	0.00015299286051340022
rate	0.00016972602831541962
rate	0.0001886262377765102
rate	0.00020886020232753271
rate	0.00023039714775634118
rate	0.0002605472699776795
rate	0.00029174876450197197
rate	0.00032621072535034116
rate	0.00036416258867941935
rate	0.00040581504268157113
rate	0.0004513731144120643
rate	0.0005010009049704076
rate	0.0005548388361037485
rate	0.0006129742066108638
rate	0.000675452564919694
rate	0.000742239385836474
rate	0.0008132485860174089
rate	0.0008882989183143308
rate	0.0009671402206700509
rate	0.0010494318078389756
rate	0.0011347626258549498
rate	0.0012313858093352139
rate	0.0013340070802289783
rate	0.0014451806059562924
rate	0.001565619114610474
rate	0.001696094731642015
rate	0.0018374439299174857
rate	0.0019905728923065857
rate	0.0021564633211766894
rate	0.002336178732039198
rate	0.0025308712716960212
rate	1.5245654265175058e-05
rate	1.1145320930320493e-06
rate	6.188242076613993e-07
rate	4.709508383198306e-07
rate	3.723730289899955e-07
rate	3.367763589878999e-07
rate	2.9570385330577686e-07
rate	2.6558440740386094e-07
rate	2.464176598030141e-07
rate	2.3546529284616794e-07
rate	2.3820338047765515e-07
rate	2.5737007057335895e-07
rate	3.0391830514958843e-07
rate	3.778494808380182e-07
rate	4.709508383198306e-07
rate	5.722706188736523e-07
rate	6.735941491121045e-07
rate	7.721828048647278e-07
rate	8.680362905431199e-07
rate	9.611543187359423e-07
rate	1.0597533301186493e-06
rate	1.161094903261886e-06
rate	1.2487446943657693e-06
rate	1.3117447149822114e-06
rate	1.3583108793698406e-06
rate	1.4048778357815368e-06
rate	1.459663504430764e-06
rate	1.5199290061829638e-06
rate	1.585674702887389e-06
rate	1.6651195262225959e-06
rate	1.7555250604621598e-06
rate	1.8596321010324437e-06
rate	1.9774422108792786e-06
rate	2.1034772432086555e-06
rate	2.2432185180843836e-06
rate	2.410369410834647e-06
rate	2.5994540331088804e-06
rate	2.7967736496902476e-06
rate	2.9995891868687543e-06
rate	3.224348277867117e-06
rate	3.46831500343841e-06
rate	3.7561688716774277e-06
rate	4.129053159793628e-06
rate	4.5924874996755775e-06
rate	5.1163450152018e-06
rate	5.645789783567651e-06
rate	6.17533695560796e-06
rate	6.74889994696348e-06
rate	7.380232574976743e-06
rate	8.063882925727599e-06
rate	8.808130170257163e-06
rate	9.569064353154308e-06
rate	1.030272821503264e-05
rate	1.0998104265416488e-05
rate	1.1690907408451545e-05
rate	1.2422389856035433e-05
rate	1.3264111460606162e-05
rate	1.424919931329109e-05
rate	1.5413600893240225e-05
rate	1.672999846971664e-05
rate	1.8165538027533102e-05
rate	1.9698345682490025e-05
rate	2.1364455112502793e-05
rate	2.321657094193091e-05
rate	2.5326914943017394e-05
rate	2.7820542472030927e-05
rate	3.069296280547524e-05
rate	3.3745789707424836e-05
rate	3.686862288952768e-05
rate	4.018116375425693e-05
rate	4.391500351616358e-05
rate	4.824462153735327e-05
rate	5.303047545747178e-05
rate	5.849310486208428e-05
rate	6.454965197829147e-05
rate	7.133611477433713e-05
rate	7.879590808138444e-05
rate	8.74800104933299e-05
rate	9.74284126625839e-05
rate	0.0001082446624652761
rate	0.00012020211309707053
rate	0.00013372379341541768
rate	0.00014922012152956705
rate	0.00016746069213976255
rate	0.00018976159315742
rate	0.0002151080409131329
rate	0.00024253644058649414
rate	0.00027309352433824917
rate	0.00030704433308156523
rate	0.000344645770955613
rate	0.0003861514334230665
rate	0.0004317910454027562
rate	0.0004817768027985746
rate	0.0005362798286395694
rate	0.0005954199474679276
rate	0.0006592598761569372
rate	0.0007277937073728769
rate	0.0008009322992347924
rate	0.0008784963033994253
rate	0.0009602108512570888
rate	0.001053251277036393
rate	0.001153393082091928
rate	0.0012630562438630214
rate	0.001383146040955892
rate	0.0015146538247266137
rate	0.001658665202969787
rate	0.001816369001702006
rate	0.0019890670790204293
rate	0.0021781850720506563
rate	0.0023852841657008763
rate	1.8060809115161264e-05
rate	1.218614762172605e-06
rate	8.242171378298389e-07
rate	6.571630516327107e-07
rate	5.010725435815295e-07
rate	4.6273588530900755e-07
rate	4.107084219715538e-07
rate	3.6689658809605136e-07
rate	3.148709459465525e-07
rate	2.6558440740386094e-07
rate	2.3272720795269848e-07
rate	2.518938597113253e-07
rate	3.614201581567499e-07
rate	5.832243332559409e-07
rate	8.844686536220115e-07
rate	1.2021803934586233e-06
rate	1.511710905102681e-06
rate	1.8486732787612122e-06
rate	2.2103375764328073e-06
rate	2.580270939984385e-06
rate	2.972180803859849e-06
rate	3.331252369324294e-06
rate	3.5889357976748043e-06
rate	3.7068203448142307e-06
rate	3.7205281797199204e-06
rate	3.7013372300686717e-06
rate	3.69585412630447e-06
rate	3.7068203448142307e-06
rate	3.7561688716774277e-06
rate	3.832935014830493e-06
rate	3.923412161214643e-06
rate	4.011150431425722e-06
rate	4.098891513422891e-06
rate	4.1866354073860735e-06
rate	4.282608511377748e-06
rate	4.4197187818724935e-06
rate	4.608942231893678e-06
rate	4.833833484192526e-06
rate	5.08891543344915e-06
rate	5.382426220311068e-06
rate	5.7088910659809825e-06
rate	6.103993024733418e-06
rate	6.6171619318751705e-06
rate	7.273170270255586e-06
rate	8.058391078121518e-06
rate	8.893278360448952e-06
rate	9.772382210259396e-06
rate	1.0758962931826042e-05
rate	1.1853136649498398e-05
rate	1.3033024858439626e-05
rate	1.4254703593086211e-05
rate	1.550446156020911e-05
rate	1.681263867708316e-05
rate	1.821239173272453e-05
rate	1.973143732446723e-05
rate	2.1381010955460335e-05
rate	2.313649829673559e-05
rate	2.4956658422125164e-05
rate	2.6761440908626707e-05
rate	2.8542514890161312e-05
rate	3.037734732409236e-05
rate	3.2326993025641664e-05
rate	3.4408331357685526e-05
rate	3.6754851533898814e-05
rate	3.948666978288096e-05
rate	4.2718953258072365e-05
rate	4.645347328609632e-05
rate	5.065044759640265e-05
rate	5.503263985490188e-05
rate	5.961492091492802e-05
rate	6.481596583229416e-05
rate	7.065333969451015e-05
rate	7.717334105459302e-05
rate	8.438082776149832e-05
rate	9.245110888906805e-05
rate	0.00010136052633734599
rate	0.00011115998786314354
rate	0.00012239431015600261
rate	0.0001356391427108962
rate	0.0001509727570081009
rate	0.00016813893170098193
rate	0.0001864917538529787
rate	0.00020740383190154073
rate	0.0002304924524531913
rate	0.00025627470385827984
rate	0.0002873968579510544
rate	0.00032182529387693974
rate	0.00035979405090645557
rate	0.0004015317611497164
rate	0.00044724044536055123
rate	0.0004971045618360056
rate	0.0005512669668635986
rate	0.0006098251425176539
rate	0.0006728188843916848
rate	0.0007402330623600247
rate	0.0008119628978554146
rate	0.000887836920075332
rate	0.0009675924068350116
rate	0.00105087822719003
rate	0.0011372625583027113
rate	0.0012352225187391896
rate	0.0013393285363761931
rate	0.0014522087325468736
rate	0.0015746026054155862
rate	0.0017073119789282924
rate	0.0018512062557032977
rate	0.0020072281126418292
rate	0.0021763996765714385
rate	0.0023598292203799377
rate	0.002558718423507445
rate	1.5143790018365338e-05
rate	1.046058810640131e-06
rate	6.160857393498879e-07
rate	4.791658159800933e-07
rate	4.1344668486733074e-07
rate	3.614201581567499e-07
rate	3.2034728277604817e-07
rate	2.902275657688909e-07
rate	2.628462923885509e-07
rate	2.4094147084777365e-07
rate	2.2998912579754532e-07
rate	2.3820338047765515e-07
rate	2.792750235559468e-07
rate	3.532055337869349e-07
rate	4.5452095694717225e-07
rate	5.667937781163512e-07
rate	6.763326749459337e-07
rate	7.831373190953233e-07
rate	8.762524597543484e-07
rate	9.611543187359423e-07
rate	1.0515366102117905e-06
rate	1.139182893920767e-06
rate	1.218614762172605e-06
rate	1.2788749581412128e-06
rate	1.3309189220470665e-06
rate	1.382963875278445e-06
rate	1.4404883957007454e-06
rate	1.5144502693886602e-06
rate	1.6075902859695216e-06
rate	1.7171708328614983e-06
rate	1.843193884075074e-06
rate	1.974702383306474e-06
rate	2.0979973385476614e-06
rate	2.204857457882833e-06
rate	2.3062414267168086e-06
rate	2.4322915963438323e-06
rate	2.593973135643964e-06
rate	2.785811075678776e-06
rate	3.0105526169000522e-06
rate	3.2654647421267506e-06
rate	3.536848893699129e-06
rate	3.841160086404567e-06
rate	4.205829759045586e-06
rate	4.644594490966454e-06
rate	5.149260876055191e-06
rate	5.673224945047837e-06
rate	6.2164977614175164e-06
rate	6.814771331663634e-06
rate	7.470827026030889e-06
rate	8.162738066436519e-06
rate	8.898771883010564e-06
rate	9.637751129584013e-06
rate	1.0357692225239615e-05
rate	1.1053082237631053e-05
rate	1.1767896358256787e-05
rate	1.2524152899083335e-05
rate	1.3379662076371668e-05
rate	1.4367543767624357e-05
rate	1.550446156020911e-05
rate	1.6760299589452952e-05
rate	1.8099392985214324e-05
rate	1.9519106238974277e-05
rate	2.1066467057403323e-05
rate	2.2827274204060147e-05
rate	2.4890349108228187e-05
rate	2.7386344237965344e-05
rate	3.0285991737938302e-05
rate	3.3396564500177854e-05
rate	3.65189991490227e-05
rate	3.976444623162094e-05
rate	4.337532545317388e-05
rate	4.750350673962541e-05
rate	5.222946136820758e-05
rate	5.75982197015034e-05
rate	6.369481938924487e-05
rate	7.040331240527997e-05
rate	7.800704011293428e-05
rate	8.685254536878326e-05
rate	9.693481333498105e-05
rate	0.00010832156666608459
rate	0.00012064556225232794
rate	0.00013410043044960606
rate	0.000149616246262961
rate	0.00016755674160758862
rate	0.00018945643846997166
rate	0.000214604609271419
rate	0.00024244071572176258
rate	0.0002735110101524083
rate	0.00030808281052665225
rate	0.0003464349094242037
rate	0.00038882926658589316
rate	0.00043550880545763064
rate	0.0004866879230633453
rate	0.0005425445432326525
rate	0.0006031999854850283
rate	0.0006687123190655787
rate	0.0007390636844675981
rate	0.0008141441353083975
rate	0.0008937541163726683
rate	0.0009775829206160665
rate	0.0010732288751517727
rate	0.0011761991743659535
rate	0.0012890488970337367
rate	0.0014127259184989881
rate	0.001548269057435588
rate	0.0016968168013505626
rate	0.0018596168692503441
rate	0.0020380366917913343
rate	0.0022335748969421745
rate	0.0024478738976310014
rate	1.7851363307996405e-05
rate	1.2131366283067453e-06
rate	8.296944935656948e-07
rate	6.133472737771558e-07
rate	5.476249217441333e-07
rate	4.5178265297065314e-07
rate	3.942789021094278e-07
rate	3.422527396335235e-07
rate	2.9296570816796346e-07
rate	2.464176598030141e-07
rate	2.2177489576223272e-07
rate	2.464176598030141e-07
rate	3.504673311406838e-07
rate	5.585785375230746e-07
rate	8.4064923791097e-07
rate	1.1364439050839983e-06
rate	1.4350098178729623e-06
rate	1.7692231291051103e-06
rate	2.133616914903423e-06
rate	2.5035399115452e-06
rate	2.8844758220384755e-06
rate	3.2270893562741514e-06
rate	3.47928031059644e-06
rate	3.6136088875355787e-06
rate	3.6629557343180194e-06
rate	3.687629491247092e-06
rate	3.723269754937064e-06
rate	3.7616520962356414e-06
rate	3.819226617117307e-06
rate	3.89051103476231e-06
rate	3.967280944858185e-06
rate	4.0467949068598756e-06
rate	4.126311178211164e-06
rate	4.2113138842363025e-06
rate	4.3127721817534445e-06
rate	4.4526262685394214e-06
rate	4.6418519930164665e-06
rate	4.864003228213282e-06
rate	5.1163450152018e-06
rate	5.3988857008322635e-06
rate	5.719865350512786e-06
rate	6.103993024733418e-06
rate	6.573250668781071e-06
rate	7.15238705496268e-06
rate	7.846963321198641e-06
rate	8.599390972119538e-06
rate	9.428948672319766e-06
rate	1.040441250150765e-05
rate	1.1536936003374194e-05
rate	1.2771700416601429e-05
rate	1.4040044880576173e-05
rate	1.5322743241551078e-05
rate	1.6674906383906203e-05
rate	1.8129709264577604e-05
rate	1.9709376185374766e-05
rate	2.141412294171938e-05
rate	2.3200003995614035e-05
rate	2.5028495324526727e-05
rate	2.6866503175402444e-05
rate	2.873064625056443e-05
rate	3.0715112626577064e-05
rate	3.2856184717497366e-05
rate	3.5104311348551095e-05
rate	3.747085734322146e-05
rate	4.0003356520055126e-05
rate	4.2771790958261955e-05
rate	4.586874860669851e-05
rate	4.941799911857064e-05
rate	5.343246630530214e-05
rate	5.7911396236998475e-05
rate	6.324088566952608e-05
rate	6.938658272051357e-05
rate	7.620195128047826e-05
rate	8.344074855984268e-05
rate	9.098741796920744e-05
rate	9.934691931835306e-05
rate	0.00010920754490580448
rate	0.00012071423176947136
rate	0.000133634673148363
rate	0.00014884718055090189
rate	0.00016489479959065468
rate	0.0001823155615905245
rate	0.00020283591664054998
rate	0.00022677207682916776
rate	0.0002526302426046106
rate	0.0002815130122119952
rate	0.0003161128965003248
rate	0.00035437276626107785
rate	0.00039653988951530994
rate	0.0004428307618490467
rate	0.0004934465237892222
rate	0.0005485459589902529
rate	0.0006082314539947526
rate	0.0006725563556692829
rate	0.0007414926751029274
rate	0.000814944112182223
rate	0.0008927107606353219
rate	0.0009745092406792746
rate	0.0010599639277979796
rate	0.0011486009797036408
rate	0.0012493951815266387
rate	0.0013566008193002426
rate	0.0014730053470170604
rate	0.001599398084883983
rate	0.0017366360815395754
rate	0.0018856499255617799
rate	0.0020474500556379874
rate	0.0022231336121857773
rate	0.002413891876883975
rate	0.0026210183505603513
rate	1.4912544715320727e-05
rate	1.024147721951411e-06
rate	6.407320527629683e-07
rate	4.983341930453457e-07
rate	3.8332594364077125e-07
rate	3.4772913123298454e-07
rate	3.011801517967359e-07
rate	2.6558440740386094e-07
rate	2.436795639562248e-07
rate	2.2998912579754532e-07
rate	2.2725104638100694e-07
rate	2.436795639562248e-07
rate	2.847512891854262e-07
rate	3.532055337869349e-07
rate	4.4356775747390473e-07
rate	5.448865246467013e-07
rate	6.462090414297284e-07
rate	7.502739078941745e-07
rate	8.516040260890709e-07
rate	9.474602924319965e-07
rate	1.0433199149642196e-06
rate	1.139182893920767e-06
rate	1.2213538332156618e-06
rate	1.2898314999078554e-06
rate	1.3528324659807895e-06
rate	1.4158348818087946e-06
rate	1.4870567498682344e-06
rate	1.5637592952307909e-06
rate	1.645942978489241e-06
rate	1.7308687096103863e-06
rate	1.8294954453361208e-06
rate	1.9363450851752456e-06
rate	2.040459001802226e-06
rate	2.147316875358297e-06
rate	2.262399249746121e-06
rate	2.40488889188437e-06
rate	2.580270939984385e-06
rate	2.7803298051334783e-06
rate	3.002330040260856e-06
rate	3.2407947894738226e-06
rate	3.495728353678294e-06
rate	3.783585104284921e-06
rate	4.126311178211164e-06
rate	4.540381500070179e-06
rate	5.025828438292778e-06
rate	5.541538677135881e-06
rate	6.090273251161328e-06
rate	6.699497448465051e-06
rate	7.366506404505481e-06
rate	8.066628853661829e-06
rate	8.788903526059309e-06
rate	9.516863555521884e-06
rate	1.0253261549266398e-05
rate	1.101184865497066e-05
rate	1.1814640705471443e-05
rate	1.2683680957152645e-05
rate	1.3616280935762153e-05
rate	1.4615258022184256e-05
rate	1.568343836017171e-05
rate	1.6831921751063076e-05
rate	1.8071833022548704e-05
rate	1.9439141657239746e-05
rate	2.0980939439482026e-05
rate	2.27472129434694e-05
rate	2.474668443727381e-05
rate	2.703516419246287e-05
rate	2.95773973861328e-05
rate	3.235469685963569e-05
rate	3.530121428802463e-05
rate	3.848968446554478e-05
rate	4.2260142419631886e-05
rate	4.6762592501588954e-05
rate	5.161002232851065e-05
rate	5.681823031622353e-05
rate	6.270298759017771e-05
rate	6.939500710575238e-05
rate	7.726345844439976e-05
rate	8.59568195968268e-05
rate	9.561614819856246e-05
rate	0.00010735330103349547
rate	0.00011954422410653439
rate	0.00013291319328479845
rate	0.00014793672414095997
rate	0.00016608435325565096
rate	0.00018732423918989814
rate	0.00021253854795824984
rate	0.00024002477139794168
rate	0.0002706927043552328
rate	0.0003048186010427644
rate	0.00034267162114550283
rate	0.0003845125924573873
rate	0.00043058281820970723
rate	0.00048110111063160766
rate	0.0005362465262735228
rate	0.0005961414734614526
rate	0.0006608591583254334
rate	0.0007303843069005105
rate	0.0008046213712250993
rate	0.0008833837726827162
rate	0.0009663802483897196
rate	0.0010610304959554162
rate	0.001162968137715156
rate	0.0012746993554815687
rate	0.0013971650591025056
rate	0.0015313965555740266
rate	0.0016785242338728846
rate	0.0018397870841772024
rate	0.0020165431316385685
rate	0.002210280872570262
rate	0.0024226318093579827
rate	1.7892700027167422e-05
rate	1.267918460221126e-06
rate	7.913532335320585e-07
rate	5.722706188736523e-07
rate	4.928575001895152e-07
rate	4.5178265297065314e-07
rate	4.052319043963156e-07
rate	3.614201581567499e-07
rate	3.148709459465525e-07
rate	2.710606456493285e-07
rate	2.464176598030141e-07
rate	2.6558440740386094e-07
rate	3.559437391714393e-07
rate	5.366713497883321e-07
rate	7.913532335320585e-07
rate	1.0570144207429646e-06
rate	1.3309189220470665e-06
rate	1.6569009893183248e-06
rate	2.026759576042821e-06
rate	2.410369410834647e-06
rate	2.8049956090049813e-06
rate	3.1558222095788783e-06
rate	3.410747861359808e-06
rate	3.5505558776183034e-06
rate	3.6053844995430638e-06
rate	3.6327992222635066e-06
rate	3.6766633496041698e-06
rate	3.731494497060057e-06
rate	3.8137432772504496e-06
rate	3.9151868425349374e-06
rate	4.027601670115587e-06
rate	4.1345371311966235e-06
rate	4.227766325718892e-06
rate	4.3045456932389206e-06
rate	4.386811690731016e-06
rate	4.493761183095153e-06
rate	4.652822001299068e-06
rate	4.861260510473746e-06
rate	5.119087988491629e-06
rate	5.42083182878604e-06
rate	5.769250175275404e-06
rate	6.17533695560796e-06
rate	6.647351333791821e-06
rate	7.2127779965491975e-06
rate	7.882657770960814e-06
rate	8.618616285500843e-06
rate	9.44268518673308e-06
rate	1.0418153910962711e-05
rate	1.1536936003374194e-05
rate	1.2746944657615567e-05
rate	1.3971247572630635e-05
rate	1.5212616796892476e-05
rate	1.6548198793461068e-05
rate	1.8033249540886854e-05
rate	1.9668012028702404e-05
rate	2.1422401000856543e-05
rate	2.3235899172670024e-05
rate	2.509480798437774e-05
rate	2.697156947399158e-05
rate	2.8899422147889354e-05
rate	3.099200051115852e-05
rate	3.326353804222834e-05
rate	3.5606303148195604e-05
rate	3.7970507195197785e-05
rate	4.039510338817583e-05
rate	4.2960902662181535e-05
rate	4.5838123612829103e-05
rate	4.917269097054858e-05
rate	5.315609125715536e-05
rate	5.784428396356834e-05
rate	6.321847113950858e-05
rate	6.93107644198287e-05
rate	7.594015734887005e-05
rate	8.314721638612269e-05
rate	9.096477512689494e-05
rate	9.902896729692732e-05
rate	0.00010894257602532186
rate	0.00012066559068358058
rate	0.00013366054647543236
rate	0.0001480118614612632
rate	0.00016446156981792282
rate	0.00018294480422492577
rate	0.0002028477102234537
rate	0.00022540425012879288
rate	0.00025191273830557013
rate	0.00028529338148630933
rate	0.0003195105982255068
rate	0.0003572567511542745
rate	0.00039875596795024235
rate	0.00044422150945408733
rate	0.0004938301422870383
rate	0.0005477331934754753
rate	0.0006060271270705139
rate	0.0006687647491301951
rate	0.0007359239017684151
rate	0.0008074107448089463
rate	0.0008830586778032517
rate	0.00096260689628286
rate	0.0010457107914449578
rate	0.0011319462007065408
rate	0.0012297391710267523
rate	0.0013337027744792964
rate	0.0014464555838850132
rate	0.0015687406491067572
rate	0.001701363838321303
rate	0.001845199148753883
rate	0.0020011944663884756
rate	0.0021703778126108517
rate	0.0023538641189501707
rate	0.0025528625745652633
rate	1.4752886737568261e-05
rate	1.03784213183251e-06
rate	5.996549869998559e-07
rate	4.4356775747390473e-07
rate	3.723730289899955e-07
rate	3.3951454794144676e-07
rate	3.011801517967359e-07
rate	2.73798768879801e-07
rate	2.5737007057335895e-07
rate	2.4915575838784316e-07
rate	2.5463196377316206e-07
rate	2.73798768879801e-07
rate	3.1213278163952825e-07
rate	3.6963480717372834e-07
rate	4.4356775747390473e-07
rate	5.28456199580282e-07
rate	6.160857393498879e-07
rate	7.146723242372158e-07
rate	8.187397930522862e-07
rate	9.25549992812331e-07
rate	1.0323643596602055e-06
rate	1.1364439050839983e-06
rate	1.2240929069993174e-06
rate	1.2898314999078554e-06
rate	1.347354063554274e-06
rate	1.4048778357815368e-06
rate	1.470620769716246e-06
rate	1.5445834574328942e-06
rate	1.6322455266288277e-06
rate	1.7281291287781836e-06
rate	1.8349748126069448e-06
rate	1.9473042583776e-06
rate	2.059638313026624e-06
rate	2.1747170019295867e-06
rate	2.303501270087794e-06
rate	2.4569542648599392e-06
rate	2.643301607832985e-06
rate	2.851587178182345e-06
rate	3.0735931915650253e-06
rate	3.3065818238740246e-06
rate	3.5587801009096625e-06
rate	3.8439017824204405e-06
rate	4.172925238588097e-06
rate	4.556835919128522e-06
rate	5.00662833699741e-06
rate	5.492157959581835e-06
rate	6.021675414559634e-06
rate	6.636373330942362e-06
rate	7.330818683335552e-06
rate	8.063882925727599e-06
rate	8.808130170257163e-06
rate	9.555327204650575e-06
rate	1.031372092879953e-05
rate	1.1099814382046627e-05
rate	1.1938379594695258e-05
rate	1.2843218311084382e-05
rate	1.3800637708470713e-05
rate	1.4799682076864526e-05
rate	1.5832135676612235e-05
rate	1.6933848826897228e-05
rate	1.8124197188815225e-05
rate	1.9461200618926418e-05
rate	2.0991975111018433e-05
rate	2.2761016442061276e-05
rate	2.47604980203642e-05
rate	2.6999219170082267e-05
rate	2.9461161135504277e-05
rate	3.2152465317377044e-05
rate	3.514036294039994e-05
rate	3.848413124658723e-05
rate	4.228238602013235e-05
rate	4.6642839474906674e-05
rate	5.1543064339627916e-05
rate	5.667288051478241e-05
rate	6.245648628423541e-05
rate	6.884186083899559e-05
rate	7.638494039711695e-05
rate	8.532405438016707e-05
rate	9.54148595092303e-05
rate	0.00010682090086273829
rate	0.0001190580599166045
rate	0.00013199078086360678
rate	0.00014782402202672938
rate	0.00016609889867477446
rate	0.0001877728309487314
rate	0.00021098263154696804
rate	0.00023862939888490213
rate	0.0002695232940822978
rate	0.00030394655855984576
rate	0.0003421814083641248
rate	0.0003844936884776195
rate	0.0004311371904847749
rate	0.00048233837437387117
rate	0.0005382787122619554
rate	0.0005990908154960343
rate	0.0006648387682079761
rate	0.0007355084012995022
rate	0.0008109907438486722
rate	0.0008910877102606402
rate	0.0009754825903366101
rate	0.0010718802802534954
rate	0.0011757411480552676
rate	0.0012896657142562546
rate	0.001414629110565
rate	0.0015517009550122
rate	0.0017020545072935175
rate	0.0018669767112280964
rate	0.0020478792102907625
rate	0.0022463104305047448
rate	0.0024639688341178976
rate	1.7371902970131528e-05
rate	1.0789257724673327e-06
rate	7.612283344644618e-07
rate	5.695321971255067e-07
rate	5.065492528701582e-07
rate	4.4356775747390473e-07
rate	3.942789021094278e-07
rate	3.532055337869349e-07
rate	3.093946200712832e-07
rate	2.73798768879801e-07
rate	2.5737007057335895e-07
rate	2.847512891854262e-07
rate	3.805877108700887e-07
rate	5.613169483152927e-07
rate	8.132624592323843e-07
rate	1.0816647037629399e-06
rate	1.3583108793698406e-06
rate	1.6842962082736163e-06
rate	2.056898403197176e-06
rate	2.440512461164425e-06
rate	2.8269209545574053e-06
rate	3.1750093358131882e-06
rate	3.42993677422747e-06
rate	3.575228621606316e-06
rate	3.6465066865653065e-06
rate	3.6903710335209745e-06
rate	3.7479440554302427e-06
rate	3.816484945811131e-06
rate	3.904219789401562e-06
rate	4.008408567921273e-06
rate	4.118085249940746e-06
rate	4.225024245272897e-06
rate	4.329225232938173e-06
rate	4.430687900147061e-06
rate	4.540381500070179e-06
rate	4.6857322898768184e-06
rate	4.869488671935757e-06
rate	5.07794367769367e-06
rate	5.305616619545074e-06
rate	5.557999114244037e-06
rate	5.859791334327789e-06
rate	6.227474080811093e-06
rate	6.661073899255262e-06
rate	7.179837317821523e-06
rate	7.797541005161068e-06
rate	8.481295580156292e-06
rate	9.264115874868341e-06
rate	1.021478809378332e-05
rate	1.1336236279023122e-05
rate	1.2565409264364944e-05
rate	1.380338939611896e-05
rate	1.5058447215872247e-05
rate	1.6421497066765184e-05
rate	1.7950572482534203e-05
rate	1.964319383466691e-05
rate	2.1455513487699938e-05
rate	2.3313213460158487e-05
rate	2.5219148550810633e-05
rate	2.7151297490121667e-05
rate	2.914292046355643e-05
rate	3.131599488800341e-05
rate	3.366540853070469e-05
rate	3.604735532309081e-05
rate	3.8367516250307186e-05
rate	4.066741437549442e-05
rate	4.303599475599021e-05
rate	4.570727522496273e-05
rate	4.8821492564773487e-05
rate	5.261458871763667e-05
rate	5.730185347305004e-05
rate	6.28570621773637e-05
rate	6.903558970859347e-05
rate	7.575719795668769e-05
rate	8.284242781898078e-05
rate	9.033368124878589e-05
rate	9.843006868816452e-05
rate	0.00010791713172838185
rate	0.0001190780767379906
rate	0.00013140186384571063
rate	0.00014585104181819505
rate	0.0001621308655785804
rate	0.0001797824941898354
rate	0.00019952982070539112
rate	0.00022289042113023694
rate	0.00024798630800393226
rate	0.0002776439221039757
rate	0.0003115165716068755
rate	0.00034895597517336873
rate	0.00039020231668220447
rate	0.00043547349667813045
rate	0.000484968192131345
rate	0.0005388453280442978
rate	0.0005972173086764628
rate	0.0006601447665289363
rate	0.0007276151356599624
rate	0.0007995460530695511
rate	0.0008757693094427969
rate	0.0009560228115420898
rate	0.001039960597227868
rate	0.0011271401225562282
rate	0.0012261710898624917
rate	0.0013315740455482586
rate	0.0014460375500914787
rate	0.0015703404577952803
rate	0.0017053285740973234
rate	0.001851920410759703
rate	0.0020111134357809995
rate	0.00218399086055738
rate	0.0023717290104751576
rate	0.0025756053290872656
rate	1.4584980633232403e-05
rate	9.447214953907116e-07
rate	5.969165378618122e-07
rate	4.326146018204462e-07
rate	3.559437391714393e-07
rate	3.312999892966781e-07
rate	2.9296570816796346e-07
rate	2.6558440740386094e-07
rate	2.436795639562248e-07
rate	2.2998912579754532e-07
rate	2.2725104638100694e-07
rate	2.4094147084777365e-07
rate	2.792750235559468e-07
rate	3.422527396335235e-07
rate	4.2987631975380964e-07
rate	5.257178216553203e-07
rate	6.270396290313997e-07
rate	7.338423502193383e-07
rate	8.351718602592891e-07
rate	9.33766334622014e-07
rate	1.0323643596602055e-06
rate	1.1282269550135056e-06
rate	1.2131366283067453e-06
rate	1.2870923603554849e-06
rate	1.3583108793698406e-06
rate	1.432270533070461e-06
rate	1.511710905102681e-06
rate	1.593893025985282e-06
rate	1.6788171425528402e-06
rate	1.7637438934236721e-06
rate	1.8568923913522147e-06
rate	1.961003286569994e-06
rate	2.0733379033032662e-06
rate	2.204857457882833e-06
rate	2.3555647150047493e-06
rate	2.533683987681919e-06
rate	2.7392206258276093e-06
rate	2.9612175274829793e-06
rate	3.191455551037986e-06
rate	3.42993677422747e-06
rate	3.69585412630447e-06
rate	3.994699291587407e-06
rate	4.3127721817534445e-06
rate	4.663792053536426e-06
rate	5.061486126501258e-06
rate	5.486671268164501e-06
rate	5.972286036430677e-06
rate	6.567761810413139e-06
rate	7.273170270255586e-06
rate	8.04191560139885e-06
rate	8.816370201960377e-06
rate	9.582801570584746e-06
rate	1.037692988950164e-05
rate	1.1218022778564474e-05
rate	1.2125373416199795e-05
rate	1.3101798594264499e-05
rate	1.4122603932130765e-05
rate	1.5157555235652717e-05
rate	1.6201160202703963e-05
rate	1.7280980308537028e-05
rate	1.8452185011805093e-05
rate	1.9764529366418755e-05
rate	2.1237530309045392e-05
rate	2.289629441127532e-05
rate	2.473839632087328e-05
rate	2.6753146690850083e-05
rate	2.8979663518614514e-05
rate	3.1498777862629854e-05
rate	3.4377834288868235e-05
rate	3.776230867529365e-05
rate	4.176526904646898e-05
rate	4.626412019408233e-05
rate	5.106882545984862e-05
rate	5.629836081649539e-05
rate	6.194674716981061e-05
rate	6.813444574695078e-05
rate	7.535191607508563e-05
rate	8.364398157851713e-05
rate	9.354443305408418e-05
rate	0.00010535804531085726
rate	0.0001178373104691511
rate	0.00013152538228269913
rate	0.00014636798115556237
rate	0.0001641272447127479
rate	0.00018498864521358064
rate	0.0002066656032712372
rate	0.00023355588235247096
rate	0.0002635902707542338
rate	0.0002970442829659514
rate	0.000334189061600164
rate	0.0003752935054806775
rate	0.0004206073020323555
rate	0.00047035491673577575
rate	0.0005247282593601512
rate	0.0005838640417932891
rate	0.000647844689099377
rate	0.0007166730846153242
rate	0.0007902748036123429
rate	0.000868472977898816
rate	0.0009509963058355728
rate	0.0010451519315238774
rate	0.0011466798529516434
rate	0.00125807037762257
rate	0.0013802815763940533
rate	0.0015143645888341694
rate	0.0016614726640821133
rate	0.0018228710799539159
rate	0.001999948025607803
rate	0.002194226541371026
rate	0.0024073776184227813
rate	1.7543170427122733e-05
rate	1.2390651009900927e-06
rate	7.58229926235138e-07
rate	6.145798796924655e-07
rate	4.505960466044108e-07
rate	4.487427784524975e-07
rate	4.0287079679348435e-07
rate	3.607783976380747e-07
rate	3.163463744574397e-07
rate	2.744365403421782e-07
rate	2.5157947120089125e-07
rate	2.7449921647494793e-07
rate	3.7414576221389893e-07
rate	5.686622416230772e-07
rate	8.393013486466213e-07
rate	1.1257505199914077e-06
rate	1.4220358571211033e-06
rate	1.7704641817191852e-06
rate	2.167198767292089e-06
rate	2.578580445993659e-06
rate	2.9986835253224583e-06
rate	3.377413033683347e-06
rate	3.660292535171565e-06
rate	3.8254087373164825e-06
rate	3.9065553154762525e-06
rate	3.959673289425927e-06
rate	4.026294287318398e-06
rate	4.102296750041691e-06
rate	4.202837222091351e-06
rate	4.322339194536596e-06
rate	4.447662081034762e-06
rate	4.5673126606159014e-06
rate	4.6840429644153654e-06
rate	4.796303758777524e-06
rate	4.912793175716304e-06
rate	5.057279698389175e-06
rate	5.233143474789632e-06
rate	5.423260679065739e-06
rate	5.624390622013933e-06
rate	5.850039693248055e-06
rate	6.134526361308921e-06
rate	6.4885403525722195e-06
rate	6.8953875015410986e-06
rate	7.35756942245903e-06
rate	7.892327757314146e-06
rate	8.47123293449627e-06
rate	9.15648815941472e-06
rate	1.0044344815470035e-05
rate	1.1164628889787245e-05
rate	1.2450739167130847e-05
rate	1.3782781099731702e-05
rate	1.5126577146301696e-05
rate	1.6552242367685e-05
rate	1.808377861294813e-05
rate	1.972175745300134e-05
rate	2.144195179221417e-05
rate	2.3216982485857935e-05
rate	2.5073013749672183e-05
rate	2.7035421286240384e-05
rate	2.913162905912399e-05
rate	3.142777835429518e-05
rate	3.3887521559691475e-05
rate	3.638476520205102e-05
rate	3.880899495071629e-05
rate	4.11868958311112e-05
rate	4.36200854921885e-05
rate	4.6338413341290587e-05
rate	4.9428654862665e-05
rate	5.309079571330549e-05
rate	5.7595195660395966e-05
rate	6.315710726977982e-05
rate	6.939841122859611e-05
rate	7.593339028584916e-05
rate	8.282482695659424e-05
rate	9.033896082001841e-05
rate	9.866402735126e-05
rate	0.00010836571678800913
rate	0.00011899521674842057
rate	0.00013137162476365647
rate	0.00014596389329219698
rate	0.00016251332156127772
rate	0.00018116972859166198
rate	0.00020125316379369815
rate	0.00022298608381101764
rate	0.000248943458442272
rate	0.0002770376951142325
rate	0.0003118118969405514
rate	0.00035035224771294543
rate	0.0003929162840021072
rate	0.0004397425302339888
rate	0.0004910400787920905
rate	0.0005469777337817725
rate	0.0006076719291392421
rate	0.0006731744826500593
rate	0.0007434606728988834
rate	0.0008184194228102297
rate	0.0008978442503463143
rate	0.0009814291694162619
rate	0.0010687666927668555
rate	0.001159351304552327
rate	0.0012626011529874564
rate	0.001372485175560212
rate	0.0014919323910606793
rate	0.0016217750829895104
rate	0.001762917968377736
rate	0.0019163445016679844
rate	0.002083123727221688
rate	0.0022644177281991645
rate	0.002461489723714804
rate	0.0026757128706866736
rate	1.476131955015405e-05
rate	9.631831628406915e-07
rate	6.202547926870242e-07
rate	4.3923984284747543e-07
rate	3.422479345302123e-07
rate	3.340956439420557e-07
rate	2.972724033828425e-07
rate	2.7140531628342016e-07
rate	2.5347755067409764e-07
rate	2.4356814157074264e-07
rate	2.449931412512526e-07
rate	2.638689783763548e-07
rate	3.074808875497913e-07
rate	3.796473626018362e-07
rate	4.740819628206388e-07
rate	5.800892765858764e-07
rate	6.891751583020703e-07
rate	7.987863396808615e-07
rate	9.025849570495582e-07
rate	9.995359387451711e-07
rate	1.0986118593145335e-06
rate	1.1972239059866868e-06
rate	1.283851207462049e-06
rate	1.3570096471903637e-06
rate	1.4232148061647883e-06
rate	1.4872461823113582e-06
rate	1.5589972885887823e-06
rate	1.6469384252085202e-06
rate	1.7567026944905923e-06
rate	1.8832952939839059e-06
rate	2.025163769263982e-06
rate	2.169337689694552e-06
rate	2.3030945527392253e-06
rate	2.4199842034779583e-06
rate	2.530943423797402e-06
rate	2.6576562138533788e-06
rate	2.812726941292847e-06
rate	2.9908170106767085e-06
rate	3.1940843581622384e-06
rate	3.424232025213402e-06
rate	3.6913473704324995e-06
rate	3.994087195629233e-06
rate	4.322592025788886e-06
rate	4.6764394755804945e-06
rate	5.066742037459152e-06
rate	5.482302631371553e-06
rate	5.956334225469594e-06
rate	6.534082542542104e-06
rate	7.225318563178064e-06
rate	7.991871756869215e-06
rate	8.772691360901657e-06
rate	9.554782155838326e-06
rate	1.037671407156975e-05
rate	1.125539094984873e-05
rate	1.219198148437451e-05
rate	1.3196634729148558e-05
rate	1.4233259761286824e-05
rate	1.5270219744746113e-05
rate	1.6300446911228605e-05
rate	1.736616903733525e-05
rate	1.8513963848648617e-05
rate	1.9806534323691656e-05
rate	2.127943803556144e-05
rate	2.295525370668176e-05
rate	2.4818201353905438e-05
rate	2.683687599601049e-05
rate	2.9039030338213866e-05
rate	3.153396340060988e-05
rate	3.440774615763373e-05
rate	3.780598784479425e-05
rate	4.194478840378305e-05
rate	4.666478976934633e-05
rate	5.167232398873307e-05
rate	5.6751448059244735e-05
rate	6.238286808205605e-05
rate	6.869845284624718e-05
rate	7.580449266393434e-05
rate	8.423972442558135e-05
rate	9.42540144876831e-05
rate	0.00010562214386205676
rate	0.0001181119700702608
rate	0.00013180764546064062
rate	0.00014833974106297576
rate	0.00016657009039365163
rate	0.0001872290095314576
rate	0.0002097907639208224
rate	0.00023757724502990605
rate	0.0002686639363263846
rate	0.0003033403834424352
rate	0.0003418948718347344
rate	0.0003846063917840721
rate	0.00043173522162330997
rate	0.00048351180414196097
rate	0.0005401243522890445
rate	0.0006017053556563725
rate	0.0006683183061673508
rate	0.0007399439941679406
rate	0.0008164690840605937
rate	0.0008976765155621519
rate	0.0009832396229735474
rate	0.0010810937380951154
rate	0.0011865571010456356
rate	0.0013023086753999433
rate	0.0014293521015780642
rate	0.0015687889276005938
rate	0.0017218281602168338
rate	0.001889796747769043
rate	0.0020741510856859876
rate	0.002276489644365782
rate	0.0024985668289398792
rate	1.7492511283949973e-05
rate	1.1829163727270963e-06
rate	7.676331033243379e-07
rate	6.236725300256468e-07
rate	4.531787654884509e-07
rate	4.551967267569639e-07
rate	4.094005453661781e-07
rate	3.649411755579123e-07
rate	3.146486147471715e-07
rate	2.642405113561518e-07
rate	2.3312393736842587e-07
rate	2.5264276530211367e-07
rate	3.59020343000857e-07
rate	5.733118957409443e-07
rate	8.733208788253027e-07
rate	1.1938876006504491e-06
rate	1.5235005191920772e-06
rate	1.9040859396598095e-06
rate	2.33278080125551e-06
rate	2.7797224550697787e-06
rate	3.2393273451894068e-06
rate	3.6620236279889797e-06
rate	3.989425703670772e-06
rate	4.194141753082754e-06
rate	4.308865110263184e-06
rate	4.394494095244631e-06
rate	4.489792339071833e-06
rate	4.584174106449801e-06
rate	4.691276435329147e-06
rate	4.810453940350371e-06
rate	4.929217070308691e-06
rate	5.044719709589839e-06
rate	5.170123247790555e-06
rate	5.308066844569659e-06
rate	5.459122459749257e-06
rate	5.640605117277158e-06
rate	5.841071326792402e-06
rate	6.0331767243265794e-06
rate	6.2096066554315446e-06
rate	6.393920398959774e-06
rate	6.63160329350108e-06
rate	6.948422578932652e-06
rate	7.331115543707847e-06
rate	7.776306341007098e-06
rate	8.285717912990057e-06
rate	8.83566442631921e-06
rate	9.474907887278873e-06
rate	1.027911869941728e-05
rate	1.1291321523625462e-05
rate	1.248376662920646e-05
rate	1.3747582767533772e-05
rate	1.5063749579997535e-05
rate	1.6518153797969775e-05
rate	1.81156061236991e-05
rate	1.9818834109555326e-05
rate	2.1585124279359615e-05
rate	2.3383144799252974e-05
rate	2.523833915064293e-05
rate	2.719197022634804e-05
rate	2.928763555665451e-05
rate	3.157433842533855e-05
rate	3.402108536711516e-05
rate	3.653611300474193e-05
rate	3.9009124225481334e-05
rate	4.1440538862203864e-05
rate	4.392010814155477e-05
rate	4.665265667953451e-05
rate	4.970198868945951e-05
rate	5.3252525701682555e-05
rate	5.7496775506746236e-05
rate	6.271846781499341e-05
rate	6.888528894491434e-05
rate	7.554465015057523e-05
rate	8.230595563626866e-05
rate	8.973133522210188e-05
rate	9.810742912774099e-05
rate	0.00010756392317602574
rate	0.00011781381656682392
rate	0.0001292777368893728
rate	0.00014347072468516952
rate	0.00015892168664971692
rate	0.00017542636414892102
rate	0.00019484798911929978
rate	0.00021792198958485253
rate	0.00024279196053368857
rate	0.00027295952008698024
rate	0.00030671054306545775
rate	0.0003440732836045728
rate	0.00038529514559018787
rate	0.00043060704188258616
rate	0.0004802141926272222
rate	0.0005342859705673067
rate	0.0005929449852736616
rate	0.0006562554937667366
rate	0.0007242128950808185
rate	0.0007967335704940499
rate	0.0008736462017822852
rate	0.0009546872521170242
rate	0.0010394975534115418
rate	0.0011276251994465306
rate	0.001227870516348688
rate	0.0013346436497803688
rate	0.0014507015586594809
rate	0.001576851628255507
rate	0.0017139714524258547
rate	0.0018630149388124823
rate	0.002025018944934045
rate	0.00220111049133919
rate	0.002392514602001043
rate	0.00260056282649653
rate	1.4646282669968231e-05
rate	9.829126502154613e-07
rate	6.652155651193614e-07
rate	4.4986978561645407e-07
rate	4.124798780453798e-07
rate	3.6891656245721427e-07
rate	3.2774273106020864e-07
rate	2.96917082954921e-07
rate	2.7337389521860455e-07
rate	2.57476722406597e-07
rate	2.5319397623419135e-07
rate	2.676120225480059e-07
rate	3.090868388494566e-07
rate	3.820407036762628e-07
rate	4.796559286722828e-07
rate	5.900806190579986e-07
rate	7.043363548320693e-07
rate	8.212439287684846e-07
rate	9.356945960244624e-07
rate	1.0468717132578776e-06
rate	1.1619662707816084e-06
rate	1.2781159665113479e-06
rate	1.383725232338879e-06
rate	1.475340359541979e-06
rate	1.5579421772957822e-06
rate	1.6378206894287397e-06
rate	1.7231773686453793e-06
rate	1.8191438231702256e-06
rate	1.931646347130476e-06
rate	2.0594241858502674e-06
rate	2.1989118005205588e-06
rate	2.34323315776476e-06
rate	2.4889256042208894e-06
rate	2.631359529306629e-06
rate	2.7737124876731666e-06
rate	2.936392094968953e-06
rate	3.1162844557060445e-06
rate	3.291385690608126e-06
rate	3.4580797656940327e-06
rate	3.632000301641227e-06
rate	3.83771928410925e-06
rate	4.09375290337484e-06
rate	4.398176528557233e-06
rate	4.7497582297723575e-06
rate	5.143549672943464e-06
rate	5.558986830158949e-06
rate	6.019634164996455e-06
rate	6.567947345783829e-06
rate	7.2256355766653454e-06
rate	7.975394637037293e-06
rate	8.762634580540256e-06
rate	9.571690338006964e-06
rate	1.0436504753038206e-05
rate	1.1354714206330219e-05
rate	1.2312801181825876e-05
rate	1.3316754435376734e-05
rate	1.4345235466050357e-05
rate	1.538104039345153e-05
rate	1.6437861290282674e-05
rate	1.755795442042964e-05
rate	1.8769952649642615e-05
rate	2.0113701352944988e-05
rate	2.1617157001724857e-05
rate	2.3277375690949007e-05
rate	2.5071271639288392e-05
rate	2.697634854070182e-05
rate	2.9035332330095906e-05
rate	3.1386567243709294e-05
rate	3.4144904134293696e-05
rate	3.7397405115291236e-05
rate	4.143660143664013e-05
rate	4.6129428787697784e-05
rate	5.121819201864338e-05
rate	5.642452820604721e-05
rate	6.180954487135586e-05
rate	6.784456480065522e-05
rate	7.487802396498077e-05
rate	8.301505815677291e-05
rate	9.207718481915113e-05
rate	0.00010310037717372366
rate	0.00011576493226783602
rate	0.0001293275747935234
rate	0.00014506999052978168
rate	0.00016289842112366854
rate	0.00018324461167557968
rate	0.00020497245694356845
rate	0.00023194857313379086
rate	0.00026211767343085017
rate	0.00029576198272815625
rate	0.0003331637975778422
rate	0.00037459813892685756
rate	0.00042032411705314286
rate	0.0004705744166844871
rate	0.0005255436928482437
rate	0.0005853760468460113
rate	0.0006501517455330917
rate	0.000719874295021508
rate	0.000794458857743027
rate	0.0008737224305252894
rate	0.0009573769101401042
rate	0.0010529501746379447
rate	0.0011560522431682744
rate	0.0012692497908497313
rate	0.0013935313400344233
rate	0.001529982206542701
rate	0.0016797939774210247
rate	0.001844274916736552
rate	0.0020248613902793507
rate	0.002223130408940927
rate	0.002440813400306877
rate	1.7309488208519188e-05
rate	1.1574969300703444e-06
rate	7.870681865093561e-07
rate	6.15935016301273e-07
rate	4.330657795560945e-07
rate	4.258800501910934e-07
rate	3.790985169997112e-07
rate	3.40512006281842e-07
rate	3.023045106228765e-07
rate	2.6888020526923383e-07
rate	2.573065655371835e-07
rate	2.9532392912544043e-07
rate	4.149720285612372e-07
rate	6.349676911276513e-07
rate	9.348343746666434e-07
rate	1.2633390252393205e-06
rate	1.599813362035555e-06
rate	1.965328600834899e-06
rate	2.3517225766696723e-06
rate	2.7432953060626107e-06
rate	3.142312175375232e-06
rate	3.522984041603696e-06
rate	3.843443691263251e-06
rate	4.082421478733834e-06
rate	4.2574319275323276e-06
rate	4.409276533059791e-06
rate	4.558646363547907e-06
rate	4.694783347421314e-06
rate	4.827105832828709e-06
rate	4.960841894191258e-06
rate	5.09373796753675e-06
rate	5.227322276210756e-06
rate	5.369251728420883e-06
rate	5.519945997742521e-06
rate	5.677688534799293e-06
rate	5.862576546509021e-06
rate	6.0610063254325645e-06
rate	6.24068690662267e-06
rate	6.394680105860714e-06
rate	6.550845561402445e-06
rate	6.750673583133291e-06
rate	7.033047697766512e-06
rate	7.404881902851392e-06
rate	7.868087046943058e-06
rate	8.40728291038221e-06
rate	8.995218109464271e-06
rate	9.654519678241733e-06
rate	1.0434425110884785e-05
rate	1.1374658663590881e-05
rate	1.2477083748554254e-05
rate	1.3663872265071798e-05
rate	1.49371309485504e-05
rate	1.638044809518668e-05
rate	1.7987854273596245e-05
rate	1.97008840329524e-05
rate	2.1447737860676137e-05
rate	2.321840197447494e-05
rate	2.5073211892282348e-05
rate	2.7068586530596158e-05
rate	2.922959661684631e-05
rate	3.1584385200361044e-05
rate	3.405429403383894e-05
rate	3.654769227918615e-05
rate	3.89887899269208e-05
rate	4.143132565768075e-05
rate	4.3997649177838424e-05
rate	4.701724344293703e-05
rate	5.0256472253792605e-05
rate	5.386848080447549e-05
rate	5.808035904127365e-05
rate	6.215958729090764e-05
rate	6.828015732091148e-05
rate	7.3727322862154e-05
rate	8.068586470615251e-05
rate	8.774103268020255e-05
rate	9.653337815358376e-05
rate	0.0001064886982026594
rate	0.0001181880470062418
rate	0.00013042767198482604
rate	0.00014447333221288713
rate	0.0001600511080956544
rate	0.00017673813880932573
rate	0.00019707476481774583
rate	0.0002212174914065485
rate	0.00024666587516260533
rate	0.0002746563921861461
rate	0.0003061264987255039
rate	0.0003454097241782914
rate	0.00038896012668600955
rate	0.0004370438163227097
rate	0.0004898945186883105
rate	0.0005477006029294126
rate	0.000610590675222816
rate	0.0006786197693141345
rate	0.0007517547687992706
rate	0.0008298627865893904
rate	0.0009127018959388278
rate	0.00099991520023017
rate	0.001091030868631797
rate	0.0011854666095704486
rate	0.0012935791425643633
rate	0.0014087203830168266
rate	0.0015341103240061973
rate	0.001670661200473514
rate	0.0018193664452233523
rate	0.001981307916330662
rate	0.0021576637678577338
rate	0.0023497170211422454
rate	0.002558864899014065
rate	0.002786628990848969
rate	1.4346706753203112e-05
rate	9.284609175979984e-07
rate	5.682675746939193e-07
rate	4.359421964600408e-07
rate	3.8018807962687006e-07
rate	3.43819539068839e-07
rate	3.09280009697845e-07
rate	2.837175843151277e-07
rate	2.647397868930403e-07
rate	2.529309815870408e-07
rate	2.5194466721536634e-07
rate	2.680374263037949e-07
rate	3.085575117461527e-07
rate	3.7767683446804323e-07
rate	4.700280027202725e-07
rate	5.74977557816385e-07
rate	6.85122553438647e-07
rate	8.010758724006967e-07
rate	9.191475777934e-07
rate	1.0379372410728666e-06
rate	1.1623289775590024e-06
rate	1.2886683312621114e-06
rate	1.4051490702237802e-06
rate	1.5061913569832067e-06
rate	1.5957558212315252e-06
rate	1.6800751660526259e-06
rate	1.7683710189640537e-06
rate	1.867113401195248e-06
rate	1.984274691814456e-06
rate	2.1192764025827035e-06
rate	2.269138276167928e-06
rate	2.4233393892992743e-06
rate	2.573437877233611e-06
rate	2.709721526217651e-06
rate	2.8366396093350054e-06
rate	2.976695694027069e-06
rate	3.1344372707168638e-06
rate	3.2953934108338657e-06
rate	3.4630301241655824e-06
rate	3.6503572835874355e-06
rate	3.874734562376175e-06
rate	4.145522970725474e-06
rate	4.456264177406742e-06
rate	4.796350693912995e-06
rate	5.161181696601557e-06
rate	5.549141775947907e-06
rate	5.982192831629803e-06
rate	6.485227944030563e-06
rate	7.083340476299243e-06
rate	7.77631656930627e-06
rate	8.514256107033255e-06
rate	9.298478494037009e-06
rate	1.0180318806290824e-05
rate	1.1155271223665232e-05
rate	1.2186592720183705e-05
rate	1.3253985040538737e-05
rate	1.4331781171252114e-05
rate	1.541164670374493e-05
rate	1.6507941546916923e-05
rate	1.765872302375977e-05
rate	1.8902725772403008e-05
rate	2.0255991384192484e-05
rate	2.1724262713617137e-05
rate	2.3318539496082864e-05
rate	2.5058526218459255e-05
rate	2.6943866799052588e-05
rate	2.908682915329562e-05
rate	3.1491829874052866e-05
rate	3.436603831216647e-05
rate	3.7654254443139554e-05
rate	4.1048775940572595e-05
rate	4.563275642071678e-05
rate	5.031652731521324e-05
rate	5.534268338468236e-05
rate	6.063384704638739e-05
rate	6.741309754259757e-05
rate	7.46528886084585e-05
rate	8.306995380081372e-05
rate	9.304234063101799e-05
rate	0.00010340661354385165
rate	0.00011598283328629062
rate	0.00012935964218469258
rate	0.00014528173995059887
rate	0.00016529375075568711
rate	0.0001857245944732716
rate	0.0002071054189443988
rate	0.0002316056840197878
rate	0.0002630795616618516
rate	0.00029833725460304375
rate	0.0003376979409137114
rate	0.0003814716245252145
rate	0.0004299481810587587
rate	0.0004833839802478741
rate	0.000541988129973966
rate	0.0006059058950979383
rate	0.0006752032014599376
rate	0.00074985057844837
rate	0.0008297098815812272
rate	0.0009145231761627078
rate	0.0010039072737896139
rate	0.0011065939574784564
rate	0.0012174282923022265
rate	0.0013393635821717111
rate	0.0014735116775177618
rate	0.0016210957895843746
rate	0.001783461644114805
rate	0.001962089752169532
rate	0.0021586089099659275
rate	0.002374811050836008
rate	0.002612667584727909
rate	1.7064281253093794e-05
rate	1.1260823723722027e-06
rate	8.255296359743441e-07
rate	6.106356573104701e-07
rate	4.64423094782524e-07
rate	4.37071987668115e-07
rate	3.848435898912543e-07
rate	3.39999428312389e-07
rate	2.9448237722292374e-07
rate	2.527550873704223e-07
rate	2.320115626093595e-07
rate	2.5992075874798077e-07
rate	3.6833110022611373e-07
rate	5.761718826599775e-07
rate	8.635628813270141e-07
rate	1.1828886314270106e-06
rate	1.5097096584943155e-06
rate	1.8594172639685305e-06
rate	2.2225462149457746e-06
rate	2.588120200618531e-06
rate	2.9628134357918767e-06
rate	3.3263522021824175e-06
rate	3.636690227862667e-06
rate	3.870985805493346e-06
rate	4.0437336626325204e-06
rate	4.194167609612656e-06
rate	4.341485481795295e-06
rate	4.475445560919331e-06
rate	4.606322351520856e-06
rate	4.741353164951091e-06
rate	4.874819702693977e-06
rate	5.013323182793487e-06
rate	5.174956634429005e-06
rate	5.363615145707405e-06
rate	5.5701573335539915e-06
rate	5.808712243233605e-06
rate	6.054136583090332e-06
rate	6.26553871107438e-06
rate	6.4306421498123954e-06
rate	6.582276019158692e-06
rate	6.765205786193521e-06
rate	7.031497892405652e-06
rate	7.40122706274052e-06
rate	7.88526418726599e-06
rate	8.457835609421733e-06
rate	9.098078770245138e-06
rate	9.796316413768603e-06
rate	1.0560863826429216e-05
rate	1.141505242762002e-05
rate	1.2389347158347257e-05
rate	1.3435452173847828e-05
rate	1.4607947089453908e-05
rate	1.602126331208714e-05
rate	1.76843850744906e-05
rate	1.950121607850763e-05
rate	2.134335407966931e-05
rate	2.3182788976109196e-05
rate	2.5101281382534063e-05
rate	2.7155805907625363e-05
rate	2.9368660180517107e-05
rate	3.176162978700826e-05
rate	3.424709194598686e-05
rate	3.674665620625892e-05
rate	3.920963284103809e-05
rate	4.170499615936329e-05
rate	4.43764414738413e-05
rate	4.754453277746948e-05
rate	5.0847829415672925e-05
rate	5.437795339696636e-05
rate	5.838537762673512e-05
rate	6.24292752518094e-05
rate	6.678701778795065e-05
rate	7.338327854984336e-05
rate	7.949273188760242e-05
rate	8.731885965255646e-05
rate	9.561799349657443e-05
rate	0.00010598158632970755
rate	0.00011731309822201152
rate	0.00012858815083781908
rate	0.00014208516234931088
rate	0.0001568378333014157
rate	0.00017437235741560463
rate	0.00019394979801794703
rate	0.00021561379952389565
rate	0.00024392723269153828
rate	0.000271746773401625
rate	0.0003030612373641929
rate	0.000342113471743391
rate	0.00038543317075425516
rate	0.0004332905737133917
rate	0.00048592429693168843
rate	0.0005435278018875543
rate	0.0006062358165393075
rate	0.0006741089375646888
rate	0.0007471202055416116
rate	0.000825142249015898
rate	0.0009079379891516865
rate	0.0009951543758560987
rate	0.0010863218925856114
rate	0.0011808595252991213
rate	0.0012891282107854538
rate	0.001404491362673976
rate	0.0015301782796483198
rate	0.0016671128279846942
rate	0.0018163015500846638
rate	0.001978841063101843
rate	0.0021559261196663648
rate	0.0023488583899577455
rate	0.002559056029679108
rate	0.002788064104262499
rate	1.3891976970562685e-05
rate	8.757757073888762e-07
rate	6.143123672135164e-07
rate	4.095385352902185e-07
rate	3.42490317474479e-07
rate	3.358347358680093e-07
rate	3.0277751507373575e-07
rate	2.8056683473405784e-07
rate	2.66836282941891e-07
rate	2.616301988867501e-07
rate	2.674589186507622e-07
rate	2.889356240781336e-07
rate	3.316393684934775e-07
rate	3.987713972694768e-07
rate	4.858648046746597e-07
rate	5.866885468882356e-07
rate	6.924657372697612e-07
rate	7.984919087017146e-07
rate	8.997521284426074e-07
rate	9.981516771612784e-07
rate	1.0998396134681164e-06
rate	1.2080977769300285e-06
rate	1.3179549458838205e-06
rate	1.4267189697153006e-06
rate	1.5328460516959312e-06
rate	1.6364129835097333e-06
rate	1.7398685398439686e-06
rate	1.8475771196282227e-06
rate	1.9656354371561247e-06
rate	2.0966021875837217e-06
rate	2.239208531951928e-06
rate	2.388973931646706e-06
rate	2.542905998274697e-06
rate	2.6939525330472425e-06
rate	2.8413246636578435e-06
rate	3.004412560008757e-06
rate	3.1783329972769737e-06
rate	3.3404166049049928e-06
rate	3.489366551905286e-06
rate	3.643431990933886e-06
rate	3.82397181892092e-06
rate	4.0540840251081905e-06
rate	4.3410714358514685e-06
rate	4.683690805721639e-06
rate	5.067698395554419e-06
rate	5.486184216313596e-06
rate	5.940104444605423e-06
rate	6.436397858640605e-06
rate	6.992595189321125e-06
rate	7.6243710907361895e-06
rate	8.301803674797456e-06
rate	9.047339646844825e-06
rate	9.916013203778963e-06
rate	1.0902563607447821e-05
rate	1.1954357050663954e-05
rate	1.3025116208801032e-05
rate	1.409583039898752e-05
rate	1.5183428176744452e-05
rate	1.6312656569312396e-05
rate	1.7511699854234226e-05
rate	1.8816739392387046e-05
rate	2.0207923939580444e-05
rate	2.165833183374106e-05
rate	2.316461621364729e-05
rate	2.4774184694088393e-05
rate	2.651580508818956e-05
rate	2.8583308431812026e-05
rate	3.093486418662291e-05
rate	3.370997666792306e-05
rate	3.691480986772373e-05
rate	4.0631383590702867e-05
rate	4.438204945914364e-05
rate	4.959668570049779e-05
rate	5.429756373665267e-05
rate	6.0188480244939885e-05
rate	6.631155267802586e-05
rate	7.389471409473925e-05
rate	8.211551620705422e-05
rate	9.146827697605723e-05
rate	0.00010185496220366283
rate	0.00011344455742289134
rate	0.0001278949231541496
rate	0.00014406919633793162
rate	0.00016190939832518293
rate	0.00018411006149525206
rate	0.00020712541837717652
rate	0.00022864539250637292
rate	0.00026016516514198876
rate	0.00029553403167599003
rate	0.0003350835286371667
rate	0.00037913623293594665
rate	0.0004279943483202992
rate	0.00048192586678444583
rate	0.000541149392314799
rate	0.0006058171219148478
rate	0.0006759980227051931
rate	0.0007516610847215417
rate	0.0008326607762642505
rate	0.000918725694730235
rate	0.001009452672859818
rate	0.0011138599915569986
rate	0.0012266288198893203
rate	0.001350814530720194
rate	0.001487572986072072
rate	0.001638177069143292
rate	0.0018040285317045203
rate	0.0019866710409430673
rate	0.0021878045471889814
rate	0.002409301106250912
rate	0.0026532223036285973
rate	1.6697853065684328e-05
rate	1.1363079572692915e-06
rate	7.032632413007152e-07
rate	5.28895052544579e-07
rate	4.193231663037394e-07
rate	4.067112773428001e-07
rate	3.7397621571280655e-07
rate	3.44588327439828e-07
rate	3.1065414096222993e-07
rate	2.7679691732064827e-07
rate	2.605075724414064e-07
rate	2.900695184473991e-07
rate	3.981110964261184e-07
rate	6.038287917261967e-07
rate	8.868669400932138e-07
rate	1.1997855267252488e-06
rate	1.5185141222030568e-06
rate	1.8592536455379365e-06
rate	2.214855617736361e-06
rate	2.5760168968305775e-06
rate	2.9513565097150325e-06
rate	3.3177051497947074e-06
rate	3.6274670862724954e-06
rate	3.8538635154580165e-06
rate	4.014114401097595e-06
rate	4.148494505195284e-06
rate	4.284790820472015e-06
rate	4.421145638567888e-06
rate	4.572445407312396e-06
rate	4.741070601966663e-06
rate	4.915587692653337e-06
rate	5.091185952723842e-06
rate	5.278392387271351e-06
rate	5.474812216350929e-06
rate	5.677606132325977e-06
rate	5.903717631942984e-06
rate	6.142966051350189e-06
rate	6.3685434982349425e-06
rate	6.575911047562784e-06
rate	6.78763336814465e-06
rate	7.041452451314245e-06
rate	7.361885107996631e-06
rate	7.742129331972831e-06
rate	8.179070769131082e-06
rate	8.669920300685337e-06
rate	9.228117536685067e-06
rate	9.863592354376677e-06
rate	1.0578561489085547e-05
rate	1.139573114742271e-05
rate	1.233960803854922e-05
rate	1.3357631670071216e-05
rate	1.4505465589396844e-05
rate	1.589647259984355e-05
rate	1.753625449168319e-05
rate	1.9326056343286652e-05
rate	2.112768500575673e-05
rate	2.2924244114461504e-05
rate	2.4817414003450083e-05
rate	2.6873515047208498e-05
rate	2.9106154563492314e-05
rate	3.1516000794294746e-05
rate	3.4001609057442794e-05
rate	3.649783016859401e-05
rate	3.896244505291322e-05
rate	4.146940313441223e-05
rate	4.4168378825923926e-05
rate	4.73736443590263e-05
rate	5.0700870384755025e-05
rate	5.4197368669324937e-05
rate	5.786906478991551e-05
rate	6.175428624414493e-05
rate	6.631219531218079e-05
rate	7.08684418526597e-05
rate	7.84784011621564e-05
rate	8.536366496711351e-05
rate	9.439850547775878e-05
rate	0.0001034448398905475
rate	0.00011505632855645765
rate	0.00012692028914377182
rate	0.00014029359745396756
rate	0.0001546813896424331
rate	0.00017147217777837464
rate	0.00019123660438547543
rate	0.00021328338556134648
rate	0.00023870732953129535
rate	0.00026901525675232464
rate	0.0003005239542254833
rate	0.00033854940692533663
rate	0.0003806644656850849
rate	0.0004271272945051969
rate	0.00047816761941826233
rate	0.0005339752662315488
rate	0.0005946868592404199
rate	0.0006603726473893741
rate	0.0007310236380993284
rate	0.0008065397805036937
rate	0.0008867206112715505
rate	0.0009712587588693631
rate	0.001059738578350557
rate	0.001151638418371068
rate	0.0012566309802301012
rate	0.0013685616900270291
rate	0.001490462298698605
rate	0.001623220845673428
rate	0.0017678044698811691
rate	0.0019252664553080692
rate	0.0020967539041145482
rate	0.0022835160932132502
rate	0.0024869135751846598
rate	0.0027084280898300524
rate	1.3847195091308552e-05
rate	9.349619093208636e-07
rate	5.729799111076272e-07
rate	4.5416746351741485e-07
rate	3.739272046227901e-07
rate	3.41943710694154e-07
rate	3.056425387672347e-07
rate	2.802701086214098e-07
rate	2.63684417210861e-07
rate	2.559745768928553e-07
rate	2.5951175236756685e-07
rate	2.786111006481838e-07
rate	3.184399813720765e-07
rate	3.8187808998247334e-07
rate	4.647736352979234e-07
rate	5.593799726479934e-07
rate	6.596161156153758e-07
rate	7.654751902456849e-07
rate	8.744047398049065e-07
rate	9.857774491250682e-07
rate	1.1058251022079952e-06
rate	1.2295869643054257e-06
rate	1.3419499879892131e-06
rate	1.43494118333783e-06
rate	1.5139813753116818e-06
rate	1.5863400726893898e-06
rate	1.66613282609426e-06
rate	1.7641300012071185e-06
rate	1.8910677269048159e-06
rate	2.044208994240182e-06
rate	2.2122786927458445e-06
rate	2.382965140941206e-06
rate	2.5545696982885554e-06
rate	2.717975510196021e-06
rate	2.87391734462667e-06
rate	3.045147921721998e-06
rate	3.2278054411903977e-06
rate	3.3963800682452964e-06
rate	3.548021184094603e-06
rate	3.7001583739870837e-06
rate	3.873154306720398e-06
rate	4.091035195801168e-06
rate	4.363998566074632e-06
rate	4.695642196752096e-06
rate	5.0733327724833704e-06
rate	5.496225136246888e-06
rate	5.953483705526287e-06
rate	6.434583863400144e-06
rate	6.946771847616919e-06
rate	7.51379236871708e-06
rate	8.126129488117668e-06
rate	8.822118869365429e-06
rate	9.652342754835087e-06
rate	1.0613763898258795e-05
rate	1.1650718496220697e-05
rate	1.2685847584969134e-05
rate	1.3724411313064506e-05
rate	1.4837557154216604e-05
rate	1.607201065699895e-05
rate	1.743027991000312e-05
rate	1.893238683463522e-05
rate	2.048695935829929e-05
rate	2.200121648017807e-05
rate	2.342535174610122e-05
rate	2.484250126164308e-05
rate	2.633447426127556e-05
rate	2.816964110696345e-05
rate	3.0365494301065426e-05
rate	3.310265863262301e-05
rate	3.634517186210863e-05
rate	3.994529914247461e-05
rate	4.4036905067612744e-05
rate	4.800778670964679e-05
rate	5.372212405207144e-05
rate	5.865972699063751e-05
rate	6.524374489379014e-05
rate	7.18937307226006e-05
rate	8.057792423433851e-05
rate	8.966687883046414e-05
rate	0.0001002225777688514
rate	0.00011188683648522879
rate	0.000124852614295446
rate	0.00014167648092750374
rate	0.00016041582167637347
rate	0.00017875592398937276
rate	0.0002018559475029222
rate	0.00022903641487314602
rate	0.00025951242558552905
rate	0.00029358360042905374
rate	0.00033155021758013756
rate	0.0003737051799341004
rate	0.0004203244024541616
rate	0.00047165555195308737
rate	0.0005279049667127672
rate	0.0005892238738131659
rate	0.0006556935747121992
rate	0.0007273114729244826
rate	0.0008039781412280318
rate	0.0008854864969436284
rate	0.0009715152992732383
rate	0.001070068141718242
rate	0.0011764711518686504
rate	0.0012934544233385746
rate	0.0014220700121688264
rate	0.0015634745863639073
rate	0.0017189398280593184
rate	0.0018898638700359782
rate	0.0020777838694328726
rate	0.002284389831736004
rate	0.002511539809365837
rate	1.6059698196713037e-05
rate	1.1039326892883036e-06
rate	7.08950811571836e-07
rate	5.687525400217726e-07
rate	4.234808929587772e-07
rate	3.955831390479765e-07
rate	3.6127970301458723e-07
rate	3.3194901021379266e-07
rate	2.9745136854771257e-07
rate	2.6312902046255134e-07
rate	2.5033267312955925e-07
rate	2.940628266101658e-07
rate	4.3499717765645503e-07
rate	6.970266938030172e-07
rate	1.0544886440439213e-06
rate	1.4491564375665116e-06
rate	1.8504353282713376e-06
rate	2.2757572097613e-06
rate	2.714424867909404e-06
rate	3.155399519923535e-06
rate	3.6155388678088225e-06
rate	4.064608072222863e-06
rate	4.438482816837129e-06
rate	4.705439164410109e-06
rate	4.8916587758368094e-06
rate	5.042817547194266e-06
rate	5.204223138832923e-06
rate	5.3885445774393005e-06
rate	5.619037125735298e-06
rate	5.887789050903684e-06
rate	6.170688156500306e-06
rate	6.444245526430192e-06
rate	6.710424620790286e-06
rate	6.960092760074327e-06
rate	7.200619746171519e-06
rate	7.463367678520813e-06
rate	7.750801556595363e-06
rate	8.03629072490564e-06
rate	8.316823020186246e-06
rate	8.610295439213637e-06
rate	8.950711952350744e-06
rate	9.356028647768509e-06
rate	9.818058721723733e-06
rate	1.0339218225097639e-05
rate	1.0927809127269611e-05
rate	1.1608030747328245e-05
rate	1.2388793898839429e-05
rate	1.3258965953910547e-05
rate	1.4221614284336422e-05
rate	1.5292908131409744e-05
rate	1.6435684738256033e-05
rate	1.7717518077480862e-05
rate	1.924474162961068e-05
rate	2.1045373760681594e-05
rate	2.3043098125740206e-05
rate	2.507001845274066e-05
rate	2.7125240567734548e-05
rate	2.9364655026355224e-05
rate	3.18564772365763e-05
rate	3.457290544676176e-05
rate	3.748739696344552e-05
rate	4.045517606199597e-05
rate	4.338842328340905e-05
rate	4.624908960486373e-05
rate	4.915216041671495e-05
rate	5.226794790176542e-05
rate	5.598432705243085e-05
rate	5.983238803121118e-05
rate	6.404928709407121e-05
rate	6.84754459732556e-05
rate	7.304633765379227e-05
rate	7.816155430308604e-05
rate	8.429097378305112e-05
rate	9.042188105590713e-05
rate	0.00010167249956209838
rate	0.00011035747202021067
rate	0.0001228900901419132
rate	0.00013471195482387042
rate	0.00015027618559028646
rate	0.00016426808000314364
rate	0.00018112306790784804
rate	0.00019957404846721562
rate	0.00022020296795643936
rate	0.0002478504768709748
rate	0.0002761723804297004
rate	0.00031011304693553574
rate	0.000339662606701125
rate	0.00038413040394736226
rate	0.0004334146940253383
rate	0.0004877773679612926
rate	0.0005474296790276243
rate	0.0006125153083036163
rate	0.0006830934879364412
rate	0.0007591230004626006
rate	0.000840447439797813
rate	0.0009267850809857422
rate	0.001017722841643883
rate	0.0011127163317638377
rate	0.0012110976640368177
rate	0.0013120895961097406
rate	0.0014282138290848392
rate	0.0015511585523634575
rate	0.001684686708370592
rate	0.0018297093492061786
rate	0.0019872159529355344
rate	0.002158281174720335
rate	0.00234407217910619
rate	0.0025458566034945065
rate	0.0027650112071327003
rate	0.003003031264634198
rate	1.349877280696411e-05
rate	8.498059517655429e-07
rate	5.454356477401413e-07
rate	4.4177903765566886e-07
rate	3.3691607302753373e-07
rate	3.1472910276251657e-07
rate	2.81068942247692e-07
rate	2.5850475620788585e-07
rate	2.441831218390359e-07
rate	2.384254743449412e-07
rate	2.4480625045288716e-07
rate	2.696769038702508e-07
rate	3.2058777995482057e-07
rate	4.017934979599016e-07
rate	5.07601918972715e-07
rate	6.288589391446873e-07
rate	7.562254506811969e-07
rate	8.868774615176241e-07
rate	1.0160689353388201e-06
rate	1.144798178377861e-06
rate	1.2803500169350797e-06
rate	1.422461260910079e-06
rate	1.5608322934502904e-06
rate	1.6904885141331434e-06
rate	1.812996587698942e-06
rate	1.9314986720190446e-06
rate	2.0537250378455693e-06
rate	2.186345938260665e-06
rate	2.336254229162383e-06
rate	2.502349740810558e-06
rate	2.6793647159781847e-06
rate	2.8597794016215878e-06
rate	3.0421670548203755e-06
rate	3.2227782850431036e-06
rate	3.404442414111252e-06
rate	3.602999214633508e-06
rate	3.816964698128115e-06
rate	4.0305578029323334e-06
rate	4.241872046241505e-06
rate	4.46263635454994e-06
rate	4.713098607244875e-06
rate	5.004600552346894e-06
rate	5.332599138798307e-06
rate	5.697289534666892e-06
rate	6.1007001402793065e-06
rate	6.558301859804006e-06
rate	7.070146145832767e-06
rate	7.622159983913131e-06
rate	8.214388755691898e-06
rate	8.861269491565123e-06
rate	9.55620737236954e-06
rate	1.0335297120484463e-05
rate	1.1240776646789937e-05
rate	1.2278089176844677e-05
rate	1.3408064464663031e-05
rate	1.4550203123789135e-05
rate	1.5719244247679444e-05
rate	1.7004739493086166e-05
rate	1.8452569219842508e-05
rate	2.0047891439511133e-05
rate	2.1791405744245147e-05
rate	2.3585945714100413e-05
rate	2.535258150283944e-05
rate	2.705807218531612e-05
rate	2.8794861714247744e-05
rate	3.0639584763730015e-05
rate	3.286525758041687e-05
rate	3.546654757942237e-05
rate	3.859937923026121e-05
rate	4.211489810534108e-05
rate	4.6088249913696694e-05
rate	5.0488950109323616e-05
rate	5.5439282804754836e-05
rate	6.0148189298023214e-05
rate	6.796738986718913e-05
rate	7.455058858285827e-05
rate	8.322858069476481e-05
rate	9.19778126293802e-05
rate	0.00010346762342833968
rate	0.00011522719667610655
rate	0.0001287723520230772
rate	0.00014361754644885173
rate	0.00016100414177322786
rate	0.00018155777752607832
rate	0.00020562287559109475
rate	0.00023260783121931136
rate	0.0002582966527434567
rate	0.00029423592923582203
rate	0.00033452444858643785
rate	0.000379506284515546
rate	0.0004295033332009554
rate	0.000484800306267244
rate	0.0005456274245210307
rate	0.0006121420281773378
rate	0.0006844091515769816
rate	0.0007623838148072065
rate	0.0008458943967192718
rate	0.0009346316622761701
rate	0.001028141656573645
rate	0.0011258274014795695
rate	0.001238556672068139
rate	0.001359595792570781
rate	0.001492463575437003
rate	0.0016383159878675785
rate	0.0017984219650497009
rate	0.001974174450060153
rate	0.0021671025126534164
rate	0.0023788846523698334
rate	0.002611363401702538
rate	0.002866561356372693
